Epoch,Loss,Accuracy,Sensitivity,Specificity,Precision,F1,Validation Loss,Validation Accuracy,Validation Sensitivity,Validation Specificity,Validation Precision,Validation F1
1,0.017571593023184052,0.9945578231292517,0.9899749373433584,0.9967715899919289,0.9932942162615256,0.9916317991631799,2.8742066867767817,0.5396825396825397,0.9629629629629629,0.2222222222222222,0.48148148148148145,0.6419753086419753
2,0.008407404638439192,0.9983673469387755,0.9983291562238931,0.9983857949959645,0.9966638865721434,0.9974958263772955,1.7476760735587469,0.6666666666666666,0.9259259259259259,0.4722222222222222,0.5681818181818182,0.704225352112676
3,0.00572381443445425,0.998639455782313,0.9983291562238931,0.9987893462469734,0.9974958263772955,0.9979123173277662,0.7745367085805074,0.8412698412698413,0.9629629629629629,0.75,0.7428571428571429,0.8387096774193549
4,0.01636944147286189,0.9948299319727891,0.9916457811194653,0.9963680387409201,0.9924749163879598,0.9920601755119097,1.6214363719262774,0.6507936507936508,1.0,0.3888888888888889,0.5510204081632653,0.7105263157894737
5,0.001811675856754716,0.9997278911564625,0.9991645781119465,1.0,1.0,0.9995821145006268,1.7163564286061697,0.6666666666666666,1.0,0.4166666666666667,0.5625,0.72
6,0.00046141086238100617,1.0,1.0,1.0,1.0,1.0,1.9657613847936903,0.6507936507936508,1.0,0.3888888888888889,0.5510204081632653,0.7105263157894737
7,0.0002167600604698979,1.0,1.0,1.0,1.0,1.0,2.1257993337653933,0.6666666666666666,1.0,0.4166666666666667,0.5625,0.72
8,0.00017393657133429863,1.0,1.0,1.0,1.0,1.0,2.176287227916339,0.6507936507936508,1.0,0.3888888888888889,0.5510204081632653,0.7105263157894737
9,0.019840101524203506,0.9945578231292517,0.9908103592314118,0.9963680387409201,0.9924686192468619,0.9916387959866221,1.465066084786067,0.6349206349206349,0.9629629629629629,0.3888888888888889,0.5416666666666666,0.6933333333333334
10,0.007921195803526916,0.9975510204081632,0.9966583124477861,0.9979822437449556,0.9958263772954925,0.9962421711899792,1.415326205747468,0.6825396825396826,1.0,0.4444444444444444,0.574468085106383,0.7297297297297297
11,0.006685943936677269,0.9978231292517007,0.9958228905597326,0.9987893462469734,0.9974895397489539,0.9966555183946488,1.3496900522519673,0.6825396825396826,0.9629629629629629,0.4722222222222222,0.5777777777777777,0.7222222222222222
12,0.0008801861296148122,1.0,1.0,1.0,1.0,1.0,2.197954804178268,0.6507936507936508,1.0,0.3888888888888889,0.5510204081632653,0.7105263157894737
13,0.25188465701768237,0.8953823953823954,0.8589466089466089,0.9196729196729196,0.8769797421731124,0.867869509750319,0.39960358504738125,0.8571428571428571,0.9259259259259259,0.8055555555555556,0.78125,0.847457627118644
14,0.010942310161546481,0.9972789115646259,0.9949874686716792,0.9983857949959645,0.9966527196652719,0.995819397993311,1.0480404323824342,0.7777777777777778,1.0,0.6111111111111112,0.6585365853658537,0.7941176470588235
15,0.001318489741343929,1.0,1.0,1.0,1.0,1.0,1.1431355518806312,0.7936507936507936,1.0,0.6388888888888888,0.675,0.8059701492537313
16,0.0018090567869359158,0.9997278911564625,1.0,0.9995964487489911,0.9991652754590985,0.9995824634655532,1.0635109825340647,0.8095238095238095,0.9629629629629629,0.6944444444444444,0.7027027027027027,0.8125
17,0.0007797322912893233,1.0,1.0,1.0,1.0,1.0,0.944214703448649,0.8253968253968254,0.9259259259259259,0.75,0.7352941176470589,0.819672131147541
18,0.0038135376433148143,0.9989115646258503,0.9991645781119465,0.9987893462469734,0.9974979149291076,0.998330550918197,1.7577779215006601,0.6825396825396826,1.0,0.4444444444444444,0.574468085106383,0.7297297297297297
19,0.0004703013853379446,1.0,1.0,1.0,1.0,1.0,1.7680933849649534,0.7142857142857143,1.0,0.5,0.6,0.75
20,0.00030032506231895685,1.0,1.0,1.0,1.0,1.0,2.5000990458897183,0.6825396825396826,1.0,0.4444444444444444,0.574468085106383,0.7297297297297297
21,0.00023713003291247957,1.0,1.0,1.0,1.0,1.0,2.0812359731348735,0.6984126984126984,1.0,0.4722222222222222,0.5869565217391305,0.7397260273972602
22,0.0067019074935078795,0.9989115646258503,0.9974937343358395,0.9995964487489911,0.999163179916318,0.9983277591973244,1.3749249918120248,0.7142857142857143,1.0,0.5,0.6,0.75
23,0.009812438832756313,0.9970068027210884,0.9949874686716792,0.9979822437449556,0.995819397993311,0.9954032595068951,0.9680655444306987,0.8095238095238095,1.0,0.6666666666666666,0.6923076923076923,0.8181818181818182
24,0.0016339910095779313,0.9994557823129252,0.9991645781119465,0.9995964487489911,0.9991645781119465,0.9991645781119465,0.7213953750888034,0.873015873015873,1.0,0.7777777777777778,0.7714285714285715,0.8709677419354839
25,0.0003406882522832428,1.0,1.0,1.0,1.0,1.0,1.2658388185876583,0.7777777777777778,1.0,0.6111111111111112,0.6585365853658537,0.7941176470588235
26,0.003424851212325446,0.9991836734693877,0.9983291562238931,0.9995964487489911,0.9991638795986622,0.9987463435018805,2.9158795523265053,0.5714285714285714,0.9259259259259259,0.3055555555555556,0.5,0.6493506493506493
27,0.2398315627047252,0.9040404040404041,0.8654401154401155,0.9297739297739298,0.8914901523597176,0.8782720117151748,0.4330265637901094,0.873015873015873,0.9259259259259259,0.8333333333333334,0.8064516129032258,0.8620689655172413
28,0.008408969147392188,0.9994557823129252,0.9991645781119465,0.9995964487489911,0.9991645781119465,0.9991645781119465,0.7355554323673011,0.8095238095238095,0.9629629629629629,0.6944444444444444,0.7027027027027027,0.8125
29,0.0010593641842050212,1.0,1.0,1.0,1.0,1.0,0.8299967381430583,0.8095238095238095,0.9629629629629629,0.6944444444444444,0.7027027027027027,0.8125
30,0.1402051728041399,0.9434343434343434,0.9202741702741702,0.9588744588744589,0.9371785451873622,0.9286494357480888,0.29142813851672505,0.9047619047619048,0.8888888888888888,0.9166666666666666,0.8888888888888888,0.8888888888888888
31,0.0064359882821845285,0.9994557823129252,0.9983291562238931,1.0,1.0,0.9991638795986622,0.80181056446588,0.7777777777777778,0.9629629629629629,0.6388888888888888,0.6666666666666666,0.7878787878787878
32,0.0011861067101577943,1.0,1.0,1.0,1.0,1.0,0.855967626966063,0.7936507936507936,1.0,0.6388888888888888,0.675,0.8059701492537313
33,0.0006440992440496172,1.0,1.0,1.0,1.0,1.0,0.8844653374352862,0.7936507936507936,1.0,0.6388888888888888,0.675,0.8059701492537313
34,0.0004102558629677574,1.0,1.0,1.0,1.0,1.0,0.7376414772865939,0.8412698412698413,1.0,0.7222222222222222,0.7297297297297297,0.84375
35,0.00034137847527250216,1.0,1.0,1.0,1.0,1.0,0.8395609306245451,0.8412698412698413,1.0,0.7222222222222222,0.7297297297297297,0.84375
36,0.0002522539727759649,1.0,1.0,1.0,1.0,1.0,0.8627498537812027,0.8253968253968254,1.0,0.6944444444444444,0.7105263157894737,0.8307692307692308
37,0.0005607214906264008,1.0,1.0,1.0,1.0,1.0,1.229227913691411,0.7936507936507936,1.0,0.6388888888888888,0.675,0.8059701492537313
38,0.011004637679406664,0.9972789115646259,0.9966583124477861,0.9975786924939467,0.9949958298582152,0.9958263772954925,0.7573079876601696,0.8095238095238095,0.9259259259259259,0.7222222222222222,0.7142857142857143,0.8064516129032258
39,0.004219992057567614,0.9983673469387755,0.9966583124477861,0.9991928974979822,0.998326359832636,0.9974916387959866,1.889694557303474,0.6507936507936508,0.9629629629629629,0.4166666666666667,0.5531914893617021,0.7027027027027027
40,0.0005168529403741237,1.0,1.0,1.0,1.0,1.0,1.9567690370456567,0.7142857142857143,1.0,0.5,0.6,0.75
41,0.00024090222806866173,1.0,1.0,1.0,1.0,1.0,1.979695594736508,0.7142857142857143,1.0,0.5,0.6,0.75
42,0.17759252746494064,0.9256854256854257,0.9007936507936508,0.9422799422799423,0.9123127511874315,0.90651660918497,0.4547083725236238,0.8412698412698413,0.8518518518518519,0.8333333333333334,0.7931034482758621,0.8214285714285714
43,0.006526431131563118,0.998639455782313,0.9966583124477861,0.9995964487489911,0.9991624790619765,0.9979088247595148,0.9176098914255225,0.7619047619047619,0.9259259259259259,0.6388888888888888,0.6578947368421053,0.7692307692307693
44,0.0026031629649881072,0.9994557823129252,0.9991645781119465,0.9995964487489911,0.9991645781119465,0.9991645781119465,0.8366165332429644,0.8095238095238095,0.9629629629629629,0.6944444444444444,0.7027027027027027,0.8125
45,0.0006322675892076658,1.0,1.0,1.0,1.0,1.0,0.956677898768306,0.7936507936507936,0.9629629629629629,0.6666666666666666,0.6842105263157895,0.8
46,0.0003935335113486389,1.0,1.0,1.0,1.0,1.0,1.1057889322632006,0.7936507936507936,0.9629629629629629,0.6666666666666666,0.6842105263157895,0.8
47,0.00028757633803710086,1.0,1.0,1.0,1.0,1.0,1.1421493131146279,0.8095238095238095,0.9629629629629629,0.6944444444444444,0.7027027027027027,0.8125
48,0.00024224587542479652,1.0,1.0,1.0,1.0,1.0,1.27038841370386,0.7777777777777778,0.9629629629629629,0.6388888888888888,0.6666666666666666,0.7878787878787878
49,0.00020152569443168005,1.0,1.0,1.0,1.0,1.0,1.14816695315549,0.7619047619047619,0.9259259259259259,0.6388888888888888,0.6578947368421053,0.7692307692307693
50,0.00020572891977788297,1.0,1.0,1.0,1.0,1.0,1.2395685132905205,0.7936507936507936,1.0,0.6388888888888888,0.675,0.8059701492537313
51,0.00014661437539592842,1.0,1.0,1.0,1.0,1.0,1.6981821586729013,0.746031746031746,0.9629629629629629,0.5833333333333334,0.6341463414634146,0.7647058823529411
52,0.00791202226599447,0.9972789115646259,0.9958228905597326,0.9979822437449556,0.9958228905597326,0.9958228905597326,1.4185828826138898,0.7301587301587301,1.0,0.5277777777777778,0.6136363636363636,0.7605633802816901
53,0.0009410346664177875,0.9997278911564625,0.9991645781119465,1.0,1.0,0.9995821145006268,1.3589625058636543,0.7301587301587301,1.0,0.5277777777777778,0.6136363636363636,0.7605633802816901
54,0.00022733813215864405,1.0,1.0,1.0,1.0,1.0,1.5299865029648774,0.6984126984126984,1.0,0.4722222222222222,0.5869565217391305,0.7397260273972602
55,0.004975448073169888,0.9980952380952381,0.9974937343358395,0.9983857949959645,0.996661101836394,0.9970772442588727,0.8984952660070525,0.7936507936507936,1.0,0.6388888888888888,0.675,0.8059701492537313
56,0.0007239324006132803,1.0,1.0,1.0,1.0,1.0,1.3069537820678854,0.746031746031746,0.9629629629629629,0.5833333333333334,0.6341463414634146,0.7647058823529411
57,0.003743647383462117,0.998639455782313,0.9983291562238931,0.9987893462469734,0.9974958263772955,0.9979123173277662,1.618674761719174,0.6666666666666666,0.9629629629629629,0.4444444444444444,0.5652173913043478,0.7123287671232876
58,0.17779568032258086,0.9277056277056277,0.9004329004329005,0.9458874458874459,0.9173098125689085,0.908793009284544,0.3699707105046227,0.9206349206349206,0.8888888888888888,0.9444444444444444,0.9230769230769231,0.9056603773584906
59,0.004526241461823213,0.9994557823129252,0.9991645781119465,0.9995964487489911,0.9991645781119465,0.9991645781119465,0.7441563984630482,0.7936507936507936,0.8888888888888888,0.7222222222222222,0.7058823529411765,0.7868852459016393
60,0.0012405676020508898,0.9997278911564625,0.9991645781119465,1.0,1.0,0.9995821145006268,0.9466911781623605,0.7936507936507936,0.9629629629629629,0.6666666666666666,0.6842105263157895,0.8
61,0.0005310911166744598,1.0,1.0,1.0,1.0,1.0,1.0450225196638336,0.8095238095238095,1.0,0.6666666666666666,0.6923076923076923,0.8181818181818182
62,0.0004029486837729948,1.0,1.0,1.0,1.0,1.0,1.000633940675355,0.8253968253968254,0.9629629629629629,0.7222222222222222,0.7222222222222222,0.8253968253968254
63,0.00027162424342542076,1.0,1.0,1.0,1.0,1.0,1.0328238744525209,0.8095238095238095,0.9629629629629629,0.6944444444444444,0.7027027027027027,0.8125
64,0.00021040494885568058,1.0,1.0,1.0,1.0,1.0,1.0742006772715185,0.8412698412698413,1.0,0.7222222222222222,0.7297297297297297,0.84375
65,0.003474599903692542,0.9994557823129252,0.9991645781119465,0.9995964487489911,0.9991645781119465,0.9991645781119465,1.3864608357350032,0.746031746031746,1.0,0.5555555555555556,0.627906976744186,0.7714285714285715
66,0.12130371079716998,0.9535353535353536,0.935064935064935,0.9658489658489658,0.9480614484272128,0.9415183436251362,0.3342103309751976,0.9206349206349206,0.8518518518518519,0.9722222222222222,0.9583333333333334,0.9019607843137255
67,0.006404102036632838,0.998639455782313,0.9983291562238931,0.9987893462469734,0.9974958263772955,0.9979123173277662,0.6484401613873031,0.8253968253968254,0.9259259259259259,0.75,0.7352941176470589,0.819672131147541
68,0.0009041190258271638,1.0,1.0,1.0,1.0,1.0,0.7234778282886726,0.8253968253968254,0.9259259259259259,0.75,0.7352941176470589,0.819672131147541
69,0.07007752493242927,0.9725829725829725,0.9632034632034632,0.9788359788359788,0.9680928208846991,0.9656419529837251,0.540045985183309,0.8888888888888888,0.8148148148148148,0.9444444444444444,0.9166666666666666,0.8627450980392157
70,0.005025854638815687,0.9983673469387755,0.9966583124477861,0.9991928974979822,0.998326359832636,0.9974916387959866,0.8657175562813848,0.8253968253968254,0.9259259259259259,0.75,0.7352941176470589,0.819672131147541
71,0.0006967954507072259,1.0,1.0,1.0,1.0,1.0,0.8781641940013432,0.8095238095238095,0.8888888888888888,0.75,0.7272727272727273,0.8
72,0.00037232203964325343,1.0,1.0,1.0,1.0,1.0,0.9270455391175808,0.8095238095238095,0.8888888888888888,0.75,0.7272727272727273,0.8
73,0.0004961120760104727,1.0,1.0,1.0,1.0,1.0,1.0342541639614546,0.8253968253968254,0.9629629629629629,0.7222222222222222,0.7222222222222222,0.8253968253968254
74,0.00025020150626389086,1.0,1.0,1.0,1.0,1.0,1.0637170331227401,0.8253968253968254,0.9629629629629629,0.7222222222222222,0.7222222222222222,0.8253968253968254
75,0.00018109907304866518,1.0,1.0,1.0,1.0,1.0,1.1509024224392812,0.8253968253968254,0.9259259259259259,0.75,0.7352941176470589,0.819672131147541
76,0.0001842041941682157,1.0,1.0,1.0,1.0,1.0,1.1805469226110579,0.8095238095238095,0.9259259259259259,0.7222222222222222,0.7142857142857143,0.8064516129032258
77,0.00011357093032894555,1.0,1.0,1.0,1.0,1.0,1.0926555003236336,0.8253968253968254,0.9259259259259259,0.75,0.7352941176470589,0.819672131147541
78,0.00019131037286050352,1.0,1.0,1.0,1.0,1.0,1.0575998005450755,0.8253968253968254,0.9259259259259259,0.75,0.7352941176470589,0.819672131147541
79,0.0007823295707752624,0.9997278911564625,0.9991645781119465,1.0,1.0,0.9995821145006268,1.2012217383506516,0.7619047619047619,0.9629629629629629,0.6111111111111112,0.65,0.7761194029850746
80,0.0039405795470550085,0.998639455782313,0.9983291562238931,0.9987893462469734,0.9974958263772955,0.9979123173277662,2.261698158487441,0.6349206349206349,0.9629629629629629,0.3888888888888889,0.5416666666666666,0.6933333333333334
81,0.006764450670875487,0.9972789115646259,0.9958228905597326,0.9979822437449556,0.9958228905597326,0.9958228905597326,1.623480708353103,0.6984126984126984,0.9629629629629629,0.5,0.5909090909090909,0.7323943661971831
82,0.000461355036581537,1.0,1.0,1.0,1.0,1.0,1.5537868582067036,0.6984126984126984,0.9629629629629629,0.5,0.5909090909090909,0.7323943661971831
83,0.0002103237996965197,1.0,1.0,1.0,1.0,1.0,1.6621474637871696,0.6507936507936508,0.9629629629629629,0.4166666666666667,0.5531914893617021,0.7027027027027027
84,0.00010469809711968596,1.0,1.0,1.0,1.0,1.0,1.575212443631793,0.6825396825396826,0.9629629629629629,0.4722222222222222,0.5777777777777777,0.7222222222222222
85,0.002709408805277563,0.9991836734693877,0.9983291562238931,0.9995964487489911,0.9991638795986622,0.9987463435018805,1.3257309690354362,0.6984126984126984,0.9629629629629629,0.5,0.5909090909090909,0.7323943661971831
86,0.0003048760343072176,1.0,1.0,1.0,1.0,1.0,2.111867803902853,0.6666666666666666,1.0,0.4166666666666667,0.5625,0.72
87,0.00017081175053475955,1.0,1.0,1.0,1.0,1.0,1.8336605876684189,0.6666666666666666,0.9629629629629629,0.4444444444444444,0.5652173913043478,0.7123287671232876
88,8.936508541069861e-05,1.0,1.0,1.0,1.0,1.0,1.8767148068263417,0.6507936507936508,0.9629629629629629,0.4166666666666667,0.5531914893617021,0.7027027027027027
89,5.685563325536672e-05,1.0,1.0,1.0,1.0,1.0,2.1172819229818525,0.6507936507936508,0.9629629629629629,0.4166666666666667,0.5531914893617021,0.7027027027027027
90,0.00010248971490136373,1.0,1.0,1.0,1.0,1.0,2.0127312649810123,0.6666666666666666,0.9629629629629629,0.4444444444444444,0.5652173913043478,0.7123287671232876
91,3.924198827007785e-05,1.0,1.0,1.0,1.0,1.0,1.960994181178865,0.6825396825396826,0.9629629629629629,0.4722222222222222,0.5777777777777777,0.7222222222222222
92,0.012931411934919104,0.996734693877551,0.9958228905597326,0.9971751412429378,0.994161801501251,0.994991652754591,2.2689309536464632,0.5555555555555556,0.5555555555555556,0.5555555555555556,0.4838709677419355,0.5172413793103449
93,0.0024251597330447756,0.9994557823129252,0.9983291562238931,1.0,1.0,0.9991638795986622,1.5485684879952006,0.7301587301587301,0.9629629629629629,0.5555555555555556,0.6190476190476191,0.7536231884057971
94,0.0002595706067628506,1.0,1.0,1.0,1.0,1.0,2.179307965532182,0.6349206349206349,0.9629629629629629,0.3888888888888889,0.5416666666666666,0.6933333333333334
95,0.0002451975110183362,1.0,1.0,1.0,1.0,1.0,1.4449297708887903,0.7777777777777778,0.9629629629629629,0.6388888888888888,0.6666666666666666,0.7878787878787878
96,0.0001259046746794052,1.0,1.0,1.0,1.0,1.0,1.7957173090368983,0.746031746031746,0.9629629629629629,0.5833333333333334,0.6341463414634146,0.7647058823529411
97,0.00024711414637632284,1.0,1.0,1.0,1.0,1.0,2.840099535638555,0.6349206349206349,0.9629629629629629,0.3888888888888889,0.5416666666666666,0.6933333333333334
98,0.00010806239486357583,1.0,1.0,1.0,1.0,1.0,2.998748403160818,0.6349206349206349,0.9629629629629629,0.3888888888888889,0.5416666666666666,0.6933333333333334
99,5.648236192477654e-05,1.0,1.0,1.0,1.0,1.0,2.856421528125389,0.6666666666666666,0.9629629629629629,0.4444444444444444,0.5652173913043478,0.7123287671232876
100,0.007702047887187353,0.9978231292517007,0.9966583124477861,0.9983857949959645,0.9966583124477861,0.9966583124477861,1.1101345937580815,0.7619047619047619,0.9629629629629629,0.6111111111111112,0.65,0.7761194029850746
101,0.0014140700176675,0.9997278911564625,0.9991645781119465,1.0,1.0,0.9995821145006268,2.193351418312107,0.6825396825396826,0.9629629629629629,0.4722222222222222,0.5777777777777777,0.7222222222222222
102,0.006517064981122951,0.9989115646258503,0.9983291562238931,0.9991928974979822,0.9983291562238931,0.9983291562238931,1.547442736370223,0.6666666666666666,0.9629629629629629,0.4444444444444444,0.5652173913043478,0.7123287671232876
103,0.0019301853007336026,0.9991836734693877,0.9991645781119465,0.9991928974979822,0.998330550918197,0.9987473903966597,1.548379781700316,0.6666666666666666,1.0,0.4166666666666667,0.5625,0.72
104,0.00015024765965221512,1.0,1.0,1.0,1.0,1.0,1.5027964380052354,0.6825396825396826,1.0,0.4444444444444444,0.574468085106383,0.7297297297297297
105,0.00010579278899324451,1.0,1.0,1.0,1.0,1.0,1.721643136607276,0.6825396825396826,1.0,0.4444444444444444,0.574468085106383,0.7297297297297297
106,0.0009184841883961162,0.9997278911564625,0.9991645781119465,1.0,1.0,0.9995821145006268,2.99054245343284,0.5873015873015873,0.9629629629629629,0.3055555555555556,0.5098039215686274,0.6666666666666666
107,0.00621419990283388,0.9978231292517007,0.9974937343358395,0.9979822437449556,0.9958298582151793,0.996661101836394,1.5649351970780463,0.7301587301587301,0.9629629629629629,0.5555555555555556,0.6190476190476191,0.7536231884057971
108,0.005182016651475958,0.998639455782313,0.9974937343358395,0.9991928974979822,0.9983277591973244,0.9979105725031342,0.9787776684240689,0.6825396825396826,0.9629629629629629,0.4722222222222222,0.5777777777777777,0.7222222222222222
109,0.0003744616287512064,1.0,1.0,1.0,1.0,1.0,1.853432383802202,0.6666666666666666,0.9629629629629629,0.4444444444444444,0.5652173913043478,0.7123287671232876
110,0.0001693371817642636,1.0,1.0,1.0,1.0,1.0,1.9518489605850644,0.6666666666666666,0.9629629629629629,0.4444444444444444,0.5652173913043478,0.7123287671232876
111,0.00010875460024044824,1.0,1.0,1.0,1.0,1.0,2.0060295453147283,0.6666666666666666,0.9629629629629629,0.4444444444444444,0.5652173913043478,0.7123287671232876
112,6.797886507618906e-05,1.0,1.0,1.0,1.0,1.0,1.8735198960417794,0.6666666666666666,0.9629629629629629,0.4444444444444444,0.5652173913043478,0.7123287671232876
113,5.8439186347833026e-05,1.0,1.0,1.0,1.0,1.0,2.4812300848582436,0.6666666666666666,0.9629629629629629,0.4444444444444444,0.5652173913043478,0.7123287671232876
114,0.00010565220901168816,1.0,1.0,1.0,1.0,1.0,2.4063291265850975,0.6666666666666666,0.9629629629629629,0.4444444444444444,0.5652173913043478,0.7123287671232876
115,5.6171585515863734e-05,1.0,1.0,1.0,1.0,1.0,2.4837104905219305,0.6666666666666666,0.9629629629629629,0.4444444444444444,0.5652173913043478,0.7123287671232876
116,2.7885411090253565e-05,1.0,1.0,1.0,1.0,1.0,2.17522811984259,0.6825396825396826,0.9629629629629629,0.4722222222222222,0.5777777777777777,0.7222222222222222
117,0.22026875358730727,0.9121212121212121,0.8816738816738817,0.9324194324194324,0.8968807339449542,0.8892122976168819,0.43254016064816997,0.8571428571428571,0.8888888888888888,0.8333333333333334,0.8,0.8421052631578947
118,0.004952836690952076,0.9991836734693877,0.9991645781119465,0.9991928974979822,0.998330550918197,0.9987473903966597,0.5116482640963994,0.8253968253968254,0.8888888888888888,0.7777777777777778,0.75,0.8135593220338984
119,0.000864683256902713,1.0,1.0,1.0,1.0,1.0,0.7085339188573897,0.7777777777777778,0.8888888888888888,0.6944444444444444,0.6857142857142857,0.7741935483870968
120,0.0005245933689804254,1.0,1.0,1.0,1.0,1.0,0.7981803183977877,0.7936507936507936,0.9259259259259259,0.6944444444444444,0.6944444444444444,0.7936507936507936
121,0.0003390760775162525,1.0,1.0,1.0,1.0,1.0,0.8504980031284504,0.7936507936507936,0.9259259259259259,0.6944444444444444,0.6944444444444444,0.7936507936507936
122,0.0002130943721597444,1.0,1.0,1.0,1.0,1.0,0.8976916820263594,0.8095238095238095,0.9259259259259259,0.7222222222222222,0.7142857142857143,0.8064516129032258
123,0.00026809090882663294,1.0,1.0,1.0,1.0,1.0,0.9436352613455032,0.7936507936507936,0.9259259259259259,0.6944444444444444,0.6944444444444444,0.7936507936507936
124,0.0002739177704163111,1.0,1.0,1.0,1.0,1.0,1.099100418690969,0.7619047619047619,0.9259259259259259,0.6388888888888888,0.6578947368421053,0.7692307692307693
125,0.00011299281794661783,1.0,1.0,1.0,1.0,1.0,1.3259977372169185,0.7619047619047619,0.9629629629629629,0.6111111111111112,0.65,0.7761194029850746
126,0.00010078934868287354,1.0,1.0,1.0,1.0,1.0,1.3800618157625968,0.7619047619047619,0.9629629629629629,0.6111111111111112,0.65,0.7761194029850746
127,9.171488739888273e-05,1.0,1.0,1.0,1.0,1.0,1.2816325139978693,0.7619047619047619,0.9259259259259259,0.6388888888888888,0.6578947368421053,0.7692307692307693
128,0.0015501346967916984,0.9994557823129252,0.9991645781119465,0.9995964487489911,0.9991645781119465,0.9991645781119465,1.221709321598552,0.7301587301587301,0.9629629629629629,0.5555555555555556,0.6190476190476191,0.7536231884057971
129,0.000262005543313009,1.0,1.0,1.0,1.0,1.0,1.4469160046525456,0.7619047619047619,1.0,0.5833333333333334,0.6428571428571429,0.782608695652174
130,0.003247829498700876,0.9991836734693877,0.9983291562238931,0.9995964487489911,0.9991638795986622,0.9987463435018805,0.9659589755622345,0.7777777777777778,0.9629629629629629,0.6388888888888888,0.6666666666666666,0.7878787878787878
131,0.0002565031815016346,1.0,1.0,1.0,1.0,1.0,1.1225941549886815,0.7777777777777778,0.9629629629629629,0.6388888888888888,0.6666666666666666,0.7878787878787878
132,0.0012078938263151767,0.9991836734693877,0.9983291562238931,0.9995964487489911,0.9991638795986622,0.9987463435018805,0.7866077175449824,0.8253968253968254,0.9629629629629629,0.7222222222222222,0.7222222222222222,0.8253968253968254
133,0.0008075005682676295,0.9997278911564625,0.9991645781119465,1.0,1.0,0.9995821145006268,0.9986771803574696,0.8095238095238095,1.0,0.6666666666666666,0.6923076923076923,0.8181818181818182
134,0.14567843698661284,0.944011544011544,0.922077922077922,0.9586339586339586,0.9369501466275659,0.9294545454545454,0.4439485142273562,0.8888888888888888,0.8888888888888888,0.8888888888888888,0.8571428571428571,0.8727272727272727
135,0.0037216761230560794,0.9994557823129252,1.0,0.9991928974979822,0.9983319432860718,0.9991652754590985,0.5656111601828819,0.8412698412698413,0.9259259259259259,0.7777777777777778,0.7575757575757576,0.8333333333333334
136,0.000681056524516039,1.0,1.0,1.0,1.0,1.0,0.5633453987409465,0.8412698412698413,0.9259259259259259,0.7777777777777778,0.7575757575757576,0.8333333333333334
137,0.0004791333108069692,1.0,1.0,1.0,1.0,1.0,0.7292871370778552,0.8253968253968254,0.9259259259259259,0.75,0.7352941176470589,0.819672131147541
138,0.00030188756079617315,1.0,1.0,1.0,1.0,1.0,0.710620057939585,0.8412698412698413,0.9259259259259259,0.7777777777777778,0.7575757575757576,0.8333333333333334
139,0.0003053132666284408,1.0,1.0,1.0,1.0,1.0,0.8518533871960937,0.8095238095238095,0.9629629629629629,0.6944444444444444,0.7027027027027027,0.8125
140,0.00017554553429759265,1.0,1.0,1.0,1.0,1.0,0.8054631709071275,0.8095238095238095,0.9629629629629629,0.6944444444444444,0.7027027027027027,0.8125
141,0.00013291912640431668,1.0,1.0,1.0,1.0,1.0,0.8880288194886239,0.8095238095238095,0.9629629629629629,0.6944444444444444,0.7027027027027027,0.8125
142,0.00011524804435008313,1.0,1.0,1.0,1.0,1.0,0.9034768123184755,0.8095238095238095,0.9629629629629629,0.6944444444444444,0.7027027027027027,0.8125
143,7.371940328369351e-05,1.0,1.0,1.0,1.0,1.0,1.0318205538191942,0.7936507936507936,0.9629629629629629,0.6666666666666666,0.6842105263157895,0.8
144,0.00022109571395704814,1.0,1.0,1.0,1.0,1.0,0.8820692264125682,0.8253968253968254,0.9629629629629629,0.7222222222222222,0.7222222222222222,0.8253968253968254
145,6.860944151115718e-05,1.0,1.0,1.0,1.0,1.0,1.1091247737797583,0.7936507936507936,0.9629629629629629,0.6666666666666666,0.6842105263157895,0.8
146,6.81760350458457e-05,1.0,1.0,1.0,1.0,1.0,1.0418513636465097,0.8095238095238095,0.9629629629629629,0.6944444444444444,0.7027027027027027,0.8125
147,5.120205307321157e-05,1.0,1.0,1.0,1.0,1.0,1.1584152561471066,0.7936507936507936,0.9629629629629629,0.6666666666666666,0.6842105263157895,0.8
148,3.5811848270636154e-05,1.0,1.0,1.0,1.0,1.0,1.174287339701088,0.7936507936507936,0.9629629629629629,0.6666666666666666,0.6842105263157895,0.8
149,3.490875265145275e-05,1.0,1.0,1.0,1.0,1.0,1.228224273349042,0.7936507936507936,0.9629629629629629,0.6666666666666666,0.6842105263157895,0.8
150,2.8435727651171594e-05,1.0,1.0,1.0,1.0,1.0,1.1843872268096127,0.7936507936507936,0.9629629629629629,0.6666666666666666,0.6842105263157895,0.8
151,2.309149936384832e-05,1.0,1.0,1.0,1.0,1.0,1.1149470177151093,0.8253968253968254,0.9629629629629629,0.7222222222222222,0.7222222222222222,0.8253968253968254
152,0.10958392973794383,0.9572871572871573,0.9455266955266955,0.9651274651274652,0.9475777295733911,0.9465511014806789,0.35859960237784044,0.8888888888888888,0.8888888888888888,0.8888888888888888,0.8571428571428571,0.8727272727272727
153,0.03362292967894461,0.989033189033189,0.9873737373737373,0.9901394901394901,0.9852411807055436,0.9863063063063063,0.45210859840661877,0.9047619047619048,0.8888888888888888,0.9166666666666666,0.8888888888888888,0.8888888888888888
154,0.002834779352268844,0.9991836734693877,0.9983291562238931,0.9995964487489911,0.9991638795986622,0.9987463435018805,0.7653600670145972,0.8412698412698413,0.9259259259259259,0.7777777777777778,0.7575757575757576,0.8333333333333334
155,0.0010975342020146917,0.9997278911564625,0.9991645781119465,1.0,1.0,0.9995821145006268,0.784416441078065,0.8253968253968254,0.9259259259259259,0.75,0.7352941176470589,0.819672131147541
156,0.0003335865544706431,1.0,1.0,1.0,1.0,1.0,0.7747345503765188,0.8412698412698413,0.9259259259259259,0.7777777777777778,0.7575757575757576,0.8333333333333334
157,0.0004612869630190766,0.9997278911564625,0.9991645781119465,1.0,1.0,0.9995821145006268,0.9343099989152203,0.8253968253968254,0.9259259259259259,0.75,0.7352941176470589,0.819672131147541
158,0.00014445111295089544,1.0,1.0,1.0,1.0,1.0,1.0237418108895544,0.8253968253968254,0.9259259259259259,0.75,0.7352941176470589,0.819672131147541
159,0.0001298003479146215,1.0,1.0,1.0,1.0,1.0,0.9444548313846416,0.8253968253968254,0.9259259259259259,0.75,0.7352941176470589,0.819672131147541
160,0.00011698297155050079,1.0,1.0,1.0,1.0,1.0,1.1399539750316994,0.8412698412698413,0.9629629629629629,0.75,0.7428571428571429,0.8387096774193549
161,0.0006785464675582868,0.9997278911564625,0.9991645781119465,1.0,1.0,0.9995821145006268,1.4856502514273402,0.8095238095238095,1.0,0.6666666666666666,0.6923076923076923,0.8181818181818182
162,0.0014178479200303888,0.9994557823129252,0.9991645781119465,0.9995964487489911,0.9991645781119465,0.9991645781119465,2.0390700859919426,0.7301587301587301,1.0,0.5277777777777778,0.6136363636363636,0.7605633802816901
163,0.000673495992265757,0.9997278911564625,1.0,0.9995964487489911,0.9991652754590985,0.9995824634655532,1.2395448029514342,0.7777777777777778,0.9629629629629629,0.6388888888888888,0.6666666666666666,0.7878787878787878
164,0.002241635347146956,0.9997278911564625,0.9991645781119465,1.0,1.0,0.9995821145006268,1.8477143006665366,0.6984126984126984,0.9629629629629629,0.5,0.5909090909090909,0.7323943661971831
165,0.00015450020215880336,1.0,1.0,1.0,1.0,1.0,2.2378928415359014,0.6984126984126984,1.0,0.4722222222222222,0.5869565217391305,0.7397260273972602
166,0.08505649638790932,0.9668109668109668,0.9585137085137085,0.9723424723424724,0.9585137085137085,0.9585137085137085,0.43203633012516157,0.8888888888888888,0.8518518518518519,0.9166666666666666,0.8846153846153846,0.8679245283018868
167,0.004933681968674,0.9978231292517007,0.9941520467836257,0.9995964487489911,0.9991603694374476,0.9966499162479062,0.7096106048843395,0.8253968253968254,0.9259259259259259,0.75,0.7352941176470589,0.819672131147541
168,0.00042847967677912835,1.0,1.0,1.0,1.0,1.0,0.7487949376467556,0.8412698412698413,0.9259259259259259,0.7777777777777778,0.7575757575757576,0.8333333333333334
169,0.0002970712859623869,1.0,1.0,1.0,1.0,1.0,0.7387852072069008,0.8412698412698413,0.9259259259259259,0.7777777777777778,0.7575757575757576,0.8333333333333334
170,0.0002098738405394976,1.0,1.0,1.0,1.0,1.0,0.8842132654454973,0.7936507936507936,0.9259259259259259,0.6944444444444444,0.6944444444444444,0.7936507936507936
171,0.00016208228721781507,1.0,1.0,1.0,1.0,1.0,0.9195126046700078,0.7777777777777778,0.9259259259259259,0.6666666666666666,0.6756756756756757,0.78125
172,0.00013886480671385315,1.0,1.0,1.0,1.0,1.0,0.9137202641623656,0.7936507936507936,0.9259259259259259,0.6944444444444444,0.6944444444444444,0.7936507936507936
173,0.0001178623335035314,1.0,1.0,1.0,1.0,1.0,0.9921794102401547,0.7936507936507936,0.9629629629629629,0.6666666666666666,0.6842105263157895,0.8
174,8.080038692532733e-05,1.0,1.0,1.0,1.0,1.0,1.0122161907594769,0.7936507936507936,0.9259259259259259,0.6944444444444444,0.6944444444444444,0.7936507936507936
175,0.06474607714598335,0.977922077922078,0.9711399711399712,0.9824434824434825,0.9735985533453888,0.972367708145205,0.5474416768947055,0.9047619047619048,0.8888888888888888,0.9166666666666666,0.8888888888888888,0.8888888888888888
176,0.0027985414808266006,0.9991836734693877,0.9983291562238931,0.9995964487489911,0.9991638795986622,0.9987463435018805,0.6460347763116708,0.873015873015873,0.8888888888888888,0.8611111111111112,0.8275862068965517,0.8571428571428571
177,0.0005629342012020259,1.0,1.0,1.0,1.0,1.0,0.659195465740696,0.8571428571428571,0.8888888888888888,0.8333333333333334,0.8,0.8421052631578947
178,0.00026760083641593586,1.0,1.0,1.0,1.0,1.0,0.6650699056183276,0.8412698412698413,0.8888888888888888,0.8055555555555556,0.7741935483870968,0.8275862068965517
179,0.043410993904842286,0.9828282828282828,0.9772727272727273,0.9865319865319865,0.979746835443038,0.9785082174462706,0.71091839533654,0.873015873015873,0.8888888888888888,0.8611111111111112,0.8275862068965517,0.8571428571428571
180,0.002939696035747413,0.9994557823129252,0.9983291562238931,1.0,1.0,0.9991638795986622,0.918712331747104,0.7936507936507936,0.8888888888888888,0.7222222222222222,0.7058823529411765,0.7868852459016393
181,0.00035084900648478057,1.0,1.0,1.0,1.0,1.0,0.929620401561907,0.7936507936507936,0.8888888888888888,0.7222222222222222,0.7058823529411765,0.7868852459016393
182,0.00030864936977944245,1.0,1.0,1.0,1.0,1.0,0.9619542974202583,0.746031746031746,0.8888888888888888,0.6388888888888888,0.6486486486486487,0.75
183,0.0004344638213230183,1.0,1.0,1.0,1.0,1.0,0.8755147938250697,0.7777777777777778,0.8888888888888888,0.6944444444444444,0.6857142857142857,0.7741935483870968
184,0.0003015087967824435,1.0,1.0,1.0,1.0,1.0,0.9315201029872581,0.7619047619047619,0.8888888888888888,0.6666666666666666,0.6666666666666666,0.7619047619047619
185,0.0001292420376340073,1.0,1.0,1.0,1.0,1.0,0.990168632872011,0.7936507936507936,0.8888888888888888,0.7222222222222222,0.7058823529411765,0.7868852459016393
186,0.0003357919147434636,1.0,1.0,1.0,1.0,1.0,0.9856570104967677,0.7777777777777778,0.8888888888888888,0.6944444444444444,0.6857142857142857,0.7741935483870968
187,0.0003016568534650371,1.0,1.0,1.0,1.0,1.0,1.7688806940402304,0.746031746031746,1.0,0.5555555555555556,0.627906976744186,0.7714285714285715
188,0.0021740404822306113,0.9989115646258503,0.9983291562238931,0.9991928974979822,0.9983291562238931,0.9983291562238931,1.2276788568618477,0.7142857142857143,0.9259259259259259,0.5555555555555556,0.6097560975609756,0.7352941176470589
189,0.00026815990310856836,1.0,1.0,1.0,1.0,1.0,1.0944851785066672,0.7619047619047619,0.9629629629629629,0.6111111111111112,0.65,0.7761194029850746
190,0.003536355067681019,0.9991836734693877,0.9983291562238931,0.9995964487489911,0.9991638795986622,0.9987463435018805,0.9037831522716534,0.7936507936507936,0.9629629629629629,0.6666666666666666,0.6842105263157895,0.8
191,0.000346805995860221,0.9997278911564625,0.9991645781119465,1.0,1.0,0.9995821145006268,1.3599334507515388,0.7619047619047619,0.9629629629629629,0.6111111111111112,0.65,0.7761194029850746
192,6.659557827327442e-05,1.0,1.0,1.0,1.0,1.0,1.4934120580169654,0.746031746031746,0.9629629629629629,0.5833333333333334,0.6341463414634146,0.7647058823529411
193,4.208161326942547e-05,1.0,1.0,1.0,1.0,1.0,1.6064048756379634,0.7301587301587301,0.9629629629629629,0.5555555555555556,0.6190476190476191,0.7536231884057971
194,3.7523784011107046e-05,1.0,1.0,1.0,1.0,1.0,1.5286827840369255,0.7619047619047619,0.9629629629629629,0.6111111111111112,0.65,0.7761194029850746
195,3.2171497371743753e-05,1.0,1.0,1.0,1.0,1.0,1.604031314537491,0.746031746031746,0.9629629629629629,0.5833333333333334,0.6341463414634146,0.7647058823529411
196,2.9812422594628502e-05,1.0,1.0,1.0,1.0,1.0,1.5918593127964182,0.746031746031746,0.9629629629629629,0.5833333333333334,0.6341463414634146,0.7647058823529411
197,2.9418468334772275e-05,1.0,1.0,1.0,1.0,1.0,1.6220562390369615,0.746031746031746,0.9629629629629629,0.5833333333333334,0.6341463414634146,0.7647058823529411
198,1.9268773753135815e-05,1.0,1.0,1.0,1.0,1.0,1.7832289183436567,0.7301587301587301,0.9629629629629629,0.5555555555555556,0.6190476190476191,0.7536231884057971
199,2.8380642950985336e-05,1.0,1.0,1.0,1.0,1.0,1.7840105187903632,0.7301587301587301,0.9629629629629629,0.5555555555555556,0.6190476190476191,0.7536231884057971
200,1.582712953207186e-05,1.0,1.0,1.0,1.0,1.0,1.7765569024819083,0.7301587301587301,0.9629629629629629,0.5555555555555556,0.6190476190476191,0.7536231884057971
201,1.6818946022080385e-05,1.0,1.0,1.0,1.0,1.0,1.9368464263564433,0.7301587301587301,0.9629629629629629,0.5555555555555556,0.6190476190476191,0.7536231884057971
202,0.09236445698086146,0.965945165945166,0.9556277056277056,0.9728234728234728,0.9590876176683563,0.9573545355981207,0.6405812950642218,0.8571428571428571,0.8518518518518519,0.8611111111111112,0.8214285714285714,0.8363636363636363
203,0.004307900083775563,0.9989115646258503,0.9991645781119465,0.9987893462469734,0.9974979149291076,0.998330550918197,0.6611812330582845,0.8412698412698413,0.8888888888888888,0.8055555555555556,0.7741935483870968,0.8275862068965517
204,0.0006171083462394482,1.0,1.0,1.0,1.0,1.0,0.7667837005435667,0.8412698412698413,0.9259259259259259,0.7777777777777778,0.7575757575757576,0.8333333333333334
205,0.030499798491248013,0.9894660894660895,0.9884559884559885,0.9901394901394901,0.9852571017619561,0.9868539528182965,0.5800916423008496,0.8888888888888888,0.8518518518518519,0.9166666666666666,0.8846153846153846,0.8679245283018868
206,0.0019436776412129846,0.9994557823129252,0.9991645781119465,0.9995964487489911,0.9991645781119465,0.9991645781119465,0.6925554474042396,0.8253968253968254,0.9259259259259259,0.75,0.7352941176470589,0.819672131147541
207,0.00027178232750315283,1.0,1.0,1.0,1.0,1.0,0.6888517344782558,0.8253968253968254,0.9259259259259259,0.75,0.7352941176470589,0.819672131147541
208,0.00014842747013143193,1.0,1.0,1.0,1.0,1.0,0.6961179911981278,0.8253968253968254,0.9259259259259259,0.75,0.7352941176470589,0.819672131147541
209,0.00012747608544641542,1.0,1.0,1.0,1.0,1.0,0.7655512640725762,0.8253968253968254,0.9259259259259259,0.75,0.7352941176470589,0.819672131147541
210,0.043754022382754124,0.9835497835497835,0.9790764790764791,0.9865319865319865,0.9797833935018051,0.9794298087333093,0.5955403926985575,0.873015873015873,0.8518518518518519,0.8888888888888888,0.8518518518518519,0.8518518518518519
211,0.014106356665671133,0.9955266955266955,0.9942279942279942,0.9963924963924964,0.9945867917719234,0.9944073606350352,0.7519345943971226,0.8253968253968254,0.8888888888888888,0.7777777777777778,0.75,0.8135593220338984
212,0.0014438589399646442,0.9991836734693877,0.9983291562238931,0.9995964487489911,0.9991638795986622,0.9987463435018805,0.8562237576111257,0.8095238095238095,0.9259259259259259,0.7222222222222222,0.7142857142857143,0.8064516129032258
213,0.0001913396867236034,1.0,1.0,1.0,1.0,1.0,0.8842434951719562,0.8095238095238095,0.9259259259259259,0.7222222222222222,0.7142857142857143,0.8064516129032258
214,0.029280600872168466,0.9894660894660895,0.9877344877344877,0.9906204906204906,0.9859560676989557,0.986844476482249,0.5642217213125338,0.873015873015873,0.8888888888888888,0.8611111111111112,0.8275862068965517,0.8571428571428571
215,0.00985933163941268,0.9978354978354979,0.9963924963924964,0.9987974987974988,0.9981929887965305,0.9972919299512547,0.7159385434536648,0.8253968253968254,0.8518518518518519,0.8055555555555556,0.7666666666666667,0.8070175438596491
216,0.009145862205226335,0.9971139971139971,0.9963924963924964,0.9975949975949976,0.9963924963924964,0.9963924963924964,0.8316612853197425,0.873015873015873,0.8888888888888888,0.8611111111111112,0.8275862068965517,0.8571428571428571
217,0.014834262879979783,0.9950937950937951,0.9920634920634921,0.9971139971139971,0.9956553222302679,0.9938561619082038,0.7341534863484817,0.8412698412698413,0.9259259259259259,0.7777777777777778,0.7575757575757576,0.8333333333333334
218,0.0009355674514037772,0.9997278911564625,0.9991645781119465,1.0,1.0,0.9995821145006268,0.8580798263668955,0.8253968253968254,0.9259259259259259,0.75,0.7352941176470589,0.819672131147541
219,0.015727358307811388,0.9943722943722944,0.9920634920634921,0.9959114959114959,0.9938561619082038,0.9929590178732624,0.5807521856733642,0.873015873015873,0.8888888888888888,0.8611111111111112,0.8275862068965517,0.8571428571428571
220,0.008936899176964733,0.996969696969697,0.9963924963924964,0.9973544973544973,0.9960331770645511,0.9962128043282237,0.46838098500822006,0.8888888888888888,0.9259259259259259,0.8611111111111112,0.8333333333333334,0.8771929824561403
221,0.009255170170085463,0.9972582972582973,0.9963924963924964,0.9978354978354979,0.9967520750631541,0.9965722532924409,0.50002541637329,0.9047619047619048,0.8888888888888888,0.9166666666666666,0.8888888888888888,0.8888888888888888
222,0.014041344309389466,0.9958152958152958,0.9931457431457431,0.9975949975949976,0.9963807455664133,0.9947606142728094,0.6161389888642127,0.873015873015873,0.9259259259259259,0.8333333333333334,0.8064516129032258,0.8620689655172413
223,0.008204503167133115,0.9974025974025974,0.996031746031746,0.9983164983164983,0.997471098265896,0.9967509025270758,0.5277187061654995,0.8888888888888888,0.9259259259259259,0.8611111111111112,0.8333333333333334,0.8771929824561403
224,0.003313966796692366,0.9992784992784993,0.9989177489177489,0.9995189995189995,0.9992782389029231,0.9990979613927476,0.6874094419982857,0.8888888888888888,0.8888888888888888,0.8888888888888888,0.8571428571428571,0.8727272727272727
225,0.004915167345022512,0.9983673469387755,0.9974937343358395,0.9987893462469734,0.9974937343358395,0.9974937343358395,1.1155108319848843,0.7619047619047619,0.9259259259259259,0.6388888888888888,0.6578947368421053,0.7692307692307693
226,0.025972905090257785,0.9903318903318903,0.9880952380952381,0.9918229918229918,0.9877389109267941,0.987917042380523,0.5280821842145145,0.8253968253968254,0.8888888888888888,0.7777777777777778,0.75,0.8135593220338984
227,0.006944521925900794,0.9972582972582973,0.9967532467532467,0.9975949975949976,0.99639379733141,0.9965734896302976,0.5605798867551447,0.9206349206349206,0.8888888888888888,0.9444444444444444,0.9230769230769231,0.9056603773584906
228,0.0025261469405313927,0.9991836734693877,0.9991645781119465,0.9991928974979822,0.998330550918197,0.9987473903966597,0.7186500808253647,0.8253968253968254,0.8888888888888888,0.7777777777777778,0.75,0.8135593220338984
229,0.012240637195440046,0.9963924963924964,0.9949494949494949,0.9973544973544973,0.9960274467316721,0.9954881790290562,0.42672141003357766,0.8888888888888888,0.8888888888888888,0.8888888888888888,0.8571428571428571,0.8727272727272727
230,0.008866918335751497,0.9971139971139971,0.996031746031746,0.9978354978354979,0.9967509025270758,0.9963911945146157,0.7982661365351218,0.8095238095238095,0.8888888888888888,0.75,0.7272727272727273,0.8
231,0.004151948906630151,0.998639455782313,0.9983291562238931,0.9987893462469734,0.9974958263772955,0.9979123173277662,0.9158202114677618,0.7777777777777778,0.9259259259259259,0.6666666666666666,0.6756756756756757,0.78125
232,0.0003757865637973217,1.0,1.0,1.0,1.0,1.0,0.8671378724005384,0.7777777777777778,0.8888888888888888,0.6944444444444444,0.6857142857142857,0.7741935483870968
233,0.0001452765473917754,1.0,1.0,1.0,1.0,1.0,0.9522150783547355,0.7936507936507936,0.9259259259259259,0.6944444444444444,0.6944444444444444,0.7936507936507936
234,8.776822594597501e-05,1.0,1.0,1.0,1.0,1.0,0.9551478614021252,0.7936507936507936,0.9259259259259259,0.6944444444444444,0.6944444444444444,0.7936507936507936
235,7.959755019897648e-05,1.0,1.0,1.0,1.0,1.0,0.9223609764758582,0.7777777777777778,0.8888888888888888,0.6944444444444444,0.6857142857142857,0.7741935483870968
236,0.03206513286100799,0.9896103896103896,0.9873737373737373,0.9911014911014911,0.9866618601297765,0.9870176703930761,0.5143535644331548,0.8888888888888888,0.8888888888888888,0.8888888888888888,0.8571428571428571,0.8727272727272727
237,0.0015193848764049887,0.9994557823129252,0.9983291562238931,1.0,1.0,0.9991638795986622,0.5952701904808193,0.8095238095238095,0.9259259259259259,0.7222222222222222,0.7142857142857143,0.8064516129032258
238,0.01177115066329835,0.9958152958152958,0.9942279942279942,0.9968734968734969,0.9953051643192489,0.9947662876737051,0.5752785903307431,0.9206349206349206,0.9259259259259259,0.9166666666666666,0.8928571428571429,0.9090909090909091
239,0.007571365335213879,0.9974025974025974,0.9971139971139971,0.9975949975949976,0.996395097332372,0.996754417598269,0.9534113117353251,0.8095238095238095,0.8888888888888888,0.75,0.7272727272727273,0.8
240,0.00912591991855388,0.9966810966810967,0.996031746031746,0.9971139971139971,0.9956725567976921,0.9958521190261497,0.5610662676185639,0.873015873015873,0.9259259259259259,0.8333333333333334,0.8064516129032258,0.8620689655172413
241,0.007213730500146047,0.9971139971139971,0.9956709956709957,0.9980759980759981,0.9971098265895953,0.9963898916967509,0.661121679927751,0.8571428571428571,0.8888888888888888,0.8333333333333334,0.8,0.8421052631578947
242,0.0033268937725048327,0.9989115646258503,0.9974937343358395,0.9995964487489911,0.999163179916318,0.9983277591973244,0.7271134745665006,0.8412698412698413,0.8888888888888888,0.8055555555555556,0.7741935483870968,0.8275862068965517
243,0.015900899357993787,0.9952380952380953,0.9938672438672439,0.9961519961519961,0.9942259112233851,0.9940465451921342,0.60370610191557,0.8888888888888888,0.8888888888888888,0.8888888888888888,0.8571428571428571,0.8727272727272727
244,0.009718703374619901,0.9974025974025974,0.9963924963924964,0.9980759980759981,0.9971119133574007,0.9967520750631541,0.5949912340794172,0.9206349206349206,0.8888888888888888,0.9444444444444444,0.9230769230769231,0.9056603773584906
245,0.0013867226836064095,0.9997278911564625,0.9991645781119465,1.0,1.0,0.9995821145006268,0.6280483869629697,0.8888888888888888,0.8888888888888888,0.8888888888888888,0.8571428571428571,0.8727272727272727
246,0.00018036593795618593,1.0,1.0,1.0,1.0,1.0,0.6145275156175356,0.8888888888888888,0.8888888888888888,0.8888888888888888,0.8571428571428571,0.8727272727272727
247,0.00015681580428184933,1.0,1.0,1.0,1.0,1.0,0.6051163671042544,0.873015873015873,0.8888888888888888,0.8611111111111112,0.8275862068965517,0.8571428571428571
248,0.0006951203261269256,0.9997278911564625,0.9991645781119465,1.0,1.0,0.9995821145006268,0.7000284574193453,0.873015873015873,0.8888888888888888,0.8611111111111112,0.8275862068965517,0.8571428571428571
249,0.01752889171791781,0.9942279942279942,0.9924242424242424,0.9954304954304954,0.9931407942238267,0.9927823890292313,0.8082934198300502,0.873015873015873,0.8888888888888888,0.8611111111111112,0.8275862068965517,0.8571428571428571
250,0.007487963904975409,0.997979797979798,0.9978354978354979,0.9980759980759981,0.9971160778658976,0.997475658131987,0.6288767579064283,0.9047619047619048,0.8888888888888888,0.9166666666666666,0.8888888888888888,0.8888888888888888
251,0.007177999334624101,0.9981240981240981,0.9974747474747475,0.9985569985569985,0.9978347167087694,0.9976546996211438,0.7070208377101355,0.873015873015873,0.8518518518518519,0.8888888888888888,0.8518518518518519,0.8518518518518519
252,0.003591482250814472,0.9989115646258503,0.9991645781119465,0.9987893462469734,0.9974979149291076,0.998330550918197,0.6702494510746975,0.873015873015873,0.8888888888888888,0.8611111111111112,0.8275862068965517,0.8571428571428571
253,0.013564225637717146,0.9953823953823954,0.9942279942279942,0.9961519961519961,0.9942279942279942,0.9942279942279942,0.6691451301679961,0.8571428571428571,0.8888888888888888,0.8333333333333334,0.8,0.8421052631578947
254,0.0015204459074581735,0.9994557823129252,0.9991645781119465,0.9995964487489911,0.9991645781119465,0.9991645781119465,0.5915699926013726,0.873015873015873,0.8888888888888888,0.8611111111111112,0.8275862068965517,0.8571428571428571
255,0.00024401707890833336,1.0,1.0,1.0,1.0,1.0,0.6227460638375117,0.873015873015873,0.8888888888888888,0.8611111111111112,0.8275862068965517,0.8571428571428571
256,0.015255395699846613,0.9950937950937951,0.9945887445887446,0.9954304954304954,0.9931556195965417,0.9938716654650325,0.4764645078722092,0.9047619047619048,0.8888888888888888,0.9166666666666666,0.8888888888888888,0.8888888888888888
257,0.0017946209431171328,0.9994557823129252,0.9991645781119465,0.9995964487489911,0.9991645781119465,0.9991645781119465,0.6833439716969484,0.8571428571428571,0.9259259259259259,0.8055555555555556,0.78125,0.847457627118644
258,0.00020719036619795873,1.0,1.0,1.0,1.0,1.0,0.7215874614378822,0.8571428571428571,0.9259259259259259,0.8055555555555556,0.78125,0.847457627118644
259,0.01273864805439274,0.9965367965367965,0.9956709956709957,0.9971139971139971,0.9956709956709957,0.9956709956709957,0.5325264252467259,0.9047619047619048,0.8888888888888888,0.9166666666666666,0.8888888888888888,0.8888888888888888
260,0.002077672482988097,0.9997278911564625,0.9991645781119465,1.0,1.0,0.9995821145006268,0.7645929742242775,0.8888888888888888,0.9259259259259259,0.8611111111111112,0.8333333333333334,0.8771929824561403
261,0.00022745400589877315,1.0,1.0,1.0,1.0,1.0,0.7568790038947353,0.8888888888888888,0.9259259259259259,0.8611111111111112,0.8333333333333334,0.8771929824561403
262,0.003395727259588236,0.9991836734693877,0.9983291562238931,0.9995964487489911,0.9991638795986622,0.9987463435018805,0.6862382333834715,0.8253968253968254,0.9259259259259259,0.75,0.7352941176470589,0.819672131147541
263,0.017880444408082865,0.9933621933621933,0.990981240981241,0.9949494949494949,0.9924132947976878,0.9916967509025271,0.525207931161045,0.9047619047619048,0.8888888888888888,0.9166666666666666,0.8888888888888888,0.8888888888888888
264,0.0009635848517464925,0.9997278911564625,0.9991645781119465,1.0,1.0,0.9995821145006268,0.5866712064242974,0.8888888888888888,0.9259259259259259,0.8611111111111112,0.8333333333333334,0.8771929824561403
265,0.009135637529251932,0.9962481962481963,0.9956709956709957,0.9966329966329966,0.9949531362653208,0.995311936530833,0.6113338195314605,0.9206349206349206,0.8888888888888888,0.9444444444444444,0.9230769230769231,0.9056603773584906
266,0.0051625312545894,0.9987012987012988,0.9978354978354979,0.9992784992784993,0.9989165763813651,0.9983757444504602,0.5722128955539019,0.9365079365079365,0.9259259259259259,0.9444444444444444,0.9259259259259259,0.9259259259259259
267,0.0020848827834160314,0.9991836734693877,0.9983291562238931,0.9995964487489911,0.9991638795986622,0.9987463435018805,0.6722652539352162,0.8888888888888888,0.9629629629629629,0.8333333333333334,0.8125,0.8813559322033898
268,0.0001041423786397349,1.0,1.0,1.0,1.0,1.0,0.7105832158741245,0.873015873015873,0.9629629629629629,0.8055555555555556,0.7878787878787878,0.8666666666666667
269,9.203486865951417e-05,1.0,1.0,1.0,1.0,1.0,0.7154035570159082,0.8888888888888888,0.9629629629629629,0.8333333333333334,0.8125,0.8813559322033898
270,0.01600024871925691,0.9939393939393939,0.9920634920634921,0.9951899951899952,0.9927797833935018,0.9924215084806929,0.7120230955520778,0.9206349206349206,0.8888888888888888,0.9444444444444444,0.9230769230769231,0.9056603773584906
271,0.0082440115463016,0.9978354978354979,0.9978354978354979,0.9978354978354979,0.9967567567567568,0.9972958355868037,0.6908237516791338,0.9047619047619048,0.8888888888888888,0.9166666666666666,0.8888888888888888,0.8888888888888888
272,0.002119087046584212,0.9994557823129252,0.9983291562238931,1.0,1.0,0.9991638795986622,0.6685052962737188,0.873015873015873,0.8888888888888888,0.8611111111111112,0.8275862068965517,0.8571428571428571
273,0.010761849231676812,0.9966810966810967,0.9956709956709957,0.9973544973544973,0.9960303139660772,0.995850622406639,0.7271200495287924,0.8571428571428571,0.8888888888888888,0.8333333333333334,0.8,0.8421052631578947
274,0.0011045697411929327,0.9994557823129252,0.9991645781119465,0.9995964487489911,0.9991645781119465,0.9991645781119465,0.884959243201939,0.7936507936507936,0.9259259259259259,0.6944444444444444,0.6944444444444444,0.7936507936507936
275,0.00013596111238572975,1.0,1.0,1.0,1.0,1.0,1.0012574251815085,0.8095238095238095,0.9259259259259259,0.7222222222222222,0.7142857142857143,0.8064516129032258
276,0.012772130140481876,0.9961038961038962,0.9945887445887446,0.9971139971139971,0.9956663055254604,0.9951272333513806,0.5878429036672478,0.8412698412698413,0.8888888888888888,0.8055555555555556,0.7741935483870968,0.8275862068965517
277,0.0012667072144971344,0.9997278911564625,1.0,0.9995964487489911,0.9991652754590985,0.9995824634655532,0.6245874972466106,0.873015873015873,0.8518518518518519,0.8888888888888888,0.8518518518518519,0.8518518518518519
278,0.0003808153987122497,1.0,1.0,1.0,1.0,1.0,0.7416922256811559,0.8412698412698413,0.8888888888888888,0.8055555555555556,0.7741935483870968,0.8275862068965517
279,0.0147104788472935,0.9953823953823954,0.9942279942279942,0.9961519961519961,0.9942279942279942,0.9942279942279942,0.7262176605503238,0.873015873015873,0.8888888888888888,0.8611111111111112,0.8275862068965517,0.8571428571428571
280,0.010119606279689096,0.9965367965367965,0.9949494949494949,0.9975949975949976,0.9963872832369942,0.9956678700361011,0.5471273018546137,0.9047619047619048,0.8888888888888888,0.9166666666666666,0.8888888888888888,0.8888888888888888
281,0.0036899368161311483,0.9987012987012988,0.9989177489177489,0.9985569985569985,0.9978378378378379,0.9983775013520823,0.602566284187589,0.9047619047619048,0.8888888888888888,0.9166666666666666,0.8888888888888888,0.8888888888888888
282,0.004027418062139578,0.9991836734693877,0.9974937343358395,1.0,1.0,0.998745294855709,0.8618321271857158,0.8571428571428571,0.9259259259259259,0.8055555555555556,0.78125,0.847457627118644
283,0.009544312410359872,0.9966810966810967,0.9953102453102453,0.9975949975949976,0.9963885879378838,0.9958491247067316,0.6234777404830628,0.873015873015873,0.8518518518518519,0.8888888888888888,0.8518518518518519,0.8518518518518519
284,0.004284112020705213,0.9985569985569985,0.9978354978354979,0.9990379990379991,0.9985559566787003,0.9981955972573078,0.6806593600056312,0.8888888888888888,0.8518518518518519,0.9166666666666666,0.8846153846153846,0.8679245283018868
285,0.0013854108773251887,0.9991836734693877,0.9983291562238931,0.9995964487489911,0.9991638795986622,0.9987463435018805,0.7488597101921822,0.8412698412698413,0.8518518518518519,0.8333333333333334,0.7931034482758621,0.8214285714285714
286,0.0001459950896830941,1.0,1.0,1.0,1.0,1.0,0.7472982309095281,0.8571428571428571,0.8888888888888888,0.8333333333333334,0.8,0.8421052631578947
287,0.015454935710473591,0.9953823953823954,0.9942279942279942,0.9961519961519961,0.9942279942279942,0.9942279942279942,0.5784999258859667,0.873015873015873,0.8888888888888888,0.8611111111111112,0.8275862068965517,0.8571428571428571
288,0.004607977546912515,0.9987012987012988,0.9989177489177489,0.9985569985569985,0.9978378378378379,0.9983775013520823,0.5163500271635943,0.8888888888888888,0.8888888888888888,0.8888888888888888,0.8571428571428571,0.8727272727272727
289,0.0007917555109600712,0.9997278911564625,0.9991645781119465,1.0,1.0,0.9995821145006268,0.5978338991740851,0.8412698412698413,0.9629629629629629,0.75,0.7428571428571429,0.8387096774193549
290,0.0001857516801833701,1.0,1.0,1.0,1.0,1.0,0.5776582054922261,0.8571428571428571,0.9629629629629629,0.7777777777777778,0.7647058823529411,0.8524590163934426
291,0.00047176215368529726,0.9997278911564625,0.9991645781119465,1.0,1.0,0.9995821145006268,1.1678427456090936,0.8095238095238095,1.0,0.6666666666666666,0.6923076923076923,0.8181818181818182
292,0.0010097285278943735,0.9994557823129252,0.9991645781119465,0.9995964487489911,0.9991645781119465,0.9991645781119465,1.5041518808298169,0.746031746031746,0.9629629629629629,0.5833333333333334,0.6341463414634146,0.7647058823529411
293,0.0007900958099876365,0.9997278911564625,1.0,0.9995964487489911,0.9991652754590985,0.9995824634655532,0.955658360620469,0.8412698412698413,0.9629629629629629,0.75,0.7428571428571429,0.8387096774193549
294,0.00010036415571621979,1.0,1.0,1.0,1.0,1.0,1.023876698009507,0.8412698412698413,0.9629629629629629,0.75,0.7428571428571429,0.8387096774193549
295,0.017749779637638855,0.9943722943722944,0.9927849927849928,0.9954304954304954,0.9931432695777698,0.9929640988634314,0.6841559620751512,0.9047619047619048,0.8888888888888888,0.9166666666666666,0.8888888888888888,0.8888888888888888
296,0.0013307986218564617,0.9997278911564625,0.9991645781119465,1.0,1.0,0.9995821145006268,0.6254475121534179,0.8888888888888888,0.8888888888888888,0.8888888888888888,0.8571428571428571,0.8727272727272727
297,0.0001453112575643677,1.0,1.0,1.0,1.0,1.0,0.6283330899471092,0.873015873015873,0.8888888888888888,0.8611111111111112,0.8275862068965517,0.8571428571428571
298,0.00045534958780384235,1.0,1.0,1.0,1.0,1.0,0.7035933339502662,0.8571428571428571,0.8888888888888888,0.8333333333333334,0.8,0.8421052631578947
299,0.010673053051757628,0.9958152958152958,0.9949494949494949,0.9963924963924964,0.994590695997115,0.9947700631199279,0.707283158075168,0.8571428571428571,0.8148148148148148,0.8888888888888888,0.8461538461538461,0.8301886792452831
300,0.007290751081895978,0.997979797979798,0.9974747474747475,0.9983164983164983,0.9974747474747475,0.9974747474747475,0.5161156347848379,0.9047619047619048,0.8888888888888888,0.9166666666666666,0.8888888888888888,0.8888888888888888
301,0.005717279555579337,0.9981240981240981,0.9974747474747475,0.9985569985569985,0.9978347167087694,0.9976546996211438,1.1273981602285021,0.8412698412698413,0.8888888888888888,0.8055555555555556,0.7741935483870968,0.8275862068965517
302,0.005850448074352178,0.9976911976911977,0.9967532467532467,0.9983164983164983,0.9974729241877256,0.9971129556116926,0.7019066398673218,0.8888888888888888,0.8888888888888888,0.8888888888888888,0.8571428571428571,0.8727272727272727
303,0.0070240995912188115,0.9978354978354979,0.9967532467532467,0.9985569985569985,0.9978331527627302,0.9972929074174337,0.6386976518334695,0.9206349206349206,0.8888888888888888,0.9444444444444444,0.9230769230769231,0.9056603773584906
304,0.008167782267560634,0.9974025974025974,0.9971139971139971,0.9975949975949976,0.996395097332372,0.996754417598269,0.577839987827853,0.9206349206349206,0.8888888888888888,0.9444444444444444,0.9230769230769231,0.9056603773584906
305,0.004589209997507241,0.997979797979798,0.9974747474747475,0.9983164983164983,0.9974747474747475,0.9974747474747475,0.6185207578856202,0.873015873015873,0.8888888888888888,0.8611111111111112,0.8275862068965517,0.8571428571428571
306,0.0006360567123897918,1.0,1.0,1.0,1.0,1.0,0.9182966080365337,0.8253968253968254,0.9259259259259259,0.75,0.7352941176470589,0.819672131147541
307,0.007431484324823092,0.9978354978354979,0.9974747474747475,0.9980759980759981,0.997115037865128,0.9972948602344455,0.628787760265931,0.8888888888888888,0.8518518518518519,0.9166666666666666,0.8846153846153846,0.8679245283018868
308,0.0034381460404472645,0.9984126984126984,0.9981962481962482,0.9985569985569985,0.997836278398846,0.9980162308385934,0.6629265956783904,0.8888888888888888,0.8518518518518519,0.9166666666666666,0.8846153846153846,0.8679245283018868
309,0.00569253188595846,0.9982683982683983,0.9974747474747475,0.9987974987974988,0.9981949458483754,0.9978347167087694,0.9340432973870535,0.8253968253968254,0.9259259259259259,0.75,0.7352941176470589,0.819672131147541
310,0.007062035618213168,0.9975468975468975,0.9974747474747475,0.9975949975949976,0.9963963963963964,0.9969352803317109,0.528662032719391,0.8888888888888888,0.8888888888888888,0.8888888888888888,0.8571428571428571,0.8727272727272727
311,0.004939851110916928,0.9982683982683983,0.9974747474747475,0.9987974987974988,0.9981949458483754,0.9978347167087694,0.45363210308890317,0.9047619047619048,0.8888888888888888,0.9166666666666666,0.8888888888888888,0.8888888888888888
312,0.004685101708338305,0.9981240981240981,0.9978354978354979,0.9983164983164983,0.997475658131987,0.9976555455365194,0.7666698402911333,0.873015873015873,0.8888888888888888,0.8611111111111112,0.8275862068965517,0.8571428571428571
313,0.0032739955391768495,0.9991836734693877,1.0,0.9987893462469734,0.9975,0.9987484355444305,0.48633607055637096,0.9047619047619048,0.8518518518518519,0.9444444444444444,0.92,0.8846153846153846
314,0.006309648612466472,0.9985569985569985,0.9981962481962482,0.9987974987974988,0.9981962481962482,0.9981962481962482,0.5981315156151097,0.8888888888888888,0.8888888888888888,0.8888888888888888,0.8571428571428571,0.8727272727272727
315,0.0013743738997476192,0.9991836734693877,0.9983291562238931,0.9995964487489911,0.9991638795986622,0.9987463435018805,0.7388719828912087,0.8412698412698413,0.9259259259259259,0.7777777777777778,0.7575757575757576,0.8333333333333334
316,0.0005656275654775503,0.9997278911564625,1.0,0.9995964487489911,0.9991652754590985,0.9995824634655532,0.5598479475639391,0.8253968253968254,0.9259259259259259,0.75,0.7352941176470589,0.819672131147541
317,0.0006966262659746765,0.9997278911564625,0.9991645781119465,1.0,1.0,0.9995821145006268,0.8861184760591843,0.8253968253968254,0.9629629629629629,0.7222222222222222,0.7222222222222222,0.8253968253968254
318,0.011286232617794602,0.9958152958152958,0.9953102453102453,0.9961519961519961,0.9942342342342342,0.9947719488011538,0.5426327048723275,0.9047619047619048,0.8518518518518519,0.9444444444444444,0.92,0.8846153846153846
319,0.0014279613142625625,0.9997278911564625,1.0,0.9995964487489911,0.9991652754590985,0.9995824634655532,0.4969574130396174,0.873015873015873,0.8888888888888888,0.8611111111111112,0.8275862068965517,0.8571428571428571
320,7.266950733822273e-05,1.0,1.0,1.0,1.0,1.0,0.5412762991456677,0.8888888888888888,0.8888888888888888,0.8888888888888888,0.8571428571428571,0.8727272727272727
321,6.535996032956367e-05,1.0,1.0,1.0,1.0,1.0,0.4917552613042062,0.8888888888888888,0.8888888888888888,0.8888888888888888,0.8571428571428571,0.8727272727272727
322,0.0004558487048502901,0.9997278911564625,0.9991645781119465,1.0,1.0,0.9995821145006268,1.3041181932203472,0.8253968253968254,0.9629629629629629,0.7222222222222222,0.7222222222222222,0.8253968253968254
323,5.709105854757767e-05,1.0,1.0,1.0,1.0,1.0,1.2237721094732277,0.8412698412698413,0.9629629629629629,0.75,0.7428571428571429,0.8387096774193549
324,0.013372059944557821,0.9953823953823954,0.9942279942279942,0.9961519961519961,0.9942279942279942,0.9942279942279942,0.6219542575778351,0.873015873015873,0.8888888888888888,0.8611111111111112,0.8275862068965517,0.8571428571428571
325,0.0025898674953340663,0.9989115646258503,0.9974937343358395,0.9995964487489911,0.999163179916318,0.9983277591973244,0.653912140082361,0.873015873015873,0.9259259259259259,0.8333333333333334,0.8064516129032258,0.8620689655172413
326,0.007347694618059547,0.9972582972582973,0.9967532467532467,0.9975949975949976,0.99639379733141,0.9965734896302976,0.5451610405811124,0.8888888888888888,0.8888888888888888,0.8888888888888888,0.8571428571428571,0.8727272727272727
327,0.006306568793277155,0.9982683982683983,0.9978354978354979,0.9985569985569985,0.9978354978354979,0.9978354978354979,0.5631881674662942,0.873015873015873,0.8888888888888888,0.8611111111111112,0.8275862068965517,0.8571428571428571
328,0.0030166036184508115,0.998639455782313,0.9974937343358395,0.9991928974979822,0.9983277591973244,0.9979105725031342,0.8555119658713155,0.8412698412698413,0.9629629629629629,0.75,0.7428571428571429,0.8387096774193549
329,0.0001710601176163356,1.0,1.0,1.0,1.0,1.0,0.9147001400715598,0.8412698412698413,0.9629629629629629,0.75,0.7428571428571429,0.8387096774193549
330,0.00014062973226679546,1.0,1.0,1.0,1.0,1.0,0.8448079488044309,0.8412698412698413,0.9629629629629629,0.75,0.7428571428571429,0.8387096774193549
331,0.01211579658812228,0.9962481962481963,0.9945887445887446,0.9973544973544973,0.9960260115606936,0.9953068592057762,0.4468364618637318,0.8888888888888888,0.8518518518518519,0.9166666666666666,0.8846153846153846,0.8679245283018868
332,0.0017328693164070247,0.9995670995670995,0.9992784992784993,0.9997594997594997,0.9996391194514616,0.9994587768356485,0.5166694345008138,0.9047619047619048,0.9259259259259259,0.8888888888888888,0.8620689655172413,0.8928571428571429
333,0.0033125577060459173,0.998989898989899,0.9981962481962482,0.9995189995189995,0.9992777175875768,0.9987366901281357,0.581454328956112,0.8888888888888888,0.9259259259259259,0.8611111111111112,0.8333333333333334,0.8771929824561403
334,0.0005009048457656786,0.9997278911564625,0.9991645781119465,1.0,1.0,0.9995821145006268,0.8240895385610029,0.8571428571428571,0.9259259259259259,0.8055555555555556,0.78125,0.847457627118644
335,0.00012980602834209188,1.0,1.0,1.0,1.0,1.0,0.8890000940836404,0.8253968253968254,0.9259259259259259,0.75,0.7352941176470589,0.819672131147541
336,5.535632720084261e-05,1.0,1.0,1.0,1.0,1.0,0.7857071891835187,0.8571428571428571,0.9259259259259259,0.8055555555555556,0.78125,0.847457627118644
337,4.5494510524470255e-05,1.0,1.0,1.0,1.0,1.0,0.8926646302538829,0.8412698412698413,0.9259259259259259,0.7777777777777778,0.7575757575757576,0.8333333333333334
338,0.017472612969188003,0.9939393939393939,0.9920634920634921,0.9951899951899952,0.9927797833935018,0.9924215084806929,0.45093334906010163,0.9047619047619048,0.8518518518518519,0.9444444444444444,0.92,0.8846153846153846
339,0.006313036739375408,0.9978354978354979,0.9974747474747475,0.9980759980759981,0.997115037865128,0.9972948602344455,0.4454930541327312,0.8571428571428571,0.8888888888888888,0.8333333333333334,0.8,0.8421052631578947
340,0.0009774282002129803,0.9997278911564625,0.9991645781119465,1.0,1.0,0.9995821145006268,0.723168272392026,0.8412698412698413,0.9259259259259259,0.7777777777777778,0.7575757575757576,0.8333333333333334
341,0.0038995476914154598,0.998989898989899,0.9992784992784993,0.9987974987974988,0.9981981981981982,0.9987380566071751,0.5183355435465706,0.8888888888888888,0.8518518518518519,0.9166666666666666,0.8846153846153846,0.8679245283018868
342,0.0005248091791006681,1.0,1.0,1.0,1.0,1.0,0.5739502919179994,0.8888888888888888,0.9259259259259259,0.8611111111111112,0.8333333333333334,0.8771929824561403
343,0.0007830235055084151,0.9998556998556999,0.9996392496392497,1.0,1.0,0.9998195922785496,0.41333016789461013,0.9047619047619048,0.9259259259259259,0.8888888888888888,0.8620689655172413,0.8928571428571429
344,0.0068677261038891865,0.997979797979798,0.9978354978354979,0.9980759980759981,0.9971160778658976,0.997475658131987,0.4831453581102237,0.9206349206349206,0.9259259259259259,0.9166666666666666,0.8928571428571429,0.9090909090909091
345,0.0008414058917531627,0.9997278911564625,0.9991645781119465,1.0,1.0,0.9995821145006268,0.5468982485047217,0.8888888888888888,0.8888888888888888,0.8888888888888888,0.8571428571428571,0.8727272727272727
346,8.59775449561355e-05,1.0,1.0,1.0,1.0,1.0,0.6111393012097179,0.8888888888888888,0.9259259259259259,0.8611111111111112,0.8333333333333334,0.8771929824561403
347,0.0003071251328702867,0.9997278911564625,0.9991645781119465,1.0,1.0,0.9995821145006268,0.7159758867526849,0.8888888888888888,0.9629629629629629,0.8333333333333334,0.8125,0.8813559322033898
348,5.659205599129279e-05,1.0,1.0,1.0,1.0,1.0,0.7023975679947485,0.8888888888888888,0.9629629629629629,0.8333333333333334,0.8125,0.8813559322033898
349,4.7104009819141e-05,1.0,1.0,1.0,1.0,1.0,0.7003570779756595,0.8888888888888888,0.9629629629629629,0.8333333333333334,0.8125,0.8813559322033898
350,0.021136544653283955,0.9935064935064936,0.9927849927849928,0.993987493987494,0.9909974792942023,0.9918904307082357,0.5073102559628231,0.873015873015873,0.8518518518518519,0.8888888888888888,0.8518518518518519,0.8518518518518519
351,0.001560207400753101,0.9997278911564625,0.9991645781119465,1.0,1.0,0.9995821145006268,0.6857190095516483,0.8253968253968254,0.8888888888888888,0.7777777777777778,0.75,0.8135593220338984
352,0.00044421002635558856,1.0,1.0,1.0,1.0,1.0,0.6629551138723313,0.8412698412698413,0.8888888888888888,0.8055555555555556,0.7741935483870968,0.8275862068965517
353,0.00011880089119524175,1.0,1.0,1.0,1.0,1.0,0.7983173337000024,0.8412698412698413,0.8888888888888888,0.8055555555555556,0.7741935483870968,0.8275862068965517
354,0.0001381214359366049,1.0,1.0,1.0,1.0,1.0,0.7644130176179007,0.8253968253968254,0.8888888888888888,0.7777777777777778,0.75,0.8135593220338984
355,0.013918207940063607,0.9956709956709957,0.9942279942279942,0.9966329966329966,0.9949458483754513,0.9945867917719234,0.6689541311103052,0.8888888888888888,0.8888888888888888,0.8888888888888888,0.8571428571428571,0.8727272727272727
356,0.0003431688106264824,1.0,1.0,1.0,1.0,1.0,0.6066565604768195,0.8888888888888888,0.8888888888888888,0.8888888888888888,0.8571428571428571,0.8727272727272727
357,0.0009854494707092056,0.9997278911564625,0.9991645781119465,1.0,1.0,0.9995821145006268,0.8545172580504894,0.8253968253968254,0.9259259259259259,0.75,0.7352941176470589,0.819672131147541
358,0.00013218083064091434,1.0,1.0,1.0,1.0,1.0,0.8614297031132977,0.873015873015873,0.9259259259259259,0.8333333333333334,0.8064516129032258,0.8620689655172413
359,0.010491813770859467,0.9971139971139971,0.9963924963924964,0.9975949975949976,0.9963924963924964,0.9963924963924964,0.498834475912782,0.9047619047619048,0.8888888888888888,0.9166666666666666,0.8888888888888888,0.8888888888888888
360,0.00048066308771940757,1.0,1.0,1.0,1.0,1.0,0.5701389568211097,0.9206349206349206,0.8888888888888888,0.9444444444444444,0.9230769230769231,0.9056603773584906
361,0.00020837766259164647,1.0,1.0,1.0,1.0,1.0,0.5737631467146991,0.9206349206349206,0.8888888888888888,0.9444444444444444,0.9230769230769231,0.9056603773584906
362,0.010905000716960296,0.9959595959595959,0.9938672438672439,0.9973544973544973,0.9960231381055676,0.9949440231130372,0.7968683262426768,0.8571428571428571,0.8518518518518519,0.8611111111111112,0.8214285714285714,0.8363636363636363
363,0.0035176110154067027,0.9992784992784993,0.9992784992784993,0.9992784992784993,0.998918139199423,0.9990982867448152,0.7432854149877722,0.873015873015873,0.8888888888888888,0.8611111111111112,0.8275862068965517,0.8571428571428571
364,0.0013768205651270976,0.9994557823129252,0.9991645781119465,0.9995964487489911,0.9991645781119465,0.9991645781119465,0.6297234745242537,0.873015873015873,0.8888888888888888,0.8611111111111112,0.8275862068965517,0.8571428571428571
365,0.00013442535073334845,1.0,1.0,1.0,1.0,1.0,0.6974828591683901,0.8571428571428571,0.8888888888888888,0.8333333333333334,0.8,0.8421052631578947
366,0.00864963058713964,0.9974025974025974,0.9971139971139971,0.9975949975949976,0.996395097332372,0.996754417598269,0.8185569820223406,0.8571428571428571,0.8518518518518519,0.8611111111111112,0.8214285714285714,0.8363636363636363
367,0.005632439469881651,0.9984126984126984,0.9985569985569985,0.9983164983164983,0.9974774774774775,0.9980169460969893,0.6649365772535685,0.9047619047619048,0.8518518518518519,0.9444444444444444,0.92,0.8846153846153846
368,0.001012818089444396,1.0,1.0,1.0,1.0,1.0,0.8168355293552546,0.8412698412698413,0.8888888888888888,0.8055555555555556,0.7741935483870968,0.8275862068965517
369,0.005203539774932102,0.9981240981240981,0.9974747474747475,0.9985569985569985,0.9978347167087694,0.9976546996211438,0.7504906137498134,0.873015873015873,0.8518518518518519,0.8888888888888888,0.8518518518518519,0.8518518518518519
370,0.004580792871188659,0.998989898989899,0.9989177489177489,0.9990379990379991,0.9985575189325641,0.9987376014427413,0.8495465296626439,0.873015873015873,0.8518518518518519,0.8888888888888888,0.8518518518518519,0.8518518518518519
371,0.0047433554182972,0.9981240981240981,0.9971139971139971,0.9987974987974988,0.9981942939689419,0.9976538530951092,0.7322376556352653,0.8571428571428571,0.8518518518518519,0.8611111111111112,0.8214285714285714,0.8363636363636363
372,0.0008318596514659383,0.9997278911564625,0.9991645781119465,1.0,1.0,0.9995821145006268,0.6867894481415749,0.8571428571428571,0.8888888888888888,0.8333333333333334,0.8,0.8421052631578947
373,9.721278550430379e-05,1.0,1.0,1.0,1.0,1.0,0.702154028395492,0.8571428571428571,0.8888888888888888,0.8333333333333334,0.8,0.8421052631578947
374,0.0070168140488381485,0.9972582972582973,0.9963924963924964,0.9978354978354979,0.9967520750631541,0.9965722532924409,0.769842172154255,0.8888888888888888,0.8518518518518519,0.9166666666666666,0.8846153846153846,0.8679245283018868
375,0.00771223587804923,0.9976911976911977,0.9974747474747475,0.9978354978354979,0.9967555875991349,0.997115037865128,0.8514463506409868,0.8571428571428571,0.8518518518518519,0.8611111111111112,0.8214285714285714,0.8363636363636363
376,0.0051912607509708945,0.9981240981240981,0.9978354978354979,0.9983164983164983,0.997475658131987,0.9976555455365194,0.7353346506909778,0.873015873015873,0.8518518518518519,0.8888888888888888,0.8518518518518519,0.8518518518518519
377,0.001704381592389049,0.9994227994227994,0.9992784992784993,0.9995189995189995,0.9992784992784993,0.9992784992784993,0.8851783412752584,0.8412698412698413,0.8518518518518519,0.8333333333333334,0.7931034482758621,0.8214285714285714
378,0.000297482354148904,1.0,1.0,1.0,1.0,1.0,0.9162214450863382,0.8412698412698413,0.8518518518518519,0.8333333333333334,0.7931034482758621,0.8214285714285714
379,0.006275506387928767,0.9981240981240981,0.9974747474747475,0.9985569985569985,0.9978347167087694,0.9976546996211438,0.9043765596247145,0.8253968253968254,0.8518518518518519,0.8055555555555556,0.7666666666666667,0.8070175438596491
380,0.0008112557235060139,0.9997278911564625,1.0,0.9995964487489911,0.9991652754590985,0.9995824634655532,0.8273681428436825,0.8412698412698413,0.8518518518518519,0.8333333333333334,0.7931034482758621,0.8214285714285714
381,0.0033232160110302222,0.9994227994227994,0.9992784992784993,0.9995189995189995,0.9992784992784993,0.9992784992784993,0.8751384436516905,0.8253968253968254,0.8518518518518519,0.8055555555555556,0.7666666666666667,0.8070175438596491
382,0.006246108107209773,0.9981240981240981,0.9974747474747475,0.9985569985569985,0.9978347167087694,0.9976546996211438,0.7682430420795249,0.8888888888888888,0.8518518518518519,0.9166666666666666,0.8846153846153846,0.8679245283018868
383,0.0015621321370275977,0.9997113997113997,0.9996392496392497,0.9997594997594997,0.9996392496392497,0.9996392496392497,0.7524663841731603,0.873015873015873,0.8518518518518519,0.8888888888888888,0.8518518518518519,0.8518518518518519
384,0.00608839097562384,0.9975468975468975,0.9971139971139971,0.9978354978354979,0.996754417598269,0.9969341749323715,0.5333933005236932,0.8888888888888888,0.8518518518518519,0.9166666666666666,0.8846153846153846,0.8679245283018868
385,0.002614816805385244,0.9991836734693877,0.9983291562238931,0.9995964487489911,0.9991638795986622,0.9987463435018805,0.5080372002687201,0.8888888888888888,0.9259259259259259,0.8611111111111112,0.8333333333333334,0.8771929824561403
386,0.00419200065663308,0.9991341991341991,0.9989177489177489,0.9992784992784993,0.9989177489177489,0.9989177489177489,0.715786298441272,0.873015873015873,0.8888888888888888,0.8611111111111112,0.8275862068965517,0.8571428571428571
387,0.0007163348213092287,0.9997278911564625,0.9991645781119465,1.0,1.0,0.9995821145006268,0.8267554949751006,0.8412698412698413,0.9259259259259259,0.7777777777777778,0.7575757575757576,0.8333333333333334
388,7.750833296420157e-05,1.0,1.0,1.0,1.0,1.0,0.7979942366798659,0.8412698412698413,0.9259259259259259,0.7777777777777778,0.7575757575757576,0.8333333333333334
389,4.714784420697111e-05,1.0,1.0,1.0,1.0,1.0,0.814847950595394,0.8412698412698413,0.9259259259259259,0.7777777777777778,0.7575757575757576,0.8333333333333334
390,3.723366929766691e-05,1.0,1.0,1.0,1.0,1.0,0.8461829488089915,0.8412698412698413,0.9259259259259259,0.7777777777777778,0.7575757575757576,0.8333333333333334
391,3.7031782265169686e-05,1.0,1.0,1.0,1.0,1.0,0.8253745621251356,0.8412698412698413,0.9259259259259259,0.7777777777777778,0.7575757575757576,0.8333333333333334
392,3.0153596145486963e-05,1.0,1.0,1.0,1.0,1.0,0.8588830632677797,0.8412698412698413,0.9259259259259259,0.7777777777777778,0.7575757575757576,0.8333333333333334
393,0.012060677002058711,0.9962481962481963,0.9956709956709957,0.9966329966329966,0.9949531362653208,0.995311936530833,0.6899186839896535,0.9047619047619048,0.8518518518518519,0.9444444444444444,0.92,0.8846153846153846
394,0.008656078326836878,0.9975468975468975,0.9963924963924964,0.9983164983164983,0.9974720115565185,0.9969319617397582,0.728549945002698,0.873015873015873,0.8518518518518519,0.8888888888888888,0.8518518518518519,0.8518518518518519
395,0.0003576710324027246,1.0,1.0,1.0,1.0,1.0,0.7324317729147706,0.8571428571428571,0.8518518518518519,0.8611111111111112,0.8214285714285714,0.8363636363636363
396,0.0003779557179668514,1.0,1.0,1.0,1.0,1.0,0.7691102197922957,0.873015873015873,0.8888888888888888,0.8611111111111112,0.8275862068965517,0.8571428571428571
397,0.000125546584885942,1.0,1.0,1.0,1.0,1.0,0.7545370726446212,0.8571428571428571,0.8518518518518519,0.8611111111111112,0.8214285714285714,0.8363636363636363
398,0.009639623121426154,0.9972582972582973,0.9971139971139971,0.9973544973544973,0.9960360360360361,0.996574725076618,0.5538124067737492,0.873015873015873,0.8518518518518519,0.8888888888888888,0.8518518518518519,0.8518518518518519
399,0.0025653395366108398,0.9992784992784993,0.9996392496392497,0.9990379990379991,0.9985585585585586,0.9990986118622679,0.6993623421608751,0.8888888888888888,0.8518518518518519,0.9166666666666666,0.8846153846153846,0.8679245283018868
400,0.003180529920526111,0.9987012987012988,0.9981962481962482,0.9990379990379991,0.9985564778058462,0.9983763305069457,0.90534178016796,0.8571428571428571,0.8888888888888888,0.8333333333333334,0.8,0.8421052631578947
401,0.004673555951980559,0.9981240981240981,0.9989177489177489,0.9975949975949976,0.9964015833033465,0.9976580796252927,0.5621693975667262,0.9047619047619048,0.8518518518518519,0.9444444444444444,0.92,0.8846153846153846
402,0.00205334431547879,0.9992784992784993,0.9989177489177489,0.9995189995189995,0.9992782389029231,0.9990979613927476,0.5566739264380424,0.9047619047619048,0.8888888888888888,0.9166666666666666,0.8888888888888888,0.8888888888888888
403,0.0011679793301360224,0.9997113997113997,0.9996392496392497,0.9997594997594997,0.9996392496392497,0.9996392496392497,0.4295586048554267,0.8888888888888888,0.8888888888888888,0.8888888888888888,0.8571428571428571,0.8727272727272727
404,0.004264350107992241,0.998989898989899,0.9989177489177489,0.9990379990379991,0.9985575189325641,0.9987376014427413,1.0141346491281948,0.8412698412698413,0.8148148148148148,0.8611111111111112,0.8148148148148148,0.8148148148148148
405,0.008893614942138165,0.9975468975468975,0.9974747474747475,0.9975949975949976,0.9963963963963964,0.9969352803317109,0.6223680832550772,0.9047619047619048,0.8888888888888888,0.9166666666666666,0.8888888888888888,0.8888888888888888
406,0.0017693391858303077,0.9994227994227994,0.9992784992784993,0.9995189995189995,0.9992784992784993,0.9992784992784993,0.8269063511137834,0.8888888888888888,0.8518518518518519,0.9166666666666666,0.8846153846153846,0.8679245283018868
407,0.003078548911638749,0.9991341991341991,0.9985569985569985,0.9995189995189995,0.9992779783393502,0.9989173583543847,0.8204899344866771,0.8888888888888888,0.8518518518518519,0.9166666666666666,0.8846153846153846,0.8679245283018868
408,0.001137711407714762,0.9994557823129252,0.9991645781119465,0.9995964487489911,0.9991645781119465,0.9991645781119465,1.0738329402822908,0.8571428571428571,0.8888888888888888,0.8333333333333334,0.8,0.8421052631578947
409,9.630206279709245e-05,1.0,1.0,1.0,1.0,1.0,1.0694687078863527,0.8571428571428571,0.8888888888888888,0.8333333333333334,0.8,0.8421052631578947
410,0.0006603342725365339,0.9997278911564625,1.0,0.9995964487489911,0.9991652754590985,0.9995824634655532,0.94797074307719,0.8412698412698413,0.8888888888888888,0.8055555555555556,0.7741935483870968,0.8275862068965517
411,0.0111069796570739,0.9971139971139971,0.9956709956709957,0.9980759980759981,0.9971098265895953,0.9963898916967509,0.719618273405118,0.9047619047619048,0.8518518518518519,0.9444444444444444,0.92,0.8846153846153846
412,0.001546888582719499,0.9995670995670995,0.9996392496392497,0.9995189995189995,0.999278759466282,0.999458972046889,0.7691398619550339,0.873015873015873,0.8518518518518519,0.8888888888888888,0.8518518518518519,0.8518518518518519
413,0.00030527113612247687,1.0,1.0,1.0,1.0,1.0,0.8090948600819545,0.873015873015873,0.8518518518518519,0.8888888888888888,0.8518518518518519,0.8518518518518519
414,0.0033335134984710493,0.9991341991341991,0.9992784992784993,0.9990379990379991,0.9985580389329488,0.998918139199423,0.7494849031860386,0.8888888888888888,0.8518518518518519,0.9166666666666666,0.8846153846153846,0.8679245283018868
415,0.010038525557152112,0.9966810966810967,0.9953102453102453,0.9975949975949976,0.9963885879378838,0.9958491247067316,0.6301962040560616,0.9047619047619048,0.8518518518518519,0.9444444444444444,0.92,0.8846153846153846
416,0.0013641147956429888,0.9997278911564625,0.9991645781119465,1.0,1.0,0.9995821145006268,0.7871572316332262,0.873015873015873,0.9259259259259259,0.8333333333333334,0.8064516129032258,0.8620689655172413
417,0.00013296407422519664,1.0,1.0,1.0,1.0,1.0,0.8606465069294374,0.873015873015873,0.9259259259259259,0.8333333333333334,0.8064516129032258,0.8620689655172413
418,7.998296728165231e-05,1.0,1.0,1.0,1.0,1.0,0.8065202452209113,0.873015873015873,0.9259259259259259,0.8333333333333334,0.8064516129032258,0.8620689655172413
419,0.00010546163342010902,1.0,1.0,1.0,1.0,1.0,0.7858709128488536,0.8888888888888888,0.9259259259259259,0.8611111111111112,0.8333333333333334,0.8771929824561403
420,5.352391197534633e-05,1.0,1.0,1.0,1.0,1.0,0.7919892378083045,0.8571428571428571,0.9259259259259259,0.8055555555555556,0.78125,0.847457627118644
421,4.2041510945958855e-05,1.0,1.0,1.0,1.0,1.0,0.8125598488065103,0.873015873015873,0.9259259259259259,0.8333333333333334,0.8064516129032258,0.8620689655172413
422,3.294944971365075e-05,1.0,1.0,1.0,1.0,1.0,0.831988853681463,0.8571428571428571,0.8888888888888888,0.8333333333333334,0.8,0.8421052631578947
423,0.0148858759610952,0.9952380952380953,0.9935064935064936,0.9963924963924964,0.9945828819068255,0.9940443963183541,0.6477774030663856,0.873015873015873,0.8518518518518519,0.8888888888888888,0.8518518518518519,0.8518518518518519
424,0.0015245476439328931,0.9994557823129252,0.9991645781119465,0.9995964487489911,0.9991645781119465,0.9991645781119465,0.5395276005812255,0.9047619047619048,0.8518518518518519,0.9444444444444444,0.92,0.8846153846153846
425,0.007189068822515851,0.9976911976911977,0.9971139971139971,0.9980759980759981,0.9971139971139971,0.9971139971139971,0.5380895949959282,0.8888888888888888,0.8518518518518519,0.9166666666666666,0.8846153846153846,0.8679245283018868
426,0.0012052488207144204,0.9997113997113997,0.9996392496392497,0.9997594997594997,0.9996392496392497,0.9996392496392497,0.6298075241446939,0.873015873015873,0.8518518518518519,0.8888888888888888,0.8518518518518519,0.8518518518518519
427,0.0011281342849735888,0.9994557823129252,0.9991645781119465,0.9995964487489911,0.9991645781119465,0.9991645781119465,0.7043340577585031,0.873015873015873,0.9259259259259259,0.8333333333333334,0.8064516129032258,0.8620689655172413
428,0.001967434347254039,0.9991836734693877,0.9991645781119465,0.9991928974979822,0.998330550918197,0.9987473903966597,0.7909871603054824,0.8571428571428571,0.9259259259259259,0.8055555555555556,0.78125,0.847457627118644
429,0.003935766780123651,0.9987012987012988,0.9978354978354979,0.9992784992784993,0.9989165763813651,0.9983757444504602,0.705129812291864,0.8888888888888888,0.8518518518518519,0.9166666666666666,0.8846153846153846,0.8679245283018868
430,0.0018042592200047502,0.9997278911564625,0.9991645781119465,1.0,1.0,0.9995821145006268,0.999496399158647,0.8571428571428571,0.9259259259259259,0.8055555555555556,0.78125,0.847457627118644
431,0.007999496838261072,0.9974025974025974,0.9971139971139971,0.9975949975949976,0.996395097332372,0.996754417598269,0.5793607330604804,0.9047619047619048,0.8888888888888888,0.9166666666666666,0.8888888888888888,0.8888888888888888
432,0.0022518872226194118,0.9994227994227994,0.9992784992784993,0.9995189995189995,0.9992784992784993,0.9992784992784993,0.8196983795131683,0.8888888888888888,0.8518518518518519,0.9166666666666666,0.8846153846153846,0.8679245283018868
433,0.002380667017984521,0.998989898989899,0.9981962481962482,0.9995189995189995,0.9992777175875768,0.9987366901281357,0.69155107582686,0.873015873015873,0.8148148148148148,0.9166666666666666,0.88,0.8461538461538461
434,0.00023999778600555642,1.0,1.0,1.0,1.0,1.0,0.6580515280400592,0.9047619047619048,0.8888888888888888,0.9166666666666666,0.8888888888888888,0.8888888888888888
435,0.003851384825989575,0.9987012987012988,0.9981962481962482,0.9990379990379991,0.9985564778058462,0.9983763305069457,0.6492275368431047,0.8888888888888888,0.8518518518518519,0.9166666666666666,0.8846153846153846,0.8679245283018868
436,0.0030862909428935885,0.9987012987012988,0.9989177489177489,0.9985569985569985,0.9978378378378379,0.9983775013520823,0.849352635961074,0.873015873015873,0.8518518518518519,0.8888888888888888,0.8518518518518519,0.8518518518518519
437,0.0008855140432312516,0.9994557823129252,0.9991645781119465,0.9995964487489911,0.9991645781119465,0.9991645781119465,0.9459582654055252,0.8253968253968254,0.8148148148148148,0.8333333333333334,0.7857142857142857,0.8
438,0.00010537258550017077,1.0,1.0,1.0,1.0,1.0,0.8547285951998285,0.8571428571428571,0.8518518518518519,0.8611111111111112,0.8214285714285714,0.8363636363636363
439,0.004254966562650571,0.9989115646258503,0.9983291562238931,0.9991928974979822,0.9983291562238931,0.9983291562238931,0.6735472303190608,0.8253968253968254,0.9259259259259259,0.75,0.7352941176470589,0.819672131147541
440,0.0019022464811810622,0.9994557823129252,0.9991645781119465,0.9995964487489911,0.9991645781119465,0.9991645781119465,0.6925162091622099,0.8412698412698413,0.9259259259259259,0.7777777777777778,0.7575757575757576,0.8333333333333334
441,0.009904428635997645,0.996969696969697,0.9953102453102453,0.9980759980759981,0.9971087820744489,0.9962087019317566,0.5560034689990553,0.873015873015873,0.8518518518518519,0.8888888888888888,0.8518518518518519,0.8518518518518519
442,0.0006624859027222629,1.0,1.0,1.0,1.0,1.0,0.707321436969482,0.8888888888888888,0.8518518518518519,0.9166666666666666,0.8846153846153846,0.8679245283018868
443,0.00012427624634676781,1.0,1.0,1.0,1.0,1.0,0.7109046396780907,0.8888888888888888,0.8518518518518519,0.9166666666666666,0.8846153846153846,0.8679245283018868
444,9.689620516361348e-05,1.0,1.0,1.0,1.0,1.0,0.6782075542030812,0.8888888888888888,0.8518518518518519,0.9166666666666666,0.8846153846153846,0.8679245283018868
445,0.006065140482531292,0.9976911976911977,0.9971139971139971,0.9980759980759981,0.9971139971139971,0.9971139971139971,0.7048615272995824,0.873015873015873,0.8148148148148148,0.9166666666666666,0.88,0.8461538461538461
446,0.0020396981935135996,0.9997278911564625,0.9991645781119465,1.0,1.0,0.9995821145006268,0.8520621947180997,0.873015873015873,0.8888888888888888,0.8611111111111112,0.8275862068965517,0.8571428571428571
447,0.00013715419275787117,1.0,1.0,1.0,1.0,1.0,0.8043924775512774,0.8571428571428571,0.8518518518518519,0.8611111111111112,0.8214285714285714,0.8363636363636363
448,6.695234467893946e-05,1.0,1.0,1.0,1.0,1.0,0.8974189286777151,0.873015873015873,0.8888888888888888,0.8611111111111112,0.8275862068965517,0.8571428571428571
449,5.303622691053224e-05,1.0,1.0,1.0,1.0,1.0,0.8670732081324483,0.8571428571428571,0.8888888888888888,0.8333333333333334,0.8,0.8421052631578947
450,4.21453382028742e-05,1.0,1.0,1.0,1.0,1.0,0.9426844914306125,0.8571428571428571,0.8888888888888888,0.8333333333333334,0.8,0.8421052631578947
451,3.934162770623466e-05,1.0,1.0,1.0,1.0,1.0,0.8996631337451242,0.8571428571428571,0.8888888888888888,0.8333333333333334,0.8,0.8421052631578947
452,3.87534741786935e-05,1.0,1.0,1.0,1.0,1.0,0.9129620505333323,0.8571428571428571,0.8888888888888888,0.8333333333333334,0.8,0.8421052631578947
453,2.8339949666507495e-05,1.0,1.0,1.0,1.0,1.0,0.9178387450619272,0.873015873015873,0.8888888888888888,0.8611111111111112,0.8275862068965517,0.8571428571428571
454,0.013508855853487035,0.9959595959595959,0.9949494949494949,0.9966329966329966,0.9949494949494949,0.9949494949494949,0.746263488846284,0.873015873015873,0.8888888888888888,0.8611111111111112,0.8275862068965517,0.8571428571428571
455,0.000996406547841814,0.9994557823129252,0.9983291562238931,1.0,1.0,0.9991638795986622,1.2030545890031914,0.746031746031746,0.8888888888888888,0.6388888888888888,0.6486486486486487,0.75
456,0.00012789120030821838,1.0,1.0,1.0,1.0,1.0,1.230056166752345,0.746031746031746,0.8888888888888888,0.6388888888888888,0.6486486486486487,0.75
457,9.056662201660061e-05,1.0,1.0,1.0,1.0,1.0,1.2667683777454797,0.746031746031746,0.8888888888888888,0.6388888888888888,0.6486486486486487,0.75
458,0.008971656099106341,0.9974025974025974,0.9967532467532467,0.9978354978354979,0.9967532467532467,0.9967532467532467,0.6891193207878147,0.8412698412698413,0.8888888888888888,0.8055555555555556,0.7741935483870968,0.8275862068965517
459,0.002706257875912975,0.998989898989899,0.9985569985569985,0.9992784992784993,0.9989173583543847,0.9987371459498466,0.6759624507071244,0.8412698412698413,0.8518518518518519,0.8333333333333334,0.7931034482758621,0.8214285714285714
460,0.004763290727727374,0.9984126984126984,0.9981962481962482,0.9985569985569985,0.997836278398846,0.9980162308385934,0.5344695307005803,0.9047619047619048,0.8888888888888888,0.9166666666666666,0.8888888888888888,0.8888888888888888
461,0.00237695991126864,0.9994557823129252,0.9983291562238931,1.0,1.0,0.9991638795986622,0.6718133882562157,0.8571428571428571,0.9259259259259259,0.8055555555555556,0.78125,0.847457627118644
462,0.0044041594335557255,0.9982683982683983,0.9978354978354979,0.9985569985569985,0.9978354978354979,0.9978354978354979,0.5555851148757418,0.873015873015873,0.9259259259259259,0.8333333333333334,0.8064516129032258,0.8620689655172413
463,0.0006627159097927249,0.9997278911564625,0.9991645781119465,1.0,1.0,0.9995821145006268,0.667038055321124,0.8412698412698413,0.8888888888888888,0.8055555555555556,0.7741935483870968,0.8275862068965517
464,0.0020774026730732906,0.9991341991341991,0.9989177489177489,0.9992784992784993,0.9989177489177489,0.9989177489177489,0.7742978833103691,0.873015873015873,0.8518518518518519,0.8888888888888888,0.8518518518518519,0.8518518518518519
465,0.006462162603292584,0.9981240981240981,0.9978354978354979,0.9983164983164983,0.997475658131987,0.9976555455365194,0.8125269530093415,0.8888888888888888,0.8888888888888888,0.8888888888888888,0.8571428571428571,0.8727272727272727
466,0.0013579610891404435,0.9997278911564625,1.0,0.9995964487489911,0.9991652754590985,0.9995824634655532,0.7273974774861782,0.8571428571428571,0.8888888888888888,0.8333333333333334,0.8,0.8421052631578947
467,8.791896536150198e-05,1.0,1.0,1.0,1.0,1.0,0.7567966422126148,0.8571428571428571,0.8888888888888888,0.8333333333333334,0.8,0.8421052631578947
468,0.005109521705133081,0.9988455988455989,0.9978354978354979,0.9995189995189995,0.9992774566473989,0.9985559566787003,0.6105883504302861,0.8888888888888888,0.8888888888888888,0.8888888888888888,0.8571428571428571,0.8727272727272727
469,0.0008266905616966098,0.9997278911564625,0.9991645781119465,1.0,1.0,0.9995821145006268,0.8389949418229258,0.873015873015873,0.9629629629629629,0.8055555555555556,0.7878787878787878,0.8666666666666667
470,9.791482947362891e-05,1.0,1.0,1.0,1.0,1.0,0.827394457715046,0.8571428571428571,0.9259259259259259,0.8055555555555556,0.78125,0.847457627118644
471,6.342161294107465e-05,1.0,1.0,1.0,1.0,1.0,0.8393823776896747,0.8571428571428571,0.9259259259259259,0.8055555555555556,0.78125,0.847457627118644
472,0.009950786135210145,0.9968253968253968,0.9967532467532467,0.9968734968734969,0.9953170028818443,0.9960346070656092,0.7012152770840903,0.873015873015873,0.8888888888888888,0.8611111111111112,0.8275862068965517,0.8571428571428571
473,0.0012238073286856405,0.9997278911564625,1.0,0.9995964487489911,0.9991652754590985,0.9995824634655532,0.6724983167119457,0.873015873015873,0.8888888888888888,0.8611111111111112,0.8275862068965517,0.8571428571428571
474,0.004989324438866482,0.998989898989899,0.9981962481962482,0.9995189995189995,0.9992777175875768,0.9987366901281357,0.6620635583073765,0.8888888888888888,0.9259259259259259,0.8611111111111112,0.8333333333333334,0.8771929824561403
475,0.0010400586040843188,0.9997278911564625,1.0,0.9995964487489911,0.9991652754590985,0.9995824634655532,0.6635407686126344,0.8571428571428571,0.8148148148148148,0.8888888888888888,0.8461538461538461,0.8301886792452831
476,0.0025557637581088578,0.9991341991341991,0.9989177489177489,0.9992784992784993,0.9989177489177489,0.9989177489177489,0.9134869483659425,0.8571428571428571,0.8518518518518519,0.8611111111111112,0.8214285714285714,0.8363636363636363
477,0.00013112153301112904,1.0,1.0,1.0,1.0,1.0,0.9791056728886721,0.873015873015873,0.8888888888888888,0.8611111111111112,0.8275862068965517,0.8571428571428571
478,0.006036717749345304,0.9976911976911977,0.9974747474747475,0.9978354978354979,0.9967555875991349,0.997115037865128,1.038811872832455,0.8412698412698413,0.8888888888888888,0.8055555555555556,0.7741935483870968,0.8275862068965517
479,0.003033968364543713,0.998989898989899,0.9989177489177489,0.9990379990379991,0.9985575189325641,0.9987376014427413,0.8909651864826355,0.8412698412698413,0.8518518518518519,0.8333333333333334,0.7931034482758621,0.8214285714285714
480,0.0002419669411355411,1.0,1.0,1.0,1.0,1.0,1.0102090213132748,0.8571428571428571,0.8888888888888888,0.8333333333333334,0.8,0.8421052631578947
481,0.0004373075495893631,0.9998556998556999,0.9996392496392497,1.0,1.0,0.9998195922785496,1.267261281673171,0.8095238095238095,0.8518518518518519,0.7777777777777778,0.7419354838709677,0.7931034482758621
482,0.007982674624202105,0.9978354978354979,0.9971139971139971,0.9983164983164983,0.997473836160231,0.9972938841782428,0.9333785195559603,0.8412698412698413,0.7777777777777778,0.8888888888888888,0.84,0.8076923076923077
483,0.0007433655115274825,0.9998556998556999,1.0,0.9997594997594997,0.999639379733141,0.999819657348963,1.1291153594068,0.8412698412698413,0.7777777777777778,0.8888888888888888,0.84,0.8076923076923077
484,0.0017582685544652876,0.9994557823129252,0.9991645781119465,0.9995964487489911,0.9991645781119465,0.9991645781119465,0.8491784048688021,0.8571428571428571,0.8148148148148148,0.8888888888888888,0.8461538461538461,0.8301886792452831
485,0.0039085563532250895,0.998989898989899,0.9989177489177489,0.9990379990379991,0.9985575189325641,0.9987376014427413,0.7332827053771961,0.8412698412698413,0.8148148148148148,0.8611111111111112,0.8148148148148148,0.8148148148148148
486,0.0005250976532761033,1.0,1.0,1.0,1.0,1.0,0.7779122260597808,0.8412698412698413,0.8148148148148148,0.8611111111111112,0.8148148148148148,0.8148148148148148
487,0.0060396931053388605,0.9984126984126984,0.9978354978354979,0.9987974987974988,0.9981955972573078,0.9980155150640447,0.962633130766566,0.8412698412698413,0.7777777777777778,0.8888888888888888,0.84,0.8076923076923077
488,0.002550236095482191,0.9994557823129252,0.9991645781119465,0.9995964487489911,0.9991645781119465,0.9991645781119465,0.7286930867583521,0.8571428571428571,0.8518518518518519,0.8611111111111112,0.8214285714285714,0.8363636363636363
489,0.00014467842662171422,1.0,1.0,1.0,1.0,1.0,0.774665387838872,0.8253968253968254,0.7777777777777778,0.8611111111111112,0.8076923076923077,0.7924528301886793
490,0.004184407992355088,0.9988455988455989,0.9981962481962482,0.9992784992784993,0.9989169675090253,0.9985564778058462,0.9016383876885465,0.8571428571428571,0.8148148148148148,0.8888888888888888,0.8461538461538461,0.8301886792452831
491,0.00037966049888017223,1.0,1.0,1.0,1.0,1.0,0.8488211711607171,0.8412698412698413,0.8148148148148148,0.8611111111111112,0.8148148148148148,0.8148148148148148
492,0.0024965771390714265,0.9994227994227994,0.9992784992784993,0.9995189995189995,0.9992784992784993,0.9992784992784993,0.9790063040540739,0.7936507936507936,0.8148148148148148,0.7777777777777778,0.7333333333333333,0.7719298245614035
493,0.00025080602180690156,1.0,1.0,1.0,1.0,1.0,0.9904926045167645,0.8253968253968254,0.8148148148148148,0.8333333333333334,0.7857142857142857,0.8
494,0.005081279603679686,0.9982683982683983,0.9978354978354979,0.9985569985569985,0.9978354978354979,0.9978354978354979,0.9802288831237497,0.8253968253968254,0.8148148148148148,0.8333333333333334,0.7857142857142857,0.8
495,0.0034930551466765083,0.9987012987012988,0.9978354978354979,0.9992784992784993,0.9989165763813651,0.9983757444504602,0.8603731602798068,0.8412698412698413,0.8888888888888888,0.8055555555555556,0.7741935483870968,0.8275862068965517
496,0.001578624552478294,0.9994227994227994,0.9992784992784993,0.9995189995189995,0.9992784992784993,0.9992784992784993,1.134612601839878,0.7936507936507936,0.8518518518518519,0.75,0.71875,0.7796610169491526
497,0.002416970745773612,0.9991836734693877,0.9991645781119465,0.9991928974979822,0.998330550918197,0.9987473903966597,0.6505893671853719,0.8253968253968254,0.9259259259259259,0.75,0.7352941176470589,0.819672131147541
498,0.005378816461245261,0.9981240981240981,0.9978354978354979,0.9983164983164983,0.997475658131987,0.9976555455365194,0.8809337281522208,0.8095238095238095,0.8518518518518519,0.7777777777777778,0.7419354838709677,0.7931034482758621
499,0.0004898640409561997,1.0,1.0,1.0,1.0,1.0,1.0157965559730424,0.7936507936507936,0.8518518518518519,0.75,0.71875,0.7796610169491526
500,0.0014248914455609726,0.9995670995670995,0.9996392496392497,0.9995189995189995,0.999278759466282,0.999458972046889,1.0068387708655329,0.8412698412698413,0.8148148148148148,0.8611111111111112,0.8148148148148148,0.8148148148148148
501,0.0002247311386788365,1.0,1.0,1.0,1.0,1.0,1.0295697755080053,0.8571428571428571,0.8148148148148148,0.8888888888888888,0.8461538461538461,0.8301886792452831
502,0.0001349234871080203,1.0,1.0,1.0,1.0,1.0,1.0219619298662845,0.8571428571428571,0.8148148148148148,0.8888888888888888,0.8461538461538461,0.8301886792452831
503,0.0056119237606832365,0.9987012987012988,0.9981962481962482,0.9990379990379991,0.9985564778058462,0.9983763305069457,0.8331873583060408,0.8571428571428571,0.8148148148148148,0.8888888888888888,0.8461538461538461,0.8301886792452831
504,0.0016206981972558127,0.9994557823129252,0.9991645781119465,0.9995964487489911,0.9991645781119465,0.9991645781119465,0.9642122440254464,0.8253968253968254,0.8148148148148148,0.8333333333333334,0.7857142857142857,0.8
505,0.007184152281810316,0.9975468975468975,0.9963924963924964,0.9983164983164983,0.9974720115565185,0.9969319617397582,0.497354528803881,0.9047619047619048,0.8888888888888888,0.9166666666666666,0.8888888888888888,0.8888888888888888
506,0.00399566872109674,0.9987012987012988,0.9981962481962482,0.9990379990379991,0.9985564778058462,0.9983763305069457,0.6531264747655581,0.8571428571428571,0.8888888888888888,0.8333333333333334,0.8,0.8421052631578947
507,0.00441943769507972,0.9985569985569985,0.9981962481962482,0.9987974987974988,0.9981962481962482,0.9981962481962482,0.6283657659687811,0.8888888888888888,0.8148148148148148,0.9444444444444444,0.9166666666666666,0.8627450980392157
508,0.0005948081127434041,1.0,1.0,1.0,1.0,1.0,0.6644125632841938,0.8888888888888888,0.8518518518518519,0.9166666666666666,0.8846153846153846,0.8679245283018868
509,0.000976914448105475,0.9998556998556999,1.0,0.9997594997594997,0.999639379733141,0.999819657348963,0.7740417605008199,0.873015873015873,0.8148148148148148,0.9166666666666666,0.88,0.8461538461538461
510,0.0001882421349461567,1.0,1.0,1.0,1.0,1.0,0.8339713856236942,0.8571428571428571,0.8148148148148148,0.8888888888888888,0.8461538461538461,0.8301886792452831
511,0.00017840277634439356,1.0,1.0,1.0,1.0,1.0,0.8311539793480373,0.8571428571428571,0.8518518518518519,0.8611111111111112,0.8214285714285714,0.8363636363636363
512,0.001631934811844161,0.9992784992784993,0.9989177489177489,0.9995189995189995,0.9992782389029231,0.9990979613927476,0.9287423834376525,0.8412698412698413,0.8518518518518519,0.8333333333333334,0.7931034482758621,0.8214285714285714
513,0.005886809003125473,0.9976911976911977,0.9974747474747475,0.9978354978354979,0.9967555875991349,0.997115037865128,0.8682870364303069,0.873015873015873,0.8518518518518519,0.8888888888888888,0.8518518518518519,0.8518518518518519
514,0.0010912363563816202,0.9997113997113997,0.9996392496392497,0.9997594997594997,0.9996392496392497,0.9996392496392497,0.8530509547350765,0.8888888888888888,0.8518518518518519,0.9166666666666666,0.8846153846153846,0.8679245283018868
515,0.00105167319675788,0.9997278911564625,0.9991645781119465,1.0,1.0,0.9995821145006268,1.0135937888096254,0.7936507936507936,0.8888888888888888,0.7222222222222222,0.7058823529411765,0.7868852459016393
516,0.006145630099951433,0.9981240981240981,0.9971139971139971,0.9987974987974988,0.9981942939689419,0.9976538530951092,0.6617782842183101,0.8571428571428571,0.8888888888888888,0.8333333333333334,0.8,0.8421052631578947
517,0.00114162931548487,0.9995670995670995,0.9996392496392497,0.9995189995189995,0.999278759466282,0.999458972046889,0.7373701772866919,0.9047619047619048,0.8518518518518519,0.9444444444444444,0.92,0.8846153846153846
518,0.00206807087200132,0.9995670995670995,0.9996392496392497,0.9995189995189995,0.999278759466282,0.999458972046889,0.7181698338087973,0.873015873015873,0.8888888888888888,0.8611111111111112,0.8275862068965517,0.8571428571428571
519,0.0010522818714820189,0.9998556998556999,0.9996392496392497,1.0,1.0,0.9998195922785496,0.6915554167199944,0.873015873015873,0.8518518518518519,0.8888888888888888,0.8518518518518519,0.8518518518518519
520,0.004175971243123195,0.9984126984126984,0.9978354978354979,0.9987974987974988,0.9981955972573078,0.9980155150640447,0.7189142031836256,0.9047619047619048,0.8888888888888888,0.9166666666666666,0.8888888888888888,0.8888888888888888
521,0.004167259261944709,0.9988455988455989,0.9981962481962482,0.9992784992784993,0.9989169675090253,0.9985564778058462,0.6214248875640185,0.8888888888888888,0.8888888888888888,0.8888888888888888,0.8571428571428571,0.8727272727272727
522,0.0031400926995328337,0.9991341991341991,0.9989177489177489,0.9992784992784993,0.9989177489177489,0.9989177489177489,0.6902181482467328,0.873015873015873,0.8888888888888888,0.8611111111111112,0.8275862068965517,0.8571428571428571
523,0.0016802483052861016,0.9998556998556999,0.9996392496392497,1.0,1.0,0.9998195922785496,0.645931463165667,0.9047619047619048,0.8888888888888888,0.9166666666666666,0.8888888888888888,0.8888888888888888
524,0.002246193485990349,0.9994227994227994,0.9989177489177489,0.9997594997594997,0.9996389891696751,0.9992782389029231,0.6521660766697356,0.9047619047619048,0.8888888888888888,0.9166666666666666,0.8888888888888888,0.8888888888888888
525,0.006044537427016193,0.997979797979798,0.9971139971139971,0.9985569985569985,0.9978339350180505,0.997473836160231,0.8469227185992095,0.8888888888888888,0.8518518518518519,0.9166666666666666,0.8846153846153846,0.8679245283018868
526,0.0017600774575209797,0.9994227994227994,0.9992784992784993,0.9995189995189995,0.9992784992784993,0.9992784992784993,0.7908522781508509,0.9047619047619048,0.8888888888888888,0.9166666666666666,0.8888888888888888,0.8888888888888888
527,0.0003348834921266046,1.0,1.0,1.0,1.0,1.0,0.7805281790423333,0.8888888888888888,0.8888888888888888,0.8888888888888888,0.8571428571428571,0.8727272727272727
528,0.0001755161362461286,1.0,1.0,1.0,1.0,1.0,0.8445503958935169,0.9047619047619048,0.8888888888888888,0.9166666666666666,0.8888888888888888,0.8888888888888888
529,0.006944057382767928,0.997979797979798,0.9974747474747475,0.9983164983164983,0.9974747474747475,0.9974747474747475,0.9614603262217272,0.8571428571428571,0.8888888888888888,0.8333333333333334,0.8,0.8421052631578947
530,0.004488773211591721,0.9982683982683983,0.9978354978354979,0.9985569985569985,0.9978354978354979,0.9978354978354979,0.6107369252560948,0.9047619047619048,0.8888888888888888,0.9166666666666666,0.8888888888888888,0.8888888888888888
531,0.0006922043079798556,0.9998556998556999,0.9996392496392497,1.0,1.0,0.9998195922785496,0.795803079933172,0.8888888888888888,0.8888888888888888,0.8888888888888888,0.8571428571428571,0.8727272727272727
532,0.0009257394968043828,0.9997113997113997,0.9996392496392497,0.9997594997594997,0.9996392496392497,0.9996392496392497,0.8568260913556774,0.873015873015873,0.8888888888888888,0.8611111111111112,0.8275862068965517,0.8571428571428571
533,0.0006136448982827803,0.9998556998556999,1.0,0.9997594997594997,0.999639379733141,0.999819657348963,0.8180612106933993,0.9047619047619048,0.8518518518518519,0.9444444444444444,0.92,0.8846153846153846
534,0.004797009414032091,0.9982683982683983,0.9978354978354979,0.9985569985569985,0.9978354978354979,0.9978354978354979,0.7475089124494093,0.9047619047619048,0.8888888888888888,0.9166666666666666,0.8888888888888888,0.8888888888888888
535,0.001997268768673855,0.9995670995670995,0.9992784992784993,0.9997594997594997,0.9996391194514616,0.9994587768356485,0.8030217477367726,0.9047619047619048,0.8888888888888888,0.9166666666666666,0.8888888888888888,0.8888888888888888
536,0.004945418970410082,0.9987012987012988,0.9978354978354979,0.9992784992784993,0.9989165763813651,0.9983757444504602,0.7975226164470524,0.8888888888888888,0.8888888888888888,0.8888888888888888,0.8571428571428571,0.8727272727272727
537,0.00033383930040066317,0.9998556998556999,1.0,0.9997594997594997,0.999639379733141,0.999819657348963,0.7995449690642422,0.9047619047619048,0.8888888888888888,0.9166666666666666,0.8888888888888888,0.8888888888888888
538,0.0032301218654434707,0.9991341991341991,0.9989177489177489,0.9992784992784993,0.9989177489177489,0.9989177489177489,0.9284846209070926,0.8888888888888888,0.8888888888888888,0.8888888888888888,0.8571428571428571,0.8727272727272727
539,0.0006961086008581185,0.9998556998556999,0.9996392496392497,1.0,1.0,0.9998195922785496,0.8758613156392202,0.9047619047619048,0.8888888888888888,0.9166666666666666,0.8888888888888888,0.8888888888888888
540,0.00486828598620061,0.9988455988455989,0.9981962481962482,0.9992784992784993,0.9989169675090253,0.9985564778058462,0.8309170769011077,0.8888888888888888,0.8888888888888888,0.8888888888888888,0.8571428571428571,0.8727272727272727
541,0.004351503684816847,0.998989898989899,0.9985569985569985,0.9992784992784993,0.9989173583543847,0.9987371459498466,0.7049587953670342,0.8888888888888888,0.8888888888888888,0.8888888888888888,0.8571428571428571,0.8727272727272727
542,0.0012016157558532138,0.9994557823129252,0.9991645781119465,0.9995964487489911,0.9991645781119465,0.9991645781119465,0.7164445602240794,0.873015873015873,0.8888888888888888,0.8611111111111112,0.8275862068965517,0.8571428571428571
543,0.00116608431805392,0.9995670995670995,0.9996392496392497,0.9995189995189995,0.999278759466282,0.999458972046889,0.9377932017961275,0.8571428571428571,0.8518518518518519,0.8611111111111112,0.8214285714285714,0.8363636363636363
544,0.00014554807784450185,1.0,1.0,1.0,1.0,1.0,0.986075691094638,0.873015873015873,0.8518518518518519,0.8888888888888888,0.8518518518518519,0.8518518518518519
545,0.002406278477913159,0.9989115646258503,0.9983291562238931,0.9991928974979822,0.9983291562238931,0.9983291562238931,0.7970871729334509,0.8888888888888888,0.9259259259259259,0.8611111111111112,0.8333333333333334,0.8771929824561403
546,0.008149052667257246,0.9974025974025974,0.9956709956709957,0.9985569985569985,0.9978308026030369,0.9967497291440953,0.741314342571896,0.873015873015873,0.8888888888888888,0.8611111111111112,0.8275862068965517,0.8571428571428571
547,0.000934277862270628,0.9998556998556999,0.9996392496392497,1.0,1.0,0.9998195922785496,0.7749120311589592,0.8888888888888888,0.8888888888888888,0.8888888888888888,0.8571428571428571,0.8727272727272727
548,0.0004749423593135364,0.9998556998556999,1.0,0.9997594997594997,0.999639379733141,0.999819657348963,0.8188229009907185,0.8888888888888888,0.8888888888888888,0.8888888888888888,0.8571428571428571,0.8727272727272727
549,0.0001577172927533812,1.0,1.0,1.0,1.0,1.0,0.9116949238550949,0.8888888888888888,0.8888888888888888,0.8888888888888888,0.8571428571428571,0.8727272727272727
550,0.00033249306610325737,0.9998556998556999,1.0,0.9997594997594997,0.999639379733141,0.999819657348963,0.8897404974926008,0.9047619047619048,0.8888888888888888,0.9166666666666666,0.8888888888888888,0.8888888888888888
551,0.007058012364676008,0.9981240981240981,0.9967532467532467,0.9990379990379991,0.9985543910372244,0.9976530059577541,0.938108217915763,0.873015873015873,0.9259259259259259,0.8333333333333334,0.8064516129032258,0.8620689655172413
552,0.0028611964285248956,0.9991341991341991,0.9992784992784993,0.9990379990379991,0.9985580389329488,0.998918139199423,0.9442258759080442,0.873015873015873,0.8888888888888888,0.8611111111111112,0.8275862068965517,0.8571428571428571
553,0.0016714174930868209,0.9997113997113997,0.9996392496392497,0.9997594997594997,0.9996392496392497,0.9996392496392497,0.7797017092356876,0.8571428571428571,0.8888888888888888,0.8333333333333334,0.8,0.8421052631578947
554,0.004413100314317873,0.9989115646258503,0.9983291562238931,0.9991928974979822,0.9983291562238931,0.9983291562238931,0.6114844440037684,0.873015873015873,0.8518518518518519,0.8888888888888888,0.8518518518518519,0.8518518518518519
555,0.0027527480412655593,0.9994227994227994,0.9989177489177489,0.9997594997594997,0.9996389891696751,0.9992782389029231,0.9722237409869772,0.873015873015873,0.8888888888888888,0.8611111111111112,0.8275862068965517,0.8571428571428571
556,0.0028425090029017925,0.9988455988455989,0.9985569985569985,0.9990379990379991,0.9985569985569985,0.9985569985569985,0.6991632793094993,0.873015873015873,0.8888888888888888,0.8611111111111112,0.8275862068965517,0.8571428571428571
557,0.0028939912878498076,0.9988455988455989,0.9985569985569985,0.9990379990379991,0.9985569985569985,0.9985569985569985,0.8615037868855454,0.873015873015873,0.8888888888888888,0.8611111111111112,0.8275862068965517,0.8571428571428571
558,0.0014650862769459436,0.9995670995670995,0.9992784992784993,0.9997594997594997,0.9996391194514616,0.9994587768356485,0.7931738521185165,0.8412698412698413,0.8888888888888888,0.8055555555555556,0.7741935483870968,0.8275862068965517
559,0.0024790225129382487,0.9988455988455989,0.9981962481962482,0.9992784992784993,0.9989169675090253,0.9985564778058462,0.6546244098002688,0.8571428571428571,0.8888888888888888,0.8333333333333334,0.8,0.8421052631578947
560,0.00022297937922391322,1.0,1.0,1.0,1.0,1.0,0.6969939225256518,0.8571428571428571,0.8888888888888888,0.8333333333333334,0.8,0.8421052631578947
561,0.004601704749869001,0.9987012987012988,0.9989177489177489,0.9985569985569985,0.9978378378378379,0.9983775013520823,0.8975756414090736,0.873015873015873,0.8518518518518519,0.8888888888888888,0.8518518518518519,0.8518518518518519
562,0.0009892422523229928,0.9994227994227994,0.9989177489177489,0.9997594997594997,0.9996389891696751,0.9992782389029231,0.868608088646498,0.8888888888888888,0.8888888888888888,0.8888888888888888,0.8571428571428571,0.8727272727272727
563,0.002111717620713899,0.9992784992784993,0.9989177489177489,0.9995189995189995,0.9992782389029231,0.9990979613927476,0.81815852070103,0.873015873015873,0.8888888888888888,0.8611111111111112,0.8275862068965517,0.8571428571428571
564,0.0020423233918958417,0.9992784992784993,0.9989177489177489,0.9995189995189995,0.9992782389029231,0.9990979613927476,0.9872003641135557,0.8571428571428571,0.8888888888888888,0.8333333333333334,0.8,0.8421052631578947
565,0.002530296909251329,0.9991341991341991,0.9985569985569985,0.9995189995189995,0.9992779783393502,0.9989173583543847,0.9902243977979356,0.873015873015873,0.8888888888888888,0.8611111111111112,0.8275862068965517,0.8571428571428571
566,0.0018883160765006213,0.9992784992784993,0.9989177489177489,0.9995189995189995,0.9992782389029231,0.9990979613927476,0.8935200103690925,0.8412698412698413,0.8518518518518519,0.8333333333333334,0.7931034482758621,0.8214285714285714
567,0.0005447717103965533,0.9998556998556999,1.0,0.9997594997594997,0.999639379733141,0.999819657348963,0.8809960545998957,0.8571428571428571,0.8518518518518519,0.8611111111111112,0.8214285714285714,0.8363636363636363
568,0.0034554221418855173,0.9988455988455989,0.9989177489177489,0.9987974987974988,0.998197548666186,0.9985575189325641,0.7140479432372746,0.9047619047619048,0.8518518518518519,0.9444444444444444,0.92,0.8846153846153846
569,0.0008230860849118581,0.9997113997113997,0.9992784992784993,1.0,1.0,0.9996391194514616,0.9140420084390032,0.873015873015873,0.8518518518518519,0.8888888888888888,0.8518518518518519,0.8518518518518519
570,0.000819071473401622,0.9997113997113997,0.9996392496392497,0.9997594997594997,0.9996392496392497,0.9996392496392497,0.9243333474057022,0.8571428571428571,0.8518518518518519,0.8611111111111112,0.8214285714285714,0.8363636363636363
571,0.0020294057333048944,0.9995670995670995,0.9996392496392497,0.9995189995189995,0.999278759466282,0.999458972046889,0.8255935377193733,0.8888888888888888,0.8518518518518519,0.9166666666666666,0.8846153846153846,0.8679245283018868
572,0.001599125007938542,0.9992784992784993,0.9989177489177489,0.9995189995189995,0.9992782389029231,0.9990979613927476,0.783960052254048,0.9047619047619048,0.8888888888888888,0.9166666666666666,0.8888888888888888,0.8888888888888888
573,0.001927379237362538,0.9994557823129252,0.9991645781119465,0.9995964487489911,0.9991645781119465,0.9991645781119465,0.8669156993099254,0.873015873015873,0.8888888888888888,0.8611111111111112,0.8275862068965517,0.8571428571428571
574,0.004303899746290754,0.9984126984126984,0.9978354978354979,0.9987974987974988,0.9981955972573078,0.9980155150640447,0.7695595470191504,0.8888888888888888,0.8888888888888888,0.8888888888888888,0.8571428571428571,0.8727272727272727
575,0.00439291289995363,0.9988455988455989,0.9981962481962482,0.9992784992784993,0.9989169675090253,0.9985564778058462,0.8789024803843367,0.8571428571428571,0.8888888888888888,0.8333333333333334,0.8,0.8421052631578947
576,0.003724076425082816,0.9994557823129252,0.9991645781119465,0.9995964487489911,0.9991645781119465,0.9991645781119465,0.7358381621551604,0.8888888888888888,0.8888888888888888,0.8888888888888888,0.8571428571428571,0.8727272727272727
577,0.0014629257168344654,0.9995670995670995,1.0,0.9992784992784993,0.9989189189189189,0.9994591671173607,0.836588359510065,0.8571428571428571,0.8888888888888888,0.8333333333333334,0.8,0.8421052631578947
578,0.0025064948041918977,0.9987012987012988,0.9981962481962482,0.9990379990379991,0.9985564778058462,0.9983763305069457,0.7448949946445369,0.9047619047619048,0.8888888888888888,0.9166666666666666,0.8888888888888888,0.8888888888888888
579,0.0029365379659917054,0.9992784992784993,0.9989177489177489,0.9995189995189995,0.9992782389029231,0.9990979613927476,0.8311727051082666,0.873015873015873,0.8518518518518519,0.8888888888888888,0.8518518518518519,0.8518518518518519
580,0.002762739931697534,0.9991341991341991,0.9989177489177489,0.9992784992784993,0.9989177489177489,0.9989177489177489,0.6371138278535375,0.9047619047619048,0.8888888888888888,0.9166666666666666,0.8888888888888888,0.8888888888888888
581,0.003651970714195401,0.9991341991341991,0.9989177489177489,0.9992784992784993,0.9989177489177489,0.9989177489177489,0.7856026279198612,0.873015873015873,0.8148148148148148,0.9166666666666666,0.88,0.8461538461538461
582,0.0007994917703333931,0.9997113997113997,0.9992784992784993,1.0,1.0,0.9996391194514616,0.8216263570477225,0.9206349206349206,0.8888888888888888,0.9444444444444444,0.9230769230769231,0.9056603773584906
583,0.0017717218542542229,0.9995670995670995,0.9996392496392497,0.9995189995189995,0.999278759466282,0.999458972046889,0.7577904822513423,0.8888888888888888,0.8518518518518519,0.9166666666666666,0.8846153846153846,0.8679245283018868
584,0.00016365974524290718,1.0,1.0,1.0,1.0,1.0,0.8652598245019955,0.8888888888888888,0.7777777777777778,0.9722222222222222,0.9545454545454546,0.8571428571428571
585,0.008658517735452662,0.9968253968253968,0.9953102453102453,0.9978354978354979,0.9967485549132948,0.996028880866426,0.8815213605606308,0.8888888888888888,0.8888888888888888,0.8888888888888888,0.8571428571428571,0.8727272727272727
586,0.0008614020759240076,0.9998556998556999,1.0,0.9997594997594997,0.999639379733141,0.999819657348963,0.8240258165317337,0.9047619047619048,0.8888888888888888,0.9166666666666666,0.8888888888888888,0.8888888888888888
587,0.0029397771622879996,0.9994227994227994,0.9992784992784993,0.9995189995189995,0.9992784992784993,0.9992784992784993,0.70584836344619,0.8888888888888888,0.8888888888888888,0.8888888888888888,0.8571428571428571,0.8727272727272727
588,0.003834084853664857,0.9994557823129252,0.9991645781119465,0.9995964487489911,0.9991645781119465,0.9991645781119465,0.5665359398616212,0.8888888888888888,0.8888888888888888,0.8888888888888888,0.8571428571428571,0.8727272727272727
589,0.0028996462076518433,0.9991341991341991,0.9981962481962482,0.9997594997594997,0.9996387283236994,0.9989169675090253,0.6163294294780667,0.9047619047619048,0.9259259259259259,0.8888888888888888,0.8620689655172413,0.8928571428571429
590,0.0007643593095356967,0.9998556998556999,0.9996392496392497,1.0,1.0,0.9998195922785496,0.5300769774753246,0.9047619047619048,0.9259259259259259,0.8888888888888888,0.8620689655172413,0.8928571428571429
591,0.0004756847678327733,1.0,1.0,1.0,1.0,1.0,0.7567580973836667,0.8571428571428571,0.9259259259259259,0.8055555555555556,0.78125,0.847457627118644
592,0.005065318469278373,0.9988455988455989,0.9985569985569985,0.9990379990379991,0.9985569985569985,0.9985569985569985,0.811869160708392,0.9047619047619048,0.9259259259259259,0.8888888888888888,0.8620689655172413,0.8928571428571429
593,0.00041613314314382514,0.9998556998556999,0.9996392496392497,1.0,1.0,0.9998195922785496,0.7350333324269279,0.9047619047619048,0.9259259259259259,0.8888888888888888,0.8620689655172413,0.8928571428571429
594,0.00019029915087861698,1.0,1.0,1.0,1.0,1.0,0.8006074146554937,0.9047619047619048,0.9259259259259259,0.8888888888888888,0.8620689655172413,0.8928571428571429
595,0.0023248946569084258,0.998989898989899,0.9985569985569985,0.9992784992784993,0.9989173583543847,0.9987371459498466,0.7410727438485963,0.9047619047619048,0.9259259259259259,0.8888888888888888,0.8620689655172413,0.8928571428571429
596,0.0020865729077225205,0.9994227994227994,0.9992784992784993,0.9995189995189995,0.9992784992784993,0.9992784992784993,0.6798821077190085,0.8888888888888888,0.8518518518518519,0.9166666666666666,0.8846153846153846,0.8679245283018868
597,0.0003308461293855264,1.0,1.0,1.0,1.0,1.0,0.6183341479550902,0.9206349206349206,0.9259259259259259,0.9166666666666666,0.8928571428571429,0.9090909090909091
598,7.463197219341916e-05,1.0,1.0,1.0,1.0,1.0,0.6298850874327833,0.9206349206349206,0.8888888888888888,0.9444444444444444,0.9230769230769231,0.9056603773584906
599,0.00014605678727617268,1.0,1.0,1.0,1.0,1.0,0.6334531787578603,0.8888888888888888,0.8888888888888888,0.8888888888888888,0.8571428571428571,0.8727272727272727
600,0.006070763926621533,0.9982683982683983,0.9974747474747475,0.9987974987974988,0.9981949458483754,0.9978347167087694,0.7093015476522619,0.8888888888888888,0.8148148148148148,0.9444444444444444,0.9166666666666666,0.8627450980392157
601,0.002427881058416332,0.9988455988455989,0.9985569985569985,0.9990379990379991,0.9985569985569985,0.9985569985569985,0.9077765953215209,0.873015873015873,0.8148148148148148,0.9166666666666666,0.88,0.8461538461538461
602,0.0006957332684052159,0.9997113997113997,0.9996392496392497,0.9997594997594997,0.9996392496392497,0.9996392496392497,0.9676987435773227,0.873015873015873,0.8148148148148148,0.9166666666666666,0.88,0.8461538461538461
603,0.002512127997440851,0.998989898989899,0.9985569985569985,0.9992784992784993,0.9989173583543847,0.9987371459498466,0.7629948492976837,0.9047619047619048,0.8888888888888888,0.9166666666666666,0.8888888888888888,0.8888888888888888
604,0.003935962720188898,0.9988455988455989,0.9992784992784993,0.9985569985569985,0.9978386167146974,0.9985580389329488,0.8308653161654388,0.8888888888888888,0.8518518518518519,0.9166666666666666,0.8846153846153846,0.8679245283018868
605,0.0005762831382666628,0.9998556998556999,1.0,0.9997594997594997,0.999639379733141,0.999819657348963,0.8520156191773981,0.9047619047619048,0.8518518518518519,0.9444444444444444,0.92,0.8846153846153846
606,0.002344996427902783,0.9992784992784993,0.9992784992784993,0.9992784992784993,0.998918139199423,0.9990982867448152,0.717461984001732,0.9047619047619048,0.8888888888888888,0.9166666666666666,0.8888888888888888,0.8888888888888888
607,0.0003036650684652924,1.0,1.0,1.0,1.0,1.0,0.8168990964330742,0.9047619047619048,0.8518518518518519,0.9444444444444444,0.92,0.8846153846153846
608,0.002581941564978904,0.998989898989899,0.9989177489177489,0.9990379990379991,0.9985575189325641,0.9987376014427413,0.7593846287824225,0.8888888888888888,0.8148148148148148,0.9444444444444444,0.9166666666666666,0.8627450980392157
609,0.0009076996437547094,0.9997113997113997,1.0,0.9995189995189995,0.9992790194664743,0.999639379733141,0.756746825119499,0.9047619047619048,0.8518518518518519,0.9444444444444444,0.92,0.8846153846153846
610,0.0003029873374580715,1.0,1.0,1.0,1.0,1.0,0.9054402637977459,0.9047619047619048,0.8518518518518519,0.9444444444444444,0.92,0.8846153846153846
611,0.007006346135476384,0.997979797979798,0.9981962481962482,0.9978354978354979,0.9967579250720461,0.9974765681326604,0.4829610803874583,0.9206349206349206,0.8888888888888888,0.9444444444444444,0.9230769230769231,0.9056603773584906
612,0.0002872618704018541,1.0,1.0,1.0,1.0,1.0,0.5495012295352699,0.9206349206349206,0.8888888888888888,0.9444444444444444,0.9230769230769231,0.9056603773584906
613,0.00204467311699324,0.9995670995670995,0.9992784992784993,0.9997594997594997,0.9996391194514616,0.9994587768356485,0.47570341488619944,0.873015873015873,0.8888888888888888,0.8611111111111112,0.8275862068965517,0.8571428571428571
614,0.004120849236410604,0.9984126984126984,0.9985569985569985,0.9983164983164983,0.9974774774774775,0.9980169460969893,0.5770177529198081,0.9206349206349206,0.8518518518518519,0.9722222222222222,0.9583333333333334,0.9019607843137255
615,0.0013275545564233803,0.9997113997113997,0.9996392496392497,0.9997594997594997,0.9996392496392497,0.9996392496392497,0.5525415006550103,0.9365079365079365,0.8888888888888888,0.9722222222222222,0.96,0.9230769230769231
616,0.0012575947931179876,0.9997113997113997,0.9996392496392497,0.9997594997594997,0.9996392496392497,0.9996392496392497,0.7482189481239719,0.8888888888888888,0.8518518518518519,0.9166666666666666,0.8846153846153846,0.8679245283018868
617,0.0001617089155160683,1.0,1.0,1.0,1.0,1.0,0.7391747178907468,0.9206349206349206,0.8888888888888888,0.9444444444444444,0.9230769230769231,0.9056603773584906
618,0.0020393087727799083,0.9992784992784993,0.9992784992784993,0.9992784992784993,0.998918139199423,0.9990982867448152,0.7401221731403013,0.9047619047619048,0.8888888888888888,0.9166666666666666,0.8888888888888888,0.8888888888888888
619,0.003971391426517902,0.9987012987012988,0.9981962481962482,0.9990379990379991,0.9985564778058462,0.9983763305069457,0.8818773603007208,0.873015873015873,0.8148148148148148,0.9166666666666666,0.88,0.8461538461538461
620,0.0021903989642920786,0.9994227994227994,0.9992784992784993,0.9995189995189995,0.9992784992784993,0.9992784992784993,1.057099979076214,0.873015873015873,0.8888888888888888,0.8611111111111112,0.8275862068965517,0.8571428571428571
621,0.0010575530905353433,0.9995670995670995,0.9992784992784993,0.9997594997594997,0.9996391194514616,0.9994587768356485,0.9620489284296792,0.8888888888888888,0.8518518518518519,0.9166666666666666,0.8846153846153846,0.8679245283018868
622,0.0031870517191996896,0.9988455988455989,0.9985569985569985,0.9990379990379991,0.9985569985569985,0.9985569985569985,0.8995592676985238,0.873015873015873,0.8518518518518519,0.8888888888888888,0.8518518518518519,0.8518518518518519
623,0.0003476229952371129,1.0,1.0,1.0,1.0,1.0,0.8697540349401405,0.8888888888888888,0.8888888888888888,0.8888888888888888,0.8571428571428571,0.8727272727272727
624,0.00010987637877479582,1.0,1.0,1.0,1.0,1.0,0.8776168043481852,0.873015873015873,0.8888888888888888,0.8611111111111112,0.8275862068965517,0.8571428571428571
625,5.8083602488601373e-05,1.0,1.0,1.0,1.0,1.0,0.9948080475305543,0.873015873015873,0.8518518518518519,0.8888888888888888,0.8518518518518519,0.8518518518518519
626,4.960882674568364e-05,1.0,1.0,1.0,1.0,1.0,1.044639550972851,0.873015873015873,0.8518518518518519,0.8888888888888888,0.8518518518518519,0.8518518518518519
627,2.388055981655625e-05,1.0,1.0,1.0,1.0,1.0,0.9811448133117203,0.873015873015873,0.8518518518518519,0.8888888888888888,0.8518518518518519,0.8518518518518519
628,2.9859044298621733e-05,1.0,1.0,1.0,1.0,1.0,1.0331523495226267,0.873015873015873,0.8518518518518519,0.8888888888888888,0.8518518518518519,0.8518518518518519
629,1.3058586816348495e-05,1.0,1.0,1.0,1.0,1.0,1.0764025628313758,0.8888888888888888,0.8518518518518519,0.9166666666666666,0.8846153846153846,0.8679245283018868
630,0.011226165448750677,0.997979797979798,0.9974747474747475,0.9983164983164983,0.9974747474747475,0.9974747474747475,1.0613703211935885,0.8412698412698413,0.8888888888888888,0.8055555555555556,0.7741935483870968,0.8275862068965517
631,0.0029501244658620015,0.9991341991341991,0.9985569985569985,0.9995189995189995,0.9992779783393502,0.9989173583543847,1.1992116780967326,0.8095238095238095,0.8888888888888888,0.75,0.7272727272727273,0.8
632,0.0023577168646705124,0.9994227994227994,0.9989177489177489,0.9997594997594997,0.9996389891696751,0.9992782389029231,1.0698541165715834,0.8571428571428571,0.8518518518518519,0.8611111111111112,0.8214285714285714,0.8363636363636363
633,0.0030903012775249043,0.9991836734693877,0.9991645781119465,0.9991928974979822,0.998330550918197,0.9987473903966597,1.0626377623481122,0.8571428571428571,0.8518518518518519,0.8611111111111112,0.8214285714285714,0.8363636363636363
634,0.0014367018621585564,0.9992784992784993,0.9989177489177489,0.9995189995189995,0.9992782389029231,0.9990979613927476,1.140318586510393,0.8571428571428571,0.8518518518518519,0.8611111111111112,0.8214285714285714,0.8363636363636363
635,0.0023754261413446915,0.9991836734693877,0.9991645781119465,0.9991928974979822,0.998330550918197,0.9987473903966597,1.018387115807566,0.873015873015873,0.8518518518518519,0.8888888888888888,0.8518518518518519,0.8518518518518519
636,0.005479443453745706,0.9982683982683983,0.9971139971139971,0.9990379990379991,0.9985549132947977,0.9978339350180505,0.7689656571019441,0.873015873015873,0.8518518518518519,0.8888888888888888,0.8518518518518519,0.8518518518518519
637,0.0030722886890555846,0.9992784992784993,0.9985569985569985,0.9997594997594997,0.9996388587937883,0.9990976358058112,0.8559344121733576,0.873015873015873,0.8888888888888888,0.8611111111111112,0.8275862068965517,0.8571428571428571
638,0.0009566800439642975,0.9998556998556999,1.0,0.9997594997594997,0.999639379733141,0.999819657348963,0.8215044887691629,0.873015873015873,0.8518518518518519,0.8888888888888888,0.8518518518518519,0.8518518518518519
639,0.0003607823376494479,1.0,1.0,1.0,1.0,1.0,0.8557946347811218,0.8888888888888888,0.8888888888888888,0.8888888888888888,0.8571428571428571,0.8727272727272727
640,0.0022727045852215613,0.9992784992784993,0.9992784992784993,0.9992784992784993,0.998918139199423,0.9990982867448152,0.7951995123502067,0.873015873015873,0.8518518518518519,0.8888888888888888,0.8518518518518519,0.8518518518518519
641,0.0027064485559169763,0.998989898989899,0.9989177489177489,0.9990379990379991,0.9985575189325641,0.9987376014427413,1.1516518841686083,0.8571428571428571,0.8518518518518519,0.8611111111111112,0.8214285714285714,0.8363636363636363
642,0.0024514255251133665,0.9994227994227994,0.9989177489177489,0.9997594997594997,0.9996389891696751,0.9992782389029231,1.037902296045869,0.873015873015873,0.8518518518518519,0.8888888888888888,0.8518518518518519,0.8518518518518519
643,0.0035882201089184208,0.9991341991341991,0.9985569985569985,0.9995189995189995,0.9992779783393502,0.9989173583543847,1.0339787039177728,0.8412698412698413,0.8518518518518519,0.8333333333333334,0.7931034482758621,0.8214285714285714
644,0.0004643113529343976,1.0,1.0,1.0,1.0,1.0,1.088928580923479,0.8888888888888888,0.8518518518518519,0.9166666666666666,0.8846153846153846,0.8679245283018868
645,0.00012649767774102188,1.0,1.0,1.0,1.0,1.0,1.0305102076215138,0.873015873015873,0.8518518518518519,0.8888888888888888,0.8518518518518519,0.8518518518518519
646,0.0005261205153701234,0.9997278911564625,0.9991645781119465,1.0,1.0,0.9995821145006268,0.9904567882587711,0.8888888888888888,0.8888888888888888,0.8888888888888888,0.8571428571428571,0.8727272727272727
647,0.003913663137191284,0.9987012987012988,0.9985569985569985,0.9987974987974988,0.998196898665705,0.9983769161406673,0.9836609846984391,0.8888888888888888,0.8518518518518519,0.9166666666666666,0.8846153846153846,0.8679245283018868
648,0.00045008255297683975,0.9998556998556999,0.9996392496392497,1.0,1.0,0.9998195922785496,0.9231267481633935,0.9047619047619048,0.8888888888888888,0.9166666666666666,0.8888888888888888,0.8888888888888888
649,0.0011475517841517393,0.9994557823129252,0.9991645781119465,0.9995964487489911,0.9991645781119465,0.9991645781119465,1.1168432499989793,0.8412698412698413,0.9259259259259259,0.7777777777777778,0.7575757575757576,0.8333333333333334
650,0.00449222125012588,0.9985569985569985,0.9981962481962482,0.9987974987974988,0.9981962481962482,0.9981962481962482,0.8340702829161837,0.8888888888888888,0.8518518518518519,0.9166666666666666,0.8846153846153846,0.8679245283018868
651,0.0007234145037888126,0.9998556998556999,1.0,0.9997594997594997,0.999639379733141,0.999819657348963,0.9533307770858906,0.8888888888888888,0.8518518518518519,0.9166666666666666,0.8846153846153846,0.8679245283018868
652,0.000586585863284186,0.9998556998556999,0.9996392496392497,1.0,1.0,0.9998195922785496,0.9856149875496547,0.873015873015873,0.8888888888888888,0.8611111111111112,0.8275862068965517,0.8571428571428571
653,0.002028847957625386,0.9992784992784993,0.9989177489177489,0.9995189995189995,0.9992782389029231,0.9990979613927476,0.9121919930392843,0.9206349206349206,0.8888888888888888,0.9444444444444444,0.9230769230769231,0.9056603773584906
654,0.0005705516146370672,0.9998556998556999,0.9996392496392497,1.0,1.0,0.9998195922785496,0.8762115784371013,0.9206349206349206,0.8888888888888888,0.9444444444444444,0.9230769230769231,0.9056603773584906
655,0.0013485213085330419,0.9997113997113997,0.9996392496392497,0.9997594997594997,0.9996392496392497,0.9996392496392497,0.8838998133691752,0.9047619047619048,0.8888888888888888,0.9166666666666666,0.8888888888888888,0.8888888888888888
656,0.004110479574877897,0.9988455988455989,0.9981962481962482,0.9992784992784993,0.9989169675090253,0.9985564778058462,0.9864148605353428,0.873015873015873,0.8518518518518519,0.8888888888888888,0.8518518518518519,0.8518518518518519
657,0.0022383225635189347,0.998989898989899,0.9985569985569985,0.9992784992784993,0.9989173583543847,0.9987371459498466,0.7790142918514441,0.873015873015873,0.8518518518518519,0.8888888888888888,0.8518518518518519,0.8518518518518519
658,0.0008459241316836826,0.9997113997113997,1.0,0.9995189995189995,0.9992790194664743,0.999639379733141,0.7380090128017833,0.9047619047619048,0.8518518518518519,0.9444444444444444,0.92,0.8846153846153846
659,0.0001512807418212591,1.0,1.0,1.0,1.0,1.0,0.8054360479881224,0.9047619047619048,0.8518518518518519,0.9444444444444444,0.92,0.8846153846153846
660,0.00010729011984823475,1.0,1.0,1.0,1.0,1.0,0.83858074743145,0.9047619047619048,0.8518518518518519,0.9444444444444444,0.92,0.8846153846153846
661,0.004334294617486644,0.9988455988455989,0.9985569985569985,0.9990379990379991,0.9985569985569985,0.9985569985569985,0.9853235618973573,0.873015873015873,0.8518518518518519,0.8888888888888888,0.8518518518518519,0.8518518518518519
662,0.005901954465059999,0.9987012987012988,0.9981962481962482,0.9990379990379991,0.9985564778058462,0.9983763305069457,0.8799994881301823,0.8888888888888888,0.9259259259259259,0.8611111111111112,0.8333333333333334,0.8771929824561403
663,0.0017837142273304971,0.9995670995670995,0.9992784992784993,0.9997594997594997,0.9996391194514616,0.9994587768356485,0.9356865946407659,0.8888888888888888,0.9259259259259259,0.8611111111111112,0.8333333333333334,0.8771929824561403
664,0.0008527817622920179,0.9998556998556999,1.0,0.9997594997594997,0.999639379733141,0.999819657348963,1.0313470414910135,0.8888888888888888,0.8888888888888888,0.8888888888888888,0.8571428571428571,0.8727272727272727
665,0.000669320104532437,0.9997113997113997,0.9996392496392497,0.9997594997594997,0.9996392496392497,0.9996392496392497,1.0746684666925816,0.8571428571428571,0.8888888888888888,0.8333333333333334,0.8,0.8421052631578947
666,0.0005557347475657005,0.9998556998556999,0.9996392496392497,1.0,1.0,0.9998195922785496,0.9860023361314754,0.873015873015873,0.8518518518518519,0.8888888888888888,0.8518518518518519,0.8518518518518519
667,0.001800478217308168,0.9998556998556999,1.0,0.9997594997594997,0.999639379733141,0.999819657348963,1.0099348822430272,0.873015873015873,0.8518518518518519,0.8888888888888888,0.8518518518518519,0.8518518518518519
668,5.5538942718999316e-05,1.0,1.0,1.0,1.0,1.0,1.0696809684047786,0.8571428571428571,0.8518518518518519,0.8611111111111112,0.8214285714285714,0.8363636363636363
669,0.0029610384464957657,0.9991836734693877,0.9983291562238931,0.9995964487489911,0.9991638795986622,0.9987463435018805,1.0890379470462601,0.8253968253968254,0.9259259259259259,0.75,0.7352941176470589,0.819672131147541
670,0.005425302895002767,0.9982683982683983,0.9981962481962482,0.9983164983164983,0.9974765681326604,0.997836278398846,0.7515613301027713,0.8888888888888888,0.8888888888888888,0.8888888888888888,0.8571428571428571,0.8727272727272727
671,0.0016004847272100143,0.9992784992784993,0.9985569985569985,0.9997594997594997,0.9996388587937883,0.9990976358058112,0.8629757745315262,0.873015873015873,0.8148148148148148,0.9166666666666666,0.88,0.8461538461538461
672,0.0006036104915683464,0.9997113997113997,0.9996392496392497,0.9997594997594997,0.9996392496392497,0.9996392496392497,0.8258780343478845,0.8571428571428571,0.8148148148148148,0.8888888888888888,0.8461538461538461,0.8301886792452831
673,0.0019418371141034657,0.9994227994227994,0.9996392496392497,0.9992784992784993,0.9989185291997116,0.999278759466282,0.8360924661798875,0.8571428571428571,0.8518518518518519,0.8611111111111112,0.8214285714285714,0.8363636363636363
674,0.00039620225077598734,0.9998556998556999,0.9996392496392497,1.0,1.0,0.9998195922785496,0.9341855266441902,0.873015873015873,0.8518518518518519,0.8888888888888888,0.8518518518518519,0.8518518518518519
675,0.0006584103952620805,0.9998556998556999,1.0,0.9997594997594997,0.999639379733141,0.999819657348963,0.9228930443005372,0.8888888888888888,0.8148148148148148,0.9444444444444444,0.9166666666666666,0.8627450980392157
676,8.195378688875178e-05,1.0,1.0,1.0,1.0,1.0,0.8685399978620563,0.873015873015873,0.8148148148148148,0.9166666666666666,0.88,0.8461538461538461
677,3.6702492755428605e-05,1.0,1.0,1.0,1.0,1.0,0.8573484508213167,0.873015873015873,0.8148148148148148,0.9166666666666666,0.88,0.8461538461538461
678,0.006907915877021337,0.9982683982683983,0.9981962481962482,0.9983164983164983,0.9974765681326604,0.997836278398846,0.7676742754723934,0.8888888888888888,0.8518518518518519,0.9166666666666666,0.8846153846153846,0.8679245283018868
679,0.0009067421008446465,0.9997113997113997,0.9996392496392497,0.9997594997594997,0.9996392496392497,0.9996392496392497,0.7662091476550337,0.8888888888888888,0.8888888888888888,0.8888888888888888,0.8571428571428571,0.8727272727272727
680,0.0008791691042728756,0.9998556998556999,1.0,0.9997594997594997,0.999639379733141,0.999819657348963,0.8519691815725685,0.9047619047619048,0.8888888888888888,0.9166666666666666,0.8888888888888888,0.8888888888888888
681,0.0005696083211548599,0.9997113997113997,0.9992784992784993,1.0,1.0,0.9996391194514616,0.8222838896431529,0.9206349206349206,0.8888888888888888,0.9444444444444444,0.9230769230769231,0.9056603773584906
682,0.0021624965593772475,0.9994227994227994,0.9996392496392497,0.9992784992784993,0.9989185291997116,0.999278759466282,1.0033220766034945,0.8571428571428571,0.8148148148148148,0.8888888888888888,0.8461538461538461,0.8301886792452831
683,0.0003582332340626818,1.0,1.0,1.0,1.0,1.0,1.207049384326219,0.8571428571428571,0.8148148148148148,0.8888888888888888,0.8461538461538461,0.8301886792452831
684,0.0015944892667167732,0.9994227994227994,0.9992784992784993,0.9995189995189995,0.9992784992784993,0.9992784992784993,0.9143827780852527,0.8888888888888888,0.9259259259259259,0.8611111111111112,0.8333333333333334,0.8771929824561403
685,0.001223998498969036,0.9995670995670995,0.9996392496392497,0.9995189995189995,0.999278759466282,0.999458972046889,1.0343176968742647,0.8888888888888888,0.8518518518518519,0.9166666666666666,0.8846153846153846,0.8679245283018868
686,0.0034376694739017616,0.9985569985569985,0.9981962481962482,0.9987974987974988,0.9981962481962482,0.9981962481962482,0.9192875814979844,0.873015873015873,0.8518518518518519,0.8888888888888888,0.8518518518518519,0.8518518518518519
687,0.0010024870861806794,0.9995670995670995,0.9992784992784993,0.9997594997594997,0.9996391194514616,0.9994587768356485,0.8578951080049765,0.9047619047619048,0.8888888888888888,0.9166666666666666,0.8888888888888888,0.8888888888888888
688,0.0012908665929209477,0.9995670995670995,0.9992784992784993,0.9997594997594997,0.9996391194514616,0.9994587768356485,1.1590754276849256,0.8571428571428571,0.8888888888888888,0.8333333333333334,0.8,0.8421052631578947
689,0.000321545256820842,1.0,1.0,1.0,1.0,1.0,1.004580036508987,0.9047619047619048,0.8518518518518519,0.9444444444444444,0.92,0.8846153846153846
690,0.003569821366992056,0.9994227994227994,0.9989177489177489,0.9997594997594997,0.9996389891696751,0.9992782389029231,1.0315922864718319,0.8412698412698413,0.8888888888888888,0.8055555555555556,0.7741935483870968,0.8275862068965517
691,0.0011871174930806931,0.9997113997113997,0.9996392496392497,0.9997594997594997,0.9996392496392497,0.9996392496392497,0.9624521204918098,0.873015873015873,0.8518518518518519,0.8888888888888888,0.8518518518518519,0.8518518518518519
692,0.00438193176954621,0.9991341991341991,0.9989177489177489,0.9992784992784993,0.9989177489177489,0.9989177489177489,1.0246911697876862,0.873015873015873,0.8518518518518519,0.8888888888888888,0.8518518518518519,0.8518518518518519
693,0.0016059074146752205,0.9997113997113997,0.9996392496392497,0.9997594997594997,0.9996392496392497,0.9996392496392497,0.936174769175104,0.8888888888888888,0.8888888888888888,0.8888888888888888,0.8571428571428571,0.8727272727272727
694,0.00019754395806010751,1.0,1.0,1.0,1.0,1.0,0.8903306206769822,0.9047619047619048,0.8888888888888888,0.9166666666666666,0.8888888888888888,0.8888888888888888
695,0.002357936060550014,0.9991836734693877,0.9991645781119465,0.9991928974979822,0.998330550918197,0.9987473903966597,0.9745061625283034,0.8888888888888888,0.9259259259259259,0.8611111111111112,0.8333333333333334,0.8771929824561403
696,0.007907798514161724,0.997979797979798,0.9985569985569985,0.9975949975949976,0.9964002879769619,0.9974774774774775,0.8379625693371978,0.873015873015873,0.8888888888888888,0.8611111111111112,0.8275862068965517,0.8571428571428571
697,0.00046516835918474864,1.0,1.0,1.0,1.0,1.0,0.8410587572113385,0.8571428571428571,0.8148148148148148,0.8888888888888888,0.8461538461538461,0.8301886792452831
698,0.0002048776656503375,1.0,1.0,1.0,1.0,1.0,0.8850632826418853,0.8571428571428571,0.8518518518518519,0.8611111111111112,0.8214285714285714,0.8363636363636363
699,0.00016187318201590396,1.0,1.0,1.0,1.0,1.0,0.7421464462426633,0.9047619047619048,0.8888888888888888,0.9166666666666666,0.8888888888888888,0.8888888888888888
700,0.00018208965116006928,1.0,1.0,1.0,1.0,1.0,0.8602826822726846,0.8412698412698413,0.8518518518518519,0.8333333333333334,0.7931034482758621,0.8214285714285714
