Epoch,Loss,Accuracy,Sensitivity,Specificity,Precision,F1,Validation Loss,Validation Accuracy,Validation Sensitivity,Validation Specificity,Validation Precision,Validation F1
1,0.017799671010088912,0.9951020408163266,0.9933166248955723,0.9959644874899112,0.9916597164303587,0.9924874791318865,1.4464671480513753,0.6984126984126984,0.9259259259259259,0.5277777777777778,0.5952380952380952,0.7246376811594203
2,0.12056744860896429,0.9541125541125541,0.9444444444444444,0.9605579605579606,0.9410496046010065,0.9427439683111272,0.2173550808802247,0.9047619047619048,0.8888888888888888,0.9166666666666666,0.8888888888888888,0.8888888888888888
3,0.012491646378117354,0.9961904761904762,0.9941520467836257,0.9971751412429378,0.9941520467836257,0.9941520467836257,0.41216068856772925,0.8571428571428571,0.9259259259259259,0.8055555555555556,0.78125,0.847457627118644
4,0.0077340552684071725,0.9972789115646259,0.9966583124477861,0.9975786924939467,0.9949958298582152,0.9958263772954925,0.5696088186213895,0.8412698412698413,0.8888888888888888,0.8055555555555556,0.7741935483870968,0.8275862068965517
5,0.0020755207389086283,0.9997278911564625,0.9991645781119465,1.0,1.0,0.9995821145006268,0.6383773604008768,0.8888888888888888,1.0,0.8055555555555556,0.7941176470588235,0.8852459016393442
6,0.10748456277606355,0.9593073593073593,0.9491341991341992,0.9660894660894661,0.9491341991341992,0.9491341991341992,0.72899188745826,0.7777777777777778,0.9259259259259259,0.6666666666666666,0.6756756756756757,0.78125
7,0.009095208868891204,0.9978231292517007,0.9966583124477861,0.9983857949959645,0.9966583124477861,0.9966583124477861,0.52081456027245,0.8253968253968254,0.9629629629629629,0.7222222222222222,0.7222222222222222,0.8253968253968254
8,0.002498076742096823,0.9997278911564625,0.9991645781119465,1.0,1.0,0.9995821145006268,1.0237438200071218,0.7936507936507936,0.9629629629629629,0.6666666666666666,0.6842105263157895,0.8
9,0.006251399929989224,0.9983673469387755,0.9974937343358395,0.9987893462469734,0.9974937343358395,0.9974937343358395,1.362317767408159,0.746031746031746,0.9629629629629629,0.5833333333333334,0.6341463414634146,0.7647058823529411
10,0.004206011721113583,0.9991836734693877,0.9991645781119465,0.9991928974979822,0.998330550918197,0.9987473903966597,0.7255477148093401,0.8412698412698413,0.8888888888888888,0.8055555555555556,0.7741935483870968,0.8275862068965517
11,0.003958466987230112,0.9994557823129252,0.9991645781119465,0.9995964487489911,0.9991645781119465,0.9991645781119465,0.756580011460871,0.8095238095238095,0.8888888888888888,0.75,0.7272727272727273,0.8
12,0.0007116356598400213,1.0,1.0,1.0,1.0,1.0,0.8484066504807699,0.8095238095238095,0.8518518518518519,0.7777777777777778,0.7419354838709677,0.7931034482758621
13,0.00443627094394974,0.9991836734693877,0.9991645781119465,0.9991928974979822,0.998330550918197,0.9987473903966597,0.8580243355550227,0.8095238095238095,0.8518518518518519,0.7777777777777778,0.7419354838709677,0.7931034482758621
14,0.00525827270229252,0.9991836734693877,0.9991645781119465,0.9991928974979822,0.998330550918197,0.9987473903966597,0.7847058578202176,0.8412698412698413,0.9259259259259259,0.7777777777777778,0.7575757575757576,0.8333333333333334
15,0.00763601740098362,0.9980952380952381,0.9966583124477861,0.9987893462469734,0.9974916387959866,0.9970748015043878,1.136956156660167,0.746031746031746,0.9629629629629629,0.5833333333333334,0.6341463414634146,0.7647058823529411
16,0.0015782094029606745,0.9997278911564625,0.9991645781119465,1.0,1.0,0.9995821145006268,1.2961378738594551,0.7619047619047619,0.9259259259259259,0.6388888888888888,0.6578947368421053,0.7692307692307693
17,0.01345576172316016,0.9959183673469387,0.9924812030075187,0.9975786924939467,0.9949748743718593,0.9937264742785445,1.124023832025982,0.6984126984126984,0.9629629629629629,0.5,0.5909090909090909,0.7323943661971831
18,0.002428309267062494,0.9997278911564625,0.9991645781119465,1.0,1.0,0.9995821145006268,1.0331324100908306,0.7936507936507936,0.9629629629629629,0.6666666666666666,0.6842105263157895,0.8
19,0.00030558307294030576,1.0,1.0,1.0,1.0,1.0,1.106235775283523,0.7936507936507936,0.9629629629629629,0.6666666666666666,0.6842105263157895,0.8
20,0.008354563079022036,0.9975510204081632,0.9958228905597326,0.9983857949959645,0.9966555183946488,0.9962390305056414,0.941003491510711,0.7777777777777778,0.9629629629629629,0.6388888888888888,0.6666666666666666,0.7878787878787878
21,0.004825951726948779,0.9983673469387755,0.9974937343358395,0.9987893462469734,0.9974937343358395,0.9974937343358395,0.867555448090628,0.8095238095238095,0.9259259259259259,0.7222222222222222,0.7142857142857143,0.8064516129032258
22,0.0008794912815398495,1.0,1.0,1.0,1.0,1.0,1.1295800820244328,0.8095238095238095,0.9259259259259259,0.7222222222222222,0.7142857142857143,0.8064516129032258
23,0.0003264896151313533,1.0,1.0,1.0,1.0,1.0,1.1080984032180692,0.8412698412698413,0.9259259259259259,0.7777777777777778,0.7575757575757576,0.8333333333333334
24,0.0001838445640208681,1.0,1.0,1.0,1.0,1.0,1.220611944000074,0.8253968253968254,0.9259259259259259,0.75,0.7352941176470589,0.819672131147541
25,0.00014949203750196224,1.0,1.0,1.0,1.0,1.0,1.4459447828897585,0.8095238095238095,0.9259259259259259,0.7222222222222222,0.7142857142857143,0.8064516129032258
26,0.0001455621614867701,1.0,1.0,1.0,1.0,1.0,1.3368212529698327,0.8253968253968254,0.9259259259259259,0.75,0.7352941176470589,0.819672131147541
27,0.00011871337033051927,1.0,1.0,1.0,1.0,1.0,1.5403267462989167,0.8095238095238095,0.9259259259259259,0.7222222222222222,0.7142857142857143,0.8064516129032258
28,0.2165829638532574,0.9157287157287157,0.8834776334776335,0.9372294372294372,0.903690036900369,0.8934695366654506,0.2964512984904032,0.8888888888888888,0.8888888888888888,0.8888888888888888,0.8571428571428571,0.8727272727272727
29,0.008111751489531326,0.9980952380952381,0.9974937343358395,0.9983857949959645,0.996661101836394,0.9970772442588727,0.38044233056938365,0.873015873015873,0.9629629629629629,0.8055555555555556,0.7878787878787878,0.8666666666666667
30,0.0024464142351743106,0.9991836734693877,0.9991645781119465,0.9991928974979822,0.998330550918197,0.9987473903966597,0.5698045759447037,0.8412698412698413,0.9259259259259259,0.7777777777777778,0.7575757575757576,0.8333333333333334
31,0.0005113862900437191,1.0,1.0,1.0,1.0,1.0,0.5964037115197807,0.8571428571428571,0.9259259259259259,0.8055555555555556,0.78125,0.847457627118644
32,0.00032249785298845877,1.0,1.0,1.0,1.0,1.0,0.6949511616017728,0.8412698412698413,0.9259259259259259,0.7777777777777778,0.7575757575757576,0.8333333333333334
33,0.11779866301861805,0.9535353535353536,0.943001443001443,0.9605579605579606,0.9409647228221742,0.941981981981982,0.32622210468564716,0.8888888888888888,0.8518518518518519,0.9166666666666666,0.8846153846153846,0.8679245283018868
34,0.006875944044951786,0.9983673469387755,0.9974937343358395,0.9987893462469734,0.9974937343358395,0.9974937343358395,0.4428537623173306,0.8412698412698413,0.9259259259259259,0.7777777777777778,0.7575757575757576,0.8333333333333334
35,0.0029070355494975487,0.9994557823129252,1.0,0.9991928974979822,0.9983319432860718,0.9991652754590985,0.7266608670294757,0.7936507936507936,0.9259259259259259,0.6944444444444444,0.6944444444444444,0.7936507936507936
36,0.07299100223059858,0.9734487734487735,0.9693362193362194,0.9761904761904762,0.9644651830581479,0.9668945663907881,0.14468158730897046,0.9206349206349206,0.8888888888888888,0.9444444444444444,0.9230769230769231,0.9056603773584906
37,0.010746318929748321,0.9980952380952381,0.9991645781119465,0.9975786924939467,0.9950083194675541,0.9970821175489787,0.22674608652642558,0.9047619047619048,0.8888888888888888,0.9166666666666666,0.8888888888888888,0.8888888888888888
38,0.04914481847676009,0.9825396825396825,0.9783549783549783,0.9853294853294853,0.9780021637216012,0.9781785392245266,0.38509136177451603,0.9206349206349206,0.9629629629629629,0.8888888888888888,0.8666666666666667,0.9122807017543859
39,0.003288732075701043,0.9989115646258503,0.9983291562238931,0.9991928974979822,0.9983291562238931,0.9983291562238931,0.44280252877681975,0.8253968253968254,0.9259259259259259,0.75,0.7352941176470589,0.819672131147541
40,0.003651742210208207,0.9989115646258503,0.9991645781119465,0.9987893462469734,0.9974979149291076,0.998330550918197,0.40076222591331256,0.8571428571428571,0.8518518518518519,0.8611111111111112,0.8214285714285714,0.8363636363636363
41,0.005315559786323895,0.9989115646258503,0.9974937343358395,0.9995964487489911,0.999163179916318,0.9983277591973244,0.9037758473839078,0.7619047619047619,0.9259259259259259,0.6388888888888888,0.6578947368421053,0.7692307692307693
42,0.000547315620066484,1.0,1.0,1.0,1.0,1.0,0.9800905519061618,0.7777777777777778,0.9629629629629629,0.6388888888888888,0.6666666666666666,0.7878787878787878
43,0.0015679268442255882,0.9994557823129252,0.9991645781119465,0.9995964487489911,0.9991645781119465,0.9991645781119465,0.8809541052296048,0.7936507936507936,0.9259259259259259,0.6944444444444444,0.6944444444444444,0.7936507936507936
44,0.07638142480982621,0.9714285714285714,0.9628427128427128,0.9771524771524771,0.965629522431259,0.9642341040462428,0.12320192909193417,0.9523809523809523,1.0,0.9166666666666666,0.9,0.9473684210526315
45,0.002740326600187287,0.9991836734693877,0.9991645781119465,0.9991928974979822,0.998330550918197,0.9987473903966597,0.17791700321767065,0.9206349206349206,0.9259259259259259,0.9166666666666666,0.8928571428571429,0.9090909090909091
46,0.0025743166925258883,0.9994557823129252,0.9991645781119465,0.9995964487489911,0.9991645781119465,0.9991645781119465,0.3830286056941582,0.873015873015873,0.9259259259259259,0.8333333333333334,0.8064516129032258,0.8620689655172413
47,0.001022012691349298,0.9997278911564625,0.9991645781119465,1.0,1.0,0.9995821145006268,0.37550581415139495,0.9047619047619048,0.9629629629629629,0.8611111111111112,0.8387096774193549,0.896551724137931
48,0.005398915717687115,0.998639455782313,0.9974937343358395,0.9991928974979822,0.9983277591973244,0.9979105725031342,0.9044772614798848,0.7936507936507936,0.9629629629629629,0.6666666666666666,0.6842105263157895,0.8
49,0.013371103234402201,0.9948299319727891,0.9916457811194653,0.9963680387409201,0.9924749163879598,0.9920601755119097,0.6281315622821687,0.8571428571428571,0.9629629629629629,0.7777777777777778,0.7647058823529411,0.8524590163934426
50,0.0006242983263808771,1.0,1.0,1.0,1.0,1.0,0.7541478083779415,0.8412698412698413,0.9629629629629629,0.75,0.7428571428571429,0.8387096774193549
51,0.0002947619167122068,1.0,1.0,1.0,1.0,1.0,0.8373418340370768,0.8253968253968254,0.9629629629629629,0.7222222222222222,0.7222222222222222,0.8253968253968254
52,0.00022319682104018877,1.0,1.0,1.0,1.0,1.0,0.7266196445247809,0.8571428571428571,0.9629629629629629,0.7777777777777778,0.7647058823529411,0.8524590163934426
53,0.0001911647765553512,1.0,1.0,1.0,1.0,1.0,0.8716477286902123,0.8253968253968254,0.9629629629629629,0.7222222222222222,0.7222222222222222,0.8253968253968254
54,0.00015959223846787727,1.0,1.0,1.0,1.0,1.0,0.8383468400006966,0.8412698412698413,1.0,0.7222222222222222,0.7297297297297297,0.84375
55,0.00011120440526938678,1.0,1.0,1.0,1.0,1.0,0.8281567506455181,0.873015873015873,1.0,0.7777777777777778,0.7714285714285715,0.8709677419354839
56,0.00011317443916713501,1.0,1.0,1.0,1.0,1.0,0.8573046143380149,0.8571428571428571,1.0,0.75,0.75,0.8571428571428571
57,6.610424740478155e-05,1.0,1.0,1.0,1.0,1.0,0.8651440355548864,0.8571428571428571,1.0,0.75,0.75,0.8571428571428571
58,5.244529658578476e-05,1.0,1.0,1.0,1.0,1.0,0.9908634658479261,0.8412698412698413,1.0,0.7222222222222222,0.7297297297297297,0.84375
59,4.0025996414956015e-05,1.0,1.0,1.0,1.0,1.0,1.0448505384547244,0.8412698412698413,1.0,0.7222222222222222,0.7297297297297297,0.84375
60,0.01965068527744981,0.9961904761904762,0.9958228905597326,0.9963680387409201,0.9925062447960034,0.994161801501251,0.6552654133577432,0.7777777777777778,0.8518518518518519,0.7222222222222222,0.696969696969697,0.7666666666666667
61,0.0036237175993860515,0.9994557823129252,1.0,0.9991928974979822,0.9983319432860718,0.9991652754590985,1.0777403465102589,0.7777777777777778,0.8888888888888888,0.6944444444444444,0.6857142857142857,0.7741935483870968
62,0.11195136389384668,0.9604617604617605,0.9516594516594516,0.9663299663299664,0.9496040316774658,0.9506306306306306,0.10477027657722669,0.9682539682539683,1.0,0.9444444444444444,0.9310344827586207,0.9642857142857143
63,0.003521070489438162,0.9994557823129252,0.9991645781119465,0.9995964487489911,0.9991645781119465,0.9991645781119465,0.22911920792807544,0.9206349206349206,0.9259259259259259,0.9166666666666666,0.8928571428571429,0.9090909090909091
64,0.0008003361536139229,1.0,1.0,1.0,1.0,1.0,0.32155547036405,0.9047619047619048,0.9259259259259259,0.8888888888888888,0.8620689655172413,0.8928571428571429
65,0.00041067129476977905,1.0,1.0,1.0,1.0,1.0,0.3517844806728323,0.9047619047619048,0.9259259259259259,0.8888888888888888,0.8620689655172413,0.8928571428571429
66,0.00030370473359999734,1.0,1.0,1.0,1.0,1.0,0.35958427734236925,0.9047619047619048,0.9259259259259259,0.8888888888888888,0.8620689655172413,0.8928571428571429
67,0.00023178922829731387,1.0,1.0,1.0,1.0,1.0,0.3601446784607741,0.9047619047619048,0.9259259259259259,0.8888888888888888,0.8620689655172413,0.8928571428571429
68,0.00016468561792169653,1.0,1.0,1.0,1.0,1.0,0.41505685918188345,0.9047619047619048,0.9259259259259259,0.8888888888888888,0.8620689655172413,0.8928571428571429
69,0.0037282140300704996,0.9994557823129252,0.9991645781119465,0.9995964487489911,0.9991645781119465,0.9991645781119465,0.5390372274975691,0.8571428571428571,0.9259259259259259,0.8055555555555556,0.78125,0.847457627118644
70,0.0010553224264924434,0.9997278911564625,1.0,0.9995964487489911,0.9991652754590985,0.9995824634655532,0.7764618313383489,0.8412698412698413,0.9259259259259259,0.7777777777777778,0.7575757575757576,0.8333333333333334
71,0.00017899815194098102,1.0,1.0,1.0,1.0,1.0,0.8227224464524567,0.8412698412698413,0.9259259259259259,0.7777777777777778,0.7575757575757576,0.8333333333333334
72,0.002714441353077034,0.9991836734693877,0.9991645781119465,0.9991928974979822,0.998330550918197,0.9987473903966597,0.8710237782363529,0.8095238095238095,0.8518518518518519,0.7777777777777778,0.7419354838709677,0.7931034482758621
73,0.00581247947487638,0.9978231292517007,0.9966583124477861,0.9983857949959645,0.9966583124477861,0.9966583124477861,0.8488915946061116,0.8253968253968254,0.9259259259259259,0.75,0.7352941176470589,0.819672131147541
74,0.0019396915552831971,0.9994557823129252,0.9991645781119465,0.9995964487489911,0.9991645781119465,0.9991645781119465,0.8384335495583299,0.8253968253968254,0.8888888888888888,0.7777777777777778,0.75,0.8135593220338984
75,0.000522836768339613,0.9997278911564625,0.9991645781119465,1.0,1.0,0.9995821145006268,1.067307082784643,0.8095238095238095,0.9629629629629629,0.6944444444444444,0.7027027027027027,0.8125
76,0.0025057185547692437,0.9994557823129252,0.9991645781119465,0.9995964487489911,0.9991645781119465,0.9991645781119465,1.033757655777865,0.7777777777777778,0.9259259259259259,0.6666666666666666,0.6756756756756757,0.78125
77,0.0005490389718202127,1.0,1.0,1.0,1.0,1.0,1.2139229329657697,0.7777777777777778,0.9259259259259259,0.6666666666666666,0.6756756756756757,0.78125
78,0.0028436207187818967,0.9991836734693877,0.9983291562238931,0.9995964487489911,0.9991638795986622,0.9987463435018805,1.5331142405195841,0.7619047619047619,0.9259259259259259,0.6388888888888888,0.6578947368421053,0.7692307692307693
79,0.00407951061396074,0.9989115646258503,0.9991645781119465,0.9987893462469734,0.9974979149291076,0.998330550918197,1.3941030191730648,0.7301587301587301,0.9629629629629629,0.5555555555555556,0.6190476190476191,0.7536231884057971
80,0.00019727648307330157,1.0,1.0,1.0,1.0,1.0,1.6778111431104619,0.7142857142857143,0.9629629629629629,0.5277777777777778,0.6046511627906976,0.7428571428571429
81,0.009427078442941467,0.9980952380952381,0.9958228905597326,0.9991928974979822,0.998324958123953,0.9970723546633208,1.1277487126607744,0.7777777777777778,0.9629629629629629,0.6388888888888888,0.6666666666666666,0.7878787878787878
82,0.0009169914833761809,0.9997278911564625,0.9991645781119465,1.0,1.0,0.9995821145006268,1.4489779721886393,0.746031746031746,1.0,0.5555555555555556,0.627906976744186,0.7714285714285715
83,0.002978755173447216,0.9991836734693877,0.9991645781119465,0.9991928974979822,0.998330550918197,0.9987473903966597,1.168504813996454,0.7777777777777778,0.9629629629629629,0.6388888888888888,0.6666666666666666,0.7878787878787878
84,0.0016317726324211813,0.9994557823129252,0.9991645781119465,0.9995964487489911,0.9991645781119465,0.9991645781119465,1.0805613070667264,0.7777777777777778,0.9259259259259259,0.6666666666666666,0.6756756756756757,0.78125
85,0.0002875959439985482,1.0,1.0,1.0,1.0,1.0,1.2321481059955817,0.7777777777777778,0.9629629629629629,0.6388888888888888,0.6666666666666666,0.7878787878787878
86,0.0001101934104442581,1.0,1.0,1.0,1.0,1.0,1.3782915516963437,0.7777777777777778,0.9629629629629629,0.6388888888888888,0.6666666666666666,0.7878787878787878
87,8.740230537095697e-05,1.0,1.0,1.0,1.0,1.0,1.2665030905267312,0.8095238095238095,0.9629629629629629,0.6944444444444444,0.7027027027027027,0.8125
88,7.195631567377686e-05,1.0,1.0,1.0,1.0,1.0,1.2682384485979417,0.7936507936507936,0.9259259259259259,0.6944444444444444,0.6944444444444444,0.7936507936507936
89,4.167526715304319e-05,1.0,1.0,1.0,1.0,1.0,1.4435228664688544,0.7777777777777778,0.9629629629629629,0.6388888888888888,0.6666666666666666,0.7878787878787878
90,3.664133637883634e-05,1.0,1.0,1.0,1.0,1.0,1.4914074708885026,0.7777777777777778,0.9629629629629629,0.6388888888888888,0.6666666666666666,0.7878787878787878
91,0.0068071550288992255,0.9970068027210884,0.9941520467836257,0.9983857949959645,0.9966499162479062,0.9953994144709327,1.3297613667885935,0.7142857142857143,1.0,0.5,0.6,0.75
92,0.0019697895540371157,0.9989115646258503,0.9983291562238931,0.9991928974979822,0.9983291562238931,0.9983291562238931,1.3713086044548877,0.7777777777777778,0.9629629629629629,0.6388888888888888,0.6666666666666666,0.7878787878787878
93,0.00018274938095681534,1.0,1.0,1.0,1.0,1.0,1.1534011393641344,0.7777777777777778,0.9259259259259259,0.6666666666666666,0.6756756756756757,0.78125
94,0.003285093721114004,0.998639455782313,0.9983291562238931,0.9987893462469734,0.9974958263772955,0.9979123173277662,1.1134913808828781,0.7936507936507936,0.8888888888888888,0.7222222222222222,0.7058823529411765,0.7868852459016393
95,0.15182123858626786,0.9438672438672439,0.924963924963925,0.9564694564694565,0.9340619307832423,0.9294906652166032,0.23854346329434997,0.9206349206349206,0.9629629629629629,0.8888888888888888,0.8666666666666667,0.9122807017543859
96,0.0029025916728748604,0.9994557823129252,0.9991645781119465,0.9995964487489911,0.9991645781119465,0.9991645781119465,0.31393883584274185,0.9047619047619048,1.0,0.8333333333333334,0.8181818181818182,0.9
97,0.05505563738568744,0.978932178932179,0.9733044733044733,0.9826839826839827,0.9740072202166065,0.9736557199566943,0.14028113808423753,0.9047619047619048,0.8888888888888888,0.9166666666666666,0.8888888888888888,0.8888888888888888
98,0.002774144431598307,0.9991836734693877,0.9991645781119465,0.9991928974979822,0.998330550918197,0.9987473903966597,0.24001885705169232,0.9365079365079365,1.0,0.8888888888888888,0.8709677419354839,0.9310344827586207
99,0.0007889547114391957,1.0,1.0,1.0,1.0,1.0,0.2865409750993999,0.8888888888888888,0.9629629629629629,0.8333333333333334,0.8125,0.8813559322033898
100,0.0003223920568307469,1.0,1.0,1.0,1.0,1.0,0.28866283240402857,0.9047619047619048,0.9629629629629629,0.8611111111111112,0.8387096774193549,0.896551724137931
101,0.00023670537711270026,1.0,1.0,1.0,1.0,1.0,0.32576912368411226,0.9047619047619048,0.9629629629629629,0.8611111111111112,0.8387096774193549,0.896551724137931
102,0.0018072137602773808,0.9994557823129252,0.9991645781119465,0.9995964487489911,0.9991645781119465,0.9991645781119465,0.32594845768448616,0.8888888888888888,0.9259259259259259,0.8611111111111112,0.8333333333333334,0.8771929824561403
103,0.00023654136968678384,1.0,1.0,1.0,1.0,1.0,0.4269695628567466,0.8888888888888888,0.9259259259259259,0.8611111111111112,0.8333333333333334,0.8771929824561403
104,0.00015105755230709658,1.0,1.0,1.0,1.0,1.0,0.42871587942003286,0.873015873015873,0.9259259259259259,0.8333333333333334,0.8064516129032258,0.8620689655172413
105,0.00011849547914855164,1.0,1.0,1.0,1.0,1.0,0.45095449113675085,0.8888888888888888,0.9629629629629629,0.8333333333333334,0.8125,0.8813559322033898
106,8.262315927470121e-05,1.0,1.0,1.0,1.0,1.0,0.47356793018832194,0.8888888888888888,1.0,0.8055555555555556,0.7941176470588235,0.8852459016393442
107,0.00013254199074470393,1.0,1.0,1.0,1.0,1.0,0.5999381475830599,0.873015873015873,0.9259259259259259,0.8333333333333334,0.8064516129032258,0.8620689655172413
108,7.849831737737887e-05,1.0,1.0,1.0,1.0,1.0,0.5669431305836446,0.873015873015873,0.9259259259259259,0.8333333333333334,0.8064516129032258,0.8620689655172413
109,6.499814709789208e-05,1.0,1.0,1.0,1.0,1.0,0.602354003793268,0.8888888888888888,1.0,0.8055555555555556,0.7941176470588235,0.8852459016393442
110,6.355037307893865e-05,1.0,1.0,1.0,1.0,1.0,0.6261430939882143,0.873015873015873,0.9259259259259259,0.8333333333333334,0.8064516129032258,0.8620689655172413
111,3.624055750021528e-05,1.0,1.0,1.0,1.0,1.0,0.7003774700791664,0.8571428571428571,0.9629629629629629,0.7777777777777778,0.7647058823529411,0.8524590163934426
112,0.007039342833810397,0.9980952380952381,0.9966583124477861,0.9987893462469734,0.9974916387959866,0.9970748015043878,1.2041383084087145,0.746031746031746,0.9629629629629629,0.5833333333333334,0.6341463414634146,0.7647058823529411
113,0.08372433686717635,0.9673881673881674,0.9577922077922078,0.9737854737854738,0.9605643994211288,0.9591763005780347,0.3028575707733306,0.9206349206349206,0.9259259259259259,0.9166666666666666,0.8928571428571429,0.9090909090909091
114,0.0031267704346575964,0.9994557823129252,0.9991645781119465,0.9995964487489911,0.9991645781119465,0.9991645781119465,0.3099509863227251,0.873015873015873,0.9259259259259259,0.8333333333333334,0.8064516129032258,0.8620689655172413
115,0.0005635354486092145,1.0,1.0,1.0,1.0,1.0,0.35453873138046926,0.873015873015873,0.8888888888888888,0.8611111111111112,0.8275862068965517,0.8571428571428571
116,0.0003339679532115772,1.0,1.0,1.0,1.0,1.0,0.37663213703929194,0.873015873015873,0.9259259259259259,0.8333333333333334,0.8064516129032258,0.8620689655172413
117,0.04367110895973658,0.9835497835497835,0.9808802308802309,0.9853294853294853,0.9780575539568346,0.9794668587896254,0.47934902510199223,0.8412698412698413,0.8888888888888888,0.8055555555555556,0.7741935483870968,0.8275862068965517
118,0.0032198376260099133,0.9991836734693877,0.9991645781119465,0.9991928974979822,0.998330550918197,0.9987473903966597,0.38449029944049906,0.8253968253968254,0.8148148148148148,0.8333333333333334,0.7857142857142857,0.8
119,0.0007790083283095994,1.0,1.0,1.0,1.0,1.0,0.5530988440058002,0.8888888888888888,0.9629629629629629,0.8333333333333334,0.8125,0.8813559322033898
120,0.00025304192776726814,1.0,1.0,1.0,1.0,1.0,0.4703568918076122,0.873015873015873,0.9259259259259259,0.8333333333333334,0.8064516129032258,0.8620689655172413
121,0.00030721784160681525,1.0,1.0,1.0,1.0,1.0,0.6658009556491696,0.8888888888888888,0.9629629629629629,0.8333333333333334,0.8125,0.8813559322033898
122,0.00023577632090879833,1.0,1.0,1.0,1.0,1.0,0.5670283495149177,0.8888888888888888,0.9629629629629629,0.8333333333333334,0.8125,0.8813559322033898
123,0.00014262501178978512,1.0,1.0,1.0,1.0,1.0,0.6538823555474953,0.9047619047619048,1.0,0.8333333333333334,0.8181818181818182,0.9
124,0.00012818659513324165,1.0,1.0,1.0,1.0,1.0,0.6863068275057548,0.9047619047619048,1.0,0.8333333333333334,0.8181818181818182,0.9
125,8.837659589745909e-05,1.0,1.0,1.0,1.0,1.0,0.6860871835369691,0.9047619047619048,1.0,0.8333333333333334,0.8181818181818182,0.9
126,7.594877804394298e-05,1.0,1.0,1.0,1.0,1.0,0.7086473032397899,0.9047619047619048,1.0,0.8333333333333334,0.8181818181818182,0.9
127,5.5259676067297964e-05,1.0,1.0,1.0,1.0,1.0,0.6062129337792396,0.9047619047619048,1.0,0.8333333333333334,0.8181818181818182,0.9
128,4.368790581620055e-05,1.0,1.0,1.0,1.0,1.0,0.6165663095141228,0.8888888888888888,0.9629629629629629,0.8333333333333334,0.8125,0.8813559322033898
129,4.27996051355406e-05,1.0,1.0,1.0,1.0,1.0,0.669959402081394,0.9047619047619048,1.0,0.8333333333333334,0.8181818181818182,0.9
130,3.122563098308475e-05,1.0,1.0,1.0,1.0,1.0,0.7041682494852307,0.9047619047619048,1.0,0.8333333333333334,0.8181818181818182,0.9
131,3.4212197503193796e-05,1.0,1.0,1.0,1.0,1.0,0.805829723698682,0.8888888888888888,1.0,0.8055555555555556,0.7941176470588235,0.8852459016393442
132,2.5263453902830932e-05,1.0,1.0,1.0,1.0,1.0,0.7577444381863138,0.9047619047619048,1.0,0.8333333333333334,0.8181818181818182,0.9
133,1.728461779185593e-05,1.0,1.0,1.0,1.0,1.0,0.8290498231808814,0.8888888888888888,1.0,0.8055555555555556,0.7941176470588235,0.8852459016393442
134,1.4747320194988033e-05,1.0,1.0,1.0,1.0,1.0,0.9396136906935781,0.8888888888888888,1.0,0.8055555555555556,0.7941176470588235,0.8852459016393442
135,0.07423593448227221,0.9735930735930736,0.9668109668109668,0.9781144781144782,0.9671598700830025,0.9669853869745625,0.2610498450489508,0.8888888888888888,0.9629629629629629,0.8333333333333334,0.8125,0.8813559322033898
136,0.002055277545971251,0.9997278911564625,1.0,0.9995964487489911,0.9991652754590985,0.9995824634655532,0.2536057869401125,0.9365079365079365,0.9629629629629629,0.9166666666666666,0.896551724137931,0.9285714285714286
137,0.00048766386023145264,1.0,1.0,1.0,1.0,1.0,0.2867986757441291,0.9206349206349206,0.9629629629629629,0.8888888888888888,0.8666666666666667,0.9122807017543859
138,0.033747310131908535,0.988023088023088,0.9862914862914863,0.9891774891774892,0.9838071248650594,0.9850477391460998,0.3156415925375999,0.9206349206349206,0.9629629629629629,0.8888888888888888,0.8666666666666667,0.9122807017543859
139,0.003184641050316392,0.9994557823129252,1.0,0.9991928974979822,0.9983319432860718,0.9991652754590985,0.4345484171358366,0.8571428571428571,0.9259259259259259,0.8055555555555556,0.78125,0.847457627118644
140,0.0004194957001861755,1.0,1.0,1.0,1.0,1.0,0.39596705768434776,0.873015873015873,0.9259259259259259,0.8333333333333334,0.8064516129032258,0.8620689655172413
141,0.023071985167240714,0.9930735930735931,0.9920634920634921,0.9937469937469937,0.9906340057636888,0.9913482335976929,0.258575853485141,0.9206349206349206,0.9629629629629629,0.8888888888888888,0.8666666666666667,0.9122807017543859
142,0.0005999487769401151,1.0,1.0,1.0,1.0,1.0,0.2959828572551025,0.9047619047619048,0.8888888888888888,0.9166666666666666,0.8888888888888888,0.8888888888888888
143,0.0005956132682400667,0.9997278911564625,0.9991645781119465,1.0,1.0,0.9995821145006268,0.3361328097415112,0.8888888888888888,0.8888888888888888,0.8888888888888888,0.8571428571428571,0.8727272727272727
144,0.0004634283190940786,0.9997278911564625,0.9991645781119465,1.0,1.0,0.9995821145006268,0.3085410495007795,0.9206349206349206,0.9259259259259259,0.9166666666666666,0.8928571428571429,0.9090909090909091
145,0.00022415526514476145,1.0,1.0,1.0,1.0,1.0,0.4890275470531797,0.873015873015873,0.9629629629629629,0.8055555555555556,0.7878787878787878,0.8666666666666667
146,9.678270378881403e-05,1.0,1.0,1.0,1.0,1.0,0.624753745468629,0.8412698412698413,0.9259259259259259,0.7777777777777778,0.7575757575757576,0.8333333333333334
147,0.00010238917693468033,1.0,1.0,1.0,1.0,1.0,0.539643847152576,0.8412698412698413,0.8888888888888888,0.8055555555555556,0.7741935483870968,0.8275862068965517
148,6.965225451334053e-05,1.0,1.0,1.0,1.0,1.0,0.5564673397161569,0.8412698412698413,0.8888888888888888,0.8055555555555556,0.7741935483870968,0.8275862068965517
149,0.00019283407704885272,1.0,1.0,1.0,1.0,1.0,0.9507009910922202,0.8253968253968254,0.8888888888888888,0.7777777777777778,0.75,0.8135593220338984
150,5.44124759896792e-05,1.0,1.0,1.0,1.0,1.0,0.852095998391243,0.7936507936507936,0.8518518518518519,0.75,0.71875,0.7796610169491526
151,3.31894701146196e-05,1.0,1.0,1.0,1.0,1.0,0.9221776575404441,0.8253968253968254,0.9259259259259259,0.75,0.7352941176470589,0.819672131147541
152,2.9585157931777057e-05,1.0,1.0,1.0,1.0,1.0,0.9326542192268081,0.8412698412698413,0.8888888888888888,0.8055555555555556,0.7741935483870968,0.8275862068965517
153,2.6457177554140404e-05,1.0,1.0,1.0,1.0,1.0,0.9484098907800332,0.8412698412698413,0.8888888888888888,0.8055555555555556,0.7741935483870968,0.8275862068965517
154,2.461352690651048e-05,1.0,1.0,1.0,1.0,1.0,0.9074361458400427,0.8412698412698413,0.8888888888888888,0.8055555555555556,0.7741935483870968,0.8275862068965517
155,2.0173610187868974e-05,1.0,1.0,1.0,1.0,1.0,1.030130561658307,0.8253968253968254,0.8888888888888888,0.7777777777777778,0.75,0.8135593220338984
156,1.11086494934523e-05,1.0,1.0,1.0,1.0,1.0,1.0013421419000859,0.8412698412698413,0.8888888888888888,0.8055555555555556,0.7741935483870968,0.8275862068965517
157,1.216195626592194e-05,1.0,1.0,1.0,1.0,1.0,1.0710300519519176,0.8412698412698413,0.8888888888888888,0.8055555555555556,0.7741935483870968,0.8275862068965517
158,1.0151098095237252e-05,1.0,1.0,1.0,1.0,1.0,0.9569390805219651,0.8571428571428571,0.9259259259259259,0.8055555555555556,0.78125,0.847457627118644
159,7.118268118933482e-06,1.0,1.0,1.0,1.0,1.0,1.056528049405195,0.8571428571428571,0.9259259259259259,0.8055555555555556,0.78125,0.847457627118644
160,1.1914808757778485e-05,1.0,1.0,1.0,1.0,1.0,1.1003786710128816,0.8412698412698413,0.8888888888888888,0.8055555555555556,0.7741935483870968,0.8275862068965517
161,9.017731398405416e-06,1.0,1.0,1.0,1.0,1.0,1.116979388084488,0.8571428571428571,0.9259259259259259,0.8055555555555556,0.78125,0.847457627118644
162,6.936675544274399e-06,1.0,1.0,1.0,1.0,1.0,1.0900097181501411,0.8253968253968254,0.8518518518518519,0.8055555555555556,0.7666666666666667,0.8070175438596491
163,4.634368190933816e-06,1.0,1.0,1.0,1.0,1.0,1.1045038984198146,0.8571428571428571,0.9259259259259259,0.8055555555555556,0.78125,0.847457627118644
164,0.010146755569660632,0.9975510204081632,0.9958228905597326,0.9983857949959645,0.9966555183946488,0.9962390305056414,0.6765770662782921,0.8253968253968254,0.9259259259259259,0.75,0.7352941176470589,0.819672131147541
165,0.0025930159701886557,0.9994557823129252,0.9991645781119465,0.9995964487489911,0.9991645781119465,0.9991645781119465,1.0931765502170911,0.7936507936507936,0.9259259259259259,0.6944444444444444,0.6944444444444444,0.7936507936507936
166,7.443389476282478e-05,1.0,1.0,1.0,1.0,1.0,1.093626120807751,0.7936507936507936,0.9259259259259259,0.6944444444444444,0.6944444444444444,0.7936507936507936
167,5.219355584708277e-05,1.0,1.0,1.0,1.0,1.0,1.0974643260595345,0.8095238095238095,0.9259259259259259,0.7222222222222222,0.7142857142857143,0.8064516129032258
168,5.443850010235518e-05,1.0,1.0,1.0,1.0,1.0,1.186072547801785,0.7936507936507936,0.9259259259259259,0.6944444444444444,0.6944444444444444,0.7936507936507936
169,3.3099438289948974e-05,1.0,1.0,1.0,1.0,1.0,1.178709123172753,0.8253968253968254,0.9259259259259259,0.75,0.7352941176470589,0.819672131147541
170,2.8596195478384702e-05,1.0,1.0,1.0,1.0,1.0,1.2834651209561834,0.8095238095238095,0.9259259259259259,0.7222222222222222,0.7142857142857143,0.8064516129032258
171,1.985080355781702e-05,1.0,1.0,1.0,1.0,1.0,1.3250620608450845,0.8095238095238095,0.9259259259259259,0.7222222222222222,0.7142857142857143,0.8064516129032258
172,1.639932313955054e-05,1.0,1.0,1.0,1.0,1.0,1.4018732333677777,0.7936507936507936,0.8888888888888888,0.7222222222222222,0.7058823529411765,0.7868852459016393
173,2.112872430294052e-05,1.0,1.0,1.0,1.0,1.0,1.4530230382797382,0.7777777777777778,0.8888888888888888,0.6944444444444444,0.6857142857142857,0.7741935483870968
174,1.321240341579197e-05,1.0,1.0,1.0,1.0,1.0,1.5087684710941551,0.7619047619047619,0.8888888888888888,0.6666666666666666,0.6666666666666666,0.7619047619047619
175,1.3146910675156201e-05,1.0,1.0,1.0,1.0,1.0,1.638880481637205,0.7619047619047619,0.8888888888888888,0.6666666666666666,0.6666666666666666,0.7619047619047619
176,0.009855015981813119,0.9978231292517007,0.9983291562238931,0.9975786924939467,0.9950041631973355,0.9966638865721434,0.7348863270192866,0.7777777777777778,0.8888888888888888,0.6944444444444444,0.6857142857142857,0.7741935483870968
177,0.0006109212769700695,0.9997278911564625,0.9991645781119465,1.0,1.0,0.9995821145006268,1.3984907174645553,0.7619047619047619,1.0,0.5833333333333334,0.6428571428571429,0.782608695652174
178,0.0001281047133363777,1.0,1.0,1.0,1.0,1.0,1.4041694139817817,0.7619047619047619,1.0,0.5833333333333334,0.6428571428571429,0.782608695652174
179,5.8106909030660366e-05,1.0,1.0,1.0,1.0,1.0,1.4097282209670141,0.7619047619047619,1.0,0.5833333333333334,0.6428571428571429,0.782608695652174
180,0.00021589293929159825,1.0,1.0,1.0,1.0,1.0,1.3718208224209587,0.7619047619047619,0.9259259259259259,0.6388888888888888,0.6578947368421053,0.7692307692307693
181,4.063128512831829e-05,1.0,1.0,1.0,1.0,1.0,1.437256726380881,0.7777777777777778,0.9629629629629629,0.6388888888888888,0.6666666666666666,0.7878787878787878
182,0.0040537687665049334,0.9991836734693877,0.9991645781119465,0.9991928974979822,0.998330550918197,0.9987473903966597,0.8549755497721009,0.7936507936507936,0.9629629629629629,0.6666666666666666,0.6842105263157895,0.8
183,0.0007777812461674428,0.9997278911564625,0.9991645781119465,1.0,1.0,0.9995821145006268,1.0879883168945237,0.8095238095238095,1.0,0.6666666666666666,0.6923076923076923,0.8181818181818182
184,7.181179974315059e-05,1.0,1.0,1.0,1.0,1.0,1.1635494820241417,0.7936507936507936,0.9629629629629629,0.6666666666666666,0.6842105263157895,0.8
185,0.0033207250837516593,0.9991836734693877,0.9991645781119465,0.9991928974979822,0.998330550918197,0.9987473903966597,0.786287100989342,0.7777777777777778,0.9629629629629629,0.6388888888888888,0.6666666666666666,0.7878787878787878
186,0.00011515687212968074,1.0,1.0,1.0,1.0,1.0,0.9037629770602853,0.746031746031746,0.9629629629629629,0.5833333333333334,0.6341463414634146,0.7647058823529411
187,0.0929275806404786,0.9673881673881674,0.9603174603174603,0.9721019721019721,0.9582433405327574,0.9592792792792793,0.2091764666672264,0.9523809523809523,0.9629629629629629,0.9444444444444444,0.9285714285714286,0.9454545454545454
188,0.001720163037736748,0.9991836734693877,0.9991645781119465,0.9991928974979822,0.998330550918197,0.9987473903966597,0.2582821227658156,0.9365079365079365,0.9629629629629629,0.9166666666666666,0.896551724137931,0.9285714285714286
189,0.022895588583309905,0.990909090909091,0.9888167388167388,0.9923039923039924,0.988460151460512,0.9886384129846709,0.28437894831840244,0.9047619047619048,0.9259259259259259,0.8888888888888888,0.8620689655172413,0.8928571428571429
190,0.013256741188123686,0.9955266955266955,0.9938672438672439,0.9966329966329966,0.9949440231130372,0.9944053419960296,0.2532749665819759,0.9365079365079365,0.9259259259259259,0.9444444444444444,0.9259259259259259,0.9259259259259259
191,0.0009430178385213565,0.9997278911564625,0.9991645781119465,1.0,1.0,0.9995821145006268,0.2837054437480956,0.9365079365079365,0.9629629629629629,0.9166666666666666,0.896551724137931,0.9285714285714286
192,0.0029879677942512496,0.9994557823129252,0.9991645781119465,0.9995964487489911,0.9991645781119465,0.9991645781119465,0.38053621146421407,0.8888888888888888,0.8888888888888888,0.8888888888888888,0.8571428571428571,0.8727272727272727
193,0.00045894933814161296,1.0,1.0,1.0,1.0,1.0,0.46277434692998964,0.9047619047619048,0.9259259259259259,0.8888888888888888,0.8620689655172413,0.8928571428571429
194,0.00014354476087380575,1.0,1.0,1.0,1.0,1.0,0.46507680229103515,0.9047619047619048,0.9259259259259259,0.8888888888888888,0.8620689655172413,0.8928571428571429
195,0.00011044732433467387,1.0,1.0,1.0,1.0,1.0,0.5225556260713983,0.8888888888888888,0.9259259259259259,0.8611111111111112,0.8333333333333334,0.8771929824561403
196,9.576356753672879e-05,1.0,1.0,1.0,1.0,1.0,0.4592495829325228,0.8888888888888888,0.9259259259259259,0.8611111111111112,0.8333333333333334,0.8771929824561403
197,5.680361816098876e-05,1.0,1.0,1.0,1.0,1.0,0.49466836527692126,0.8888888888888888,0.9259259259259259,0.8611111111111112,0.8333333333333334,0.8771929824561403
198,0.00012282538146352642,1.0,1.0,1.0,1.0,1.0,0.5601117776185718,0.8888888888888888,0.9259259259259259,0.8611111111111112,0.8333333333333334,0.8771929824561403
199,0.040892087429020896,0.9852813852813853,0.9808802308802309,0.9882154882154882,0.9822976878612717,0.9815884476534296,0.36816827661638696,0.9206349206349206,0.8518518518518519,0.9722222222222222,0.9583333333333334,0.9019607843137255
200,0.006229212519350037,0.9978231292517007,0.9949874686716792,0.9991928974979822,0.9983235540653814,0.9966527196652719,0.30070170651315636,0.873015873015873,0.9259259259259259,0.8333333333333334,0.8064516129032258,0.8620689655172413
201,0.01898683674576303,0.9935064935064936,0.990981240981241,0.9951899951899952,0.9927719551861222,0.9918757898537642,0.21841551236335247,0.9682539682539683,1.0,0.9444444444444444,0.9310344827586207,0.9642857142857143
202,0.017331386123262116,0.9940836940836941,0.9913419913419913,0.9959114959114959,0.9938517179023508,0.9925952681957739,0.13716122053659682,0.9523809523809523,1.0,0.9166666666666666,0.9,0.9473684210526315
203,0.007760906205064897,0.997979797979798,0.9974747474747475,0.9983164983164983,0.9974747474747475,0.9974747474747475,0.31279219674234765,0.9206349206349206,0.9629629629629629,0.8888888888888888,0.8666666666666667,0.9122807017543859
204,0.0011880540721369694,0.9997278911564625,1.0,0.9995964487489911,0.9991652754590985,0.9995824634655532,0.25193061078307294,0.9047619047619048,0.9259259259259259,0.8888888888888888,0.8620689655172413,0.8928571428571429
205,0.00016117593411912155,1.0,1.0,1.0,1.0,1.0,0.2804877221000396,0.9047619047619048,0.9259259259259259,0.8888888888888888,0.8620689655172413,0.8928571428571429
206,0.01905504072201438,0.9933621933621933,0.9913419913419913,0.9947089947089947,0.992057761732852,0.991699747383616,0.1554537624349847,0.9365079365079365,0.9629629629629629,0.9166666666666666,0.896551724137931,0.9285714285714286
207,0.0015827974365172502,0.9997278911564625,1.0,0.9995964487489911,0.9991652754590985,0.9995824634655532,0.16811356870161873,0.8888888888888888,0.9259259259259259,0.8611111111111112,0.8333333333333334,0.8771929824561403
208,0.0002683085472391107,1.0,1.0,1.0,1.0,1.0,0.2905044459168696,0.9047619047619048,1.0,0.8333333333333334,0.8181818181818182,0.9
209,0.00013987326201508424,1.0,1.0,1.0,1.0,1.0,0.28425151162544293,0.9047619047619048,1.0,0.8333333333333334,0.8181818181818182,0.9
210,0.00011935118914183489,1.0,1.0,1.0,1.0,1.0,0.3344545602569327,0.9047619047619048,1.0,0.8333333333333334,0.8181818181818182,0.9
211,0.026404380599167592,0.9913419913419913,0.9891774891774892,0.9927849927849928,0.9891774891774892,0.9891774891774892,0.06780929855322318,0.9682539682539683,1.0,0.9444444444444444,0.9310344827586207,0.9642857142857143
212,0.0011300001782132512,1.0,1.0,1.0,1.0,1.0,0.1515865491108141,0.9523809523809523,1.0,0.9166666666666666,0.9,0.9473684210526315
213,0.00023190513029884623,1.0,1.0,1.0,1.0,1.0,0.16466424494264795,0.9523809523809523,1.0,0.9166666666666666,0.9,0.9473684210526315
214,0.00015699732474916216,1.0,1.0,1.0,1.0,1.0,0.1693456360390262,0.9523809523809523,1.0,0.9166666666666666,0.9,0.9473684210526315
215,0.016751440932714176,0.9943722943722944,0.9927849927849928,0.9954304954304954,0.9931432695777698,0.9929640988634314,0.26781089799404734,0.9206349206349206,0.9259259259259259,0.9166666666666666,0.8928571428571429,0.9090909090909091
216,0.0008323564620127863,0.9997278911564625,0.9991645781119465,1.0,1.0,0.9995821145006268,0.3667924042942653,0.873015873015873,0.9629629629629629,0.8055555555555556,0.7878787878787878,0.8666666666666667
217,0.012632792933646561,0.9968253968253968,0.9963924963924964,0.9971139971139971,0.9956741167988464,0.9960331770645511,0.2715672424565705,0.9365079365079365,0.9629629629629629,0.9166666666666666,0.896551724137931,0.9285714285714286
218,0.0022731546382677146,0.9994557823129252,0.9991645781119465,0.9995964487489911,0.9991645781119465,0.9991645781119465,0.4592979314426581,0.873015873015873,0.9629629629629629,0.8055555555555556,0.7878787878787878,0.8666666666666667
219,0.0011408097757724253,0.9994557823129252,0.9991645781119465,0.9995964487489911,0.9991645781119465,0.9991645781119465,0.5434556719957895,0.8571428571428571,0.9259259259259259,0.8055555555555556,0.78125,0.847457627118644
220,0.017451500931885234,0.9939393939393939,0.9927849927849928,0.9947089947089947,0.9920692141312184,0.9924269743959611,0.3553178905405932,0.8571428571428571,0.9259259259259259,0.8055555555555556,0.78125,0.847457627118644
221,0.006838207462348795,0.9976911976911977,0.9974747474747475,0.9978354978354979,0.9967555875991349,0.997115037865128,0.2947771699862584,0.8888888888888888,0.8888888888888888,0.8888888888888888,0.8571428571428571,0.8727272727272727
222,0.006674961424572125,0.9978354978354979,0.9974747474747475,0.9980759980759981,0.997115037865128,0.9972948602344455,0.28959265750433716,0.9047619047619048,0.8888888888888888,0.9166666666666666,0.8888888888888888,0.8888888888888888
223,0.010188573787238652,0.9959595959595959,0.9945887445887446,0.9968734968734969,0.9953068592057762,0.9949476723204619,0.2696478130584139,0.9365079365079365,0.9629629629629629,0.9166666666666666,0.896551724137931,0.9285714285714286
224,0.0020594112813388803,0.9991836734693877,0.9991645781119465,0.9991928974979822,0.998330550918197,0.9987473903966597,0.18034598475972574,0.9523809523809523,0.9629629629629629,0.9444444444444444,0.9285714285714286,0.9454545454545454
225,0.007085116161377886,0.9972582972582973,0.9967532467532467,0.9975949975949976,0.99639379733141,0.9965734896302976,0.26146169508149525,0.9365079365079365,0.9629629629629629,0.9166666666666666,0.896551724137931,0.9285714285714286
226,0.009947603240569355,0.9974025974025974,0.9967532467532467,0.9978354978354979,0.9967532467532467,0.9967532467532467,0.38959584945428466,0.9047619047619048,1.0,0.8333333333333334,0.8181818181818182,0.9
227,0.004396790149798053,0.9987012987012988,0.9985569985569985,0.9987974987974988,0.998196898665705,0.9983769161406673,0.16401482362019282,0.9523809523809523,1.0,0.9166666666666666,0.9,0.9473684210526315
228,0.007209353399893718,0.9978354978354979,0.9967532467532467,0.9985569985569985,0.9978331527627302,0.9972929074174337,0.20355251494477253,0.9523809523809523,1.0,0.9166666666666666,0.9,0.9473684210526315
229,0.01185302431510587,0.9953823953823954,0.9942279942279942,0.9961519961519961,0.9942279942279942,0.9942279942279942,0.3742975226366922,0.9206349206349206,1.0,0.8611111111111112,0.84375,0.9152542372881356
230,0.0012247463235184931,0.9991836734693877,0.9991645781119465,0.9991928974979822,0.998330550918197,0.9987473903966597,0.2922964503781663,0.9365079365079365,0.9629629629629629,0.9166666666666666,0.896551724137931,0.9285714285714286
231,0.007589936529063916,0.9971139971139971,0.9967532467532467,0.9973544973544973,0.9960346070656092,0.99639379733141,0.26882738597868455,0.9206349206349206,0.9629629629629629,0.8888888888888888,0.8666666666666667,0.9122807017543859
232,0.00691635859658776,0.9975468975468975,0.9971139971139971,0.9978354978354979,0.996754417598269,0.9969341749323715,0.3452509850270987,0.9206349206349206,0.9629629629629629,0.8888888888888888,0.8666666666666667,0.9122807017543859
233,0.005713208043761938,0.9987012987012988,0.9981962481962482,0.9990379990379991,0.9985564778058462,0.9983763305069457,0.33046668356225367,0.9206349206349206,0.9629629629629629,0.8888888888888888,0.8666666666666667,0.9122807017543859
234,0.000850702367510055,0.9997278911564625,0.9991645781119465,1.0,1.0,0.9995821145006268,0.44029912292691215,0.8571428571428571,0.8888888888888888,0.8333333333333334,0.8,0.8421052631578947
235,0.003176638096351007,0.9997278911564625,1.0,0.9995964487489911,0.9991652754590985,0.9995824634655532,0.42160458945565754,0.9047619047619048,0.8888888888888888,0.9166666666666666,0.8888888888888888,0.8888888888888888
236,0.011454285970952615,0.9962481962481963,0.9956709956709957,0.9966329966329966,0.9949531362653208,0.995311936530833,0.18928009117879566,0.9523809523809523,0.9629629629629629,0.9444444444444444,0.9285714285714286,0.9454545454545454
237,0.000798178867556083,1.0,1.0,1.0,1.0,1.0,0.20304321334327732,0.9365079365079365,0.9629629629629629,0.9166666666666666,0.896551724137931,0.9285714285714286
238,0.0009968553016656775,0.9994557823129252,0.9991645781119465,0.9995964487489911,0.9991645781119465,0.9991645781119465,0.3492350826087955,0.9206349206349206,0.8888888888888888,0.9444444444444444,0.9230769230769231,0.9056603773584906
239,0.010684170711063293,0.9974025974025974,0.9967532467532467,0.9978354978354979,0.9967532467532467,0.9967532467532467,0.16485819696552223,0.9206349206349206,0.8888888888888888,0.9444444444444444,0.9230769230769231,0.9056603773584906
240,0.011580251799924078,0.9962481962481963,0.996031746031746,0.9963924963924964,0.9945965417867435,0.9953136265320837,0.29936779136695557,0.8888888888888888,0.9259259259259259,0.8611111111111112,0.8333333333333334,0.8771929824561403
241,0.0012192126161969354,0.9994557823129252,0.9991645781119465,0.9995964487489911,0.9991645781119465,0.9991645781119465,0.3420050072055014,0.9047619047619048,0.9629629629629629,0.8611111111111112,0.8387096774193549,0.896551724137931
242,0.0010539044489843302,0.9997278911564625,1.0,0.9995964487489911,0.9991652754590985,0.9995824634655532,0.4042488411660232,0.8888888888888888,0.8518518518518519,0.9166666666666666,0.8846153846153846,0.8679245283018868
243,0.004418965131194857,0.9989115646258503,0.9974937343358395,0.9995964487489911,0.999163179916318,0.9983277591973244,0.27366160246587934,0.9047619047619048,0.9259259259259259,0.8888888888888888,0.8620689655172413,0.8928571428571429
244,0.012442414215232114,0.9959595959595959,0.9953102453102453,0.9963924963924964,0.994592645998558,0.994951316263974,0.36192907089559684,0.9047619047619048,0.8888888888888888,0.9166666666666666,0.8888888888888888,0.8888888888888888
245,0.006794282463928524,0.9984126984126984,0.9978354978354979,0.9987974987974988,0.9981955972573078,0.9980155150640447,0.3813032109645151,0.9206349206349206,0.9629629629629629,0.8888888888888888,0.8666666666666667,0.9122807017543859
246,0.001302316606008241,0.9997278911564625,0.9991645781119465,1.0,1.0,0.9995821145006268,0.33146889727666146,0.9365079365079365,0.9629629629629629,0.9166666666666666,0.896551724137931,0.9285714285714286
247,0.007572890419581358,0.9976911976911977,0.9971139971139971,0.9980759980759981,0.9971139971139971,0.9971139971139971,0.23210674861911684,0.9682539682539683,1.0,0.9444444444444444,0.9310344827586207,0.9642857142857143
248,0.0005627886472706648,0.9997278911564625,1.0,0.9995964487489911,0.9991652754590985,0.9995824634655532,0.262370114796333,0.9523809523809523,0.9629629629629629,0.9444444444444444,0.9285714285714286,0.9454545454545454
249,0.00033926525891209684,1.0,1.0,1.0,1.0,1.0,0.3467553544504058,0.9365079365079365,0.9259259259259259,0.9444444444444444,0.9259259259259259,0.9259259259259259
250,0.014939377750999135,0.9952380952380953,0.9931457431457431,0.9966329966329966,0.9949403686302855,0.9940422458927605,0.3600328870723763,0.8888888888888888,0.9259259259259259,0.8611111111111112,0.8333333333333334,0.8771929824561403
251,0.007318502275196265,0.9978354978354979,0.9967532467532467,0.9985569985569985,0.9978331527627302,0.9972929074174337,0.3539240032227503,0.8888888888888888,0.9259259259259259,0.8611111111111112,0.8333333333333334,0.8771929824561403
252,0.0009191981105701713,0.9994557823129252,1.0,0.9991928974979822,0.9983319432860718,0.9991652754590985,0.353561012843062,0.9206349206349206,0.9259259259259259,0.9166666666666666,0.8928571428571429,0.9090909090909091
253,0.00011361456211049705,1.0,1.0,1.0,1.0,1.0,0.4040939404614388,0.9047619047619048,0.9259259259259259,0.8888888888888888,0.8620689655172413,0.8928571428571429
254,0.008918020071619789,0.9963924963924964,0.9956709956709957,0.9968734968734969,0.995311936530833,0.9954914337240758,0.3036325783070915,0.9206349206349206,0.9259259259259259,0.9166666666666666,0.8928571428571429,0.9090909090909091
255,0.007551274092848316,0.9978354978354979,0.9974747474747475,0.9980759980759981,0.997115037865128,0.9972948602344455,0.34225798664059737,0.9206349206349206,0.9629629629629629,0.8888888888888888,0.8666666666666667,0.9122807017543859
256,0.0007724923791938388,0.9997278911564625,0.9991645781119465,1.0,1.0,0.9995821145006268,0.31245312178523615,0.9047619047619048,0.9629629629629629,0.8611111111111112,0.8387096774193549,0.896551724137931
257,0.0001351810396132895,1.0,1.0,1.0,1.0,1.0,0.31629384182763587,0.8888888888888888,0.9629629629629629,0.8333333333333334,0.8125,0.8813559322033898
258,0.008190313517489783,0.996969696969697,0.996031746031746,0.9975949975949976,0.9963911945146157,0.9962114378495399,0.3172115386661885,0.9206349206349206,1.0,0.8611111111111112,0.84375,0.9152542372881356
259,0.003995381593123827,0.9985569985569985,0.9981962481962482,0.9987974987974988,0.9981962481962482,0.9981962481962482,0.32771622790125315,0.9047619047619048,0.9259259259259259,0.8888888888888888,0.8620689655172413,0.8928571428571429
260,0.0005653379439231963,0.9997278911564625,1.0,0.9995964487489911,0.9991652754590985,0.9995824634655532,0.5441062370581287,0.873015873015873,0.9629629629629629,0.8055555555555556,0.7878787878787878,0.8666666666666667
261,0.0029856599503080756,0.9994557823129252,0.9991645781119465,0.9995964487489911,0.9991645781119465,0.9991645781119465,0.4213317337095745,0.8888888888888888,0.9629629629629629,0.8333333333333334,0.8125,0.8813559322033898
262,7.564939636512196e-05,1.0,1.0,1.0,1.0,1.0,0.42044635854766793,0.9047619047619048,0.9629629629629629,0.8611111111111112,0.8387096774193549,0.896551724137931
263,0.0002553597234200301,1.0,1.0,1.0,1.0,1.0,0.4509407838091387,0.9047619047619048,1.0,0.8333333333333334,0.8181818181818182,0.9
264,0.01574262435903973,0.9949494949494949,0.9931457431457431,0.9961519961519961,0.994221740700614,0.9936834506406785,0.2237157372403003,0.9206349206349206,0.9629629629629629,0.8888888888888888,0.8666666666666667,0.9122807017543859
265,0.005140956991538523,0.9985569985569985,0.9981962481962482,0.9987974987974988,0.9981962481962482,0.9981962481962482,0.19187722585740544,0.9365079365079365,1.0,0.8888888888888888,0.8709677419354839,0.9310344827586207
266,0.004477166032279095,0.9987012987012988,0.9981962481962482,0.9990379990379991,0.9985564778058462,0.9983763305069457,0.3371079904027283,0.9047619047619048,0.9259259259259259,0.8888888888888888,0.8620689655172413,0.8928571428571429
267,0.004197061260322686,0.9991341991341991,0.9989177489177489,0.9992784992784993,0.9989177489177489,0.9989177489177489,0.37279331045491354,0.9206349206349206,0.9629629629629629,0.8888888888888888,0.8666666666666667,0.9122807017543859
268,0.001050357500162074,0.9997278911564625,0.9991645781119465,1.0,1.0,0.9995821145006268,0.35541541626056034,0.9047619047619048,1.0,0.8333333333333334,0.8181818181818182,0.9
269,0.008716850313985652,0.9971139971139971,0.9967532467532467,0.9973544973544973,0.9960346070656092,0.99639379733141,0.5195925346324368,0.8888888888888888,0.8888888888888888,0.8888888888888888,0.8571428571428571,0.8727272727272727
270,0.005498707751706076,0.9981240981240981,0.9974747474747475,0.9985569985569985,0.9978347167087694,0.9976546996211438,0.2986899180474529,0.8888888888888888,0.9259259259259259,0.8611111111111112,0.8333333333333334,0.8771929824561403
271,0.0033890973950805917,0.9994557823129252,0.9991645781119465,0.9995964487489911,0.9991645781119465,0.9991645781119465,0.4355947645270221,0.8888888888888888,0.8888888888888888,0.8888888888888888,0.8571428571428571,0.8727272727272727
272,0.0025143910997018804,0.9992784992784993,0.9992784992784993,0.9992784992784993,0.998918139199423,0.9990982867448152,0.2395248858568569,0.9047619047619048,0.9259259259259259,0.8888888888888888,0.8620689655172413,0.8928571428571429
273,0.008178886250011489,0.997979797979798,0.9974747474747475,0.9983164983164983,0.9974747474747475,0.9974747474747475,0.451644586192237,0.9047619047619048,0.9259259259259259,0.8888888888888888,0.8620689655172413,0.8928571428571429
274,0.0034794219663362913,0.998639455782313,0.9983291562238931,0.9987893462469734,0.9974958263772955,0.9979123173277662,0.3163098013379596,0.873015873015873,0.8888888888888888,0.8611111111111112,0.8275862068965517,0.8571428571428571
275,0.004713500556288867,0.9984126984126984,0.9981962481962482,0.9985569985569985,0.997836278398846,0.9980162308385934,0.41561581487102167,0.9206349206349206,0.9629629629629629,0.8888888888888888,0.8666666666666667,0.9122807017543859
276,0.004934101268045039,0.9987012987012988,0.9981962481962482,0.9990379990379991,0.9985564778058462,0.9983763305069457,0.32497017672433265,0.9206349206349206,0.9629629629629629,0.8888888888888888,0.8666666666666667,0.9122807017543859
277,0.0004791748576970188,1.0,1.0,1.0,1.0,1.0,0.4232614320880246,0.873015873015873,0.8888888888888888,0.8611111111111112,0.8275862068965517,0.8571428571428571
278,0.006234221123409443,0.9984126984126984,0.9981962481962482,0.9985569985569985,0.997836278398846,0.9980162308385934,0.3342819623944778,0.9365079365079365,0.9629629629629629,0.9166666666666666,0.896551724137931,0.9285714285714286
279,0.0018020468673409045,0.9991836734693877,0.9991645781119465,0.9991928974979822,0.998330550918197,0.9987473903966597,0.4465557729672005,0.8888888888888888,0.8888888888888888,0.8888888888888888,0.8571428571428571,0.8727272727272727
280,0.0003061478552219688,1.0,1.0,1.0,1.0,1.0,0.507910471734783,0.8571428571428571,0.9629629629629629,0.7777777777777778,0.7647058823529411,0.8524590163934426
281,0.009406168205371431,0.9961038961038962,0.9953102453102453,0.9966329966329966,0.994951316263974,0.9951307484220018,0.24950903281015122,0.9523809523809523,1.0,0.9166666666666666,0.9,0.9473684210526315
282,0.0016982362593267173,0.9991836734693877,0.9983291562238931,0.9995964487489911,0.9991638795986622,0.9987463435018805,0.32827772052001414,0.9365079365079365,1.0,0.8888888888888888,0.8709677419354839,0.9310344827586207
283,0.00018364955333566773,1.0,1.0,1.0,1.0,1.0,0.3398287628697867,0.9206349206349206,0.9629629629629629,0.8888888888888888,0.8666666666666667,0.9122807017543859
284,0.0032089643478380118,0.9991341991341991,0.9989177489177489,0.9992784992784993,0.9989177489177489,0.9989177489177489,0.3431226963155149,0.9523809523809523,1.0,0.9166666666666666,0.9,0.9473684210526315
285,0.006114684403255156,0.9984126984126984,0.9978354978354979,0.9987974987974988,0.9981955972573078,0.9980155150640447,0.17167519125613911,0.9365079365079365,0.9629629629629629,0.9166666666666666,0.896551724137931,0.9285714285714286
286,0.0010103290218588276,0.9997278911564625,0.9991645781119465,1.0,1.0,0.9995821145006268,0.28954609516487895,0.9206349206349206,1.0,0.8611111111111112,0.84375,0.9152542372881356
287,0.01080027145065774,0.9968253968253968,0.9956709956709957,0.9975949975949976,0.9963898916967509,0.9960303139660772,0.10463730711120343,0.9682539682539683,1.0,0.9444444444444444,0.9310344827586207,0.9642857142857143
288,0.0013504582630699266,0.9997278911564625,0.9991645781119465,1.0,1.0,0.9995821145006268,0.2542139432247033,0.9206349206349206,0.9629629629629629,0.8888888888888888,0.8666666666666667,0.9122807017543859
289,0.00409111338996827,0.9985569985569985,0.9981962481962482,0.9987974987974988,0.9981962481962482,0.9981962481962482,0.20991037827260453,0.9365079365079365,1.0,0.8888888888888888,0.8709677419354839,0.9310344827586207
290,0.004517784648902822,0.9984126984126984,0.9981962481962482,0.9985569985569985,0.997836278398846,0.9980162308385934,0.4088142326901785,0.9206349206349206,0.9629629629629629,0.8888888888888888,0.8666666666666667,0.9122807017543859
291,0.0005250214913592288,0.9997278911564625,1.0,0.9995964487489911,0.9991652754590985,0.9995824634655532,0.4701978546883246,0.8888888888888888,0.8888888888888888,0.8888888888888888,0.8571428571428571,0.8727272727272727
292,0.004999933301087826,0.9987012987012988,0.9985569985569985,0.9987974987974988,0.998196898665705,0.9983769161406673,0.32509864550379536,0.9365079365079365,1.0,0.8888888888888888,0.8709677419354839,0.9310344827586207
293,0.0057911373553981545,0.9978354978354979,0.9971139971139971,0.9983164983164983,0.997473836160231,0.9972938841782428,0.26297926719278275,0.9523809523809523,1.0,0.9166666666666666,0.9,0.9473684210526315
294,0.0039095053886670506,0.9988455988455989,0.9985569985569985,0.9990379990379991,0.9985569985569985,0.9985569985569985,0.26682556740614394,0.9365079365079365,0.9629629629629629,0.9166666666666666,0.896551724137931,0.9285714285714286
295,0.0006027728214899164,1.0,1.0,1.0,1.0,1.0,0.3544525412097943,0.9206349206349206,0.9259259259259259,0.9166666666666666,0.8928571428571429,0.9090909090909091
296,0.0065793078359430044,0.9976911976911977,0.9974747474747475,0.9978354978354979,0.9967555875991349,0.997115037865128,0.27037574404606685,0.9365079365079365,0.9629629629629629,0.9166666666666666,0.896551724137931,0.9285714285714286
297,0.0009935933695219103,0.9997278911564625,1.0,0.9995964487489911,0.9991652754590985,0.9995824634655532,0.3436682737582097,0.9206349206349206,0.9629629629629629,0.8888888888888888,0.8666666666666667,0.9122807017543859
298,0.0001549582612291129,1.0,1.0,1.0,1.0,1.0,0.36349391980080065,0.9206349206349206,0.9629629629629629,0.8888888888888888,0.8666666666666667,0.9122807017543859
299,0.007311861133193041,0.9981240981240981,0.9978354978354979,0.9983164983164983,0.997475658131987,0.9976555455365194,0.26677388663492385,0.9206349206349206,1.0,0.8611111111111112,0.84375,0.9152542372881356
300,0.0010406060532324804,0.9997113997113997,0.9996392496392497,0.9997594997594997,0.9996392496392497,0.9996392496392497,0.36990437227475,0.9365079365079365,0.9629629629629629,0.9166666666666666,0.896551724137931,0.9285714285714286
301,0.00053722302734993,0.9997278911564625,1.0,0.9995964487489911,0.9991652754590985,0.9995824634655532,0.5277551793685508,0.8888888888888888,0.9259259259259259,0.8611111111111112,0.8333333333333334,0.8771929824561403
302,0.008288652504866366,0.9975468975468975,0.9971139971139971,0.9978354978354979,0.996754417598269,0.9969341749323715,0.2146366416783412,0.9523809523809523,1.0,0.9166666666666666,0.9,0.9473684210526315
303,0.006268869973189224,0.9975468975468975,0.9974747474747475,0.9975949975949976,0.9963963963963964,0.9969352803317109,0.15744423460481421,0.9523809523809523,1.0,0.9166666666666666,0.9,0.9473684210526315
304,0.003196528085063724,0.9992784992784993,0.9989177489177489,0.9995189995189995,0.9992782389029231,0.9990979613927476,0.22709002858582175,0.9682539682539683,1.0,0.9444444444444444,0.9310344827586207,0.9642857142857143
305,0.005605264478657915,0.9982683982683983,0.9978354978354979,0.9985569985569985,0.9978354978354979,0.9978354978354979,0.26231772431157646,0.9206349206349206,0.9629629629629629,0.8888888888888888,0.8666666666666667,0.9122807017543859
306,0.0026247159638098146,0.9991341991341991,0.9989177489177489,0.9992784992784993,0.9989177489177489,0.9989177489177489,0.2237246474306587,0.9365079365079365,0.9259259259259259,0.9444444444444444,0.9259259259259259,0.9259259259259259
307,0.003986462227288884,0.998989898989899,0.9985569985569985,0.9992784992784993,0.9989173583543847,0.9987371459498466,0.2883632680186854,0.9206349206349206,1.0,0.8611111111111112,0.84375,0.9152542372881356
308,0.0019612300333623324,0.9992784992784993,0.9989177489177489,0.9995189995189995,0.9992782389029231,0.9990979613927476,0.30950838511547313,0.9523809523809523,1.0,0.9166666666666666,0.9,0.9473684210526315
309,0.0002689876691502093,1.0,1.0,1.0,1.0,1.0,0.31288030878492884,0.9523809523809523,1.0,0.9166666666666666,0.9,0.9473684210526315
310,0.0020473556893433804,0.9994557823129252,0.9991645781119465,0.9995964487489911,0.9991645781119465,0.9991645781119465,0.7819564074798975,0.873015873015873,1.0,0.7777777777777778,0.7714285714285715,0.8709677419354839
311,4.945664027100746e-05,1.0,1.0,1.0,1.0,1.0,0.7818787965058748,0.8571428571428571,1.0,0.75,0.75,0.8571428571428571
312,4.568245978688395e-05,1.0,1.0,1.0,1.0,1.0,0.888450642730782,0.8571428571428571,1.0,0.75,0.75,0.8571428571428571
313,0.010434386287251431,0.9972582972582973,0.9967532467532467,0.9975949975949976,0.99639379733141,0.9965734896302976,0.3067304089144316,0.9206349206349206,0.9259259259259259,0.9166666666666666,0.8928571428571429,0.9090909090909091
314,0.0019082080140223302,0.9991341991341991,0.9989177489177489,0.9992784992784993,0.9989177489177489,0.9989177489177489,0.3357575608709354,0.9206349206349206,0.9629629629629629,0.8888888888888888,0.8666666666666667,0.9122807017543859
315,0.00038351338836383505,1.0,1.0,1.0,1.0,1.0,0.4036176259396598,0.9206349206349206,0.9629629629629629,0.8888888888888888,0.8666666666666667,0.9122807017543859
316,0.0056993930764439584,0.9976911976911977,0.9971139971139971,0.9980759980759981,0.9971139971139971,0.9971139971139971,0.3690421720818868,0.9047619047619048,1.0,0.8333333333333334,0.8181818181818182,0.9
317,0.0024322362782020434,0.9991836734693877,0.9991645781119465,0.9991928974979822,0.998330550918197,0.9987473903966597,0.3389127403229756,0.9365079365079365,0.9259259259259259,0.9444444444444444,0.9259259259259259,0.9259259259259259
318,0.002671806373032931,0.9992784992784993,0.9985569985569985,0.9997594997594997,0.9996388587937883,0.9990976358058112,0.30881230936788523,0.9206349206349206,1.0,0.8611111111111112,0.84375,0.9152542372881356
319,0.004310746921132435,0.9987012987012988,0.9981962481962482,0.9990379990379991,0.9985564778058462,0.9983763305069457,0.20219885477877503,0.9523809523809523,1.0,0.9166666666666666,0.9,0.9473684210526315
320,0.0062975216096877494,0.998639455782313,0.9983291562238931,0.9987893462469734,0.9974958263772955,0.9979123173277662,0.31030359326414614,0.9047619047619048,0.9259259259259259,0.8888888888888888,0.8620689655172413,0.8928571428571429
321,9.161010537020641e-05,1.0,1.0,1.0,1.0,1.0,0.30320141229423736,0.9047619047619048,0.9259259259259259,0.8888888888888888,0.8620689655172413,0.8928571428571429
322,0.00868641387472356,0.9965367965367965,0.9956709956709957,0.9971139971139971,0.9956709956709957,0.9956709956709957,0.18449549645366561,0.9523809523809523,1.0,0.9166666666666666,0.9,0.9473684210526315
323,0.0018892612654559464,0.9995670995670995,0.9996392496392497,0.9995189995189995,0.999278759466282,0.999458972046889,0.23566926490526557,0.9523809523809523,1.0,0.9166666666666666,0.9,0.9473684210526315
324,0.0004022334128420477,1.0,1.0,1.0,1.0,1.0,0.306122141605195,0.9523809523809523,1.0,0.9166666666666666,0.9,0.9473684210526315
325,0.0019232818265153997,0.9994557823129252,0.9991645781119465,0.9995964487489911,0.9991645781119465,0.9991645781119465,0.24998374339303978,0.9365079365079365,0.9629629629629629,0.9166666666666666,0.896551724137931,0.9285714285714286
326,7.228524104216284e-05,1.0,1.0,1.0,1.0,1.0,0.3007226216898758,0.9365079365079365,0.9629629629629629,0.9166666666666666,0.896551724137931,0.9285714285714286
327,4.885813421374749e-05,1.0,1.0,1.0,1.0,1.0,0.28143299397982896,0.9365079365079365,0.9629629629629629,0.9166666666666666,0.896551724137931,0.9285714285714286
328,3.722716077975617e-05,1.0,1.0,1.0,1.0,1.0,0.25840076010411844,0.9365079365079365,0.9629629629629629,0.9166666666666666,0.896551724137931,0.9285714285714286
329,0.011309554396802333,0.9958152958152958,0.9945887445887446,0.9966329966329966,0.9949476723204619,0.9947681760779361,0.25307952719814486,0.9523809523809523,1.0,0.9166666666666666,0.9,0.9473684210526315
330,0.0033215047452538502,0.9992784992784993,0.9992784992784993,0.9992784992784993,0.998918139199423,0.9990982867448152,0.18592520126895534,0.9206349206349206,0.9629629629629629,0.8888888888888888,0.8666666666666667,0.9122807017543859
331,0.0021467473692919656,0.9992784992784993,0.9989177489177489,0.9995189995189995,0.9992782389029231,0.9990979613927476,0.21115829612291048,0.9523809523809523,1.0,0.9166666666666666,0.9,0.9473684210526315
332,0.0006303155719224103,0.9998556998556999,0.9996392496392497,1.0,1.0,0.9998195922785496,0.15027176382921872,0.9523809523809523,1.0,0.9166666666666666,0.9,0.9473684210526315
333,0.0004864332139876918,0.9997278911564625,1.0,0.9995964487489911,0.9991652754590985,0.9995824634655532,0.08633400532285339,0.9841269841269841,1.0,0.9722222222222222,0.9642857142857143,0.9818181818181818
334,0.007331838794238017,0.9974025974025974,0.9967532467532467,0.9978354978354979,0.9967532467532467,0.9967532467532467,0.34255305200534325,0.9206349206349206,1.0,0.8611111111111112,0.84375,0.9152542372881356
335,0.002881820687814095,0.9994227994227994,0.9992784992784993,0.9995189995189995,0.9992784992784993,0.9992784992784993,0.3199296265448784,0.9365079365079365,1.0,0.8888888888888888,0.8709677419354839,0.9310344827586207
336,0.0002356331195123177,1.0,1.0,1.0,1.0,1.0,0.1595296156352445,0.9682539682539683,1.0,0.9444444444444444,0.9310344827586207,0.9642857142857143
337,0.005818309968895114,0.9978354978354979,0.9974747474747475,0.9980759980759981,0.997115037865128,0.9972948602344455,0.2621550450751942,0.9047619047619048,0.9259259259259259,0.8888888888888888,0.8620689655172413,0.8928571428571429
338,0.0014503775509771238,0.9991836734693877,0.9991645781119465,0.9991928974979822,0.998330550918197,0.9987473903966597,0.6086366108529979,0.873015873015873,0.9259259259259259,0.8333333333333334,0.8064516129032258,0.8620689655172413
339,0.0001815167255078456,1.0,1.0,1.0,1.0,1.0,0.5744244914246901,0.873015873015873,0.9629629629629629,0.8055555555555556,0.7878787878787878,0.8666666666666667
340,0.010104452466201747,0.9966810966810967,0.996031746031746,0.9971139971139971,0.9956725567976921,0.9958521190261497,0.32159621527211535,0.9206349206349206,1.0,0.8611111111111112,0.84375,0.9152542372881356
341,0.0016363030938169728,0.9995670995670995,0.9996392496392497,0.9995189995189995,0.999278759466282,0.999458972046889,0.22464364052321467,0.9365079365079365,1.0,0.8888888888888888,0.8709677419354839,0.9310344827586207
342,0.00023111554429225693,1.0,1.0,1.0,1.0,1.0,0.2022119602243904,0.9365079365079365,1.0,0.8888888888888888,0.8709677419354839,0.9310344827586207
343,6.972075396234829e-05,1.0,1.0,1.0,1.0,1.0,0.15635996265706445,0.9523809523809523,1.0,0.9166666666666666,0.9,0.9473684210526315
344,5.712892475043389e-05,1.0,1.0,1.0,1.0,1.0,0.18406945094928176,0.9682539682539683,1.0,0.9444444444444444,0.9310344827586207,0.9642857142857143
345,0.005900855834993486,0.997979797979798,0.9974747474747475,0.9983164983164983,0.9974747474747475,0.9974747474747475,0.20265905148837537,0.9523809523809523,1.0,0.9166666666666666,0.9,0.9473684210526315
346,0.0008375384639863353,0.9998556998556999,1.0,0.9997594997594997,0.999639379733141,0.999819657348963,0.4792862903929153,0.9047619047619048,0.9629629629629629,0.8611111111111112,0.8387096774193549,0.896551724137931
347,0.005355381668566973,0.9991836734693877,0.9991645781119465,0.9991928974979822,0.998330550918197,0.9987473903966597,0.3790448512992866,0.9047619047619048,0.9259259259259259,0.8888888888888888,0.8620689655172413,0.8928571428571429
348,0.006461449518328703,0.9981240981240981,0.9978354978354979,0.9983164983164983,0.997475658131987,0.9976555455365194,0.2532652939655005,0.9365079365079365,1.0,0.8888888888888888,0.8709677419354839,0.9310344827586207
349,0.0026370643156753528,0.998989898989899,0.9985569985569985,0.9992784992784993,0.9989173583543847,0.9987371459498466,0.22806300071348984,0.9682539682539683,1.0,0.9444444444444444,0.9310344827586207,0.9642857142857143
350,0.00026812296895984225,1.0,1.0,1.0,1.0,1.0,0.15789105442153023,0.9523809523809523,1.0,0.9166666666666666,0.9,0.9473684210526315
351,8.382269970975265e-05,1.0,1.0,1.0,1.0,1.0,0.1878888404536401,0.9682539682539683,1.0,0.9444444444444444,0.9310344827586207,0.9642857142857143
352,0.00013587579382468669,1.0,1.0,1.0,1.0,1.0,0.1767548884850435,0.9523809523809523,0.9629629629629629,0.9444444444444444,0.9285714285714286,0.9454545454545454
353,0.002598341154953232,0.9994557823129252,0.9991645781119465,0.9995964487489911,0.9991645781119465,0.9991645781119465,0.5413067851452127,0.873015873015873,0.9629629629629629,0.8055555555555556,0.7878787878787878,0.8666666666666667
354,5.331140602237963e-05,1.0,1.0,1.0,1.0,1.0,0.5493822915124751,0.8571428571428571,0.9629629629629629,0.7777777777777778,0.7647058823529411,0.8524590163934426
355,8.361264924597167e-05,1.0,1.0,1.0,1.0,1.0,0.4370174342766404,0.8888888888888888,0.9629629629629629,0.8333333333333334,0.8125,0.8813559322033898
356,0.010737692179798846,0.9963924963924964,0.996031746031746,0.9966329966329966,0.994954954954955,0.9954930593113395,0.12215612795516213,0.9365079365079365,0.9259259259259259,0.9444444444444444,0.9259259259259259,0.9259259259259259
357,0.0008947277303829099,1.0,1.0,1.0,1.0,1.0,0.10386145740723429,0.9523809523809523,0.9629629629629629,0.9444444444444444,0.9285714285714286,0.9454545454545454
358,0.0001736257772283513,1.0,1.0,1.0,1.0,1.0,0.16576623495174794,0.9523809523809523,0.9629629629629629,0.9444444444444444,0.9285714285714286,0.9454545454545454
359,4.083736891225519e-05,1.0,1.0,1.0,1.0,1.0,0.1266639093888761,0.9682539682539683,1.0,0.9444444444444444,0.9310344827586207,0.9642857142857143
360,4.144148211522332e-05,1.0,1.0,1.0,1.0,1.0,0.17514146463312616,0.9523809523809523,0.9629629629629629,0.9444444444444444,0.9285714285714286,0.9454545454545454
361,4.7931966180184563e-05,1.0,1.0,1.0,1.0,1.0,0.15062043737986916,0.9523809523809523,0.9629629629629629,0.9444444444444444,0.9285714285714286,0.9454545454545454
362,2.7375537155217453e-05,1.0,1.0,1.0,1.0,1.0,0.14648368930185882,0.9523809523809523,0.9629629629629629,0.9444444444444444,0.9285714285714286,0.9454545454545454
363,0.011165482023177187,0.9961038961038962,0.9953102453102453,0.9966329966329966,0.994951316263974,0.9951307484220018,0.1557755909956223,0.9365079365079365,1.0,0.8888888888888888,0.8709677419354839,0.9310344827586207
364,0.0021955481813555316,0.9997278911564625,1.0,0.9995964487489911,0.9991652754590985,0.9995824634655532,0.10117065766826272,0.9682539682539683,1.0,0.9444444444444444,0.9310344827586207,0.9642857142857143
365,0.00025450186380446526,1.0,1.0,1.0,1.0,1.0,0.1709233252553358,0.9523809523809523,1.0,0.9166666666666666,0.9,0.9473684210526315
366,0.004248210274925737,0.9985569985569985,0.9981962481962482,0.9987974987974988,0.9981962481962482,0.9981962481962482,0.20899811386322928,0.9365079365079365,1.0,0.8888888888888888,0.8709677419354839,0.9310344827586207
367,0.0007706662066241541,0.9994557823129252,0.9991645781119465,0.9995964487489911,0.9991645781119465,0.9991645781119465,0.15454665002309614,0.9841269841269841,1.0,0.9722222222222222,0.9642857142857143,0.9818181818181818
368,8.401504095598618e-05,1.0,1.0,1.0,1.0,1.0,0.22634494061847882,0.9523809523809523,1.0,0.9166666666666666,0.9,0.9473684210526315
369,0.00010121972981775433,1.0,1.0,1.0,1.0,1.0,0.15265563258620363,0.9841269841269841,1.0,0.9722222222222222,0.9642857142857143,0.9818181818181818
370,5.158451337388678e-05,1.0,1.0,1.0,1.0,1.0,0.20156214852809964,0.9523809523809523,0.9629629629629629,0.9444444444444444,0.9285714285714286,0.9454545454545454
371,4.3972826768825505e-05,1.0,1.0,1.0,1.0,1.0,0.18773027179977073,0.9682539682539683,1.0,0.9444444444444444,0.9310344827586207,0.9642857142857143
372,3.1489307418894055e-05,1.0,1.0,1.0,1.0,1.0,0.1784702683059824,0.9682539682539683,1.0,0.9444444444444444,0.9310344827586207,0.9642857142857143
373,0.006880563913261421,0.9974025974025974,0.9978354978354979,0.9971139971139971,0.9956803455723542,0.9967567567567568,0.17751375212433881,0.9365079365079365,1.0,0.8888888888888888,0.8709677419354839,0.9310344827586207
374,0.0009147479404109494,0.9997278911564625,1.0,0.9995964487489911,0.9991652754590985,0.9995824634655532,0.19805700261522793,0.9206349206349206,0.9629629629629629,0.8888888888888888,0.8666666666666667,0.9122807017543859
375,7.336807001252828e-05,1.0,1.0,1.0,1.0,1.0,0.2554452931175807,0.9047619047619048,0.9629629629629629,0.8611111111111112,0.8387096774193549,0.896551724137931
376,0.00588537650897105,0.9976911976911977,0.9963924963924964,0.9985569985569985,0.9978323699421965,0.9971119133574007,0.1736101954972135,0.9365079365079365,1.0,0.8888888888888888,0.8709677419354839,0.9310344827586207
377,0.0012947733981810434,0.9991836734693877,0.9983291562238931,0.9995964487489911,0.9991638795986622,0.9987463435018805,0.3918171682624176,0.8888888888888888,0.9629629629629629,0.8333333333333334,0.8125,0.8813559322033898
378,0.0027390700500589046,0.9992784992784993,0.9989177489177489,0.9995189995189995,0.9992782389029231,0.9990979613927476,0.40358434721369235,0.9206349206349206,0.9629629629629629,0.8888888888888888,0.8666666666666667,0.9122807017543859
379,8.520479457420028e-05,1.0,1.0,1.0,1.0,1.0,0.40124958090110874,0.9206349206349206,0.9629629629629629,0.8888888888888888,0.8666666666666667,0.9122807017543859
380,0.0047835917573184365,0.997979797979798,0.9971139971139971,0.9985569985569985,0.9978339350180505,0.997473836160231,0.22429467671521244,0.9365079365079365,0.9629629629629629,0.9166666666666666,0.896551724137931,0.9285714285714286
381,0.001487549525945842,0.9992784992784993,0.9989177489177489,0.9995189995189995,0.9992782389029231,0.9990979613927476,0.28262776144713697,0.9206349206349206,1.0,0.8611111111111112,0.84375,0.9152542372881356
382,0.008350211020964888,0.9976911976911977,0.9971139971139971,0.9980759980759981,0.9971139971139971,0.9971139971139971,0.1478425000299005,0.9682539682539683,1.0,0.9444444444444444,0.9310344827586207,0.9642857142857143
383,0.002551412872596878,0.9992784992784993,0.9989177489177489,0.9995189995189995,0.9992782389029231,0.9990979613927476,0.27068108661351575,0.9365079365079365,1.0,0.8888888888888888,0.8709677419354839,0.9310344827586207
384,0.002279191572361881,0.9997278911564625,1.0,0.9995964487489911,0.9991652754590985,0.9995824634655532,0.24031037269234065,0.9523809523809523,0.9629629629629629,0.9444444444444444,0.9285714285714286,0.9454545454545454
385,0.000682267351986709,0.9998556998556999,1.0,0.9997594997594997,0.999639379733141,0.999819657348963,0.33657330370301175,0.9365079365079365,0.9629629629629629,0.9166666666666666,0.896551724137931,0.9285714285714286
386,0.005760789211972105,0.9984126984126984,0.9978354978354979,0.9987974987974988,0.9981955972573078,0.9980155150640447,0.24148304229195688,0.9523809523809523,1.0,0.9166666666666666,0.9,0.9473684210526315
387,0.0032997579633657547,0.9992784992784993,0.9992784992784993,0.9992784992784993,0.998918139199423,0.9990982867448152,0.24449042063982537,0.9523809523809523,0.9629629629629629,0.9444444444444444,0.9285714285714286,0.9454545454545454
388,0.00034412525247611806,1.0,1.0,1.0,1.0,1.0,0.2922049106684484,0.9365079365079365,0.9259259259259259,0.9444444444444444,0.9259259259259259,0.9259259259259259
389,0.006406772179615595,0.997979797979798,0.9978354978354979,0.9980759980759981,0.9971160778658976,0.997475658131987,0.19634494531921864,0.9365079365079365,0.9629629629629629,0.9166666666666666,0.896551724137931,0.9285714285714286
390,0.004504513693891004,0.9984126984126984,0.9978354978354979,0.9987974987974988,0.9981955972573078,0.9980155150640447,0.3602097092403306,0.9047619047619048,1.0,0.8333333333333334,0.8181818181818182,0.9
391,0.00022652368147714543,1.0,1.0,1.0,1.0,1.0,0.47621956076343647,0.9206349206349206,1.0,0.8611111111111112,0.84375,0.9152542372881356
392,0.00016132279734445385,1.0,1.0,1.0,1.0,1.0,0.5055524218709223,0.9047619047619048,0.9629629629629629,0.8611111111111112,0.8387096774193549,0.896551724137931
393,0.0010575644178684729,0.9997113997113997,0.9996392496392497,0.9997594997594997,0.9996392496392497,0.9996392496392497,0.41888719573462224,0.9206349206349206,1.0,0.8611111111111112,0.84375,0.9152542372881356
394,0.004803893583783296,0.9985569985569985,0.9978354978354979,0.9990379990379991,0.9985559566787003,0.9981955972573078,0.3735023926488966,0.9523809523809523,1.0,0.9166666666666666,0.9,0.9473684210526315
395,0.007455453737262719,0.998639455782313,0.9991645781119465,0.9983857949959645,0.9966666666666667,0.9979140592407175,0.37018423019975355,0.9206349206349206,0.9629629629629629,0.8888888888888888,0.8666666666666667,0.9122807017543859
396,0.00044213573214861124,0.9997278911564625,1.0,0.9995964487489911,0.9991652754590985,0.9995824634655532,0.3386597604576742,0.9365079365079365,0.9629629629629629,0.9166666666666666,0.896551724137931,0.9285714285714286
397,0.00038255647480860827,0.9997278911564625,0.9991645781119465,1.0,1.0,0.9995821145006268,0.7177621370263672,0.8571428571428571,0.9629629629629629,0.7777777777777778,0.7647058823529411,0.8524590163934426
398,7.67985697136598e-05,1.0,1.0,1.0,1.0,1.0,0.7006751403336354,0.8571428571428571,0.9629629629629629,0.7777777777777778,0.7647058823529411,0.8524590163934426
399,5.5198757849842765e-05,1.0,1.0,1.0,1.0,1.0,0.6723597732766177,0.8571428571428571,0.9629629629629629,0.7777777777777778,0.7647058823529411,0.8524590163934426
400,0.004596621757944687,0.9982683982683983,0.9974747474747475,0.9987974987974988,0.9981949458483754,0.9978347167087694,0.21616752638245032,0.9523809523809523,1.0,0.9166666666666666,0.9,0.9473684210526315
401,0.0004015049271389575,1.0,1.0,1.0,1.0,1.0,0.33348118929961135,0.9047619047619048,0.9259259259259259,0.8888888888888888,0.8620689655172413,0.8928571428571429
402,5.244675701649204e-05,1.0,1.0,1.0,1.0,1.0,0.34980100735519376,0.9206349206349206,0.9259259259259259,0.9166666666666666,0.8928571428571429,0.9090909090909091
403,0.007457947818260263,0.9972582972582973,0.9967532467532467,0.9975949975949976,0.99639379733141,0.9965734896302976,0.3264851337751477,0.9365079365079365,0.9259259259259259,0.9444444444444444,0.9259259259259259,0.9259259259259259
404,0.0004237784588127199,1.0,1.0,1.0,1.0,1.0,0.3365206214003838,0.9206349206349206,0.9259259259259259,0.9166666666666666,0.8928571428571429,0.9090909090909091
405,0.002174875874072555,0.9995670995670995,0.9992784992784993,0.9997594997594997,0.9996391194514616,0.9994587768356485,0.326922184407031,0.9365079365079365,0.9629629629629629,0.9166666666666666,0.896551724137931,0.9285714285714286
406,0.0002121350275098978,1.0,1.0,1.0,1.0,1.0,0.305153215572881,0.9365079365079365,0.9629629629629629,0.9166666666666666,0.896551724137931,0.9285714285714286
407,8.545130505821004e-05,1.0,1.0,1.0,1.0,1.0,0.3139370953551464,0.9047619047619048,0.9629629629629629,0.8611111111111112,0.8387096774193549,0.896551724137931
408,0.005183979240932766,0.9978354978354979,0.9974747474747475,0.9980759980759981,0.997115037865128,0.9972948602344455,0.34506048019125407,0.9523809523809523,1.0,0.9166666666666666,0.9,0.9473684210526315
409,0.0002360531225875922,1.0,1.0,1.0,1.0,1.0,0.32052306308007306,0.9206349206349206,0.9629629629629629,0.8888888888888888,0.8666666666666667,0.9122807017543859
410,0.004727752402905656,0.9985569985569985,0.9981962481962482,0.9987974987974988,0.9981962481962482,0.9981962481962482,0.39392032201719723,0.9206349206349206,0.9629629629629629,0.8888888888888888,0.8666666666666667,0.9122807017543859
411,0.004907029550241292,0.9982683982683983,0.9981962481962482,0.9983164983164983,0.9974765681326604,0.997836278398846,0.34955793857899686,0.9523809523809523,1.0,0.9166666666666666,0.9,0.9473684210526315
412,0.0006810872751659536,0.9997278911564625,1.0,0.9995964487489911,0.9991652754590985,0.9995824634655532,0.2545026592062121,0.9523809523809523,1.0,0.9166666666666666,0.9,0.9473684210526315
413,8.674517333830551e-05,1.0,1.0,1.0,1.0,1.0,0.3149333735161077,0.9523809523809523,1.0,0.9166666666666666,0.9,0.9473684210526315
414,6.678695052232179e-05,1.0,1.0,1.0,1.0,1.0,0.3526202748688529,0.9523809523809523,1.0,0.9166666666666666,0.9,0.9473684210526315
415,5.3703621767645824e-05,1.0,1.0,1.0,1.0,1.0,0.31109108780473765,0.9523809523809523,1.0,0.9166666666666666,0.9,0.9473684210526315
416,3.978273889664038e-05,1.0,1.0,1.0,1.0,1.0,0.3270979609935441,0.9523809523809523,1.0,0.9166666666666666,0.9,0.9473684210526315
417,0.004622130901679409,0.9985569985569985,0.9981962481962482,0.9987974987974988,0.9981962481962482,0.9981962481962482,0.28731391578543164,0.9523809523809523,1.0,0.9166666666666666,0.9,0.9473684210526315
418,7.011123899265301e-05,1.0,1.0,1.0,1.0,1.0,0.3112589843452923,0.9365079365079365,1.0,0.8888888888888888,0.8709677419354839,0.9310344827586207
419,0.0018452130075323166,0.9994557823129252,0.9991645781119465,0.9995964487489911,0.9991645781119465,0.9991645781119465,0.3828505252983185,0.9047619047619048,1.0,0.8333333333333334,0.8181818181818182,0.9
420,6.380124360085964e-05,1.0,1.0,1.0,1.0,1.0,0.36022355256690863,0.9047619047619048,1.0,0.8333333333333334,0.8181818181818182,0.9
421,0.006109328035174788,0.9976911976911977,0.9971139971139971,0.9980759980759981,0.9971139971139971,0.9971139971139971,0.41766756586176124,0.9047619047619048,1.0,0.8333333333333334,0.8181818181818182,0.9
422,0.0002519790277008625,1.0,1.0,1.0,1.0,1.0,0.3775995838509444,0.9047619047619048,1.0,0.8333333333333334,0.8181818181818182,0.9
423,0.00011028515039259862,1.0,1.0,1.0,1.0,1.0,0.4508002009131901,0.9047619047619048,1.0,0.8333333333333334,0.8181818181818182,0.9
424,0.0007624781394032757,0.9994557823129252,0.9991645781119465,0.9995964487489911,0.9991645781119465,0.9991645781119465,0.47283101002020494,0.9206349206349206,1.0,0.8611111111111112,0.84375,0.9152542372881356
425,0.005999139558095966,0.9976911976911977,0.9971139971139971,0.9980759980759981,0.9971139971139971,0.9971139971139971,0.27569051653457183,0.9365079365079365,1.0,0.8888888888888888,0.8709677419354839,0.9310344827586207
426,0.0004715524258315373,0.9997278911564625,1.0,0.9995964487489911,0.9991652754590985,0.9995824634655532,0.1549046264151998,0.9841269841269841,1.0,0.9722222222222222,0.9642857142857143,0.9818181818181818
427,0.0011206619879948801,0.9997278911564625,0.9991645781119465,1.0,1.0,0.9995821145006268,0.1972021223230672,0.9682539682539683,1.0,0.9444444444444444,0.9310344827586207,0.9642857142857143
428,0.0047920909634865064,0.9985569985569985,0.9974747474747475,0.9992784992784993,0.9989161849710982,0.9981949458483754,0.32135960513666745,0.9523809523809523,1.0,0.9166666666666666,0.9,0.9473684210526315
429,0.0004498685763320501,1.0,1.0,1.0,1.0,1.0,0.29988300220833886,0.9523809523809523,1.0,0.9166666666666666,0.9,0.9473684210526315
430,5.2859967293437145e-05,1.0,1.0,1.0,1.0,1.0,0.2674237372236334,0.9523809523809523,1.0,0.9166666666666666,0.9,0.9473684210526315
431,6.580433456855687e-05,1.0,1.0,1.0,1.0,1.0,0.2443269089955489,0.9682539682539683,1.0,0.9444444444444444,0.9310344827586207,0.9642857142857143
432,6.303312873903766e-05,1.0,1.0,1.0,1.0,1.0,0.24708426444536483,0.9682539682539683,1.0,0.9444444444444444,0.9310344827586207,0.9642857142857143
433,3.6609883027638865e-05,1.0,1.0,1.0,1.0,1.0,0.24812591995924732,0.9682539682539683,1.0,0.9444444444444444,0.9310344827586207,0.9642857142857143
434,2.547864054638946e-05,1.0,1.0,1.0,1.0,1.0,0.22511422752607374,0.9682539682539683,1.0,0.9444444444444444,0.9310344827586207,0.9642857142857143
435,0.001839240228830027,0.9992784992784993,0.9996392496392497,0.9990379990379991,0.9985585585585586,0.9990986118622679,0.40772455924149925,0.9523809523809523,1.0,0.9166666666666666,0.9,0.9473684210526315
436,0.0002776720195183183,1.0,1.0,1.0,1.0,1.0,0.3059559099169241,0.9682539682539683,1.0,0.9444444444444444,0.9310344827586207,0.9642857142857143
437,4.327984621913176e-05,1.0,1.0,1.0,1.0,1.0,0.3238612534810922,0.9682539682539683,1.0,0.9444444444444444,0.9310344827586207,0.9642857142857143
438,0.0004263671892751091,0.9997278911564625,1.0,0.9995964487489911,0.9991652754590985,0.9995824634655532,0.515272068414243,0.9206349206349206,0.9259259259259259,0.9166666666666666,0.8928571428571429,0.9090909090909091
439,0.003334708902418867,0.9997278911564625,0.9991645781119465,1.0,1.0,0.9995821145006268,0.7372080754351965,0.873015873015873,0.9629629629629629,0.8055555555555556,0.7878787878787878,0.8666666666666667
440,0.011391962060029853,0.9953823953823954,0.9949494949494949,0.9956709956709957,0.9935158501440923,0.9942321557317952,0.2769713413325094,0.9523809523809523,0.9629629629629629,0.9444444444444444,0.9285714285714286,0.9454545454545454
441,0.00013164948259355964,1.0,1.0,1.0,1.0,1.0,0.3069263614958063,0.9523809523809523,0.9629629629629629,0.9444444444444444,0.9285714285714286,0.9454545454545454
442,0.000768001478761732,0.9997278911564625,1.0,0.9995964487489911,0.9991652754590985,0.9995824634655532,0.3434480364593337,0.9365079365079365,0.9259259259259259,0.9444444444444444,0.9259259259259259,0.9259259259259259
443,0.0002733918965428888,1.0,1.0,1.0,1.0,1.0,0.3401317429906201,0.9523809523809523,0.9629629629629629,0.9444444444444444,0.9285714285714286,0.9454545454545454
444,0.006291929161702873,0.9978354978354979,0.9971139971139971,0.9983164983164983,0.997473836160231,0.9972938841782428,0.35673796914223144,0.9682539682539683,1.0,0.9444444444444444,0.9310344827586207,0.9642857142857143
445,0.0009279483948734141,0.9997113997113997,0.9996392496392497,0.9997594997594997,0.9996392496392497,0.9996392496392497,0.3907685107967284,0.9682539682539683,1.0,0.9444444444444444,0.9310344827586207,0.9642857142857143
446,0.0035114429052552727,0.9988455988455989,0.9985569985569985,0.9990379990379991,0.9985569985569985,0.9985569985569985,0.4001134151060666,0.9365079365079365,0.9629629629629629,0.9166666666666666,0.896551724137931,0.9285714285714286
447,0.0005905912873927402,0.9998556998556999,1.0,0.9997594997594997,0.999639379733141,0.999819657348963,0.41209391365751685,0.9365079365079365,0.9629629629629629,0.9166666666666666,0.896551724137931,0.9285714285714286
448,0.0018908924604916044,0.9994557823129252,0.9991645781119465,0.9995964487489911,0.9991645781119465,0.9991645781119465,0.5379866452218728,0.9206349206349206,0.9629629629629629,0.8888888888888888,0.8666666666666667,0.9122807017543859
449,4.160131478289061e-05,1.0,1.0,1.0,1.0,1.0,0.4956788805965704,0.8888888888888888,0.9259259259259259,0.8611111111111112,0.8333333333333334,0.8771929824561403
450,0.006562754598917112,0.9982683982683983,0.9974747474747475,0.9987974987974988,0.9981949458483754,0.9978347167087694,0.44717749518652755,0.9206349206349206,0.8888888888888888,0.9444444444444444,0.9230769230769231,0.9056603773584906
451,0.0017186007808193448,0.9994557823129252,0.9991645781119465,0.9995964487489911,0.9991645781119465,0.9991645781119465,0.3987234697181968,0.9365079365079365,0.9629629629629629,0.9166666666666666,0.896551724137931,0.9285714285714286
452,0.0027058375887311424,0.9994557823129252,0.9991645781119465,0.9995964487489911,0.9991645781119465,0.9991645781119465,0.4126781311684421,0.9206349206349206,0.9259259259259259,0.9166666666666666,0.8928571428571429,0.9090909090909091
453,0.004712044226024068,0.9982683982683983,0.9978354978354979,0.9985569985569985,0.9978354978354979,0.9978354978354979,0.3065023475053114,0.9523809523809523,1.0,0.9166666666666666,0.9,0.9473684210526315
454,0.0014169321650461782,0.9997113997113997,0.9996392496392497,0.9997594997594997,0.9996392496392497,0.9996392496392497,0.4067214806767417,0.9365079365079365,1.0,0.8888888888888888,0.8709677419354839,0.9310344827586207
455,0.00022764764715940968,1.0,1.0,1.0,1.0,1.0,0.3381056355308771,0.9365079365079365,0.9259259259259259,0.9444444444444444,0.9259259259259259,0.9259259259259259
456,0.0020656964543991603,0.9995670995670995,0.9996392496392497,0.9995189995189995,0.999278759466282,0.999458972046889,0.30472932095890715,0.9682539682539683,1.0,0.9444444444444444,0.9310344827586207,0.9642857142857143
457,0.001967985696918092,0.9995670995670995,0.9996392496392497,0.9995189995189995,0.999278759466282,0.999458972046889,0.46978005554826396,0.8888888888888888,0.9259259259259259,0.8611111111111112,0.8333333333333334,0.8771929824561403
458,0.004331493190280292,0.9987012987012988,0.9985569985569985,0.9987974987974988,0.998196898665705,0.9983769161406673,0.413857518290613,0.9047619047619048,0.8888888888888888,0.9166666666666666,0.8888888888888888,0.8888888888888888
459,0.0034325081097002054,0.9988455988455989,0.9989177489177489,0.9987974987974988,0.998197548666186,0.9985575189325641,0.32880040931345395,0.9523809523809523,1.0,0.9166666666666666,0.9,0.9473684210526315
460,0.001593396084564273,0.9994227994227994,0.9992784992784993,0.9995189995189995,0.9992784992784993,0.9992784992784993,0.4658907402273534,0.9365079365079365,0.9629629629629629,0.9166666666666666,0.896551724137931,0.9285714285714286
461,0.0007713064894770301,0.9997278911564625,1.0,0.9995964487489911,0.9991652754590985,0.9995824634655532,0.519483247452179,0.9206349206349206,0.8888888888888888,0.9444444444444444,0.9230769230769231,0.9056603773584906
462,0.0032798198689677855,0.9995670995670995,0.9992784992784993,0.9997594997594997,0.9996391194514616,0.9994587768356485,0.39633146914032596,0.9523809523809523,1.0,0.9166666666666666,0.9,0.9473684210526315
463,0.00031809698674494945,1.0,1.0,1.0,1.0,1.0,0.40277325052080587,0.9523809523809523,1.0,0.9166666666666666,0.9,0.9473684210526315
464,0.000647779332253764,0.9997278911564625,0.9991645781119465,1.0,1.0,0.9995821145006268,0.6162853404169991,0.8888888888888888,1.0,0.8055555555555556,0.7941176470588235,0.8852459016393442
465,5.356302478163207e-05,1.0,1.0,1.0,1.0,1.0,0.6281302056112696,0.9206349206349206,1.0,0.8611111111111112,0.84375,0.9152542372881356
466,2.6025948163496528e-05,1.0,1.0,1.0,1.0,1.0,0.621480917262416,0.9206349206349206,1.0,0.8611111111111112,0.84375,0.9152542372881356
467,2.436104955561358e-05,1.0,1.0,1.0,1.0,1.0,0.6051308083651026,0.9206349206349206,1.0,0.8611111111111112,0.84375,0.9152542372881356
468,1.6215462187048406e-05,1.0,1.0,1.0,1.0,1.0,0.63162242969875,0.9047619047619048,1.0,0.8333333333333334,0.8181818181818182,0.9
469,0.008483640119807553,0.9976911976911977,0.9971139971139971,0.9980759980759981,0.9971139971139971,0.9971139971139971,0.316273609915423,0.9682539682539683,1.0,0.9444444444444444,0.9310344827586207,0.9642857142857143
470,0.0009132427939896975,0.9997113997113997,1.0,0.9995189995189995,0.9992790194664743,0.999639379733141,0.38419986408322104,0.9523809523809523,1.0,0.9166666666666666,0.9,0.9473684210526315
471,6.512634183507259e-05,1.0,1.0,1.0,1.0,1.0,0.36329281893244664,0.9523809523809523,1.0,0.9166666666666666,0.9,0.9473684210526315
472,7.072243393231227e-05,1.0,1.0,1.0,1.0,1.0,0.3432698867150715,0.9365079365079365,0.9629629629629629,0.9166666666666666,0.896551724137931,0.9285714285714286
473,3.591701397986102e-05,1.0,1.0,1.0,1.0,1.0,0.35623688360820305,0.9365079365079365,0.9629629629629629,0.9166666666666666,0.896551724137931,0.9285714285714286
474,0.00024602424436886153,1.0,1.0,1.0,1.0,1.0,0.3549707985763985,0.9365079365079365,0.9259259259259259,0.9444444444444444,0.9259259259259259,0.9259259259259259
475,1.4560948318855673e-05,1.0,1.0,1.0,1.0,1.0,0.3541972635254737,0.9365079365079365,0.9259259259259259,0.9444444444444444,0.9259259259259259,0.9259259259259259
476,1.8001388952619718e-05,1.0,1.0,1.0,1.0,1.0,0.3868601033685818,0.9365079365079365,0.9629629629629629,0.9166666666666666,0.896551724137931,0.9285714285714286
477,1.638849185157324e-05,1.0,1.0,1.0,1.0,1.0,0.35549860120203997,0.9365079365079365,0.9629629629629629,0.9166666666666666,0.896551724137931,0.9285714285714286
478,0.008802796784671262,0.9975468975468975,0.9971139971139971,0.9978354978354979,0.996754417598269,0.9969341749323715,0.3344974864481224,0.9365079365079365,0.9629629629629629,0.9166666666666666,0.896551724137931,0.9285714285714286
479,0.0012751873711327202,0.9997113997113997,0.9996392496392497,0.9997594997594997,0.9996392496392497,0.9996392496392497,0.3761105024558862,0.9523809523809523,1.0,0.9166666666666666,0.9,0.9473684210526315
480,6.642861289192358e-05,1.0,1.0,1.0,1.0,1.0,0.3530335919783702,0.9682539682539683,1.0,0.9444444444444444,0.9310344827586207,0.9642857142857143
481,0.0024383461559611733,0.9995670995670995,0.9992784992784993,0.9997594997594997,0.9996391194514616,0.9994587768356485,0.29585134755590903,0.9682539682539683,1.0,0.9444444444444444,0.9310344827586207,0.9642857142857143
482,0.0002696022536848926,1.0,1.0,1.0,1.0,1.0,0.32906214884456453,0.9682539682539683,1.0,0.9444444444444444,0.9310344827586207,0.9642857142857143
483,5.3465884178456156e-05,1.0,1.0,1.0,1.0,1.0,0.35738436608551727,0.9682539682539683,1.0,0.9444444444444444,0.9310344827586207,0.9642857142857143
484,4.3522793067142855e-05,1.0,1.0,1.0,1.0,1.0,0.38829683843932655,0.9365079365079365,0.9629629629629629,0.9166666666666666,0.896551724137931,0.9285714285714286
485,0.00364203433178001,0.9985569985569985,0.9981962481962482,0.9987974987974988,0.9981962481962482,0.9981962481962482,0.5519404261297222,0.9523809523809523,0.9629629629629629,0.9444444444444444,0.9285714285714286,0.9454545454545454
486,0.0006614319387844428,0.9997278911564625,1.0,0.9995964487489911,0.9991652754590985,0.9995824634655532,0.47226683464961955,0.9523809523809523,0.9629629629629629,0.9444444444444444,0.9285714285714286,0.9454545454545454
487,0.00235741935406709,0.9994557823129252,0.9991645781119465,0.9995964487489911,0.9991645781119465,0.9991645781119465,0.4658944556680841,0.9206349206349206,0.9629629629629629,0.8888888888888888,0.8666666666666667,0.9122807017543859
488,0.0006588490174933405,0.9997278911564625,1.0,0.9995964487489911,0.9991652754590985,0.9995824634655532,0.46534487343160436,0.8888888888888888,0.9629629629629629,0.8333333333333334,0.8125,0.8813559322033898
489,0.006110430508042253,0.9984126984126984,0.9974747474747475,0.9990379990379991,0.9985554351751534,0.9980147987727847,0.4412525559055789,0.9206349206349206,0.9629629629629629,0.8888888888888888,0.8666666666666667,0.9122807017543859
490,0.004376515213288708,0.998989898989899,0.9989177489177489,0.9990379990379991,0.9985575189325641,0.9987376014427413,0.2748861874985908,0.9523809523809523,1.0,0.9166666666666666,0.9,0.9473684210526315
491,0.0022135953671243444,0.9992784992784993,0.9985569985569985,0.9997594997594997,0.9996388587937883,0.9990976358058112,0.28892013018152546,0.9365079365079365,0.9629629629629629,0.9166666666666666,0.896551724137931,0.9285714285714286
492,0.0021071911787272036,0.9991341991341991,0.9989177489177489,0.9992784992784993,0.9989177489177489,0.9989177489177489,0.36593999919326353,0.9365079365079365,0.9629629629629629,0.9166666666666666,0.896551724137931,0.9285714285714286
493,0.0021638203461764073,0.9994227994227994,0.9992784992784993,0.9995189995189995,0.9992784992784993,0.9992784992784993,0.4308148420301251,0.9523809523809523,0.9629629629629629,0.9444444444444444,0.9285714285714286,0.9454545454545454
494,0.0001202611729582268,1.0,1.0,1.0,1.0,1.0,0.43226503278729356,0.9523809523809523,0.9629629629629629,0.9444444444444444,0.9285714285714286,0.9454545454545454
495,0.0010132208172110794,0.9997113997113997,0.9996392496392497,0.9997594997594997,0.9996392496392497,0.9996392496392497,0.3304964634797735,0.9682539682539683,1.0,0.9444444444444444,0.9310344827586207,0.9642857142857143
496,0.00014867165048443242,1.0,1.0,1.0,1.0,1.0,0.35442131227942547,0.9682539682539683,1.0,0.9444444444444444,0.9310344827586207,0.9642857142857143
497,9.454996641951004e-05,1.0,1.0,1.0,1.0,1.0,0.36860595759392867,0.9682539682539683,1.0,0.9444444444444444,0.9310344827586207,0.9642857142857143
498,0.0035770906681426733,0.998989898989899,0.9985569985569985,0.9992784992784993,0.9989173583543847,0.9987371459498466,0.30557059312778867,0.9523809523809523,1.0,0.9166666666666666,0.9,0.9473684210526315
499,0.007717709575481264,0.9976911976911977,0.9971139971139971,0.9980759980759981,0.9971139971139971,0.9971139971139971,0.34543803624720093,0.9206349206349206,1.0,0.8611111111111112,0.84375,0.9152542372881356
500,0.00020613822517706696,1.0,1.0,1.0,1.0,1.0,0.2914795485428638,0.9523809523809523,1.0,0.9166666666666666,0.9,0.9473684210526315
501,0.0018170665487601742,0.9995670995670995,0.9996392496392497,0.9995189995189995,0.999278759466282,0.999458972046889,0.29865959788592245,0.9523809523809523,1.0,0.9166666666666666,0.9,0.9473684210526315
502,0.001141008282720157,0.9995670995670995,0.9989177489177489,1.0,1.0,0.9994585814834868,0.4431349850122979,0.9365079365079365,1.0,0.8888888888888888,0.8709677419354839,0.9310344827586207
503,0.0014151059041400986,0.9997113997113997,0.9996392496392497,0.9997594997594997,0.9996392496392497,0.9996392496392497,0.37367790513142984,0.9523809523809523,1.0,0.9166666666666666,0.9,0.9473684210526315
504,0.0007273912719784829,0.9995670995670995,0.9992784992784993,0.9997594997594997,0.9996391194514616,0.9994587768356485,0.9508050732385729,0.8571428571428571,1.0,0.75,0.75,0.8571428571428571
505,0.0011874569990394696,0.9994557823129252,0.9991645781119465,0.9995964487489911,0.9991645781119465,0.9991645781119465,0.7357096036790781,0.8888888888888888,0.9629629629629629,0.8333333333333334,0.8125,0.8813559322033898
506,0.002276858371684103,0.9988455988455989,0.9981962481962482,0.9992784992784993,0.9989169675090253,0.9985564778058462,0.3651688424426885,0.9365079365079365,1.0,0.8888888888888888,0.8709677419354839,0.9310344827586207
507,0.0024170849926592013,0.9991341991341991,0.9989177489177489,0.9992784992784993,0.9989177489177489,0.9989177489177489,0.33846905466449995,0.9206349206349206,1.0,0.8611111111111112,0.84375,0.9152542372881356
508,0.002865827368001946,0.9992784992784993,0.9989177489177489,0.9995189995189995,0.9992782389029231,0.9990979613927476,0.39175119453908075,0.9206349206349206,0.9629629629629629,0.8888888888888888,0.8666666666666667,0.9122807017543859
509,0.00045627116924965467,0.9998556998556999,0.9996392496392497,1.0,1.0,0.9998195922785496,0.3624339384786297,0.9206349206349206,0.9629629629629629,0.8888888888888888,0.8666666666666667,0.9122807017543859
510,9.54556510665114e-05,1.0,1.0,1.0,1.0,1.0,0.3548630947498457,0.9523809523809523,1.0,0.9166666666666666,0.9,0.9473684210526315
511,0.0002447508353268709,1.0,1.0,1.0,1.0,1.0,0.43851593490653035,0.9365079365079365,0.9629629629629629,0.9166666666666666,0.896551724137931,0.9285714285714286
512,0.005953291557474964,0.9984126984126984,0.9978354978354979,0.9987974987974988,0.9981955972573078,0.9980155150640447,1.1476804744045708,0.7936507936507936,1.0,0.6388888888888888,0.675,0.8059701492537313
513,0.002292686355266745,0.9991341991341991,0.9996392496392497,0.9987974987974988,0.9981988472622478,0.9989185291997116,0.3779195682256527,0.9206349206349206,1.0,0.8611111111111112,0.84375,0.9152542372881356
514,0.0026356429820142777,0.9988455988455989,0.9985569985569985,0.9990379990379991,0.9985569985569985,0.9985569985569985,0.5526174120531078,0.9047619047619048,1.0,0.8333333333333334,0.8181818181818182,0.9
515,0.0017896692399069119,0.9997113997113997,0.9992784992784993,1.0,1.0,0.9996391194514616,0.5827116004010249,0.8888888888888888,1.0,0.8055555555555556,0.7941176470588235,0.8852459016393442
516,0.002828263316836348,0.9988455988455989,0.9989177489177489,0.9987974987974988,0.998197548666186,0.9985575189325641,0.3569692910264527,0.9206349206349206,1.0,0.8611111111111112,0.84375,0.9152542372881356
517,0.0005586535893753128,0.9998556998556999,1.0,0.9997594997594997,0.999639379733141,0.999819657348963,0.26228089310738834,0.9523809523809523,1.0,0.9166666666666666,0.9,0.9473684210526315
518,0.004174518589253314,0.998989898989899,0.9989177489177489,0.9990379990379991,0.9985575189325641,0.9987376014427413,0.3789502815269525,0.9047619047619048,1.0,0.8333333333333334,0.8181818181818182,0.9
519,0.0010443835825694864,0.9997113997113997,1.0,0.9995189995189995,0.9992790194664743,0.999639379733141,0.47424630095650044,0.9047619047619048,1.0,0.8333333333333334,0.8181818181818182,0.9
520,0.0024124162163449343,0.9994227994227994,0.9992784992784993,0.9995189995189995,0.9992784992784993,0.9992784992784993,0.36557169034264037,0.9206349206349206,1.0,0.8611111111111112,0.84375,0.9152542372881356
521,0.0018296190411540068,0.9992784992784993,0.9992784992784993,0.9992784992784993,0.998918139199423,0.9990982867448152,0.3305051535726451,0.9047619047619048,1.0,0.8333333333333334,0.8181818181818182,0.9
522,0.0014436487982454045,0.9992784992784993,0.9992784992784993,0.9992784992784993,0.998918139199423,0.9990982867448152,0.311081909323259,0.9047619047619048,1.0,0.8333333333333334,0.8181818181818182,0.9
523,0.0036437010670897964,0.9992784992784993,0.9992784992784993,0.9992784992784993,0.998918139199423,0.9990982867448152,0.4302212951971876,0.8888888888888888,1.0,0.8055555555555556,0.7941176470588235,0.8852459016393442
524,0.002587826439206001,0.9991341991341991,0.9989177489177489,0.9992784992784993,0.9989177489177489,0.9989177489177489,0.39675423802275744,0.8888888888888888,1.0,0.8055555555555556,0.7941176470588235,0.8852459016393442
525,0.0007326359901735579,1.0,1.0,1.0,1.0,1.0,0.312033609921364,0.9365079365079365,1.0,0.8888888888888888,0.8709677419354839,0.9310344827586207
526,0.001360216682433164,0.9995670995670995,0.9992784992784993,0.9997594997594997,0.9996391194514616,0.9994587768356485,0.2632875355225729,0.9365079365079365,0.9629629629629629,0.9166666666666666,0.896551724137931,0.9285714285714286
527,0.0018660227674382201,0.9994227994227994,0.9989177489177489,0.9997594997594997,0.9996389891696751,0.9992782389029231,0.39111688342832385,0.9047619047619048,1.0,0.8333333333333334,0.8181818181818182,0.9
528,0.00033892984520063026,0.9998556998556999,1.0,0.9997594997594997,0.999639379733141,0.999819657348963,0.39173146720147795,0.9206349206349206,1.0,0.8611111111111112,0.84375,0.9152542372881356
529,0.0021519949844900858,0.998989898989899,0.9985569985569985,0.9992784992784993,0.9989173583543847,0.9987371459498466,0.42389843614664785,0.9206349206349206,0.9259259259259259,0.9166666666666666,0.8928571428571429,0.9090909090909091
530,0.0014781381688425208,0.9994227994227994,0.9992784992784993,0.9995189995189995,0.9992784992784993,0.9992784992784993,0.5304001650056018,0.9047619047619048,0.9629629629629629,0.8611111111111112,0.8387096774193549,0.896551724137931
531,0.000420129223675996,0.9998556998556999,1.0,0.9997594997594997,0.999639379733141,0.999819657348963,0.4911199612164175,0.8888888888888888,0.9259259259259259,0.8611111111111112,0.8333333333333334,0.8771929824561403
532,0.0001686520502322706,1.0,1.0,1.0,1.0,1.0,0.460390121632603,0.9206349206349206,1.0,0.8611111111111112,0.84375,0.9152542372881356
533,0.0003323689694180528,1.0,1.0,1.0,1.0,1.0,0.34676778072579983,0.9523809523809523,1.0,0.9166666666666666,0.9,0.9473684210526315
534,0.003600733663712992,0.9984126984126984,0.9981962481962482,0.9985569985569985,0.997836278398846,0.9980162308385934,0.4868787037622597,0.9206349206349206,0.9259259259259259,0.9166666666666666,0.8928571428571429,0.9090909090909091
535,0.002862086700404539,0.9992784992784993,0.9989177489177489,0.9995189995189995,0.9992782389029231,0.9990979613927476,0.4017859905041636,0.9206349206349206,0.9629629629629629,0.8888888888888888,0.8666666666666667,0.9122807017543859
536,0.002725165539531419,0.9994557823129252,0.9991645781119465,0.9995964487489911,0.9991645781119465,0.9991645781119465,0.40497242553263074,0.9206349206349206,0.9259259259259259,0.9166666666666666,0.8928571428571429,0.9090909090909091
537,0.00262416444835925,0.998989898989899,0.9985569985569985,0.9992784992784993,0.9989173583543847,0.9987371459498466,0.3528909488499815,0.9365079365079365,1.0,0.8888888888888888,0.8709677419354839,0.9310344827586207
538,0.0011678289576207825,0.9997113997113997,0.9996392496392497,0.9997594997594997,0.9996392496392497,0.9996392496392497,0.29168107699868934,0.9206349206349206,1.0,0.8611111111111112,0.84375,0.9152542372881356
539,0.0005552872804297953,0.9997113997113997,0.9996392496392497,0.9997594997594997,0.9996392496392497,0.9996392496392497,0.47834739345865,0.9206349206349206,0.9629629629629629,0.8888888888888888,0.8666666666666667,0.9122807017543859
540,0.0005607173561109036,0.9998556998556999,1.0,0.9997594997594997,0.999639379733141,0.999819657348963,0.4369513347526894,0.9365079365079365,1.0,0.8888888888888888,0.8709677419354839,0.9310344827586207
541,0.0025899091756631577,0.9988455988455989,0.9985569985569985,0.9990379990379991,0.9985569985569985,0.9985569985569985,0.4977010071447622,0.8888888888888888,0.9259259259259259,0.8611111111111112,0.8333333333333334,0.8771929824561403
542,0.0036172486246136763,0.9991341991341991,0.9985569985569985,0.9995189995189995,0.9992779783393502,0.9989173583543847,0.4910333149452945,0.9365079365079365,1.0,0.8888888888888888,0.8709677419354839,0.9310344827586207
543,0.0017928553858801968,0.9997113997113997,0.9996392496392497,0.9997594997594997,0.9996392496392497,0.9996392496392497,0.3240766903858573,0.9047619047619048,0.9629629629629629,0.8611111111111112,0.8387096774193549,0.896551724137931
544,0.00032800742196131073,1.0,1.0,1.0,1.0,1.0,0.40035382699450506,0.9206349206349206,1.0,0.8611111111111112,0.84375,0.9152542372881356
545,0.00010317929558169147,1.0,1.0,1.0,1.0,1.0,0.47164193634313367,0.9047619047619048,1.0,0.8333333333333334,0.8181818181818182,0.9
546,0.0018458418971427715,0.9992784992784993,0.9989177489177489,0.9995189995189995,0.9992782389029231,0.9990979613927476,0.32639682184099145,0.9047619047619048,0.9629629629629629,0.8611111111111112,0.8387096774193549,0.896551724137931
547,0.0008823563349925184,0.9997113997113997,0.9996392496392497,0.9997594997594997,0.9996392496392497,0.9996392496392497,0.6085241743555617,0.8571428571428571,0.9259259259259259,0.8055555555555556,0.78125,0.847457627118644
548,0.0007604561773957488,0.9997113997113997,0.9992784992784993,1.0,1.0,0.9996391194514616,0.4478717844948054,0.9047619047619048,0.9629629629629629,0.8611111111111112,0.8387096774193549,0.896551724137931
549,4.846549979019602e-05,1.0,1.0,1.0,1.0,1.0,0.4561520337856131,0.9206349206349206,1.0,0.8611111111111112,0.84375,0.9152542372881356
550,0.0006104109589223979,0.9997278911564625,1.0,0.9995964487489911,0.9991652754590985,0.9995824634655532,1.0784016790105,0.8571428571428571,0.9629629629629629,0.7777777777777778,0.7647058823529411,0.8524590163934426
551,0.00570105407489228,0.9984126984126984,0.9974747474747475,0.9990379990379991,0.9985554351751534,0.9980147987727847,0.3434865431460951,0.9206349206349206,1.0,0.8611111111111112,0.84375,0.9152542372881356
552,0.0003785013573420025,1.0,1.0,1.0,1.0,1.0,0.20230510039994168,0.9682539682539683,1.0,0.9444444444444444,0.9310344827586207,0.9642857142857143
553,0.00020309381465501115,1.0,1.0,1.0,1.0,1.0,0.3394325596963181,0.9047619047619048,1.0,0.8333333333333334,0.8181818181818182,0.9
554,0.002311593189103207,0.9992784992784993,0.9989177489177489,0.9995189995189995,0.9992782389029231,0.9990979613927476,0.3559649678867399,0.9206349206349206,1.0,0.8611111111111112,0.84375,0.9152542372881356
555,0.0001262507512281125,1.0,1.0,1.0,1.0,1.0,0.4295698987700725,0.9206349206349206,1.0,0.8611111111111112,0.84375,0.9152542372881356
556,0.00010049947637748654,1.0,1.0,1.0,1.0,1.0,0.4003441519845861,0.9206349206349206,1.0,0.8611111111111112,0.84375,0.9152542372881356
557,4.314503936692814e-05,1.0,1.0,1.0,1.0,1.0,0.4016509944888798,0.9206349206349206,1.0,0.8611111111111112,0.84375,0.9152542372881356
558,0.0018616009037656165,0.9994227994227994,0.9989177489177489,0.9997594997594997,0.9996389891696751,0.9992782389029231,0.5294106453484202,0.9047619047619048,0.9629629629629629,0.8611111111111112,0.8387096774193549,0.896551724137931
559,0.004625080957358539,0.9982683982683983,0.9981962481962482,0.9983164983164983,0.9974765681326604,0.997836278398846,0.24735600347464373,0.9206349206349206,0.9629629629629629,0.8888888888888888,0.8666666666666667,0.9122807017543859
560,0.001418134374054131,0.9995670995670995,0.9996392496392497,0.9995189995189995,0.999278759466282,0.999458972046889,0.547069297381746,0.9047619047619048,0.9259259259259259,0.8888888888888888,0.8620689655172413,0.8928571428571429
561,0.0004706040557527626,0.9997278911564625,1.0,0.9995964487489911,0.9991652754590985,0.9995824634655532,0.33720319233312723,0.9206349206349206,0.9259259259259259,0.9166666666666666,0.8928571428571429,0.9090909090909091
562,0.00023820044389953783,1.0,1.0,1.0,1.0,1.0,0.5579153150731346,0.873015873015873,0.9259259259259259,0.8333333333333334,0.8064516129032258,0.8620689655172413
563,7.264020987343234e-05,1.0,1.0,1.0,1.0,1.0,0.49704074058588177,0.8888888888888888,0.9259259259259259,0.8611111111111112,0.8333333333333334,0.8771929824561403
564,0.00238888208381109,0.9997278911564625,1.0,0.9995964487489911,0.9991652754590985,0.9995824634655532,0.604581566888512,0.8571428571428571,0.8888888888888888,0.8333333333333334,0.8,0.8421052631578947
565,0.0034653145131515986,0.998989898989899,0.9985569985569985,0.9992784992784993,0.9989173583543847,0.9987371459498466,0.3848868323511274,0.9047619047619048,0.9259259259259259,0.8888888888888888,0.8620689655172413,0.8928571428571429
566,0.0009358477198627358,0.9997278911564625,1.0,0.9995964487489911,0.9991652754590985,0.9995824634655532,0.2971239049497637,0.9047619047619048,0.9259259259259259,0.8888888888888888,0.8620689655172413,0.8928571428571429
567,0.002854329946939659,0.9988455988455989,0.9985569985569985,0.9990379990379991,0.9985569985569985,0.9985569985569985,0.14531835419539776,0.9523809523809523,1.0,0.9166666666666666,0.9,0.9473684210526315
568,0.0013080883542707638,0.9994227994227994,0.9992784992784993,0.9995189995189995,0.9992784992784993,0.9992784992784993,0.18323746605754077,0.9682539682539683,1.0,0.9444444444444444,0.9310344827586207,0.9642857142857143
569,0.0010853412415123048,0.9997113997113997,0.9996392496392497,0.9997594997594997,0.9996392496392497,0.9996392496392497,0.28855180115317036,0.9523809523809523,1.0,0.9166666666666666,0.9,0.9473684210526315
570,0.001966482187067367,0.9994227994227994,0.9992784992784993,0.9995189995189995,0.9992784992784993,0.9992784992784993,0.3499956902482414,0.9206349206349206,0.9259259259259259,0.9166666666666666,0.8928571428571429,0.9090909090909091
571,0.0003173216031749923,1.0,1.0,1.0,1.0,1.0,0.36024131694088396,0.9365079365079365,1.0,0.8888888888888888,0.8709677419354839,0.9310344827586207
572,0.0001557022524608869,1.0,1.0,1.0,1.0,1.0,0.35174141297408373,0.9523809523809523,1.0,0.9166666666666666,0.9,0.9473684210526315
573,7.147916798581341e-05,1.0,1.0,1.0,1.0,1.0,0.3879587418735369,0.9523809523809523,1.0,0.9166666666666666,0.9,0.9473684210526315
574,0.003915077723734876,0.9985569985569985,0.9978354978354979,0.9990379990379991,0.9985559566787003,0.9981955972573078,0.3680610419676033,0.9047619047619048,0.8888888888888888,0.9166666666666666,0.8888888888888888,0.8888888888888888
575,0.00220748897949645,0.9995670995670995,0.9992784992784993,0.9997594997594997,0.9996391194514616,0.9994587768356485,0.3610041001793145,0.9047619047619048,0.8888888888888888,0.9166666666666666,0.8888888888888888,0.8888888888888888
576,0.0021522391331656125,0.9994227994227994,0.9992784992784993,0.9995189995189995,0.9992784992784993,0.9992784992784993,0.28632826784751303,0.9365079365079365,0.9629629629629629,0.9166666666666666,0.896551724137931,0.9285714285714286
577,0.0025995849165312136,0.9991341991341991,0.9989177489177489,0.9992784992784993,0.9989177489177489,0.9989177489177489,0.37777232469543665,0.9206349206349206,0.9629629629629629,0.8888888888888888,0.8666666666666667,0.9122807017543859
578,0.0014938477233997782,0.9997113997113997,0.9996392496392497,0.9997594997594997,0.9996392496392497,0.9996392496392497,0.3305167157890364,0.9365079365079365,0.9629629629629629,0.9166666666666666,0.896551724137931,0.9285714285714286
579,0.00017603932524036195,1.0,1.0,1.0,1.0,1.0,0.4289043455491848,0.9206349206349206,1.0,0.8611111111111112,0.84375,0.9152542372881356
580,0.0019466079128414085,0.9992784992784993,0.9989177489177489,0.9995189995189995,0.9992782389029231,0.9990979613927476,0.2720654771204979,0.9206349206349206,0.9629629629629629,0.8888888888888888,0.8666666666666667,0.9122807017543859
581,0.00026278639711609233,1.0,1.0,1.0,1.0,1.0,0.37832807092687176,0.9365079365079365,1.0,0.8888888888888888,0.8709677419354839,0.9310344827586207
582,8.15945284531937e-05,1.0,1.0,1.0,1.0,1.0,0.3514938753720517,0.9523809523809523,1.0,0.9166666666666666,0.9,0.9473684210526315
583,6.35302964420047e-05,1.0,1.0,1.0,1.0,1.0,0.3817360802074998,0.9365079365079365,1.0,0.8888888888888888,0.8709677419354839,0.9310344827586207
584,0.002834141428877813,0.9987012987012988,0.9985569985569985,0.9987974987974988,0.998196898665705,0.9983769161406673,0.4882090861524736,0.8888888888888888,0.9259259259259259,0.8611111111111112,0.8333333333333334,0.8771929824561403
585,0.0012829073007778107,0.9994227994227994,0.9992784992784993,0.9995189995189995,0.9992784992784993,0.9992784992784993,0.3028976130336227,0.9365079365079365,1.0,0.8888888888888888,0.8709677419354839,0.9310344827586207
586,0.0019185498030519228,0.9991341991341991,0.9985569985569985,0.9995189995189995,0.9992779783393502,0.9989173583543847,0.34191891991640516,0.9206349206349206,0.9259259259259259,0.9166666666666666,0.8928571428571429,0.9090909090909091
587,0.0020121545646253867,0.9997113997113997,1.0,0.9995189995189995,0.9992790194664743,0.999639379733141,0.3614336370942294,0.9047619047619048,0.9259259259259259,0.8888888888888888,0.8620689655172413,0.8928571428571429
588,0.00034578402559698007,0.9998556998556999,0.9996392496392497,1.0,1.0,0.9998195922785496,0.30207519936153576,0.9365079365079365,0.9629629629629629,0.9166666666666666,0.896551724137931,0.9285714285714286
589,0.0011457339253778008,0.9997113997113997,0.9996392496392497,0.9997594997594997,0.9996392496392497,0.9996392496392497,0.27502467856273083,0.9365079365079365,1.0,0.8888888888888888,0.8709677419354839,0.9310344827586207
590,0.0007441362214400079,0.9997278911564625,1.0,0.9995964487489911,0.9991652754590985,0.9995824634655532,0.31706848558563266,0.9206349206349206,0.9259259259259259,0.9166666666666666,0.8928571428571429,0.9090909090909091
591,4.8723108954315345e-05,1.0,1.0,1.0,1.0,1.0,0.3014632071987892,0.9206349206349206,0.9259259259259259,0.9166666666666666,0.8928571428571429,0.9090909090909091
592,0.0047441961452307745,0.9987012987012988,0.9981962481962482,0.9990379990379991,0.9985564778058462,0.9983763305069457,0.2956670440164291,0.9206349206349206,0.9629629629629629,0.8888888888888888,0.8666666666666667,0.9122807017543859
593,0.0008091569099848723,0.9997113997113997,0.9996392496392497,0.9997594997594997,0.9996392496392497,0.9996392496392497,0.40066389804188574,0.9365079365079365,1.0,0.8888888888888888,0.8709677419354839,0.9310344827586207
594,0.0031302258749563387,0.9991341991341991,0.9989177489177489,0.9992784992784993,0.9989177489177489,0.9989177489177489,0.34791145300019594,0.9206349206349206,0.9629629629629629,0.8888888888888888,0.8666666666666667,0.9122807017543859
595,0.003007791323135118,0.998989898989899,0.9985569985569985,0.9992784992784993,0.9989173583543847,0.9987371459498466,0.24414171452914912,0.9206349206349206,0.9629629629629629,0.8888888888888888,0.8666666666666667,0.9122807017543859
596,0.00020379629802908336,1.0,1.0,1.0,1.0,1.0,0.24441047644405256,0.9523809523809523,0.9629629629629629,0.9444444444444444,0.9285714285714286,0.9454545454545454
597,0.0003858425448208546,0.9998556998556999,1.0,0.9997594997594997,0.999639379733141,0.999819657348963,0.30360633028405054,0.9206349206349206,0.9629629629629629,0.8888888888888888,0.8666666666666667,0.9122807017543859
598,7.311398907369075e-05,1.0,1.0,1.0,1.0,1.0,0.28075109706962453,0.9365079365079365,0.9629629629629629,0.9166666666666666,0.896551724137931,0.9285714285714286
599,6.783392434712812e-05,1.0,1.0,1.0,1.0,1.0,0.31385583560433356,0.9365079365079365,1.0,0.8888888888888888,0.8709677419354839,0.9310344827586207
600,4.622720480512167e-05,1.0,1.0,1.0,1.0,1.0,0.36073031322568627,0.9047619047619048,0.9259259259259259,0.8888888888888888,0.8620689655172413,0.8928571428571429
601,0.004696865058415051,0.9985569985569985,0.9978354978354979,0.9990379990379991,0.9985559566787003,0.9981955972573078,0.5439046690192458,0.9206349206349206,0.9259259259259259,0.9166666666666666,0.8928571428571429,0.9090909090909091
602,0.0010641323773542548,0.9997113997113997,0.9996392496392497,0.9997594997594997,0.9996392496392497,0.9996392496392497,0.5426148376187369,0.9047619047619048,0.9629629629629629,0.8611111111111112,0.8387096774193549,0.896551724137931
603,0.00014969245823237096,1.0,1.0,1.0,1.0,1.0,0.43975009983738084,0.9206349206349206,0.9629629629629629,0.8888888888888888,0.8666666666666667,0.9122807017543859
604,8.560144067067933e-05,1.0,1.0,1.0,1.0,1.0,0.46448930200246635,0.9365079365079365,0.9629629629629629,0.9166666666666666,0.896551724137931,0.9285714285714286
605,4.401204760093503e-05,1.0,1.0,1.0,1.0,1.0,0.44476547392292154,0.9365079365079365,0.9629629629629629,0.9166666666666666,0.896551724137931,0.9285714285714286
606,0.0010963309027274236,0.9997113997113997,0.9996392496392497,0.9997594997594997,0.9996392496392497,0.9996392496392497,0.6585992101618248,0.9047619047619048,0.8148148148148148,0.9722222222222222,0.9565217391304348,0.88
607,0.002176228530598416,0.9992784992784993,0.9985569985569985,0.9997594997594997,0.9996388587937883,0.9990976358058112,0.2415703989009628,0.9682539682539683,1.0,0.9444444444444444,0.9310344827586207,0.9642857142857143
608,0.0009892122534387203,0.9995670995670995,0.9996392496392497,0.9995189995189995,0.999278759466282,0.999458972046889,0.2959140179064845,0.9365079365079365,0.9629629629629629,0.9166666666666666,0.896551724137931,0.9285714285714286
609,0.0003239812005162209,1.0,1.0,1.0,1.0,1.0,0.3910604768838283,0.9365079365079365,0.9259259259259259,0.9444444444444444,0.9259259259259259,0.9259259259259259
610,0.0010787693301971878,0.9998556998556999,0.9996392496392497,1.0,1.0,0.9998195922785496,0.4958262001681659,0.9523809523809523,0.9629629629629629,0.9444444444444444,0.9285714285714286,0.9454545454545454
611,0.0037441003297355425,0.9991341991341991,0.9996392496392497,0.9987974987974988,0.9981988472622478,0.9989185291997116,0.313297240641929,0.9682539682539683,1.0,0.9444444444444444,0.9310344827586207,0.9642857142857143
612,0.0021528145079688934,0.9994557823129252,0.9983291562238931,1.0,1.0,0.9991638795986622,0.42795224856025826,0.9523809523809523,0.9629629629629629,0.9444444444444444,0.9285714285714286,0.9454545454545454
613,0.002702039460465835,0.9992784992784993,0.9989177489177489,0.9995189995189995,0.9992782389029231,0.9990979613927476,0.42812769259658773,0.9365079365079365,0.9259259259259259,0.9444444444444444,0.9259259259259259,0.9259259259259259
614,0.0002323394073190913,1.0,1.0,1.0,1.0,1.0,0.35314655763333636,0.9365079365079365,0.9259259259259259,0.9444444444444444,0.9259259259259259,0.9259259259259259
615,0.00014653393845553273,1.0,1.0,1.0,1.0,1.0,0.34481284526335665,0.9523809523809523,0.9629629629629629,0.9444444444444444,0.9285714285714286,0.9454545454545454
616,5.773746548829732e-05,1.0,1.0,1.0,1.0,1.0,0.34827110345848644,0.9523809523809523,1.0,0.9166666666666666,0.9,0.9473684210526315
617,0.0010303941219348305,0.9997278911564625,1.0,0.9995964487489911,0.9991652754590985,0.9995824634655532,0.36280318550323876,0.9206349206349206,0.9259259259259259,0.9166666666666666,0.8928571428571429,0.9090909090909091
618,0.002749126256650379,0.9991341991341991,0.9985569985569985,0.9995189995189995,0.9992779783393502,0.9989173583543847,0.21049933872052948,0.9682539682539683,1.0,0.9444444444444444,0.9310344827586207,0.9642857142857143
619,0.0027153980855087645,0.998989898989899,0.9989177489177489,0.9990379990379991,0.9985575189325641,0.9987376014427413,0.16853148029830273,0.9682539682539683,1.0,0.9444444444444444,0.9310344827586207,0.9642857142857143
620,0.000408059137089039,0.9997113997113997,0.9992784992784993,1.0,1.0,0.9996391194514616,0.26841038154897334,0.9523809523809523,1.0,0.9166666666666666,0.9,0.9473684210526315
621,0.0022294209208478543,0.9997113997113997,0.9996392496392497,0.9997594997594997,0.9996392496392497,0.9996392496392497,0.28802294732604566,0.9682539682539683,1.0,0.9444444444444444,0.9310344827586207,0.9642857142857143
622,0.0001184920495956587,1.0,1.0,1.0,1.0,1.0,0.29150249604098794,0.9682539682539683,1.0,0.9444444444444444,0.9310344827586207,0.9642857142857143
623,3.962590195556496e-05,1.0,1.0,1.0,1.0,1.0,0.3175250812628725,0.9682539682539683,1.0,0.9444444444444444,0.9310344827586207,0.9642857142857143
624,0.0026092074241185724,0.9992784992784993,0.9992784992784993,0.9992784992784993,0.998918139199423,0.9990982867448152,0.3224575243126194,0.9523809523809523,0.9629629629629629,0.9444444444444444,0.9285714285714286,0.9454545454545454
625,0.0004719298039582135,0.9997113997113997,0.9996392496392497,0.9997594997594997,0.9996392496392497,0.9996392496392497,0.2955850385695821,0.9682539682539683,1.0,0.9444444444444444,0.9310344827586207,0.9642857142857143
626,7.074063754132348e-05,1.0,1.0,1.0,1.0,1.0,0.31593358699446694,0.9682539682539683,1.0,0.9444444444444444,0.9310344827586207,0.9642857142857143
627,0.0003976554191600138,1.0,1.0,1.0,1.0,1.0,0.3240844273213519,0.9523809523809523,0.9629629629629629,0.9444444444444444,0.9285714285714286,0.9454545454545454
628,0.0012376396620737955,0.9998556998556999,1.0,0.9997594997594997,0.999639379733141,0.999819657348963,0.30968276896728353,0.9682539682539683,1.0,0.9444444444444444,0.9310344827586207,0.9642857142857143
629,0.0023269412123848505,0.9992784992784993,0.9992784992784993,0.9992784992784993,0.998918139199423,0.9990982867448152,0.25503983652119394,0.9523809523809523,1.0,0.9166666666666666,0.9,0.9473684210526315
630,0.0031240249324564974,0.998989898989899,0.9985569985569985,0.9992784992784993,0.9989173583543847,0.9987371459498466,0.33379268530286876,0.9365079365079365,0.9629629629629629,0.9166666666666666,0.896551724137931,0.9285714285714286
631,0.0024092424862815795,0.9994227994227994,0.9996392496392497,0.9992784992784993,0.9989185291997116,0.999278759466282,0.25645432162231635,0.9365079365079365,0.9629629629629629,0.9166666666666666,0.896551724137931,0.9285714285714286
632,9.111809649246944e-05,1.0,1.0,1.0,1.0,1.0,0.28052240839627174,0.9206349206349206,0.9259259259259259,0.9166666666666666,0.8928571428571429,0.9090909090909091
633,0.00015225162221212083,1.0,1.0,1.0,1.0,1.0,0.2405079234712979,0.9523809523809523,0.9629629629629629,0.9444444444444444,0.9285714285714286,0.9454545454545454
634,0.00010707321282385253,1.0,1.0,1.0,1.0,1.0,0.26336357555290246,0.9523809523809523,0.9629629629629629,0.9444444444444444,0.9285714285714286,0.9454545454545454
635,0.0018806771238823877,0.9995670995670995,0.9996392496392497,0.9995189995189995,0.999278759466282,0.999458972046889,0.2017017785027357,0.9365079365079365,0.9629629629629629,0.9166666666666666,0.896551724137931,0.9285714285714286
636,0.0001630794550716501,1.0,1.0,1.0,1.0,1.0,0.26245126141639913,0.9365079365079365,0.9259259259259259,0.9444444444444444,0.9259259259259259,0.9259259259259259
637,0.0030223811369222047,0.9987012987012988,0.9985569985569985,0.9987974987974988,0.998196898665705,0.9983769161406673,0.17186147019097078,0.9523809523809523,0.9629629629629629,0.9444444444444444,0.9285714285714286,0.9454545454545454
638,0.002126672201263579,0.9991341991341991,0.9989177489177489,0.9992784992784993,0.9989177489177489,0.9989177489177489,0.2309217465300453,0.9206349206349206,0.9259259259259259,0.9166666666666666,0.8928571428571429,0.9090909090909091
639,0.0013850407598320785,0.9998556998556999,0.9996392496392497,1.0,1.0,0.9998195922785496,0.30050025717199397,0.9206349206349206,1.0,0.8611111111111112,0.84375,0.9152542372881356
640,0.0013934651041246407,0.9992784992784993,0.9996392496392497,0.9990379990379991,0.9985585585585586,0.9990986118622679,0.1703948269381986,0.9682539682539683,1.0,0.9444444444444444,0.9310344827586207,0.9642857142857143
641,0.0006496661400499644,0.9998556998556999,1.0,0.9997594997594997,0.999639379733141,0.999819657348963,0.2810689202548626,0.9047619047619048,0.9259259259259259,0.8888888888888888,0.8620689655172413,0.8928571428571429
642,0.00028013352608155913,0.9998556998556999,1.0,0.9997594997594997,0.999639379733141,0.999819657348963,0.2241154909847648,0.9365079365079365,0.9259259259259259,0.9444444444444444,0.9259259259259259,0.9259259259259259
643,0.0008037174802324889,0.9997278911564625,0.9991645781119465,1.0,1.0,0.9995821145006268,0.2592175026259769,0.9047619047619048,0.8888888888888888,0.9166666666666666,0.8888888888888888,0.8888888888888888
644,0.0010345214175809243,0.9998556998556999,0.9996392496392497,1.0,1.0,0.9998195922785496,0.3480268004202535,0.9206349206349206,1.0,0.8611111111111112,0.84375,0.9152542372881356
645,0.001307112294969705,0.9994557823129252,0.9991645781119465,0.9995964487489911,0.9991645781119465,0.9991645781119465,0.4267212327067105,0.873015873015873,0.9259259259259259,0.8333333333333334,0.8064516129032258,0.8620689655172413
646,0.003372224976474395,0.9994227994227994,0.9992784992784993,0.9995189995189995,0.9992784992784993,0.9992784992784993,0.2853424079457043,0.9206349206349206,1.0,0.8611111111111112,0.84375,0.9152542372881356
647,0.002328639418659277,0.9991341991341991,0.9992784992784993,0.9990379990379991,0.9985580389329488,0.998918139199423,0.2209120331741389,0.9365079365079365,0.9629629629629629,0.9166666666666666,0.896551724137931,0.9285714285714286
648,0.0006340543673073051,0.9997113997113997,0.9996392496392497,0.9997594997594997,0.9996392496392497,0.9996392496392497,0.24597164308781633,0.9365079365079365,0.9259259259259259,0.9444444444444444,0.9259259259259259,0.9259259259259259
649,0.0007574086881401603,0.9997113997113997,0.9996392496392497,0.9997594997594997,0.9996392496392497,0.9996392496392497,0.19314696439924153,0.9682539682539683,1.0,0.9444444444444444,0.9310344827586207,0.9642857142857143
650,0.0003838023606371133,1.0,1.0,1.0,1.0,1.0,0.3071937839838303,0.9365079365079365,0.9629629629629629,0.9166666666666666,0.896551724137931,0.9285714285714286
651,0.0007013440788127947,0.9998556998556999,1.0,0.9997594997594997,0.999639379733141,0.999819657348963,0.4327744158546834,0.9365079365079365,0.9259259259259259,0.9444444444444444,0.9259259259259259,0.9259259259259259
652,0.0039785448252049145,0.9994227994227994,0.9992784992784993,0.9995189995189995,0.9992784992784993,0.9992784992784993,0.27841216743007186,0.9365079365079365,0.9629629629629629,0.9166666666666666,0.896551724137931,0.9285714285714286
653,0.0024124234076889624,0.9991341991341991,0.9992784992784993,0.9990379990379991,0.9985580389329488,0.998918139199423,0.1934234499857421,0.9365079365079365,0.9629629629629629,0.9166666666666666,0.896551724137931,0.9285714285714286
654,0.0009479483381976213,0.9997113997113997,0.9996392496392497,0.9997594997594997,0.9996392496392497,0.9996392496392497,0.28126208971731276,0.9365079365079365,0.9629629629629629,0.9166666666666666,0.896551724137931,0.9285714285714286
655,0.0019212894846888096,0.998989898989899,0.9985569985569985,0.9992784992784993,0.9989173583543847,0.9987371459498466,0.35304599556802135,0.9206349206349206,0.9629629629629629,0.8888888888888888,0.8666666666666667,0.9122807017543859
656,0.0008712789520883014,0.9997113997113997,0.9996392496392497,0.9997594997594997,0.9996392496392497,0.9996392496392497,0.3789959589180182,0.9206349206349206,0.9629629629629629,0.8888888888888888,0.8666666666666667,0.9122807017543859
657,0.00020702492065020138,0.9998556998556999,1.0,0.9997594997594997,0.999639379733141,0.999819657348963,0.37243920005996534,0.9206349206349206,0.9629629629629629,0.8888888888888888,0.8666666666666667,0.9122807017543859
658,7.812083937368426e-05,1.0,1.0,1.0,1.0,1.0,0.4185645976822199,0.9365079365079365,0.9629629629629629,0.9166666666666666,0.896551724137931,0.9285714285714286
659,9.351272145262816e-05,1.0,1.0,1.0,1.0,1.0,0.3977885545849974,0.9523809523809523,1.0,0.9166666666666666,0.9,0.9473684210526315
660,0.0024893594219745365,0.9992784992784993,0.9989177489177489,0.9995189995189995,0.9992782389029231,0.9990979613927476,0.6321666018357353,0.9365079365079365,1.0,0.8888888888888888,0.8709677419354839,0.9310344827586207
661,0.0026001206995048655,0.9994557823129252,0.9991645781119465,0.9995964487489911,0.9991645781119465,0.9991645781119465,0.35533906428498174,0.9206349206349206,0.9629629629629629,0.8888888888888888,0.8666666666666667,0.9122807017543859
662,0.0029410858418902927,0.9988455988455989,0.9985569985569985,0.9990379990379991,0.9985569985569985,0.9985569985569985,0.32698557390240096,0.9682539682539683,1.0,0.9444444444444444,0.9310344827586207,0.9642857142857143
663,0.0001324675082020868,1.0,1.0,1.0,1.0,1.0,0.29120139652329113,0.9682539682539683,1.0,0.9444444444444444,0.9310344827586207,0.9642857142857143
664,8.417185183715861e-05,1.0,1.0,1.0,1.0,1.0,0.3237790829919663,0.9682539682539683,1.0,0.9444444444444444,0.9310344827586207,0.9642857142857143
665,0.00010278141338445654,1.0,1.0,1.0,1.0,1.0,0.3412817449148168,0.9365079365079365,1.0,0.8888888888888888,0.8709677419354839,0.9310344827586207
666,0.004339093289315773,0.998989898989899,0.9989177489177489,0.9990379990379991,0.9985575189325641,0.9987376014427413,0.21576941213274878,0.9682539682539683,1.0,0.9444444444444444,0.9310344827586207,0.9642857142857143
667,0.00030238629420884633,0.9997278911564625,0.9991645781119465,1.0,1.0,0.9995821145006268,0.41066123821979594,0.9206349206349206,1.0,0.8611111111111112,0.84375,0.9152542372881356
668,0.0004528418484882617,0.9997113997113997,0.9996392496392497,0.9997594997594997,0.9996392496392497,0.9996392496392497,0.2927719967140417,0.9206349206349206,0.9629629629629629,0.8888888888888888,0.8666666666666667,0.9122807017543859
669,0.0023971112337540625,0.9994227994227994,0.9992784992784993,0.9995189995189995,0.9992784992784993,0.9992784992784993,0.30036149568955545,0.9365079365079365,1.0,0.8888888888888888,0.8709677419354839,0.9310344827586207
670,0.0011013808870809043,0.9998556998556999,0.9996392496392497,1.0,1.0,0.9998195922785496,0.3098928374441577,0.9523809523809523,1.0,0.9166666666666666,0.9,0.9473684210526315
671,0.002890606768086102,0.998989898989899,0.9989177489177489,0.9990379990379991,0.9985575189325641,0.9987376014427413,0.3628419723494777,0.9047619047619048,0.9629629629629629,0.8611111111111112,0.8387096774193549,0.896551724137931
672,0.0008603319339652871,0.9994227994227994,0.9989177489177489,0.9997594997594997,0.9996389891696751,0.9992782389029231,0.46314792383447406,0.9365079365079365,0.9629629629629629,0.9166666666666666,0.896551724137931,0.9285714285714286
673,0.000532411056024214,0.9997113997113997,1.0,0.9995189995189995,0.9992790194664743,0.999639379733141,0.40327221742324854,0.9365079365079365,0.9629629629629629,0.9166666666666666,0.896551724137931,0.9285714285714286
674,0.0021719137535656753,0.9994227994227994,0.9989177489177489,0.9997594997594997,0.9996389891696751,0.9992782389029231,0.429057545564507,0.9047619047619048,0.9629629629629629,0.8611111111111112,0.8387096774193549,0.896551724137931
675,0.002090566161435466,0.9992784992784993,0.9989177489177489,0.9995189995189995,0.9992782389029231,0.9990979613927476,0.8483609476917615,0.8571428571428571,0.9629629629629629,0.7777777777777778,0.7647058823529411,0.8524590163934426
676,0.001236581285959238,0.9998556998556999,0.9996392496392497,1.0,1.0,0.9998195922785496,0.49215440355917617,0.9365079365079365,1.0,0.8888888888888888,0.8709677419354839,0.9310344827586207
677,7.880642541117116e-05,1.0,1.0,1.0,1.0,1.0,0.4942024299102957,0.9523809523809523,1.0,0.9166666666666666,0.9,0.9473684210526315
678,4.474789055534969e-05,1.0,1.0,1.0,1.0,1.0,0.4331225414065384,0.9523809523809523,1.0,0.9166666666666666,0.9,0.9473684210526315
679,9.070392523030874e-05,1.0,1.0,1.0,1.0,1.0,0.46497871726913015,0.9523809523809523,1.0,0.9166666666666666,0.9,0.9473684210526315
680,2.6983191769149702e-05,1.0,1.0,1.0,1.0,1.0,0.5314655830565792,0.9523809523809523,1.0,0.9166666666666666,0.9,0.9473684210526315
681,2.3131653123072538e-05,1.0,1.0,1.0,1.0,1.0,0.4433319888018545,0.9523809523809523,1.0,0.9166666666666666,0.9,0.9473684210526315
682,0.0018649614624758563,0.9994227994227994,0.9992784992784993,0.9995189995189995,0.9992784992784993,0.9992784992784993,0.35539943846783395,0.9523809523809523,1.0,0.9166666666666666,0.9,0.9473684210526315
683,0.0028542159894630547,0.9988455988455989,0.9985569985569985,0.9990379990379991,0.9985569985569985,0.9985569985569985,0.3944378747556974,0.9523809523809523,1.0,0.9166666666666666,0.9,0.9473684210526315
684,0.003453313821613444,0.9992784992784993,0.9989177489177489,0.9995189995189995,0.9992782389029231,0.9990979613927476,0.40352299261010355,0.9206349206349206,1.0,0.8611111111111112,0.84375,0.9152542372881356
685,0.00019333039056862979,1.0,1.0,1.0,1.0,1.0,0.3702075562720734,0.9365079365079365,1.0,0.8888888888888888,0.8709677419354839,0.9310344827586207
686,0.0002217098393571289,1.0,1.0,1.0,1.0,1.0,0.3680518813078321,0.9365079365079365,1.0,0.8888888888888888,0.8709677419354839,0.9310344827586207
687,6.754142546585814e-05,1.0,1.0,1.0,1.0,1.0,0.3298235997328505,0.9523809523809523,1.0,0.9166666666666666,0.9,0.9473684210526315
688,4.0204970011511113e-05,1.0,1.0,1.0,1.0,1.0,0.37827096224784673,0.9365079365079365,1.0,0.8888888888888888,0.8709677419354839,0.9310344827586207
689,0.00021145260557446188,1.0,1.0,1.0,1.0,1.0,1.33660219067667,0.8253968253968254,0.9629629629629629,0.7222222222222222,0.7222222222222222,0.8253968253968254
690,0.003529075476516814,0.9988455988455989,0.9985569985569985,0.9990379990379991,0.9985569985569985,0.9985569985569985,0.3067247048704072,0.9365079365079365,0.9629629629629629,0.9166666666666666,0.896551724137931,0.9285714285714286
691,0.00031092975918889674,0.9998556998556999,1.0,0.9997594997594997,0.999639379733141,0.999819657348963,0.287872805888395,0.9365079365079365,0.9629629629629629,0.9166666666666666,0.896551724137931,0.9285714285714286
692,0.00034681740102876214,0.9998556998556999,0.9996392496392497,1.0,1.0,0.9998195922785496,0.29390075962920303,0.9682539682539683,1.0,0.9444444444444444,0.9310344827586207,0.9642857142857143
693,0.00196974378256348,0.9994557823129252,0.9991645781119465,0.9995964487489911,0.9991645781119465,0.9991645781119465,0.40278843190569047,0.9365079365079365,0.9629629629629629,0.9166666666666666,0.896551724137931,0.9285714285714286
694,0.0034073513157941103,0.9994227994227994,0.9989177489177489,0.9997594997594997,0.9996389891696751,0.9992782389029231,0.3597640492944121,0.9365079365079365,0.9629629629629629,0.9166666666666666,0.896551724137931,0.9285714285714286
695,0.0003958318147084214,0.9998556998556999,0.9996392496392497,1.0,1.0,0.9998195922785496,0.29945334575891064,0.9365079365079365,0.9629629629629629,0.9166666666666666,0.896551724137931,0.9285714285714286
696,6.68178744836251e-05,1.0,1.0,1.0,1.0,1.0,0.3283577078183289,0.9365079365079365,0.9629629629629629,0.9166666666666666,0.896551724137931,0.9285714285714286
697,0.00020327372911828283,0.9998556998556999,1.0,0.9997594997594997,0.999639379733141,0.999819657348963,0.3120058215044703,0.9523809523809523,0.9629629629629629,0.9444444444444444,0.9285714285714286,0.9454545454545454
698,0.0006783291554863707,0.9997113997113997,0.9996392496392497,0.9997594997594997,0.9996392496392497,0.9996392496392497,0.43816200481073575,0.9523809523809523,1.0,0.9166666666666666,0.9,0.9473684210526315
699,0.0007356548204734019,0.9998556998556999,1.0,0.9997594997594997,0.999639379733141,0.999819657348963,0.3316343513307936,0.9523809523809523,1.0,0.9166666666666666,0.9,0.9473684210526315
700,0.0006568782188602425,0.9998556998556999,1.0,0.9997594997594997,0.999639379733141,0.999819657348963,0.30759572192688384,0.9523809523809523,1.0,0.9166666666666666,0.9,0.9473684210526315
