Epoch,Loss,Accuracy,Sensitivity,Specificity,Precision,F1,Validation Loss,Validation Accuracy,Validation Sensitivity,Validation Specificity,Validation Precision,Validation F1
1,0.05646681727029781,0.9800865800865801,0.9729437229437229,0.9848484848484849,0.9771739130434782,0.9750542299349241,0.38440313237527063,0.9047619047619048,0.8888888888888888,0.9166666666666666,0.8888888888888888,0.8888888888888888
2,0.022541131613471984,0.9929251700680272,0.9874686716791979,0.9955609362389023,0.9907795473595976,0.9891213389121339,0.8850435158681302,0.8253968253968254,0.9629629629629629,0.7222222222222222,0.7222222222222222,0.8253968253968254
3,0.008213166363983174,0.9978231292517007,0.9974937343358395,0.9979822437449556,0.9958298582151793,0.996661101836394,0.9260370699127042,0.8412698412698413,0.9629629629629629,0.75,0.7428571428571429,0.8387096774193549
4,0.004366199531415034,0.9989115646258503,0.9974937343358395,0.9995964487489911,0.999163179916318,0.9983277591973244,1.1829958784704406,0.8412698412698413,0.9629629629629629,0.75,0.7428571428571429,0.8387096774193549
5,0.003273191631757369,0.9994557823129252,0.9991645781119465,0.9995964487489911,0.9991645781119465,0.9991645781119465,0.8059847481578352,0.8412698412698413,0.9629629629629629,0.75,0.7428571428571429,0.8387096774193549
6,0.002466749240245138,0.9994557823129252,0.9991645781119465,0.9995964487489911,0.9991645781119465,0.9991645781119465,0.5179715362443987,0.9047619047619048,0.9259259259259259,0.8888888888888888,0.8620689655172413,0.8928571428571429
7,0.13128909134342298,0.9526695526695527,0.9393939393939394,0.9615199615199616,0.9421128798842258,0.9407514450867052,0.40501996661935535,0.873015873015873,0.9259259259259259,0.8333333333333334,0.8064516129032258,0.8620689655172413
8,0.010700993441697844,0.9964625850340136,0.9941520467836257,0.9975786924939467,0.9949832775919732,0.9945674885081488,0.8746763697810589,0.8095238095238095,0.9259259259259259,0.7222222222222222,0.7142857142857143,0.8064516129032258
9,0.007821622968518308,0.9978231292517007,0.9974937343358395,0.9979822437449556,0.9958298582151793,0.996661101836394,0.8752223005488752,0.8095238095238095,0.9629629629629629,0.6944444444444444,0.7027027027027027,0.8125
10,0.0011990059613959775,0.9997278911564625,1.0,0.9995964487489911,0.9991652754590985,0.9995824634655532,1.039681348358355,0.8095238095238095,0.9629629629629629,0.6944444444444444,0.7027027027027027,0.8125
11,0.09819476509300124,0.9645021645021645,0.9549062049062049,0.9708994708994709,0.9562861271676301,0.9555956678700361,0.3781753764266059,0.873015873015873,0.9259259259259259,0.8333333333333334,0.8064516129032258,0.8620689655172413
12,0.015389601126072459,0.9951020408163266,0.9941520467836257,0.9955609362389023,0.9908409658617818,0.9924937447873228,0.38038536554409397,0.9047619047619048,0.9259259259259259,0.8888888888888888,0.8620689655172413,0.8928571428571429
13,0.0030385323038932925,0.9994557823129252,0.9991645781119465,0.9995964487489911,0.9991645781119465,0.9991645781119465,0.38413708030231414,0.9047619047619048,0.8888888888888888,0.9166666666666666,0.8888888888888888,0.8888888888888888
14,0.0047099262152855495,0.9989115646258503,0.9974937343358395,0.9995964487489911,0.999163179916318,0.9983277591973244,1.1420493504357716,0.7142857142857143,0.9629629629629629,0.5277777777777778,0.6046511627906976,0.7428571428571429
15,0.006610064772411082,0.998639455782313,0.9991645781119465,0.9983857949959645,0.9966666666666667,0.9979140592407175,0.8255738909504126,0.8412698412698413,0.9259259259259259,0.7777777777777778,0.7575757575757576,0.8333333333333334
16,0.00047927224443953,1.0,1.0,1.0,1.0,1.0,0.9026487174976084,0.8571428571428571,0.9259259259259259,0.8055555555555556,0.78125,0.847457627118644
17,0.0029666762896908487,0.9991836734693877,0.9983291562238931,0.9995964487489911,0.9991638795986622,0.9987463435018805,1.1737435080465817,0.8095238095238095,0.9629629629629629,0.6944444444444444,0.7027027027027027,0.8125
18,0.017837311675309577,0.9956462585034014,0.9941520467836257,0.9963680387409201,0.9924937447873228,0.993322203672788,1.1393443674499553,0.7777777777777778,0.9259259259259259,0.6666666666666666,0.6756756756756757,0.78125
19,0.0008144566838053011,1.0,1.0,1.0,1.0,1.0,1.3761331710062685,0.8095238095238095,0.9259259259259259,0.7222222222222222,0.7142857142857143,0.8064516129032258
20,0.007619709099791818,0.9983673469387755,0.9958228905597326,0.9995964487489911,0.9991617770326907,0.9974895397489539,0.7297320710347285,0.8571428571428571,0.9629629629629629,0.7777777777777778,0.7647058823529411,0.8524590163934426
21,0.12149672668956725,0.9551226551226552,0.9386724386724387,0.9660894660894661,0.9485964272694131,0.943608340888486,0.4767227868239085,0.873015873015873,0.8518518518518519,0.8888888888888888,0.8518518518518519,0.8518518518518519
22,0.045579696609605036,0.9822510822510823,0.9761904761904762,0.9862914862914863,0.9793702497285559,0.9777777777777777,0.4026692137380855,0.8888888888888888,0.8518518518518519,0.9166666666666666,0.8846153846153846,0.8679245283018868
23,0.0071805781163679135,0.9980952380952381,0.9966583124477861,0.9987893462469734,0.9974916387959866,0.9970748015043878,0.539352690283623,0.9047619047619048,0.9629629629629629,0.8611111111111112,0.8387096774193549,0.896551724137931
24,0.0023270999577049275,0.9997278911564625,1.0,0.9995964487489911,0.9991652754590985,0.9995824634655532,0.4217554794084872,0.9206349206349206,0.9259259259259259,0.9166666666666666,0.8928571428571429,0.9090909090909091
25,0.0005080812613259633,1.0,1.0,1.0,1.0,1.0,0.5355679473178165,0.8888888888888888,0.9259259259259259,0.8611111111111112,0.8333333333333334,0.8771929824561403
26,0.0003176038126781152,1.0,1.0,1.0,1.0,1.0,0.6028788028514043,0.8888888888888888,0.9259259259259259,0.8611111111111112,0.8333333333333334,0.8771929824561403
27,0.00023032374953657872,1.0,1.0,1.0,1.0,1.0,0.6362585865121911,0.8888888888888888,0.9259259259259259,0.8611111111111112,0.8333333333333334,0.8771929824561403
28,0.0001816204502234405,1.0,1.0,1.0,1.0,1.0,0.6905399069193721,0.8888888888888888,0.9259259259259259,0.8611111111111112,0.8333333333333334,0.8771929824561403
29,0.00017537503836472158,1.0,1.0,1.0,1.0,1.0,0.7530123812972479,0.8888888888888888,0.9259259259259259,0.8611111111111112,0.8333333333333334,0.8771929824561403
30,0.00011788655641460221,1.0,1.0,1.0,1.0,1.0,0.6481418896716878,0.8888888888888888,0.9259259259259259,0.8611111111111112,0.8333333333333334,0.8771929824561403
31,0.01355139083234351,0.9961904761904762,0.9933166248955723,0.9975786924939467,0.994979079497908,0.9941471571906354,1.15628928049571,0.7619047619047619,0.9259259259259259,0.6388888888888888,0.6578947368421053,0.7692307692307693
32,0.006561891205528067,0.9983673469387755,0.9983291562238931,0.9983857949959645,0.9966638865721434,0.9974958263772955,1.123018515488458,0.6666666666666666,0.9259259259259259,0.4722222222222222,0.5681818181818182,0.704225352112676
33,0.0009451349330099844,1.0,1.0,1.0,1.0,1.0,0.692260261711901,0.9047619047619048,0.9259259259259259,0.8888888888888888,0.8620689655172413,0.8928571428571429
34,0.0006543520867601227,0.9997278911564625,0.9991645781119465,1.0,1.0,0.9995821145006268,1.8612213211045379,0.746031746031746,0.9259259259259259,0.6111111111111112,0.6410256410256411,0.7575757575757576
35,0.00013222703376791257,1.0,1.0,1.0,1.0,1.0,2.0535946332864343,0.7301587301587301,0.9259259259259259,0.5833333333333334,0.625,0.746268656716418
36,9.472263740945538e-05,1.0,1.0,1.0,1.0,1.0,1.8182853297773927,0.7619047619047619,0.9259259259259259,0.6388888888888888,0.6578947368421053,0.7692307692307693
37,4.950562850254898e-05,1.0,1.0,1.0,1.0,1.0,1.9652332775368695,0.7619047619047619,0.9259259259259259,0.6388888888888888,0.6578947368421053,0.7692307692307693
38,4.162633091589075e-05,1.0,1.0,1.0,1.0,1.0,1.8914080646243834,0.7619047619047619,0.9259259259259259,0.6388888888888888,0.6578947368421053,0.7692307692307693
39,0.007869207206658138,0.9980952380952381,0.9974937343358395,0.9983857949959645,0.996661101836394,0.9970772442588727,1.1301381228462097,0.6666666666666666,0.9629629629629629,0.4444444444444444,0.5652173913043478,0.7123287671232876
40,0.0013148988941732872,0.9997278911564625,1.0,0.9995964487489911,0.9991652754590985,0.9995824634655532,1.3054716770226757,0.7777777777777778,0.9259259259259259,0.6666666666666666,0.6756756756756757,0.78125
41,0.005065660020087047,0.9991836734693877,0.9991645781119465,0.9991928974979822,0.998330550918197,0.9987473903966597,1.5526255116694503,0.746031746031746,0.9259259259259259,0.6111111111111112,0.6410256410256411,0.7575757575757576
42,0.011315426070121953,0.9972789115646259,0.9958228905597326,0.9979822437449556,0.9958228905597326,0.9958228905597326,1.5190401628376946,0.6825396825396826,0.9259259259259259,0.5,0.5813953488372093,0.7142857142857143
43,0.0004389241362415447,1.0,1.0,1.0,1.0,1.0,2.0524963452702476,0.6825396825396826,0.9259259259259259,0.5,0.5813953488372093,0.7142857142857143
44,0.003451530893656368,0.9991836734693877,0.9991645781119465,0.9991928974979822,0.998330550918197,0.9987473903966597,2.2244038116482514,0.6984126984126984,0.9629629629629629,0.5,0.5909090909090909,0.7323943661971831
45,0.00023066611691666323,1.0,1.0,1.0,1.0,1.0,2.375023351331788,0.6984126984126984,0.9629629629629629,0.5,0.5909090909090909,0.7323943661971831
46,0.00013663441513481488,1.0,1.0,1.0,1.0,1.0,2.631324939725418,0.6984126984126984,0.9629629629629629,0.5,0.5909090909090909,0.7323943661971831
47,0.2094714078260653,0.9202020202020202,0.8856421356421357,0.9432419432419432,0.9123002601263471,0.8987735676368296,0.3096913733770923,0.8888888888888888,0.8888888888888888,0.8888888888888888,0.8571428571428571,0.8727272727272727
48,0.005735173386293558,0.998639455782313,0.9974937343358395,0.9991928974979822,0.9983277591973244,0.9979105725031342,0.6500771828882751,0.8412698412698413,0.9259259259259259,0.7777777777777778,0.7575757575757576,0.8333333333333334
49,0.0008956262501523684,1.0,1.0,1.0,1.0,1.0,0.7869995446424813,0.8412698412698413,0.9259259259259259,0.7777777777777778,0.7575757575757576,0.8333333333333334
50,0.0008678634970949418,1.0,1.0,1.0,1.0,1.0,0.7284057930052753,0.8412698412698413,0.9259259259259259,0.7777777777777778,0.7575757575757576,0.8333333333333334
51,0.0009014755296188273,0.9997278911564625,0.9991645781119465,1.0,1.0,0.9995821145006268,0.7973419018551737,0.8412698412698413,0.9259259259259259,0.7777777777777778,0.7575757575757576,0.8333333333333334
52,0.00023576781498173215,1.0,1.0,1.0,1.0,1.0,0.8002092444360078,0.8571428571428571,0.9259259259259259,0.8055555555555556,0.78125,0.847457627118644
53,0.00019477384563869652,1.0,1.0,1.0,1.0,1.0,0.9269686246550427,0.8412698412698413,0.9259259259259259,0.7777777777777778,0.7575757575757576,0.8333333333333334
54,0.00014771524272292068,1.0,1.0,1.0,1.0,1.0,0.924166986006885,0.8412698412698413,0.9259259259259259,0.7777777777777778,0.7575757575757576,0.8333333333333334
55,0.011043515583800411,0.9961904761904762,0.9933166248955723,0.9975786924939467,0.994979079497908,0.9941471571906354,0.9349626594829181,0.7777777777777778,0.9259259259259259,0.6666666666666666,0.6756756756756757,0.78125
56,0.006080586823340201,0.9983673469387755,0.9974937343358395,0.9987893462469734,0.9974937343358395,0.9974937343358395,0.6789315567898845,0.8253968253968254,0.9629629629629629,0.7222222222222222,0.7222222222222222,0.8253968253968254
57,0.00033958997258276606,1.0,1.0,1.0,1.0,1.0,0.8758926464555165,0.8253968253968254,0.9629629629629629,0.7222222222222222,0.7222222222222222,0.8253968253968254
58,0.00030129090483699527,1.0,1.0,1.0,1.0,1.0,0.787566857190714,0.8253968253968254,0.9629629629629629,0.7222222222222222,0.7222222222222222,0.8253968253968254
59,0.12746263477564246,0.9545454545454546,0.935064935064935,0.9675324675324676,0.9504950495049505,0.9427168576104746,0.4091855716847238,0.9206349206349206,0.8888888888888888,0.9444444444444444,0.9230769230769231,0.9056603773584906
60,0.0071768435277678325,0.9978231292517007,0.9958228905597326,0.9987893462469734,0.9974895397489539,0.9966555183946488,0.5573790948320594,0.8571428571428571,0.9259259259259259,0.8055555555555556,0.78125,0.847457627118644
61,0.0006814282867094489,1.0,1.0,1.0,1.0,1.0,0.5780528727253633,0.873015873015873,0.9259259259259259,0.8333333333333334,0.8064516129032258,0.8620689655172413
62,0.0003911873493755401,1.0,1.0,1.0,1.0,1.0,0.5957292689173113,0.8888888888888888,0.9259259259259259,0.8611111111111112,0.8333333333333334,0.8771929824561403
63,0.0003112118650698198,1.0,1.0,1.0,1.0,1.0,0.6053093522195778,0.9047619047619048,0.9259259259259259,0.8888888888888888,0.8620689655172413,0.8928571428571429
64,0.00037734137456503784,1.0,1.0,1.0,1.0,1.0,0.6480107310095004,0.873015873015873,0.9259259259259259,0.8333333333333334,0.8064516129032258,0.8620689655172413
65,0.00021626630173140796,1.0,1.0,1.0,1.0,1.0,0.7071440519935023,0.8888888888888888,0.9259259259259259,0.8611111111111112,0.8333333333333334,0.8771929824561403
66,0.08363339178770456,0.9702741702741703,0.961038961038961,0.9764309764309764,0.9645184648805214,0.9627755692085291,0.46290057047551114,0.8888888888888888,0.9259259259259259,0.8611111111111112,0.8333333333333334,0.8771929824561403
67,0.0047631373168064315,0.9983673469387755,0.9974937343358395,0.9987893462469734,0.9974937343358395,0.9974937343358395,0.6774385985474856,0.8571428571428571,0.9629629629629629,0.7777777777777778,0.7647058823529411,0.8524590163934426
68,0.0005935843010372831,1.0,1.0,1.0,1.0,1.0,0.5934647538787907,0.873015873015873,0.9259259259259259,0.8333333333333334,0.8064516129032258,0.8620689655172413
69,0.0003572184147652188,1.0,1.0,1.0,1.0,1.0,0.6439785119275458,0.8888888888888888,0.9259259259259259,0.8611111111111112,0.8333333333333334,0.8771929824561403
70,0.0002221895411585261,1.0,1.0,1.0,1.0,1.0,0.6452009067482626,0.8888888888888888,0.9259259259259259,0.8611111111111112,0.8333333333333334,0.8771929824561403
71,0.00025542115999328694,1.0,1.0,1.0,1.0,1.0,0.7884617956717395,0.873015873015873,0.9629629629629629,0.8055555555555556,0.7878787878787878,0.8666666666666667
72,0.00017799732099892254,1.0,1.0,1.0,1.0,1.0,0.7020667079754824,0.8888888888888888,0.9259259259259259,0.8611111111111112,0.8333333333333334,0.8771929824561403
73,0.003262788686414485,0.9994557823129252,1.0,0.9991928974979822,0.9983319432860718,0.9991652754590985,0.46121938053208095,0.9206349206349206,0.9259259259259259,0.9166666666666666,0.8928571428571429,0.9090909090909091
74,0.00048309017898163245,0.9997278911564625,0.9991645781119465,1.0,1.0,0.9995821145006268,0.5816181055025293,0.8888888888888888,0.9629629629629629,0.8333333333333334,0.8125,0.8813559322033898
75,0.00011941733387070011,1.0,1.0,1.0,1.0,1.0,0.6267604488442423,0.8888888888888888,0.9629629629629629,0.8333333333333334,0.8125,0.8813559322033898
76,7.087928274461087e-05,1.0,1.0,1.0,1.0,1.0,0.6276751303214243,0.9047619047619048,0.9629629629629629,0.8611111111111112,0.8387096774193549,0.896551724137931
77,6.141317309168259e-05,1.0,1.0,1.0,1.0,1.0,0.6224696260975352,0.9047619047619048,0.9629629629629629,0.8611111111111112,0.8387096774193549,0.896551724137931
78,0.08336835624050405,0.9694083694083694,0.9603174603174603,0.9754689754689755,0.9630969609261939,0.9617052023121387,0.5752114412921762,0.873015873015873,0.8888888888888888,0.8611111111111112,0.8275862068965517,0.8571428571428571
79,0.0037383124435504227,0.9991836734693877,0.9991645781119465,0.9991928974979822,0.998330550918197,0.9987473903966597,0.6405935260940284,0.873015873015873,0.8888888888888888,0.8611111111111112,0.8275862068965517,0.8571428571428571
80,0.027840961561075305,0.9901875901875902,0.9884559884559885,0.9913419913419913,0.9870317002881844,0.9877433309300648,0.6553225856614373,0.8888888888888888,0.8888888888888888,0.8888888888888888,0.8571428571428571,0.8727272727272727
81,0.004007282120391068,0.9989115646258503,0.9983291562238931,0.9991928974979822,0.9983291562238931,0.9983291562238931,0.8979678161475542,0.8095238095238095,0.8888888888888888,0.75,0.7272727272727273,0.8
82,0.0003886452191715211,1.0,1.0,1.0,1.0,1.0,1.1364779646068603,0.7777777777777778,0.8888888888888888,0.6944444444444444,0.6857142857142857,0.7741935483870968
83,0.00025834339818533916,1.0,1.0,1.0,1.0,1.0,0.9527072582046486,0.8095238095238095,0.8888888888888888,0.75,0.7272727272727273,0.8
84,0.005088206614699487,0.998639455782313,0.9974937343358395,0.9991928974979822,0.9983277591973244,0.9979105725031342,0.6643924986581422,0.8412698412698413,0.9259259259259259,0.7777777777777778,0.7575757575757576,0.8333333333333334
85,0.0003678616330110338,1.0,1.0,1.0,1.0,1.0,0.8707781381062454,0.8412698412698413,0.9259259259259259,0.7777777777777778,0.7575757575757576,0.8333333333333334
86,0.00018067703012940886,1.0,1.0,1.0,1.0,1.0,0.8694983036696194,0.8412698412698413,0.9259259259259259,0.7777777777777778,0.7575757575757576,0.8333333333333334
87,0.00010624104846256221,1.0,1.0,1.0,1.0,1.0,0.9015729223167346,0.8412698412698413,0.9259259259259259,0.7777777777777778,0.7575757575757576,0.8333333333333334
88,7.297028038653918e-05,1.0,1.0,1.0,1.0,1.0,1.00425562550894,0.8412698412698413,0.9259259259259259,0.7777777777777778,0.7575757575757576,0.8333333333333334
89,6.176288705096432e-05,1.0,1.0,1.0,1.0,1.0,1.0037954106349691,0.8412698412698413,0.9259259259259259,0.7777777777777778,0.7575757575757576,0.8333333333333334
90,4.984487746696686e-05,1.0,1.0,1.0,1.0,1.0,1.120247323068537,0.8412698412698413,0.9259259259259259,0.7777777777777778,0.7575757575757576,0.8333333333333334
91,4.4711838228828795e-05,1.0,1.0,1.0,1.0,1.0,1.196025913541292,0.8412698412698413,0.9259259259259259,0.7777777777777778,0.7575757575757576,0.8333333333333334
92,0.006561515597321868,0.998639455782313,0.9983291562238931,0.9987893462469734,0.9974958263772955,0.9979123173277662,1.2340634498146497,0.7619047619047619,0.9259259259259259,0.6388888888888888,0.6578947368421053,0.7692307692307693
93,0.00143410381083741,0.9994557823129252,0.9991645781119465,0.9995964487489911,0.9991645781119465,0.9991645781119465,1.4565292288039235,0.7301587301587301,0.8518518518518519,0.6388888888888888,0.6388888888888888,0.7301587301587301
94,0.0002676309211073494,1.0,1.0,1.0,1.0,1.0,1.7245864313731472,0.7142857142857143,0.8888888888888888,0.5833333333333334,0.6153846153846154,0.7272727272727273
95,0.0028223689258804223,0.9991836734693877,0.9991645781119465,0.9991928974979822,0.998330550918197,0.9987473903966597,0.5408060672369117,0.8888888888888888,0.8888888888888888,0.8888888888888888,0.8571428571428571,0.8727272727272727
96,0.003888279020579985,0.9991836734693877,0.9991645781119465,0.9991928974979822,0.998330550918197,0.9987473903966597,1.4440648933837472,0.746031746031746,0.9629629629629629,0.5833333333333334,0.6341463414634146,0.7647058823529411
97,0.08182114399190116,0.9708513708513709,0.9624819624819625,0.9764309764309764,0.9645697758496024,0.9635247381726255,0.4206585442972562,0.873015873015873,0.8148148148148148,0.9166666666666666,0.88,0.8461538461538461
98,0.009456276820614605,0.9972789115646259,0.9941520467836257,0.9987893462469734,0.9974853310980721,0.99581589958159,0.5504280626921664,0.8888888888888888,0.9259259259259259,0.8611111111111112,0.8333333333333334,0.8771929824561403
99,0.0005968233722984334,1.0,1.0,1.0,1.0,1.0,0.6051215118772927,0.8888888888888888,0.9259259259259259,0.8611111111111112,0.8333333333333334,0.8771929824561403
100,0.0003470953953686823,1.0,1.0,1.0,1.0,1.0,0.6092422829039158,0.8888888888888888,0.9259259259259259,0.8611111111111112,0.8333333333333334,0.8771929824561403
101,0.00020016421602728467,1.0,1.0,1.0,1.0,1.0,0.6476421140019767,0.8888888888888888,0.9259259259259259,0.8611111111111112,0.8333333333333334,0.8771929824561403
102,0.00015499085397776343,1.0,1.0,1.0,1.0,1.0,0.7168204244743619,0.873015873015873,0.9259259259259259,0.8333333333333334,0.8064516129032258,0.8620689655172413
103,0.00012874903622618717,1.0,1.0,1.0,1.0,1.0,0.6566877772778436,0.8888888888888888,0.9259259259259259,0.8611111111111112,0.8333333333333334,0.8771929824561403
104,8.596430910390098e-05,1.0,1.0,1.0,1.0,1.0,0.7256004095053492,0.873015873015873,0.9259259259259259,0.8333333333333334,0.8064516129032258,0.8620689655172413
105,0.00011168698792513714,1.0,1.0,1.0,1.0,1.0,0.7707177771011456,0.873015873015873,0.9259259259259259,0.8333333333333334,0.8064516129032258,0.8620689655172413
106,5.2596435303885734e-05,1.0,1.0,1.0,1.0,1.0,0.8011772595609294,0.873015873015873,0.9259259259259259,0.8333333333333334,0.8064516129032258,0.8620689655172413
107,5.958321794442243e-05,1.0,1.0,1.0,1.0,1.0,0.8299616802449612,0.8888888888888888,0.9259259259259259,0.8611111111111112,0.8333333333333334,0.8771929824561403
108,0.06293885706374415,0.9759018759018759,0.9704184704184704,0.9795574795574795,0.9693693693693693,0.9698936361997477,0.5186623998784593,0.873015873015873,0.9259259259259259,0.8333333333333334,0.8064516129032258,0.8620689655172413
109,0.006332989511350138,0.9978231292517007,0.9974937343358395,0.9979822437449556,0.9958298582151793,0.996661101836394,0.4874219977119494,0.8888888888888888,0.8888888888888888,0.8888888888888888,0.8571428571428571,0.8727272727272727
110,0.027969576931492362,0.9906204906204906,0.9841269841269841,0.9949494949494949,0.9923608584939978,0.9882267705125883,0.7918774505692815,0.873015873015873,0.8888888888888888,0.8611111111111112,0.8275862068965517,0.8571428571428571
111,0.002432437075823102,0.9989115646258503,0.9974937343358395,0.9995964487489911,0.999163179916318,0.9983277591973244,0.8479387924677529,0.8412698412698413,0.8888888888888888,0.8055555555555556,0.7741935483870968,0.8275862068965517
112,0.0007755923001998465,0.9997278911564625,1.0,0.9995964487489911,0.9991652754590985,0.9995824634655532,0.846851303563675,0.873015873015873,0.8888888888888888,0.8611111111111112,0.8275862068965517,0.8571428571428571
113,0.00018499507452460277,1.0,1.0,1.0,1.0,1.0,0.8781576840288287,0.873015873015873,0.8888888888888888,0.8611111111111112,0.8275862068965517,0.8571428571428571
114,0.00012398360278671226,1.0,1.0,1.0,1.0,1.0,0.9112948065388963,0.873015873015873,0.8888888888888888,0.8611111111111112,0.8275862068965517,0.8571428571428571
115,9.512301361177206e-05,1.0,1.0,1.0,1.0,1.0,0.9157162346458617,0.873015873015873,0.8888888888888888,0.8611111111111112,0.8275862068965517,0.8571428571428571
116,7.649429940801116e-05,1.0,1.0,1.0,1.0,1.0,1.0151373337906238,0.8571428571428571,0.8888888888888888,0.8333333333333334,0.8,0.8421052631578947
117,6.564191918168574e-05,1.0,1.0,1.0,1.0,1.0,0.9895287340965181,0.873015873015873,0.8888888888888888,0.8611111111111112,0.8275862068965517,0.8571428571428571
118,0.0003651121401898785,1.0,1.0,1.0,1.0,1.0,1.0252263609025192,0.8888888888888888,0.9259259259259259,0.8611111111111112,0.8333333333333334,0.8771929824561403
119,9.780351725010183e-05,1.0,1.0,1.0,1.0,1.0,1.1009399918331173,0.873015873015873,0.8888888888888888,0.8611111111111112,0.8275862068965517,0.8571428571428571
120,0.05307361033608536,0.9816738816738817,0.976911976911977,0.9848484848484849,0.9772645254420786,0.9770882193757893,0.6401019974478653,0.873015873015873,0.8888888888888888,0.8611111111111112,0.8275862068965517,0.8571428571428571
121,0.0023130868317489672,0.9994557823129252,0.9991645781119465,0.9995964487489911,0.9991645781119465,0.9991645781119465,0.6089027768688365,0.873015873015873,0.9259259259259259,0.8333333333333334,0.8064516129032258,0.8620689655172413
122,0.0017137770393632075,0.9994557823129252,0.9991645781119465,0.9995964487489911,0.9991645781119465,0.9991645781119465,0.8928185269718857,0.8412698412698413,0.9259259259259259,0.7777777777777778,0.7575757575757576,0.8333333333333334
123,0.006748458899305753,0.9980952380952381,0.9983291562238931,0.9979822437449556,0.9958333333333333,0.9970796829370046,0.5289848241289812,0.873015873015873,0.9259259259259259,0.8333333333333334,0.8064516129032258,0.8620689655172413
124,0.00025767436989925196,1.0,1.0,1.0,1.0,1.0,0.6783067305934511,0.873015873015873,0.9259259259259259,0.8333333333333334,0.8064516129032258,0.8620689655172413
125,0.00022086709816971807,1.0,1.0,1.0,1.0,1.0,0.6866505710770272,0.873015873015873,0.9259259259259259,0.8333333333333334,0.8064516129032258,0.8620689655172413
126,0.002461125918087505,0.9991836734693877,0.9983291562238931,0.9995964487489911,0.9991638795986622,0.9987463435018805,0.6407941656809907,0.9047619047619048,0.9259259259259259,0.8888888888888888,0.8620689655172413,0.8928571428571429
127,0.00017608787216539937,1.0,1.0,1.0,1.0,1.0,0.7315767084096839,0.9047619047619048,0.9259259259259259,0.8888888888888888,0.8620689655172413,0.8928571428571429
128,8.266609716846854e-05,1.0,1.0,1.0,1.0,1.0,0.7843084625921966,0.8888888888888888,0.9259259259259259,0.8611111111111112,0.8333333333333334,0.8771929824561403
129,8.397744297660527e-05,1.0,1.0,1.0,1.0,1.0,0.8137263526934677,0.9047619047619048,0.9259259259259259,0.8888888888888888,0.8620689655172413,0.8928571428571429
130,4.354657753383373e-05,1.0,1.0,1.0,1.0,1.0,0.8769901517322675,0.8888888888888888,0.9259259259259259,0.8611111111111112,0.8333333333333334,0.8771929824561403
131,4.361883220009404e-05,1.0,1.0,1.0,1.0,1.0,0.8909572425195836,0.8888888888888888,0.9259259259259259,0.8611111111111112,0.8333333333333334,0.8771929824561403
132,3.248852509108362e-05,1.0,1.0,1.0,1.0,1.0,0.8618270711420568,0.9047619047619048,0.9259259259259259,0.8888888888888888,0.8620689655172413,0.8928571428571429
133,2.796090471611333e-05,1.0,1.0,1.0,1.0,1.0,0.877442925138836,0.8888888888888888,0.9259259259259259,0.8611111111111112,0.8333333333333334,0.8771929824561403
134,2.4743428183850186e-05,1.0,1.0,1.0,1.0,1.0,1.003817513384482,0.8888888888888888,0.9259259259259259,0.8611111111111112,0.8333333333333334,0.8771929824561403
135,2.5197931520401684e-05,1.0,1.0,1.0,1.0,1.0,0.9811370692132475,0.8888888888888888,0.9259259259259259,0.8611111111111112,0.8333333333333334,0.8771929824561403
136,1.5934260953540955e-05,1.0,1.0,1.0,1.0,1.0,0.9747497979670221,0.8888888888888888,0.9259259259259259,0.8611111111111112,0.8333333333333334,0.8771929824561403
137,1.1249077789482287e-05,1.0,1.0,1.0,1.0,1.0,1.013216449050026,0.8888888888888888,0.9259259259259259,0.8611111111111112,0.8333333333333334,0.8771929824561403
138,0.00826539349397826,0.9980952380952381,0.9974937343358395,0.9983857949959645,0.996661101836394,0.9970772442588727,0.8166846814602318,0.8095238095238095,0.9259259259259259,0.7222222222222222,0.7142857142857143,0.8064516129032258
139,0.05706809159233215,0.9815295815295815,0.976911976911977,0.9846079846079846,0.976911976911977,0.976911976911977,0.3559953962704019,0.9047619047619048,0.8888888888888888,0.9166666666666666,0.8888888888888888,0.8888888888888888
140,0.004654102052330692,0.9980952380952381,0.9991645781119465,0.9975786924939467,0.9950083194675541,0.9970821175489787,0.38241842288583044,0.9047619047619048,0.8888888888888888,0.9166666666666666,0.8888888888888888,0.8888888888888888
141,0.00040084522029525143,1.0,1.0,1.0,1.0,1.0,0.4291458960589288,0.9047619047619048,0.8888888888888888,0.9166666666666666,0.8888888888888888,0.8888888888888888
142,0.00044271833578975585,1.0,1.0,1.0,1.0,1.0,0.4589538722703721,0.8888888888888888,0.8888888888888888,0.8888888888888888,0.8571428571428571,0.8727272727272727
143,0.024487085954147066,0.9920634920634921,0.98989898989899,0.9935064935064936,0.9902562251894623,0.9900775753202237,0.6177538327654706,0.9047619047619048,0.8888888888888888,0.9166666666666666,0.8888888888888888,0.8888888888888888
144,0.0014586921265807326,0.9994557823129252,0.9991645781119465,0.9995964487489911,0.9991645781119465,0.9991645781119465,0.7534174835983856,0.8888888888888888,0.8888888888888888,0.8888888888888888,0.8571428571428571,0.8727272727272727
145,0.00024102479292691185,1.0,1.0,1.0,1.0,1.0,0.8194260042052649,0.873015873015873,0.8888888888888888,0.8611111111111112,0.8275862068965517,0.8571428571428571
146,0.020907663173352343,0.9943722943722944,0.9935064935064936,0.9949494949494949,0.9924324324324324,0.9929691725256896,0.6071094295364761,0.873015873015873,0.8888888888888888,0.8611111111111112,0.8275862068965517,0.8571428571428571
147,0.001049297787654958,1.0,1.0,1.0,1.0,1.0,0.6303914440832736,0.8888888888888888,0.8888888888888888,0.8888888888888888,0.8571428571428571,0.8727272727272727
148,0.0003163778691421513,1.0,1.0,1.0,1.0,1.0,0.6635911126366063,0.8888888888888888,0.8888888888888888,0.8888888888888888,0.8571428571428571,0.8727272727272727
149,0.00012331632215000665,1.0,1.0,1.0,1.0,1.0,0.7072376552899923,0.8888888888888888,0.8888888888888888,0.8888888888888888,0.8571428571428571,0.8727272727272727
150,0.00014189078822493596,1.0,1.0,1.0,1.0,1.0,0.7023222074291432,0.8888888888888888,0.8888888888888888,0.8888888888888888,0.8571428571428571,0.8727272727272727
151,7.605642077931184e-05,1.0,1.0,1.0,1.0,1.0,0.6894066544727326,0.9047619047619048,0.9259259259259259,0.8888888888888888,0.8620689655172413,0.8928571428571429
152,5.505732603752859e-05,1.0,1.0,1.0,1.0,1.0,0.7146194223028105,0.8888888888888888,0.8888888888888888,0.8888888888888888,0.8571428571428571,0.8727272727272727
153,0.0018072858581883314,0.9994557823129252,0.9991645781119465,0.9995964487489911,0.9991645781119465,0.9991645781119465,0.9072206954322553,0.8571428571428571,0.8888888888888888,0.8333333333333334,0.8,0.8421052631578947
154,0.0015326912524977494,0.9997278911564625,1.0,0.9995964487489911,0.9991652754590985,0.9995824634655532,0.8109765933507348,0.873015873015873,0.8888888888888888,0.8611111111111112,0.8275862068965517,0.8571428571428571
155,6.983683468119818e-05,1.0,1.0,1.0,1.0,1.0,0.79924679959252,0.8888888888888888,0.9259259259259259,0.8611111111111112,0.8333333333333334,0.8771929824561403
156,7.082698684083583e-05,1.0,1.0,1.0,1.0,1.0,0.873092332813983,0.8888888888888888,0.9259259259259259,0.8611111111111112,0.8333333333333334,0.8771929824561403
157,7.4787535025088e-05,1.0,1.0,1.0,1.0,1.0,0.9237504105456913,0.8571428571428571,0.9259259259259259,0.8055555555555556,0.78125,0.847457627118644
158,5.5958868323286384e-05,1.0,1.0,1.0,1.0,1.0,0.923546065046962,0.873015873015873,0.9259259259259259,0.8333333333333334,0.8064516129032258,0.8620689655172413
159,3.604365902462638e-05,1.0,1.0,1.0,1.0,1.0,0.895941210519624,0.8571428571428571,0.9259259259259259,0.8055555555555556,0.78125,0.847457627118644
160,2.806657719968386e-05,1.0,1.0,1.0,1.0,1.0,1.0281139912461632,0.8571428571428571,0.9259259259259259,0.8055555555555556,0.78125,0.847457627118644
161,2.8108381281161784e-05,1.0,1.0,1.0,1.0,1.0,0.9906376504162807,0.873015873015873,0.9259259259259259,0.8333333333333334,0.8064516129032258,0.8620689655172413
162,0.054065282653802525,0.9822510822510823,0.9790764790764791,0.9843674843674843,0.9766102914717524,0.9778418303008467,0.42958452171158223,0.8888888888888888,0.8888888888888888,0.8888888888888888,0.8571428571428571,0.8727272727272727
163,0.001997651413548738,0.9997278911564625,0.9991645781119465,1.0,1.0,0.9995821145006268,0.46991995540780146,0.8888888888888888,0.8888888888888888,0.8888888888888888,0.8571428571428571,0.8727272727272727
164,0.0002314516307143051,1.0,1.0,1.0,1.0,1.0,0.44612138085196623,0.9047619047619048,0.9259259259259259,0.8888888888888888,0.8620689655172413,0.8928571428571429
165,0.00015974367298360052,1.0,1.0,1.0,1.0,1.0,0.5440787731823216,0.8888888888888888,0.8888888888888888,0.8888888888888888,0.8571428571428571,0.8727272727272727
166,0.00010690503825788341,1.0,1.0,1.0,1.0,1.0,0.5150790671602682,0.8888888888888888,0.8888888888888888,0.8888888888888888,0.8571428571428571,0.8727272727272727
167,7.466083508520229e-05,1.0,1.0,1.0,1.0,1.0,0.547076904264349,0.8888888888888888,0.8888888888888888,0.8888888888888888,0.8571428571428571,0.8727272727272727
168,7.182779464138938e-05,1.0,1.0,1.0,1.0,1.0,0.5613795537434588,0.8888888888888888,0.8888888888888888,0.8888888888888888,0.8571428571428571,0.8727272727272727
169,5.205983608259446e-05,1.0,1.0,1.0,1.0,1.0,0.577675895426341,0.8888888888888888,0.8888888888888888,0.8888888888888888,0.8571428571428571,0.8727272727272727
170,3.84289266168992e-05,1.0,1.0,1.0,1.0,1.0,0.5731695820764539,0.8888888888888888,0.8888888888888888,0.8888888888888888,0.8571428571428571,0.8727272727272727
171,4.423619556928934e-05,1.0,1.0,1.0,1.0,1.0,0.6174688146522154,0.8888888888888888,0.8888888888888888,0.8888888888888888,0.8571428571428571,0.8727272727272727
172,0.038168962030602833,0.9858585858585859,0.9816017316017316,0.9886964886964887,0.9830202312138728,0.9823104693140794,0.6399411444093973,0.8888888888888888,0.8888888888888888,0.8888888888888888,0.8571428571428571,0.8727272727272727
173,0.0018881191107678879,0.9991836734693877,0.9983291562238931,0.9995964487489911,0.9991638795986622,0.9987463435018805,0.6212130075741914,0.9047619047619048,0.8888888888888888,0.9166666666666666,0.8888888888888888,0.8888888888888888
174,0.0009020708711450796,0.9997278911564625,0.9991645781119465,1.0,1.0,0.9995821145006268,0.7601730171618761,0.8571428571428571,0.8888888888888888,0.8333333333333334,0.8,0.8421052631578947
175,0.0003394775095135987,1.0,1.0,1.0,1.0,1.0,0.7952422767966276,0.8888888888888888,0.8888888888888888,0.8888888888888888,0.8571428571428571,0.8727272727272727
176,0.00010722326253561404,1.0,1.0,1.0,1.0,1.0,0.8351490342276289,0.8888888888888888,0.8888888888888888,0.8888888888888888,0.8571428571428571,0.8727272727272727
177,7.939280002642435e-05,1.0,1.0,1.0,1.0,1.0,0.8909890347128985,0.8888888888888888,0.8888888888888888,0.8888888888888888,0.8571428571428571,0.8727272727272727
178,5.6682482141435944e-05,1.0,1.0,1.0,1.0,1.0,0.8589144650415244,0.8888888888888888,0.8888888888888888,0.8888888888888888,0.8571428571428571,0.8727272727272727
179,4.6094886354348136e-05,1.0,1.0,1.0,1.0,1.0,0.9033647191212771,0.8888888888888888,0.8888888888888888,0.8888888888888888,0.8571428571428571,0.8727272727272727
180,3.754431754528849e-05,1.0,1.0,1.0,1.0,1.0,0.911200097296618,0.8888888888888888,0.8888888888888888,0.8888888888888888,0.8571428571428571,0.8727272727272727
181,0.004817822649246886,0.998639455782313,0.9983291562238931,0.9987893462469734,0.9974958263772955,0.9979123173277662,0.7294568668770057,0.8888888888888888,0.8888888888888888,0.8888888888888888,0.8571428571428571,0.8727272727272727
182,0.0001165814207234027,1.0,1.0,1.0,1.0,1.0,0.7768601428390303,0.8888888888888888,0.8888888888888888,0.8888888888888888,0.8571428571428571,0.8727272727272727
183,6.67493300513225e-05,1.0,1.0,1.0,1.0,1.0,0.8521926719007001,0.873015873015873,0.8888888888888888,0.8611111111111112,0.8275862068965517,0.8571428571428571
184,3.9017627756768635e-05,1.0,1.0,1.0,1.0,1.0,0.8699001329549079,0.873015873015873,0.8888888888888888,0.8611111111111112,0.8275862068965517,0.8571428571428571
185,4.5559728292623205e-05,1.0,1.0,1.0,1.0,1.0,0.9034162938688597,0.8888888888888888,0.8888888888888888,0.8888888888888888,0.8571428571428571,0.8727272727272727
186,0.04247237607439601,0.9873015873015873,0.9855699855699855,0.9884559884559885,0.9827338129496402,0.984149855907781,0.6569781064717395,0.8888888888888888,0.8888888888888888,0.8888888888888888,0.8571428571428571,0.8727272727272727
187,0.001765205437217706,0.9991836734693877,0.9991645781119465,0.9991928974979822,0.998330550918197,0.9987473903966597,0.7965391282766451,0.8888888888888888,0.8888888888888888,0.8888888888888888,0.8571428571428571,0.8727272727272727
188,0.00021489202917227205,1.0,1.0,1.0,1.0,1.0,0.8729866580669916,0.8888888888888888,0.8888888888888888,0.8888888888888888,0.8571428571428571,0.8727272727272727
189,0.0001552702624743391,1.0,1.0,1.0,1.0,1.0,0.9184542635701956,0.8888888888888888,0.8888888888888888,0.8888888888888888,0.8571428571428571,0.8727272727272727
190,0.001062946912191482,0.9997278911564625,0.9991645781119465,1.0,1.0,0.9995821145006268,0.9427367302608521,0.8412698412698413,0.8888888888888888,0.8055555555555556,0.7741935483870968,0.8275862068965517
191,0.024274737283365377,0.9916305916305916,0.9888167388167388,0.9935064935064936,0.9902456647398844,0.9895306859205776,0.7326230979672382,0.8888888888888888,0.8888888888888888,0.8888888888888888,0.8571428571428571,0.8727272727272727
192,0.0033775836516561327,0.9989115646258503,0.9983291562238931,0.9991928974979822,0.9983291562238931,0.9983291562238931,0.676710620443041,0.8888888888888888,0.8888888888888888,0.8888888888888888,0.8571428571428571,0.8727272727272727
193,0.021010962557981617,0.9937950937950938,0.9920634920634921,0.9949494949494949,0.9924215084806929,0.9922424679776295,0.4701953786148113,0.9047619047619048,0.8888888888888888,0.9166666666666666,0.8888888888888888,0.8888888888888888
194,0.0011651858644873589,1.0,1.0,1.0,1.0,1.0,0.5413390990311561,0.9047619047619048,0.8888888888888888,0.9166666666666666,0.8888888888888888,0.8888888888888888
195,0.0006599747667367868,0.9997278911564625,0.9991645781119465,1.0,1.0,0.9995821145006268,0.6576132382435302,0.8888888888888888,0.8888888888888888,0.8888888888888888,0.8571428571428571,0.8727272727272727
196,0.00029808939568326987,1.0,1.0,1.0,1.0,1.0,0.5940679033418068,0.9047619047619048,0.8888888888888888,0.9166666666666666,0.8888888888888888,0.8888888888888888
197,9.988299166295855e-05,1.0,1.0,1.0,1.0,1.0,0.6322119106415711,0.9047619047619048,0.8888888888888888,0.9166666666666666,0.8888888888888888,0.8888888888888888
198,6.388513295916004e-05,1.0,1.0,1.0,1.0,1.0,0.6398600850070435,0.8888888888888888,0.8888888888888888,0.8888888888888888,0.8571428571428571,0.8727272727272727
199,4.688103091935699e-05,1.0,1.0,1.0,1.0,1.0,0.6549970550547605,0.8888888888888888,0.8888888888888888,0.8888888888888888,0.8571428571428571,0.8727272727272727
200,4.9450419800432056e-05,1.0,1.0,1.0,1.0,1.0,0.716614593395784,0.9047619047619048,0.8888888888888888,0.9166666666666666,0.8888888888888888,0.8888888888888888
201,3.858835478772593e-05,1.0,1.0,1.0,1.0,1.0,0.7004216769566974,0.9047619047619048,0.8888888888888888,0.9166666666666666,0.8888888888888888,0.8888888888888888
202,0.026092527917732457,0.9914862914862915,0.9888167388167388,0.9932659932659933,0.9898880462260744,0.9893521025085724,0.7926495600314367,0.873015873015873,0.8518518518518519,0.8888888888888888,0.8518518518518519,0.8518518518518519
203,0.00245452682200984,0.9991836734693877,0.9991645781119465,0.9991928974979822,0.998330550918197,0.9987473903966597,0.9380054396931969,0.873015873015873,0.8518518518518519,0.8888888888888888,0.8518518518518519,0.8518518518518519
204,0.0009722819603341283,0.9994557823129252,0.9983291562238931,1.0,1.0,0.9991638795986622,0.8385201383941985,0.8412698412698413,0.8518518518518519,0.8333333333333334,0.7931034482758621,0.8214285714285714
205,0.0006675092253927459,0.9997278911564625,0.9991645781119465,1.0,1.0,0.9995821145006268,0.6920345107450091,0.9047619047619048,0.9259259259259259,0.8888888888888888,0.8620689655172413,0.8928571428571429
206,0.014638356326459866,0.9948051948051948,0.9927849927849928,0.9961519961519961,0.9942196531791907,0.9935018050541516,0.5795085873373503,0.9047619047619048,0.9629629629629629,0.8611111111111112,0.8387096774193549,0.896551724137931
207,0.010751890000989856,0.9971139971139971,0.9953102453102453,0.9983164983164983,0.997469269703543,0.9963885879378838,0.8841423123542752,0.8571428571428571,0.8888888888888888,0.8333333333333334,0.8,0.8421052631578947
208,0.006544483394995681,0.9976911976911977,0.9963924963924964,0.9985569985569985,0.9978323699421965,0.9971119133574007,0.7830907412280794,0.873015873015873,0.8888888888888888,0.8611111111111112,0.8275862068965517,0.8571428571428571
209,0.0023412252841293604,0.9994557823129252,0.9991645781119465,0.9995964487489911,0.9991645781119465,0.9991645781119465,0.644998097735908,0.9047619047619048,0.9259259259259259,0.8888888888888888,0.8620689655172413,0.8928571428571429
210,0.0001291673878699994,1.0,1.0,1.0,1.0,1.0,0.7173086736685714,0.9047619047619048,0.9259259259259259,0.8888888888888888,0.8620689655172413,0.8928571428571429
211,0.016781663015476157,0.9956709956709957,0.9931457431457431,0.9973544973544973,0.9960202604920405,0.9945809248554913,0.8729764501266699,0.8571428571428571,0.8888888888888888,0.8333333333333334,0.8,0.8421052631578947
212,0.0022291790237147393,0.9997278911564625,1.0,0.9995964487489911,0.9991652754590985,0.9995824634655532,0.49076771288869964,0.873015873015873,0.8888888888888888,0.8611111111111112,0.8275862068965517,0.8571428571428571
213,0.01030216150794734,0.9961038961038962,0.9945887445887446,0.9971139971139971,0.9956663055254604,0.9951272333513806,0.526602479503564,0.9206349206349206,0.9259259259259259,0.9166666666666666,0.8928571428571429,0.9090909090909091
214,0.006394346512787408,0.9982683982683983,0.9974747474747475,0.9987974987974988,0.9981949458483754,0.9978347167087694,0.5959280444510532,0.8888888888888888,0.8888888888888888,0.8888888888888888,0.8571428571428571,0.8727272727272727
215,0.007609088088354347,0.9981240981240981,0.9974747474747475,0.9985569985569985,0.9978347167087694,0.9976546996211438,0.4796821565186191,0.9206349206349206,0.9259259259259259,0.9166666666666666,0.8928571428571429,0.9090909090909091
216,0.005675204652167546,0.997979797979798,0.9971139971139971,0.9985569985569985,0.9978339350180505,0.997473836160231,0.6955209307618335,0.8888888888888888,0.9259259259259259,0.8611111111111112,0.8333333333333334,0.8771929824561403
217,0.012254259358332445,0.9964625850340136,0.9949874686716792,0.9971751412429378,0.9941569282136895,0.9945720250521921,0.5341588629904898,0.873015873015873,0.9259259259259259,0.8333333333333334,0.8064516129032258,0.8620689655172413
218,0.0009012569918069153,0.9997278911564625,0.9991645781119465,1.0,1.0,0.9995821145006268,0.5673890637644079,0.8888888888888888,0.9259259259259259,0.8611111111111112,0.8333333333333334,0.8771929824561403
219,0.000369886478142287,1.0,1.0,1.0,1.0,1.0,0.5657529573673235,0.9047619047619048,0.9259259259259259,0.8888888888888888,0.8620689655172413,0.8928571428571429
220,0.009025019174352451,0.9968253968253968,0.9956709956709957,0.9975949975949976,0.9963898916967509,0.9960303139660772,0.7945373064047465,0.8888888888888888,0.8888888888888888,0.8888888888888888,0.8571428571428571,0.8727272727272727
221,0.01342857500644818,0.9949494949494949,0.9935064935064936,0.9959114959114959,0.9938650306748467,0.9936857297492333,0.5429179724601526,0.9047619047619048,0.8888888888888888,0.9166666666666666,0.8888888888888888,0.8888888888888888
222,0.003028640228475196,0.998639455782313,0.9983291562238931,0.9987893462469734,0.9974958263772955,0.9979123173277662,0.4697130254750687,0.9047619047619048,0.8888888888888888,0.9166666666666666,0.8888888888888888,0.8888888888888888
223,0.00553119394793071,0.9987012987012988,0.9978354978354979,0.9992784992784993,0.9989165763813651,0.9983757444504602,0.6315191405500094,0.9047619047619048,0.8888888888888888,0.9166666666666666,0.8888888888888888,0.8888888888888888
224,0.006606983636214612,0.9984126984126984,0.9978354978354979,0.9987974987974988,0.9981955972573078,0.9980155150640447,0.5586158298990793,0.9047619047619048,0.9259259259259259,0.8888888888888888,0.8620689655172413,0.8928571428571429
225,0.0008110556210910736,0.9997278911564625,1.0,0.9995964487489911,0.9991652754590985,0.9995824634655532,0.5104681233753494,0.9047619047619048,0.9259259259259259,0.8888888888888888,0.8620689655172413,0.8928571428571429
226,0.011596314148815458,0.9965367965367965,0.9956709956709957,0.9971139971139971,0.9956709956709957,0.9956709956709957,0.5252108677985177,0.8888888888888888,0.8888888888888888,0.8888888888888888,0.8571428571428571,0.8727272727272727
227,0.0007725191169472246,0.9997278911564625,1.0,0.9995964487489911,0.9991652754590985,0.9995824634655532,0.5223917989725513,0.8888888888888888,0.8888888888888888,0.8888888888888888,0.8571428571428571,0.8727272727272727
228,0.00901780688662645,0.9972582972582973,0.9967532467532467,0.9975949975949976,0.99639379733141,0.9965734896302976,0.6179375562609898,0.8888888888888888,0.8888888888888888,0.8888888888888888,0.8571428571428571,0.8727272727272727
229,0.0026544014372439978,0.9991836734693877,0.9991645781119465,0.9991928974979822,0.998330550918197,0.9987473903966597,0.594668581850812,0.9047619047619048,0.8888888888888888,0.9166666666666666,0.8888888888888888,0.8888888888888888
230,0.00017643482159860005,1.0,1.0,1.0,1.0,1.0,0.6242606536695912,0.9047619047619048,0.8888888888888888,0.9166666666666666,0.8888888888888888,0.8888888888888888
231,0.0007386451344450042,0.9994557823129252,0.9991645781119465,0.9995964487489911,0.9991645781119465,0.9991645781119465,0.9691277290837624,0.8095238095238095,0.9629629629629629,0.6944444444444444,0.7027027027027027,0.8125
232,0.00019336697037076756,1.0,1.0,1.0,1.0,1.0,0.9978532210839653,0.8253968253968254,0.9629629629629629,0.7222222222222222,0.7222222222222222,0.8253968253968254
233,0.017505533937568922,0.9942279942279942,0.9924242424242424,0.9954304954304954,0.9931407942238267,0.9927823890292313,0.5288675645041088,0.9047619047619048,0.8888888888888888,0.9166666666666666,0.8888888888888888,0.8888888888888888
234,0.0009260496331480186,1.0,1.0,1.0,1.0,1.0,0.5725822185049765,0.8888888888888888,0.8888888888888888,0.8888888888888888,0.8571428571428571,0.8727272727272727
235,0.0002879649178175648,1.0,1.0,1.0,1.0,1.0,0.6402244846671931,0.8888888888888888,0.8888888888888888,0.8888888888888888,0.8571428571428571,0.8727272727272727
236,0.00014033106978322208,1.0,1.0,1.0,1.0,1.0,0.6163525212494221,0.9047619047619048,0.9259259259259259,0.8888888888888888,0.8620689655172413,0.8928571428571429
237,0.010393561670311361,0.9966810966810967,0.996031746031746,0.9971139971139971,0.9956725567976921,0.9958521190261497,0.5475349351985469,0.8888888888888888,0.8888888888888888,0.8888888888888888,0.8571428571428571,0.8727272727272727
238,0.006883959875748329,0.9978354978354979,0.9978354978354979,0.9978354978354979,0.9967567567567568,0.9972958355868037,0.6420990040244919,0.9047619047619048,0.8888888888888888,0.9166666666666666,0.8888888888888888,0.8888888888888888
239,0.00488369201014657,0.9987012987012988,0.9981962481962482,0.9990379990379991,0.9985564778058462,0.9983763305069457,0.7096612503981248,0.8888888888888888,0.9259259259259259,0.8611111111111112,0.8333333333333334,0.8771929824561403
240,0.0030033669211219863,0.9997278911564625,1.0,0.9995964487489911,0.9991652754590985,0.9995824634655532,0.6081411603612766,0.9047619047619048,0.9259259259259259,0.8888888888888888,0.8620689655172413,0.8928571428571429
241,0.009824163421707024,0.9976911976911977,0.9971139971139971,0.9980759980759981,0.9971139971139971,0.9971139971139971,0.6354179098270833,0.9206349206349206,0.9259259259259259,0.9166666666666666,0.8928571428571429,0.9090909090909091
242,0.000891457590097118,1.0,1.0,1.0,1.0,1.0,0.5999863288514982,0.9047619047619048,0.8888888888888888,0.9166666666666666,0.8888888888888888,0.8888888888888888
243,0.011907907060802239,0.9965367965367965,0.996031746031746,0.9968734968734969,0.9953136265320837,0.9956725567976921,0.6187067698920146,0.9206349206349206,0.9259259259259259,0.9166666666666666,0.8928571428571429,0.9090909090909091
244,0.00046613674981778547,1.0,1.0,1.0,1.0,1.0,0.6529106075814481,0.9047619047619048,0.8888888888888888,0.9166666666666666,0.8888888888888888,0.8888888888888888
245,0.00019912727821783043,1.0,1.0,1.0,1.0,1.0,0.6930629753448542,0.9047619047619048,0.8888888888888888,0.9166666666666666,0.8888888888888888,0.8888888888888888
246,0.010089636487708411,0.9972582972582973,0.9971139971139971,0.9973544973544973,0.9960360360360361,0.996574725076618,0.6528525180552923,0.8888888888888888,0.8888888888888888,0.8888888888888888,0.8571428571428571,0.8727272727272727
247,0.002027291774600871,0.9991836734693877,1.0,0.9987893462469734,0.9975,0.9987484355444305,0.6760216294972611,0.873015873015873,0.8518518518518519,0.8888888888888888,0.8518518518518519,0.8518518518518519
248,0.006647281197533361,0.9982683982683983,0.9974747474747475,0.9987974987974988,0.9981949458483754,0.9978347167087694,0.7576754804430825,0.9047619047619048,0.8888888888888888,0.9166666666666666,0.8888888888888888,0.8888888888888888
249,0.004514036976664195,0.9984126984126984,0.9978354978354979,0.9987974987974988,0.9981955972573078,0.9980155150640447,0.7285673243348443,0.9047619047619048,0.9259259259259259,0.8888888888888888,0.8620689655172413,0.8928571428571429
250,0.0012501688618102066,0.9997278911564625,0.9991645781119465,1.0,1.0,0.9995821145006268,0.6887352790081567,0.9047619047619048,0.8888888888888888,0.9166666666666666,0.8888888888888888,0.8888888888888888
251,0.007678442310440992,0.9978354978354979,0.9971139971139971,0.9983164983164983,0.997473836160231,0.9972938841782428,0.7639854024644823,0.8888888888888888,0.8888888888888888,0.8888888888888888,0.8571428571428571,0.8727272727272727
252,0.0015633413457663311,0.9994557823129252,0.9991645781119465,0.9995964487489911,0.9991645781119465,0.9991645781119465,0.7064064202524374,0.873015873015873,0.8888888888888888,0.8611111111111112,0.8275862068965517,0.8571428571428571
253,0.0009558708651645068,0.9997278911564625,0.9991645781119465,1.0,1.0,0.9995821145006268,0.6684009512070573,0.8888888888888888,0.9259259259259259,0.8611111111111112,0.8333333333333334,0.8771929824561403
254,0.00019235804849652714,1.0,1.0,1.0,1.0,1.0,0.7579240856755947,0.873015873015873,0.8888888888888888,0.8611111111111112,0.8275862068965517,0.8571428571428571
255,5.630883875982654e-05,1.0,1.0,1.0,1.0,1.0,0.738782959365164,0.8571428571428571,0.8888888888888888,0.8333333333333334,0.8,0.8421052631578947
256,0.008834104313680846,0.9971139971139971,0.9956709956709957,0.9980759980759981,0.9971098265895953,0.9963898916967509,0.7965577272273275,0.8888888888888888,0.8888888888888888,0.8888888888888888,0.8571428571428571,0.8727272727272727
257,0.00641925717745323,0.997979797979798,0.9971139971139971,0.9985569985569985,0.9978339350180505,0.997473836160231,0.7640713324718591,0.9047619047619048,0.8888888888888888,0.9166666666666666,0.8888888888888888,0.8888888888888888
258,0.0025142102730056457,0.9991341991341991,0.9985569985569985,0.9995189995189995,0.9992779783393502,0.9989173583543847,0.8569346974097517,0.9047619047619048,0.8888888888888888,0.9166666666666666,0.8888888888888888,0.8888888888888888
259,0.006921404158099085,0.9978354978354979,0.9967532467532467,0.9985569985569985,0.9978331527627302,0.9972929074174337,0.7976629747611855,0.873015873015873,0.8888888888888888,0.8611111111111112,0.8275862068965517,0.8571428571428571
260,0.003955459607587684,0.9989115646258503,0.9983291562238931,0.9991928974979822,0.9983291562238931,0.9983291562238931,0.6136069277648829,0.8888888888888888,0.8888888888888888,0.8888888888888888,0.8571428571428571,0.8727272727272727
261,0.00023720640733087322,1.0,1.0,1.0,1.0,1.0,0.6934233881895326,0.8888888888888888,0.8888888888888888,0.8888888888888888,0.8571428571428571,0.8727272727272727
262,0.007014552107818955,0.9976911976911977,0.9971139971139971,0.9980759980759981,0.9971139971139971,0.9971139971139971,0.701420516386399,0.8888888888888888,0.8888888888888888,0.8888888888888888,0.8571428571428571,0.8727272727272727
263,0.001337071747908513,0.9997278911564625,0.9991645781119465,1.0,1.0,0.9995821145006268,0.7105020250065348,0.8888888888888888,0.8888888888888888,0.8888888888888888,0.8571428571428571,0.8727272727272727
264,0.004244335590767707,0.9991341991341991,0.9992784992784993,0.9990379990379991,0.9985580389329488,0.998918139199423,0.77487454435692,0.8888888888888888,0.8888888888888888,0.8888888888888888,0.8571428571428571,0.8727272727272727
265,0.010246796731255942,0.9968253968253968,0.9953102453102453,0.9978354978354979,0.9967485549132948,0.996028880866426,0.7647892914154375,0.8888888888888888,0.8888888888888888,0.8888888888888888,0.8571428571428571,0.8727272727272727
266,0.004423659097605377,0.9984126984126984,0.9978354978354979,0.9987974987974988,0.9981955972573078,0.9980155150640447,0.7170318357372981,0.9047619047619048,0.8888888888888888,0.9166666666666666,0.8888888888888888,0.8888888888888888
267,0.002706516570054061,0.998989898989899,0.9981962481962482,0.9995189995189995,0.9992777175875768,0.9987366901281357,0.8930871002163575,0.8888888888888888,0.8888888888888888,0.8888888888888888,0.8571428571428571,0.8727272727272727
268,0.004913628245190254,0.9984126984126984,0.9978354978354979,0.9987974987974988,0.9981955972573078,0.9980155150640447,0.7976445480312649,0.8888888888888888,0.8888888888888888,0.8888888888888888,0.8571428571428571,0.8727272727272727
269,0.003393837738513167,0.9991341991341991,0.9989177489177489,0.9992784992784993,0.9989177489177489,0.9989177489177489,0.8932085371629838,0.9047619047619048,0.8888888888888888,0.9166666666666666,0.8888888888888888,0.8888888888888888
270,0.0035733747303340947,0.9989115646258503,0.9983291562238931,0.9991928974979822,0.9983291562238931,0.9983291562238931,0.6888211771941907,0.8412698412698413,0.8888888888888888,0.8055555555555556,0.7741935483870968,0.8275862068965517
271,0.0019694296772125317,0.9997278911564625,1.0,0.9995964487489911,0.9991652754590985,0.9995824634655532,0.6867765384127519,0.9047619047619048,0.8888888888888888,0.9166666666666666,0.8888888888888888,0.8888888888888888
272,0.0007698871748197526,0.9997278911564625,0.9991645781119465,1.0,1.0,0.9995821145006268,1.1288935409605665,0.7936507936507936,0.8888888888888888,0.7222222222222222,0.7058823529411765,0.7868852459016393
273,0.005693154033647399,0.9981240981240981,0.9978354978354979,0.9983164983164983,0.997475658131987,0.9976555455365194,1.1813758024604577,0.8888888888888888,0.9259259259259259,0.8611111111111112,0.8333333333333334,0.8771929824561403
274,0.02350869643840294,0.9945578231292517,0.9958228905597326,0.9939467312348669,0.9875724937862469,0.9916805324459235,0.7529713016905127,0.873015873015873,0.8888888888888888,0.8611111111111112,0.8275862068965517,0.8571428571428571
275,0.0029144673113735728,0.9991836734693877,0.9991645781119465,0.9991928974979822,0.998330550918197,0.9987473903966597,0.6829891718576647,0.873015873015873,0.8518518518518519,0.8888888888888888,0.8518518518518519,0.8518518518518519
276,0.0015223310648686994,0.9994557823129252,0.9991645781119465,0.9995964487489911,0.9991645781119465,0.9991645781119465,0.7918156093477996,0.8888888888888888,0.8518518518518519,0.9166666666666666,0.8846153846153846,0.8679245283018868
277,0.0001609035984804651,1.0,1.0,1.0,1.0,1.0,0.8049391087972455,0.8571428571428571,0.8518518518518519,0.8611111111111112,0.8214285714285714,0.8363636363636363
278,0.0001136983011145981,1.0,1.0,1.0,1.0,1.0,0.8507418699118139,0.8571428571428571,0.8518518518518519,0.8611111111111112,0.8214285714285714,0.8363636363636363
279,8.170439461784653e-05,1.0,1.0,1.0,1.0,1.0,0.8703644223814269,0.8571428571428571,0.8518518518518519,0.8611111111111112,0.8214285714285714,0.8363636363636363
280,0.010058149646316782,0.9963924963924964,0.9945887445887446,0.9975949975949976,0.996385977593061,0.9954865499187578,0.8577918602478882,0.8888888888888888,0.8888888888888888,0.8888888888888888,0.8571428571428571,0.8727272727272727
281,0.0014691433839574789,0.9994557823129252,0.9991645781119465,0.9995964487489911,0.9991645781119465,0.9991645781119465,0.825078759007969,0.8571428571428571,0.8148148148148148,0.8888888888888888,0.8461538461538461,0.8301886792452831
282,0.005396819120587718,0.9985569985569985,0.9978354978354979,0.9990379990379991,0.9985559566787003,0.9981955972573078,0.7395886597962725,0.873015873015873,0.8888888888888888,0.8611111111111112,0.8275862068965517,0.8571428571428571
283,0.0015451165356476899,0.9991836734693877,0.9991645781119465,0.9991928974979822,0.998330550918197,0.9987473903966597,0.7190237883552317,0.873015873015873,0.8888888888888888,0.8611111111111112,0.8275862068965517,0.8571428571428571
284,0.0003046434592394943,1.0,1.0,1.0,1.0,1.0,0.7403007534264202,0.8888888888888888,0.8888888888888888,0.8888888888888888,0.8571428571428571,0.8727272727272727
285,0.009374698797153249,0.9976911976911977,0.996031746031746,0.9987974987974988,0.9981923355025307,0.997110870350307,0.7392007778084556,0.9206349206349206,0.9259259259259259,0.9166666666666666,0.8928571428571429,0.9090909090909091
286,0.0009807855612944834,1.0,1.0,1.0,1.0,1.0,0.7916712362780273,0.8888888888888888,0.8888888888888888,0.8888888888888888,0.8571428571428571,0.8727272727272727
287,0.00011515993119271308,1.0,1.0,1.0,1.0,1.0,0.852890565785365,0.8888888888888888,0.8888888888888888,0.8888888888888888,0.8571428571428571,0.8727272727272727
288,0.00047973692232969003,0.9997278911564625,1.0,0.9995964487489911,0.9991652754590985,0.9995824634655532,0.9623145114984788,0.873015873015873,0.8888888888888888,0.8611111111111112,0.8275862068965517,0.8571428571428571
289,0.003011555149579075,0.9989115646258503,0.9983291562238931,0.9991928974979822,0.9983291562238931,0.9983291562238931,0.6366537393020865,0.9047619047619048,0.8888888888888888,0.9166666666666666,0.8888888888888888,0.8888888888888888
290,0.008984269204863293,0.9971139971139971,0.996031746031746,0.9978354978354979,0.9967509025270758,0.9963911945146157,0.7372579843042388,0.9047619047619048,0.8888888888888888,0.9166666666666666,0.8888888888888888,0.8888888888888888
291,0.0007199633769498648,0.9997278911564625,1.0,0.9995964487489911,0.9991652754590985,0.9995824634655532,0.7287825183418121,0.9047619047619048,0.8888888888888888,0.9166666666666666,0.8888888888888888,0.8888888888888888
292,0.0048928761448059615,0.9987012987012988,0.9981962481962482,0.9990379990379991,0.9985564778058462,0.9983763305069457,0.6853069048559678,0.9206349206349206,0.9259259259259259,0.9166666666666666,0.8928571428571429,0.9090909090909091
293,0.005022134369500935,0.9981240981240981,0.9974747474747475,0.9985569985569985,0.9978347167087694,0.9976546996211438,0.8575504420160931,0.9047619047619048,0.8888888888888888,0.9166666666666666,0.8888888888888888,0.8888888888888888
294,0.0005503440248624732,0.9997278911564625,0.9991645781119465,1.0,1.0,0.9995821145006268,0.785436943797062,0.8888888888888888,0.8518518518518519,0.9166666666666666,0.8846153846153846,0.8679245283018868
295,0.00038044465834244796,0.9997278911564625,1.0,0.9995964487489911,0.9991652754590985,0.9995824634655532,0.8107360037058011,0.8888888888888888,0.8518518518518519,0.9166666666666666,0.8846153846153846,0.8679245283018868
296,0.00018171156542359844,1.0,1.0,1.0,1.0,1.0,0.822021770389891,0.9047619047619048,0.8888888888888888,0.9166666666666666,0.8888888888888888,0.8888888888888888
297,5.968667864843056e-05,1.0,1.0,1.0,1.0,1.0,0.8549692936749558,0.9047619047619048,0.8888888888888888,0.9166666666666666,0.8888888888888888,0.8888888888888888
298,0.009472086043520407,0.9972582972582973,0.9967532467532467,0.9975949975949976,0.99639379733141,0.9965734896302976,0.7875348970426583,0.9047619047619048,0.8888888888888888,0.9166666666666666,0.8888888888888888,0.8888888888888888
299,0.0013870043601778568,0.9997278911564625,0.9991645781119465,1.0,1.0,0.9995821145006268,0.6917423091053645,0.9206349206349206,0.9259259259259259,0.9166666666666666,0.8928571428571429,0.9090909090909091
300,0.00016478579042940306,1.0,1.0,1.0,1.0,1.0,0.7330385439910017,0.9047619047619048,0.8888888888888888,0.9166666666666666,0.8888888888888888,0.8888888888888888
301,7.016636381324913e-05,1.0,1.0,1.0,1.0,1.0,0.7427953945112272,0.9047619047619048,0.8888888888888888,0.9166666666666666,0.8888888888888888,0.8888888888888888
302,0.008608400801480048,0.9974025974025974,0.9967532467532467,0.9978354978354979,0.9967532467532467,0.9967532467532467,0.829761872651972,0.873015873015873,0.8888888888888888,0.8611111111111112,0.8275862068965517,0.8571428571428571
303,0.0005578270562679735,0.9997278911564625,1.0,0.9995964487489911,0.9991652754590985,0.9995824634655532,0.80395822157152,0.8888888888888888,0.8888888888888888,0.8888888888888888,0.8571428571428571,0.8727272727272727
304,7.15161533075936e-05,1.0,1.0,1.0,1.0,1.0,0.8751526638202088,0.8571428571428571,0.8888888888888888,0.8333333333333334,0.8,0.8421052631578947
305,6.189812091166818e-05,1.0,1.0,1.0,1.0,1.0,0.8659758609322284,0.9047619047619048,0.8888888888888888,0.9166666666666666,0.8888888888888888,0.8888888888888888
306,0.012082145973938987,0.9958152958152958,0.9949494949494949,0.9963924963924964,0.994590695997115,0.9947700631199279,0.6981305398845247,0.8888888888888888,0.8888888888888888,0.8888888888888888,0.8571428571428571,0.8727272727272727
307,0.0023564423877366803,0.9995670995670995,0.9992784992784993,0.9997594997594997,0.9996391194514616,0.9994587768356485,0.7028040208803888,0.9047619047619048,0.8888888888888888,0.9166666666666666,0.8888888888888888,0.8888888888888888
308,0.005964013834306779,0.9984126984126984,0.9974747474747475,0.9990379990379991,0.9985554351751534,0.9980147987727847,0.7523369900468785,0.8888888888888888,0.8888888888888888,0.8888888888888888,0.8571428571428571,0.8727272727272727
309,0.0014060719439026909,0.9991836734693877,0.9991645781119465,0.9991928974979822,0.998330550918197,0.9987473903966597,0.6579428622905638,0.9047619047619048,0.8888888888888888,0.9166666666666666,0.8888888888888888,0.8888888888888888
310,0.003138059541052809,0.998989898989899,0.9989177489177489,0.9990379990379991,0.9985575189325641,0.9987376014427413,0.8127280043273271,0.9047619047619048,0.8888888888888888,0.9166666666666666,0.8888888888888888,0.8888888888888888
311,0.0012856423741595172,0.9997278911564625,0.9991645781119465,1.0,1.0,0.9995821145006268,0.7405899521965895,0.8888888888888888,0.8888888888888888,0.8888888888888888,0.8571428571428571,0.8727272727272727
312,0.0004113507965107632,0.9997278911564625,1.0,0.9995964487489911,0.9991652754590985,0.9995824634655532,0.8556416658802413,0.8888888888888888,0.8888888888888888,0.8888888888888888,0.8571428571428571,0.8727272727272727
313,0.002126966194581513,0.9997278911564625,0.9991645781119465,1.0,1.0,0.9995821145006268,0.6712003808074986,0.8888888888888888,0.8888888888888888,0.8888888888888888,0.8571428571428571,0.8727272727272727
314,9.07656267607766e-05,1.0,1.0,1.0,1.0,1.0,0.7454123153838159,0.873015873015873,0.8888888888888888,0.8611111111111112,0.8275862068965517,0.8571428571428571
315,0.007554776215435226,0.9972582972582973,0.9956709956709957,0.9983164983164983,0.9974701843151428,0.996569777938256,0.9354814957214763,0.8888888888888888,0.8888888888888888,0.8888888888888888,0.8571428571428571,0.8727272727272727
316,0.0012304555273356553,0.9994557823129252,0.9991645781119465,0.9995964487489911,0.9991645781119465,0.9991645781119465,0.7958902426614677,0.9047619047619048,0.8888888888888888,0.9166666666666666,0.8888888888888888,0.8888888888888888
317,0.0005439920333041065,0.9997278911564625,0.9991645781119465,1.0,1.0,0.9995821145006268,0.8317563519759994,0.9047619047619048,0.8888888888888888,0.9166666666666666,0.8888888888888888,0.8888888888888888
318,0.008977559358482731,0.9976911976911977,0.9963924963924964,0.9985569985569985,0.9978323699421965,0.9971119133574007,0.8428121276730154,0.9047619047619048,0.8888888888888888,0.9166666666666666,0.8888888888888888,0.8888888888888888
319,0.0020825588748256555,0.9997278911564625,0.9991645781119465,1.0,1.0,0.9995821145006268,0.8300024288473651,0.8888888888888888,0.8888888888888888,0.8888888888888888,0.8571428571428571,0.8727272727272727
320,0.00032538700437305504,1.0,1.0,1.0,1.0,1.0,0.9001353349192955,0.8888888888888888,0.8888888888888888,0.8888888888888888,0.8571428571428571,0.8727272727272727
321,0.002707728147075826,0.9994227994227994,0.9992784992784993,0.9995189995189995,0.9992784992784993,0.9992784992784993,1.0071556207285972,0.8888888888888888,0.8888888888888888,0.8888888888888888,0.8571428571428571,0.8727272727272727
322,0.005560838311809963,0.9982683982683983,0.9974747474747475,0.9987974987974988,0.9981949458483754,0.9978347167087694,0.9795720229386851,0.9047619047619048,0.8888888888888888,0.9166666666666666,0.8888888888888888,0.8888888888888888
323,0.00045612092695925953,0.9997278911564625,1.0,0.9995964487489911,0.9991652754590985,0.9995824634655532,0.8717348218809108,0.9047619047619048,0.8888888888888888,0.9166666666666666,0.8888888888888888,0.8888888888888888
324,0.004582894456484511,0.9978354978354979,0.9974747474747475,0.9980759980759981,0.997115037865128,0.9972948602344455,0.9880606778075046,0.9047619047619048,0.8888888888888888,0.9166666666666666,0.8888888888888888,0.8888888888888888
325,0.000442328045052515,0.9997278911564625,0.9991645781119465,1.0,1.0,0.9995821145006268,0.9723557352900527,0.9047619047619048,0.8888888888888888,0.9166666666666666,0.8888888888888888,0.8888888888888888
326,0.0045855885293380775,0.9987012987012988,0.9989177489177489,0.9985569985569985,0.9978378378378379,0.9983775013520823,0.9794263976341065,0.8888888888888888,0.8888888888888888,0.8888888888888888,0.8571428571428571,0.8727272727272727
327,0.0021008389926446026,0.9994557823129252,0.9991645781119465,0.9995964487489911,0.9991645781119465,0.9991645781119465,0.8236596960424711,0.9047619047619048,0.8888888888888888,0.9166666666666666,0.8888888888888888,0.8888888888888888
328,0.0001735691470509794,1.0,1.0,1.0,1.0,1.0,0.8948415689316341,0.8888888888888888,0.8888888888888888,0.8888888888888888,0.8571428571428571,0.8727272727272727
329,0.002742430575539163,0.9992784992784993,0.9996392496392497,0.9990379990379991,0.9985585585585586,0.9990986118622679,1.0679679578763084,0.9047619047619048,0.8888888888888888,0.9166666666666666,0.8888888888888888,0.8888888888888888
330,0.005051392817175763,0.9981240981240981,0.9974747474747475,0.9985569985569985,0.9978347167087694,0.9976546996211438,1.0211217006347844,0.873015873015873,0.8888888888888888,0.8611111111111112,0.8275862068965517,0.8571428571428571
331,0.005193867107886177,0.9987012987012988,0.9981962481962482,0.9990379990379991,0.9985564778058462,0.9983763305069457,0.9582660818886657,0.9047619047619048,0.8888888888888888,0.9166666666666666,0.8888888888888888,0.8888888888888888
332,0.0011461855629462984,0.9994557823129252,0.9983291562238931,1.0,1.0,0.9991638795986622,0.9012740659107092,0.873015873015873,0.8888888888888888,0.8611111111111112,0.8275862068965517,0.8571428571428571
333,0.0031764205137360647,0.9991341991341991,0.9992784992784993,0.9990379990379991,0.9985580389329488,0.998918139199423,0.941318320180197,0.8888888888888888,0.8888888888888888,0.8888888888888888,0.8571428571428571,0.8727272727272727
334,7.055519927086366e-05,1.0,1.0,1.0,1.0,1.0,0.9137235138503399,0.9047619047619048,0.8888888888888888,0.9166666666666666,0.8888888888888888,0.8888888888888888
335,0.004308361944139825,0.9987012987012988,0.9981962481962482,0.9990379990379991,0.9985564778058462,0.9983763305069457,0.9979217398467304,0.8888888888888888,0.8888888888888888,0.8888888888888888,0.8571428571428571,0.8727272727272727
336,0.00048238917201160803,1.0,1.0,1.0,1.0,1.0,1.1584250456022953,0.8888888888888888,0.8888888888888888,0.8888888888888888,0.8571428571428571,0.8727272727272727
337,5.725753908386125e-05,1.0,1.0,1.0,1.0,1.0,1.2210369959366434,0.873015873015873,0.8888888888888888,0.8611111111111112,0.8275862068965517,0.8571428571428571
338,0.006608530767594072,0.9981240981240981,0.9971139971139971,0.9987974987974988,0.9981942939689419,0.9976538530951092,1.0309231701091723,0.8888888888888888,0.8888888888888888,0.8888888888888888,0.8571428571428571,0.8727272727272727
339,0.0007132157023626278,0.9997278911564625,0.9991645781119465,1.0,1.0,0.9995821145006268,1.0605095368851576,0.8888888888888888,0.8888888888888888,0.8888888888888888,0.8571428571428571,0.8727272727272727
340,0.0006926372510149934,1.0,1.0,1.0,1.0,1.0,1.281412068908269,0.8888888888888888,0.8888888888888888,0.8888888888888888,0.8571428571428571,0.8727272727272727
341,0.005162877501455023,0.997979797979798,0.9963924963924964,0.9990379990379991,0.9985538684020245,0.9974720115565185,0.9210414272755092,0.873015873015873,0.8888888888888888,0.8611111111111112,0.8275862068965517,0.8571428571428571
342,0.006841406696422587,0.9970068027210884,0.9974937343358395,0.9967715899919289,0.9933444259567388,0.9954147561483951,0.7218906010338475,0.9047619047619048,0.9259259259259259,0.8888888888888888,0.8620689655172413,0.8928571428571429
343,0.00020079996579086732,1.0,1.0,1.0,1.0,1.0,0.8110033569502688,0.9047619047619048,0.9259259259259259,0.8888888888888888,0.8620689655172413,0.8928571428571429
344,0.00265763414789069,0.9992784992784993,0.9992784992784993,0.9992784992784993,0.998918139199423,0.9990982867448152,1.0715194293264911,0.8888888888888888,0.8888888888888888,0.8888888888888888,0.8571428571428571,0.8727272727272727
345,0.0014445100835737755,0.9994557823129252,0.9991645781119465,0.9995964487489911,0.9991645781119465,0.9991645781119465,0.9483181906333711,0.8888888888888888,0.8888888888888888,0.8888888888888888,0.8571428571428571,0.8727272727272727
346,0.0060794074088943995,0.9978354978354979,0.9974747474747475,0.9980759980759981,0.997115037865128,0.9972948602344455,0.9120242958426446,0.8888888888888888,0.8518518518518519,0.9166666666666666,0.8846153846153846,0.8679245283018868
347,0.0014048375302676888,0.9997278911564625,0.9991645781119465,1.0,1.0,0.9995821145006268,0.916709052021837,0.8888888888888888,0.8888888888888888,0.8888888888888888,0.8571428571428571,0.8727272727272727
348,0.001998379325118642,0.9991836734693877,0.9983291562238931,0.9995964487489911,0.9991638795986622,0.9987463435018805,0.8151586778158884,0.8888888888888888,0.8888888888888888,0.8888888888888888,0.8571428571428571,0.8727272727272727
349,8.595938121561011e-05,1.0,1.0,1.0,1.0,1.0,0.8734256610300185,0.8888888888888888,0.8888888888888888,0.8888888888888888,0.8571428571428571,0.8727272727272727
350,0.008803206859546168,0.9976911976911977,0.9971139971139971,0.9980759980759981,0.9971139971139971,0.9971139971139971,0.8641645097439843,0.8888888888888888,0.8888888888888888,0.8888888888888888,0.8571428571428571,0.8727272727272727
351,0.003473639017063637,0.998989898989899,0.9985569985569985,0.9992784992784993,0.9989173583543847,0.9987371459498466,0.8040776374335918,0.9047619047619048,0.8888888888888888,0.9166666666666666,0.8888888888888888,0.8888888888888888
352,0.0005798625313070207,1.0,1.0,1.0,1.0,1.0,0.9080929619154804,0.9047619047619048,0.8888888888888888,0.9166666666666666,0.8888888888888888,0.8888888888888888
353,0.003751840292735385,0.9991341991341991,0.9985569985569985,0.9995189995189995,0.9992779783393502,0.9989173583543847,0.801362528616289,0.8888888888888888,0.8888888888888888,0.8888888888888888,0.8571428571428571,0.8727272727272727
354,0.0033827408334201428,0.9987012987012988,0.9985569985569985,0.9987974987974988,0.998196898665705,0.9983769161406673,1.1002433264128206,0.873015873015873,0.8888888888888888,0.8611111111111112,0.8275862068965517,0.8571428571428571
355,0.0022848238208118135,0.9994557823129252,1.0,0.9991928974979822,0.9983319432860718,0.9991652754590985,0.7674845357114608,0.873015873015873,0.8888888888888888,0.8611111111111112,0.8275862068965517,0.8571428571428571
356,0.002078256678030793,0.9988455988455989,0.9981962481962482,0.9992784992784993,0.9989169675090253,0.9985564778058462,1.1490659972145554,0.8888888888888888,0.8888888888888888,0.8888888888888888,0.8571428571428571,0.8727272727272727
357,0.00269285826699078,0.9987012987012988,0.9989177489177489,0.9985569985569985,0.9978378378378379,0.9983775013520823,0.8819253733039775,0.9047619047619048,0.8888888888888888,0.9166666666666666,0.8888888888888888,0.8888888888888888
358,0.0032855492450318065,0.9991836734693877,0.9983291562238931,0.9995964487489911,0.9991638795986622,0.9987463435018805,0.7541222277223059,0.9047619047619048,0.9259259259259259,0.8888888888888888,0.8620689655172413,0.8928571428571429
359,0.0018722511911388239,0.9998556998556999,0.9996392496392497,1.0,1.0,0.9998195922785496,0.9200528891614383,0.9047619047619048,0.8888888888888888,0.9166666666666666,0.8888888888888888,0.8888888888888888
360,0.00014816211809746312,1.0,1.0,1.0,1.0,1.0,0.880312992635438,0.873015873015873,0.8888888888888888,0.8611111111111112,0.8275862068965517,0.8571428571428571
361,0.004663506493364551,0.9987012987012988,0.9981962481962482,0.9990379990379991,0.9985564778058462,0.9983763305069457,0.7459119439994942,0.9047619047619048,0.8888888888888888,0.9166666666666666,0.8888888888888888,0.8888888888888888
362,0.0038642009615387925,0.9994557823129252,1.0,0.9991928974979822,0.9983319432860718,0.9991652754590985,0.6088750082851638,0.9047619047619048,0.8888888888888888,0.9166666666666666,0.8888888888888888,0.8888888888888888
363,0.006481706194448067,0.9978354978354979,0.9971139971139971,0.9983164983164983,0.997473836160231,0.9972938841782428,0.7837461535005815,0.9047619047619048,0.8888888888888888,0.9166666666666666,0.8888888888888888,0.8888888888888888
364,0.00021128509685058196,1.0,1.0,1.0,1.0,1.0,0.7720214817465083,0.9047619047619048,0.8888888888888888,0.9166666666666666,0.8888888888888888,0.8888888888888888
365,0.00023149122664392895,1.0,1.0,1.0,1.0,1.0,0.7164933219365406,0.9047619047619048,0.8888888888888888,0.9166666666666666,0.8888888888888888,0.8888888888888888
366,0.003941248173582785,0.9988455988455989,0.9981962481962482,0.9992784992784993,0.9989169675090253,0.9985564778058462,0.7017444458973524,0.9047619047619048,0.8888888888888888,0.9166666666666666,0.8888888888888888,0.8888888888888888
367,0.0006792082221363671,1.0,1.0,1.0,1.0,1.0,0.793715039000196,0.8888888888888888,0.8888888888888888,0.8888888888888888,0.8571428571428571,0.8727272727272727
368,0.006683294249496599,0.9981240981240981,0.9978354978354979,0.9983164983164983,0.997475658131987,0.9976555455365194,0.7826539180470198,0.9047619047619048,0.8888888888888888,0.9166666666666666,0.8888888888888888,0.8888888888888888
369,0.00011525964941437432,1.0,1.0,1.0,1.0,1.0,0.6903311970619677,0.9047619047619048,0.8888888888888888,0.9166666666666666,0.8888888888888888,0.8888888888888888
370,7.631919278407752e-05,1.0,1.0,1.0,1.0,1.0,0.7320136112578598,0.9047619047619048,0.8888888888888888,0.9166666666666666,0.8888888888888888,0.8888888888888888
371,0.007497989229130032,0.9975468975468975,0.9967532467532467,0.9980759980759981,0.9971129556116926,0.9969330687353418,0.69271413940661,0.8888888888888888,0.8888888888888888,0.8888888888888888,0.8571428571428571,0.8727272727272727
372,0.000395203770249591,1.0,1.0,1.0,1.0,1.0,0.737671357932009,0.8888888888888888,0.9259259259259259,0.8611111111111112,0.8333333333333334,0.8771929824561403
373,8.402499212581684e-05,1.0,1.0,1.0,1.0,1.0,0.762192065847875,0.9047619047619048,0.9259259259259259,0.8888888888888888,0.8620689655172413,0.8928571428571429
374,5.740649769465569e-05,1.0,1.0,1.0,1.0,1.0,0.8419885985342608,0.8888888888888888,0.9259259259259259,0.8611111111111112,0.8333333333333334,0.8771929824561403
375,3.6248880000761235e-05,1.0,1.0,1.0,1.0,1.0,0.8172953071413166,0.8888888888888888,0.9259259259259259,0.8611111111111112,0.8333333333333334,0.8771929824561403
376,3.6588029861315565e-05,1.0,1.0,1.0,1.0,1.0,0.8819781593064406,0.8888888888888888,0.9259259259259259,0.8611111111111112,0.8333333333333334,0.8771929824561403
377,2.609509619334586e-05,1.0,1.0,1.0,1.0,1.0,0.8935445928077642,0.8888888888888888,0.9259259259259259,0.8611111111111112,0.8333333333333334,0.8771929824561403
378,0.00706899136986706,0.9971139971139971,0.996031746031746,0.9978354978354979,0.9967509025270758,0.9963911945146157,0.925273585328204,0.9047619047619048,0.8888888888888888,0.9166666666666666,0.8888888888888888,0.8888888888888888
379,0.0020856562998416866,0.9992784992784993,0.9989177489177489,0.9995189995189995,0.9992782389029231,0.9990979613927476,0.8938011208856695,0.9047619047619048,0.8888888888888888,0.9166666666666666,0.8888888888888888,0.8888888888888888
380,0.004132654314395817,0.9987012987012988,0.9981962481962482,0.9990379990379991,0.9985564778058462,0.9983763305069457,0.7366951942912281,0.9047619047619048,0.8888888888888888,0.9166666666666666,0.8888888888888888,0.8888888888888888
381,0.0013378101022918803,0.9994557823129252,0.9991645781119465,0.9995964487489911,0.9991645781119465,0.9991645781119465,0.6411047028885815,0.9047619047619048,0.8888888888888888,0.9166666666666666,0.8888888888888888,0.8888888888888888
382,0.0003306130721401521,1.0,1.0,1.0,1.0,1.0,0.8138595794691124,0.9047619047619048,0.8888888888888888,0.9166666666666666,0.8888888888888888,0.8888888888888888
383,0.001176517175025021,0.9998556998556999,1.0,0.9997594997594997,0.999639379733141,0.999819657348963,0.932606398359591,0.9047619047619048,0.8888888888888888,0.9166666666666666,0.8888888888888888,0.8888888888888888
384,0.00014270211490053093,1.0,1.0,1.0,1.0,1.0,0.9084447567372066,0.9206349206349206,0.9259259259259259,0.9166666666666666,0.8928571428571429,0.9090909090909091
385,0.007649991801717017,0.997979797979798,0.9974747474747475,0.9983164983164983,0.9974747474747475,0.9974747474747475,0.8361924892385668,0.9047619047619048,0.8888888888888888,0.9166666666666666,0.8888888888888888,0.8888888888888888
386,0.001846460620904909,0.9995670995670995,0.9996392496392497,0.9995189995189995,0.999278759466282,0.999458972046889,0.8205111165875606,0.9047619047619048,0.8888888888888888,0.9166666666666666,0.8888888888888888,0.8888888888888888
387,0.00014563015876724948,1.0,1.0,1.0,1.0,1.0,0.7909165788372602,0.9047619047619048,0.8888888888888888,0.9166666666666666,0.8888888888888888,0.8888888888888888
388,0.00013309388429673152,1.0,1.0,1.0,1.0,1.0,0.9420920528641473,0.9047619047619048,0.8888888888888888,0.9166666666666666,0.8888888888888888,0.8888888888888888
389,0.0029794668569504096,0.9992784992784993,0.9989177489177489,0.9995189995189995,0.9992782389029231,0.9990979613927476,0.7384802000744949,0.9206349206349206,0.9259259259259259,0.9166666666666666,0.8928571428571429,0.9090909090909091
390,0.006252020955094826,0.9982683982683983,0.9971139971139971,0.9990379990379991,0.9985549132947977,0.9978339350180505,0.6663461564939575,0.873015873015873,0.8888888888888888,0.8611111111111112,0.8275862068965517,0.8571428571428571
391,0.0007595468211062407,0.9997113997113997,0.9992784992784993,1.0,1.0,0.9996391194514616,0.745254119316722,0.9047619047619048,0.8888888888888888,0.9166666666666666,0.8888888888888888,0.8888888888888888
392,0.00016447552398854597,1.0,1.0,1.0,1.0,1.0,0.8700504750856438,0.9047619047619048,0.8888888888888888,0.9166666666666666,0.8888888888888888,0.8888888888888888
393,0.0001015696237151201,1.0,1.0,1.0,1.0,1.0,0.9162311579513323,0.9047619047619048,0.8888888888888888,0.9166666666666666,0.8888888888888888,0.8888888888888888
394,0.0054978382243597145,0.9985569985569985,0.9978354978354979,0.9990379990379991,0.9985559566787003,0.9981955972573078,0.8148571425346225,0.9047619047619048,0.8888888888888888,0.9166666666666666,0.8888888888888888,0.8888888888888888
395,0.00020594930915616646,1.0,1.0,1.0,1.0,1.0,0.9247033770855827,0.9047619047619048,0.8888888888888888,0.9166666666666666,0.8888888888888888,0.8888888888888888
396,0.0036022172367243324,0.9987012987012988,0.9978354978354979,0.9992784992784993,0.9989165763813651,0.9983757444504602,0.7744729582863372,0.9047619047619048,0.9259259259259259,0.8888888888888888,0.8620689655172413,0.8928571428571429
397,0.002118420015252907,0.9994227994227994,0.9992784992784993,0.9995189995189995,0.9992784992784993,0.9992784992784993,0.797579597592024,0.9206349206349206,0.9259259259259259,0.9166666666666666,0.8928571428571429,0.9090909090909091
398,0.00042753621396928593,0.9997278911564625,1.0,0.9995964487489911,0.9991652754590985,0.9995824634655532,0.9209609732349654,0.9047619047619048,0.8888888888888888,0.9166666666666666,0.8888888888888888,0.8888888888888888
399,6.541119426030343e-05,1.0,1.0,1.0,1.0,1.0,0.8541781313978145,0.9047619047619048,0.8888888888888888,0.9166666666666666,0.8888888888888888,0.8888888888888888
400,0.0003463768682629628,0.9998556998556999,0.9996392496392497,1.0,1.0,0.9998195922785496,0.9906904739975635,0.9047619047619048,0.8888888888888888,0.9166666666666666,0.8888888888888888,0.8888888888888888
401,0.006234308266014603,0.9984126984126984,0.9981962481962482,0.9985569985569985,0.997836278398846,0.9980162308385934,0.810831050443027,0.9047619047619048,0.8888888888888888,0.9166666666666666,0.8888888888888888,0.8888888888888888
402,0.0003446471038708127,1.0,1.0,1.0,1.0,1.0,0.9587902758249252,0.9047619047619048,0.8888888888888888,0.9166666666666666,0.8888888888888888,0.8888888888888888
403,0.0006777618477729008,0.9997278911564625,0.9991645781119465,1.0,1.0,0.9995821145006268,0.894645564493701,0.9047619047619048,0.8888888888888888,0.9166666666666666,0.8888888888888888,0.8888888888888888
404,0.004771857230214869,0.9991341991341991,0.9985569985569985,0.9995189995189995,0.9992779783393502,0.9989173583543847,0.8162438262901676,0.9047619047619048,0.8888888888888888,0.9166666666666666,0.8888888888888888,0.8888888888888888
405,0.007886762539116151,0.9978354978354979,0.9967532467532467,0.9985569985569985,0.9978331527627302,0.9972929074174337,0.7045019411201042,0.8571428571428571,0.8888888888888888,0.8333333333333334,0.8,0.8421052631578947
406,0.000734252341692617,1.0,1.0,1.0,1.0,1.0,0.6247210537207254,0.8888888888888888,0.8888888888888888,0.8888888888888888,0.8571428571428571,0.8727272727272727
407,0.0002839587523966143,1.0,1.0,1.0,1.0,1.0,0.648639252394094,0.8888888888888888,0.8888888888888888,0.8888888888888888,0.8571428571428571,0.8727272727272727
408,0.00466032487574908,0.9984126984126984,0.9981962481962482,0.9985569985569985,0.997836278398846,0.9980162308385934,0.6893224836556271,0.9047619047619048,0.8888888888888888,0.9166666666666666,0.8888888888888888,0.8888888888888888
409,0.00026233187582044214,1.0,1.0,1.0,1.0,1.0,0.7672700274950273,0.9047619047619048,0.8888888888888888,0.9166666666666666,0.8888888888888888,0.8888888888888888
410,0.0013528769884979571,0.9991836734693877,0.9983291562238931,0.9995964487489911,0.9991638795986622,0.9987463435018805,0.7261131897435656,0.8888888888888888,0.9259259259259259,0.8611111111111112,0.8333333333333334,0.8771929824561403
411,0.0003367785947762832,0.9997278911564625,1.0,0.9995964487489911,0.9991652754590985,0.9995824634655532,0.7153807920417637,0.8888888888888888,0.8888888888888888,0.8888888888888888,0.8571428571428571,0.8727272727272727
412,0.006907730875892723,0.997979797979798,0.9971139971139971,0.9985569985569985,0.9978339350180505,0.997473836160231,0.7170974490572772,0.873015873015873,0.8888888888888888,0.8611111111111112,0.8275862068965517,0.8571428571428571
413,0.0006514365362485003,1.0,1.0,1.0,1.0,1.0,0.7991847984501094,0.8888888888888888,0.8518518518518519,0.9166666666666666,0.8846153846153846,0.8679245283018868
414,0.00017576663444198088,1.0,1.0,1.0,1.0,1.0,0.8351427043447667,0.873015873015873,0.8518518518518519,0.8888888888888888,0.8518518518518519,0.8518518518518519
415,0.0026277639229211136,0.9991836734693877,0.9983291562238931,0.9995964487489911,0.9991638795986622,0.9987463435018805,0.6269103469165866,0.9047619047619048,0.8888888888888888,0.9166666666666666,0.8888888888888888,0.8888888888888888
416,0.003377090654886432,0.9992784992784993,0.9989177489177489,0.9995189995189995,0.9992782389029231,0.9990979613927476,0.9979816556210391,0.8888888888888888,0.8888888888888888,0.8888888888888888,0.8571428571428571,0.8727272727272727
417,0.0010711351622006145,0.9994227994227994,0.9996392496392497,0.9992784992784993,0.9989185291997116,0.999278759466282,0.8590077007018928,0.8888888888888888,0.8888888888888888,0.8888888888888888,0.8571428571428571,0.8727272727272727
418,0.003766835422077683,0.9987012987012988,0.9981962481962482,0.9990379990379991,0.9985564778058462,0.9983763305069457,0.7026846076020904,0.8888888888888888,0.8888888888888888,0.8888888888888888,0.8571428571428571,0.8727272727272727
419,0.000930176823212667,0.9997278911564625,1.0,0.9995964487489911,0.9991652754590985,0.9995824634655532,0.6719981608399567,0.8888888888888888,0.8888888888888888,0.8888888888888888,0.8571428571428571,0.8727272727272727
420,0.0030925688952113534,0.998989898989899,0.9985569985569985,0.9992784992784993,0.9989173583543847,0.9987371459498466,0.7682322426919113,0.9047619047619048,0.8888888888888888,0.9166666666666666,0.8888888888888888,0.8888888888888888
421,0.00037253005682713516,1.0,1.0,1.0,1.0,1.0,0.9499176519041482,0.8888888888888888,0.8888888888888888,0.8888888888888888,0.8571428571428571,0.8727272727272727
422,0.00047189299603036763,0.9998556998556999,0.9996392496392497,1.0,1.0,0.9998195922785496,0.9693504093661359,0.9047619047619048,0.9259259259259259,0.8888888888888888,0.8620689655172413,0.8928571428571429
423,0.00019909707073522786,1.0,1.0,1.0,1.0,1.0,0.7832383925396864,0.8888888888888888,0.8888888888888888,0.8888888888888888,0.8571428571428571,0.8727272727272727
424,0.005612845939348128,0.9985569985569985,0.9981962481962482,0.9987974987974988,0.9981962481962482,0.9981962481962482,0.7423565077418942,0.873015873015873,0.8888888888888888,0.8611111111111112,0.8275862068965517,0.8571428571428571
425,0.000738875997189605,0.9997278911564625,1.0,0.9995964487489911,0.9991652754590985,0.9995824634655532,0.7386215438090158,0.9047619047619048,0.9259259259259259,0.8888888888888888,0.8620689655172413,0.8928571428571429
426,0.005182310638293998,0.997979797979798,0.9971139971139971,0.9985569985569985,0.9978339350180505,0.997473836160231,0.7866935088010024,0.9047619047619048,0.9259259259259259,0.8888888888888888,0.8620689655172413,0.8928571428571429
427,0.010947778228334575,0.9978231292517007,0.9983291562238931,0.9975786924939467,0.9950041631973355,0.9966638865721434,0.5297248587187838,0.9047619047619048,0.9259259259259259,0.8888888888888888,0.8620689655172413,0.8928571428571429
428,0.0001835443066285771,1.0,1.0,1.0,1.0,1.0,0.5717939094844503,0.9047619047619048,0.9259259259259259,0.8888888888888888,0.8620689655172413,0.8928571428571429
429,0.001842916185539802,0.9992784992784993,0.9989177489177489,0.9995189995189995,0.9992782389029231,0.9990979613927476,0.7379673651141476,0.8888888888888888,0.8888888888888888,0.8888888888888888,0.8571428571428571,0.8727272727272727
430,0.0010686615322901677,0.9998556998556999,1.0,0.9997594997594997,0.999639379733141,0.999819657348963,0.8107553747090966,0.9047619047619048,0.8888888888888888,0.9166666666666666,0.8888888888888888,0.8888888888888888
431,0.0011562466624732428,0.9997113997113997,0.9996392496392497,0.9997594997594997,0.9996392496392497,0.9996392496392497,0.854360967690607,0.9047619047619048,0.8888888888888888,0.9166666666666666,0.8888888888888888,0.8888888888888888
432,0.004190602016731361,0.998639455782313,0.9983291562238931,0.9987893462469734,0.9974958263772955,0.9979123173277662,0.6752889496958001,0.873015873015873,0.8888888888888888,0.8611111111111112,0.8275862068965517,0.8571428571428571
433,8.035660985176971e-05,1.0,1.0,1.0,1.0,1.0,0.7447349502986144,0.8888888888888888,0.8888888888888888,0.8888888888888888,0.8571428571428571,0.8727272727272727
434,3.5411971402936615e-05,1.0,1.0,1.0,1.0,1.0,0.8127039521595367,0.873015873015873,0.8888888888888888,0.8611111111111112,0.8275862068965517,0.8571428571428571
435,2.6718304960471325e-05,1.0,1.0,1.0,1.0,1.0,0.8725923093529889,0.8888888888888888,0.8888888888888888,0.8888888888888888,0.8571428571428571,0.8727272727272727
436,2.3749219883314185e-05,1.0,1.0,1.0,1.0,1.0,0.8720536423723042,0.8888888888888888,0.8888888888888888,0.8888888888888888,0.8571428571428571,0.8727272727272727
437,0.0032036582350453225,0.9987012987012988,0.9989177489177489,0.9985569985569985,0.9978378378378379,0.9983775013520823,0.9006281666005966,0.9047619047619048,0.8888888888888888,0.9166666666666666,0.8888888888888888,0.8888888888888888
438,0.001956284971812313,0.9994227994227994,0.9992784992784993,0.9995189995189995,0.9992784992784993,0.9992784992784993,0.9329904879303372,0.8888888888888888,0.8888888888888888,0.8888888888888888,0.8571428571428571,0.8727272727272727
439,0.0003714169357750061,0.9997278911564625,0.9991645781119465,1.0,1.0,0.9995821145006268,0.915034325706536,0.873015873015873,0.8888888888888888,0.8611111111111112,0.8275862068965517,0.8571428571428571
440,4.75778710210916e-05,1.0,1.0,1.0,1.0,1.0,0.9375992585803957,0.873015873015873,0.8888888888888888,0.8611111111111112,0.8275862068965517,0.8571428571428571
441,1.6124276151050273e-05,1.0,1.0,1.0,1.0,1.0,0.9464359163213798,0.8571428571428571,0.8888888888888888,0.8333333333333334,0.8,0.8421052631578947
442,1.5265250260793493e-05,1.0,1.0,1.0,1.0,1.0,1.0091975867448097,0.873015873015873,0.8888888888888888,0.8611111111111112,0.8275862068965517,0.8571428571428571
443,1.6823336282392294e-05,1.0,1.0,1.0,1.0,1.0,0.9412824562420451,0.873015873015873,0.8888888888888888,0.8611111111111112,0.8275862068965517,0.8571428571428571
444,0.00867640187046624,0.9974025974025974,0.9978354978354979,0.9971139971139971,0.9956803455723542,0.9967567567567568,0.8849660591959758,0.9047619047619048,0.8888888888888888,0.9166666666666666,0.8888888888888888,0.8888888888888888
445,0.0005723862540923997,0.9997278911564625,0.9991645781119465,1.0,1.0,0.9995821145006268,0.8521038647757249,0.9047619047619048,0.8888888888888888,0.9166666666666666,0.8888888888888888,0.8888888888888888
446,0.0001201349892881208,1.0,1.0,1.0,1.0,1.0,0.8907626045897598,0.9047619047619048,0.8888888888888888,0.9166666666666666,0.8888888888888888,0.8888888888888888
447,6.677951086580802e-05,1.0,1.0,1.0,1.0,1.0,0.9065770530248142,0.9047619047619048,0.8888888888888888,0.9166666666666666,0.8888888888888888,0.8888888888888888
448,3.9445043111467086e-05,1.0,1.0,1.0,1.0,1.0,0.9289077412472652,0.9047619047619048,0.8888888888888888,0.9166666666666666,0.8888888888888888,0.8888888888888888
449,3.5002370590469195e-05,1.0,1.0,1.0,1.0,1.0,0.8983732792940351,0.9047619047619048,0.8888888888888888,0.9166666666666666,0.8888888888888888,0.8888888888888888
450,0.0039002100879522252,0.9987012987012988,0.9981962481962482,0.9990379990379991,0.9985564778058462,0.9983763305069457,1.0024615850854879,0.9047619047619048,0.8888888888888888,0.9166666666666666,0.8888888888888888,0.8888888888888888
451,0.0016800268395982104,0.9991341991341991,0.9985569985569985,0.9995189995189995,0.9992779783393502,0.9989173583543847,1.0799676441492343,0.8888888888888888,0.8888888888888888,0.8888888888888888,0.8571428571428571,0.8727272727272727
452,0.00029919782296941415,1.0,1.0,1.0,1.0,1.0,1.1577891439166186,0.8888888888888888,0.8888888888888888,0.8888888888888888,0.8571428571428571,0.8727272727272727
453,0.0033669481415688437,0.9992784992784993,0.9985569985569985,0.9997594997594997,0.9996388587937883,0.9990976358058112,1.0125307635797303,0.9047619047619048,0.8888888888888888,0.9166666666666666,0.8888888888888888,0.8888888888888888
454,0.002333811749554936,0.9991341991341991,0.9985569985569985,0.9995189995189995,0.9992779783393502,0.9989173583543847,1.01852889956596,0.8888888888888888,0.8888888888888888,0.8888888888888888,0.8571428571428571,0.8727272727272727
455,0.000452213057111529,1.0,1.0,1.0,1.0,1.0,0.9129629502788285,0.8888888888888888,0.8888888888888888,0.8888888888888888,0.8571428571428571,0.8727272727272727
456,0.00011488414076703353,1.0,1.0,1.0,1.0,1.0,0.9781684279579268,0.8888888888888888,0.8888888888888888,0.8888888888888888,0.8571428571428571,0.8727272727272727
457,0.00591990370801134,0.9985569985569985,0.9974747474747475,0.9992784992784993,0.9989161849710982,0.9981949458483754,1.0052382555959556,0.873015873015873,0.8888888888888888,0.8611111111111112,0.8275862068965517,0.8571428571428571
458,0.0021800463576626835,0.9992784992784993,0.9989177489177489,0.9995189995189995,0.9992782389029231,0.9990979613927476,1.1786621054239472,0.873015873015873,0.8888888888888888,0.8611111111111112,0.8275862068965517,0.8571428571428571
459,0.002773825027748088,0.9992784992784993,0.9989177489177489,0.9995189995189995,0.9992782389029231,0.9990979613927476,0.8777721954711957,0.8888888888888888,0.8888888888888888,0.8888888888888888,0.8571428571428571,0.8727272727272727
460,0.00031877380074219635,1.0,1.0,1.0,1.0,1.0,0.7814022457187382,0.9047619047619048,0.9259259259259259,0.8888888888888888,0.8620689655172413,0.8928571428571429
461,0.0001982483087053291,1.0,1.0,1.0,1.0,1.0,0.8705016543755182,0.9047619047619048,0.9259259259259259,0.8888888888888888,0.8620689655172413,0.8928571428571429
462,0.004356952634531623,0.9988455988455989,0.9989177489177489,0.9987974987974988,0.998197548666186,0.9985575189325641,0.7424986938495994,0.9047619047619048,0.9259259259259259,0.8888888888888888,0.8620689655172413,0.8928571428571429
463,0.00020740442218777303,1.0,1.0,1.0,1.0,1.0,0.7436951092212916,0.9047619047619048,0.9259259259259259,0.8888888888888888,0.8620689655172413,0.8928571428571429
464,0.005878566737368808,0.9984126984126984,0.9978354978354979,0.9987974987974988,0.9981955972573078,0.9980155150640447,0.6863992866016656,0.9206349206349206,0.9259259259259259,0.9166666666666666,0.8928571428571429,0.9090909090909091
465,0.0025216262700059017,0.998989898989899,0.9985569985569985,0.9992784992784993,0.9989173583543847,0.9987371459498466,0.6308445655121764,0.9047619047619048,0.9259259259259259,0.8888888888888888,0.8620689655172413,0.8928571428571429
466,0.0001939731848174686,1.0,1.0,1.0,1.0,1.0,0.708123089689512,0.9047619047619048,0.9259259259259259,0.8888888888888888,0.8620689655172413,0.8928571428571429
467,0.0001692060778094899,1.0,1.0,1.0,1.0,1.0,0.6360037749204027,0.9206349206349206,0.9259259259259259,0.9166666666666666,0.8928571428571429,0.9090909090909091
468,4.819927533686978e-05,1.0,1.0,1.0,1.0,1.0,0.6611107743189518,0.9206349206349206,0.9259259259259259,0.9166666666666666,0.8928571428571429,0.9090909090909091
469,3.189640238487714e-05,1.0,1.0,1.0,1.0,1.0,0.674203751867892,0.9206349206349206,0.9259259259259259,0.9166666666666666,0.8928571428571429,0.9090909090909091
470,0.004711352787662599,0.9985569985569985,0.9978354978354979,0.9990379990379991,0.9985559566787003,0.9981955972573078,0.7707046793077589,0.8888888888888888,0.8888888888888888,0.8888888888888888,0.8571428571428571,0.8727272727272727
471,0.005367425446971225,0.9985569985569985,0.9981962481962482,0.9987974987974988,0.9981962481962482,0.9981962481962482,0.6561252763859802,0.8888888888888888,0.8888888888888888,0.8888888888888888,0.8571428571428571,0.8727272727272727
472,0.0038743418050219483,0.9994227994227994,0.9996392496392497,0.9992784992784993,0.9989185291997116,0.999278759466282,0.6858263460992945,0.9047619047619048,0.9259259259259259,0.8888888888888888,0.8620689655172413,0.8928571428571429
473,0.0014530562969113916,0.9994557823129252,1.0,0.9991928974979822,0.9983319432860718,0.9991652754590985,0.6357984729930029,0.9047619047619048,0.8888888888888888,0.9166666666666666,0.8888888888888888,0.8888888888888888
474,6.073107878791587e-05,1.0,1.0,1.0,1.0,1.0,0.5968494978728741,0.9047619047619048,0.8888888888888888,0.9166666666666666,0.8888888888888888,0.8888888888888888
475,0.0028210197203308576,0.9992784992784993,0.9996392496392497,0.9990379990379991,0.9985585585585586,0.9990986118622679,0.7675131644546849,0.9047619047619048,0.8888888888888888,0.9166666666666666,0.8888888888888888,0.8888888888888888
476,0.0001528607134694127,1.0,1.0,1.0,1.0,1.0,0.8371481318927037,0.9047619047619048,0.8888888888888888,0.9166666666666666,0.8888888888888888,0.8888888888888888
477,0.00305171709524639,0.9985569985569985,0.9981962481962482,0.9987974987974988,0.9981962481962482,0.9981962481962482,0.8017177947539105,0.8888888888888888,0.8888888888888888,0.8888888888888888,0.8571428571428571,0.8727272727272727
478,0.0007571568575362105,0.9997113997113997,0.9992784992784993,1.0,1.0,0.9996391194514616,0.9477402888747054,0.9047619047619048,0.9259259259259259,0.8888888888888888,0.8620689655172413,0.8928571428571429
479,0.002830547473105708,0.9994557823129252,0.9991645781119465,0.9995964487489911,0.9991645781119465,0.9991645781119465,0.7938798942252308,0.8888888888888888,0.8888888888888888,0.8888888888888888,0.8571428571428571,0.8727272727272727
480,0.00010289717112965529,1.0,1.0,1.0,1.0,1.0,0.8006704102164284,0.8888888888888888,0.8888888888888888,0.8888888888888888,0.8571428571428571,0.8727272727272727
481,5.6026931364439885e-05,1.0,1.0,1.0,1.0,1.0,0.778884208287179,0.8888888888888888,0.8888888888888888,0.8888888888888888,0.8571428571428571,0.8727272727272727
482,0.0034631978418012354,0.9987012987012988,0.9985569985569985,0.9987974987974988,0.998196898665705,0.9983769161406673,0.7166449614509302,0.8888888888888888,0.8888888888888888,0.8888888888888888,0.8571428571428571,0.8727272727272727
483,0.002106937341699394,0.9997113997113997,1.0,0.9995189995189995,0.9992790194664743,0.999639379733141,0.7690102785515865,0.9047619047619048,0.9259259259259259,0.8888888888888888,0.8620689655172413,0.8928571428571429
484,0.00020560095625659088,1.0,1.0,1.0,1.0,1.0,0.7468469947421649,0.9047619047619048,0.8888888888888888,0.9166666666666666,0.8888888888888888,0.8888888888888888
485,3.4037079184148204e-05,1.0,1.0,1.0,1.0,1.0,0.8100578702894078,0.9047619047619048,0.8888888888888888,0.9166666666666666,0.8888888888888888,0.8888888888888888
486,0.00011461023701593446,1.0,1.0,1.0,1.0,1.0,0.8716622361602392,0.9047619047619048,0.8888888888888888,0.9166666666666666,0.8888888888888888,0.8888888888888888
487,2.848812156494174e-05,1.0,1.0,1.0,1.0,1.0,0.8444983729563434,0.9047619047619048,0.8888888888888888,0.9166666666666666,0.8888888888888888,0.8888888888888888
488,0.002181354215433293,0.9991341991341991,0.9989177489177489,0.9992784992784993,0.9989177489177489,0.9989177489177489,0.8953218671773241,0.9047619047619048,0.9259259259259259,0.8888888888888888,0.8620689655172413,0.8928571428571429
489,0.0027695172649127553,0.9994557823129252,0.9991645781119465,0.9995964487489911,0.9991645781119465,0.9991645781119465,0.6429611068188457,0.8888888888888888,0.9259259259259259,0.8611111111111112,0.8333333333333334,0.8771929824561403
490,0.00012266605387625543,1.0,1.0,1.0,1.0,1.0,0.6891190631410739,0.8888888888888888,0.9259259259259259,0.8611111111111112,0.8333333333333334,0.8771929824561403
491,0.004056672992150825,0.9987012987012988,0.9981962481962482,0.9990379990379991,0.9985564778058462,0.9983763305069457,0.7940886274261015,0.873015873015873,0.8888888888888888,0.8611111111111112,0.8275862068965517,0.8571428571428571
492,0.0018427843356408947,0.9997113997113997,0.9996392496392497,0.9997594997594997,0.9996392496392497,0.9996392496392497,0.6980925674946602,0.8888888888888888,0.9259259259259259,0.8611111111111112,0.8333333333333334,0.8771929824561403
493,0.0015243734939500181,0.9997113997113997,0.9996392496392497,0.9997594997594997,0.9996392496392497,0.9996392496392497,0.7617312968904448,0.8888888888888888,0.9259259259259259,0.8611111111111112,0.8333333333333334,0.8771929824561403
494,0.002532690704752438,0.9992784992784993,0.9992784992784993,0.9992784992784993,0.998918139199423,0.9990982867448152,0.6545190490663998,0.9206349206349206,0.9259259259259259,0.9166666666666666,0.8928571428571429,0.9090909090909091
495,0.0013154093736299098,0.9995670995670995,0.9992784992784993,0.9997594997594997,0.9996391194514616,0.9994587768356485,0.8486707728845344,0.9047619047619048,0.9259259259259259,0.8888888888888888,0.8620689655172413,0.8928571428571429
496,0.0005648885179410213,0.9998556998556999,1.0,0.9997594997594997,0.999639379733141,0.999819657348963,0.8894507763976608,0.9047619047619048,0.8888888888888888,0.9166666666666666,0.8888888888888888,0.8888888888888888
497,0.0015238466354242047,0.9995670995670995,0.9996392496392497,0.9995189995189995,0.999278759466282,0.999458972046889,0.7978524772589148,0.9206349206349206,0.9259259259259259,0.9166666666666666,0.8928571428571429,0.9090909090909091
498,0.00025452604738110325,1.0,1.0,1.0,1.0,1.0,0.9010457530052268,0.9047619047619048,0.8888888888888888,0.9166666666666666,0.8888888888888888,0.8888888888888888
499,0.0005999704502936438,0.9997278911564625,1.0,0.9995964487489911,0.9991652754590985,0.9995824634655532,0.981270512416871,0.9047619047619048,0.8888888888888888,0.9166666666666666,0.8888888888888888,0.8888888888888888
500,0.00016586065492645217,1.0,1.0,1.0,1.0,1.0,0.8863294471977698,0.9047619047619048,0.8888888888888888,0.9166666666666666,0.8888888888888888,0.8888888888888888
501,0.00534283375961211,0.9982683982683983,0.9981962481962482,0.9983164983164983,0.9974765681326604,0.997836278398846,0.5411231389561657,0.9365079365079365,0.9629629629629629,0.9166666666666666,0.896551724137931,0.9285714285714286
502,0.0009253460883202098,0.9997113997113997,1.0,0.9995189995189995,0.9992790194664743,0.999639379733141,0.6127701919801135,0.9206349206349206,0.9259259259259259,0.9166666666666666,0.8928571428571429,0.9090909090909091
503,0.00013654653410026874,1.0,1.0,1.0,1.0,1.0,0.7321107641975166,0.9047619047619048,0.8888888888888888,0.9166666666666666,0.8888888888888888,0.8888888888888888
504,0.0009526971162289776,0.9997113997113997,0.9996392496392497,0.9997594997594997,0.9996392496392497,0.9996392496392497,0.6269046177184219,0.9365079365079365,0.9629629629629629,0.9166666666666666,0.896551724137931,0.9285714285714286
505,0.0020093014555439166,0.9991341991341991,0.9992784992784993,0.9990379990379991,0.9985580389329488,0.998918139199423,0.6910167067502092,0.8888888888888888,0.8518518518518519,0.9166666666666666,0.8846153846153846,0.8679245283018868
506,0.0045429876790909545,0.9987012987012988,0.9981962481962482,0.9990379990379991,0.9985564778058462,0.9983763305069457,0.687845439375884,0.9047619047619048,0.8888888888888888,0.9166666666666666,0.8888888888888888,0.8888888888888888
507,0.0028655437140757346,0.9988455988455989,0.9996392496392497,0.9983164983164983,0.9974802015838733,0.9985585585585586,0.6769347210122342,0.9047619047619048,0.8888888888888888,0.9166666666666666,0.8888888888888888,0.8888888888888888
508,0.0006649097161168363,0.9994557823129252,1.0,0.9991928974979822,0.9983319432860718,0.9991652754590985,0.6424223078356013,0.9047619047619048,0.8888888888888888,0.9166666666666666,0.8888888888888888,0.8888888888888888
509,0.0021099778768067464,0.9992784992784993,0.9989177489177489,0.9995189995189995,0.9992782389029231,0.9990979613927476,0.7229906889649953,0.9047619047619048,0.8888888888888888,0.9166666666666666,0.8888888888888888,0.8888888888888888
510,0.0004591943626400192,0.9998556998556999,0.9996392496392497,1.0,1.0,0.9998195922785496,0.7039417545381892,0.9206349206349206,0.9259259259259259,0.9166666666666666,0.8928571428571429,0.9090909090909091
511,0.00019269252481960878,1.0,1.0,1.0,1.0,1.0,0.8027105525180804,0.9047619047619048,0.8888888888888888,0.9166666666666666,0.8888888888888888,0.8888888888888888
512,0.006363364066785206,0.9985569985569985,0.9981962481962482,0.9987974987974988,0.9981962481962482,0.9981962481962482,0.55114583845664,0.9206349206349206,0.9259259259259259,0.9166666666666666,0.8928571428571429,0.9090909090909091
513,0.0023224061677425737,0.9997113997113997,0.9996392496392497,0.9997594997594997,0.9996392496392497,0.9996392496392497,0.6364435295367407,0.9206349206349206,0.9259259259259259,0.9166666666666666,0.8928571428571429,0.9090909090909091
514,0.0007104914989694936,0.9997113997113997,0.9996392496392497,0.9997594997594997,0.9996392496392497,0.9996392496392497,0.7240683029911972,0.9206349206349206,0.9259259259259259,0.9166666666666666,0.8928571428571429,0.9090909090909091
515,0.0016288337482676062,0.9992784992784993,0.9989177489177489,0.9995189995189995,0.9992782389029231,0.9990979613927476,0.9238289781598492,0.9047619047619048,0.8888888888888888,0.9166666666666666,0.8888888888888888,0.8888888888888888
516,0.0012178951255257496,0.9998556998556999,1.0,0.9997594997594997,0.999639379733141,0.999819657348963,0.9642813151567391,0.9047619047619048,0.8888888888888888,0.9166666666666666,0.8888888888888888,0.8888888888888888
517,4.876335076529137e-05,1.0,1.0,1.0,1.0,1.0,1.0177138244199875,0.9047619047619048,0.8888888888888888,0.9166666666666666,0.8888888888888888,0.8888888888888888
518,0.0023538854435689338,0.9997113997113997,0.9996392496392497,0.9997594997594997,0.9996392496392497,0.9996392496392497,0.878505480417978,0.9047619047619048,0.8888888888888888,0.9166666666666666,0.8888888888888888,0.8888888888888888
519,0.0025880265201260813,0.9985569985569985,0.9978354978354979,0.9990379990379991,0.9985559566787003,0.9981955972573078,0.9076364457598954,0.9047619047619048,0.8888888888888888,0.9166666666666666,0.8888888888888888,0.8888888888888888
520,0.00359963888354805,0.998989898989899,0.9989177489177489,0.9990379990379991,0.9985575189325641,0.9987376014427413,0.7949413552291339,0.9047619047619048,0.8888888888888888,0.9166666666666666,0.8888888888888888,0.8888888888888888
521,0.000631722950606902,0.9998556998556999,1.0,0.9997594997594997,0.999639379733141,0.999819657348963,0.8630347874149598,0.9047619047619048,0.8888888888888888,0.9166666666666666,0.8888888888888888,0.8888888888888888
522,0.0010891551077043759,0.9995670995670995,0.9996392496392497,0.9995189995189995,0.999278759466282,0.999458972046889,0.8454253586291637,0.9047619047619048,0.8888888888888888,0.9166666666666666,0.8888888888888888,0.8888888888888888
523,0.0034341176011744743,0.9992784992784993,0.9989177489177489,0.9995189995189995,0.9992782389029231,0.9990979613927476,0.7743199378259421,0.8888888888888888,0.8888888888888888,0.8888888888888888,0.8571428571428571,0.8727272727272727
524,0.0010547798885051634,0.9995670995670995,0.9992784992784993,0.9997594997594997,0.9996391194514616,0.9994587768356485,0.7741306033990224,0.9047619047619048,0.8888888888888888,0.9166666666666666,0.8888888888888888,0.8888888888888888
525,0.0018878180474626188,0.9995670995670995,0.9996392496392497,0.9995189995189995,0.999278759466282,0.999458972046889,0.9917553865512702,0.8888888888888888,0.8888888888888888,0.8888888888888888,0.8571428571428571,0.8727272727272727
526,0.00012963580617222938,1.0,1.0,1.0,1.0,1.0,1.026061470384284,0.9047619047619048,0.8888888888888888,0.9166666666666666,0.8888888888888888,0.8888888888888888
527,0.0001744614824719174,1.0,1.0,1.0,1.0,1.0,1.0115151276651078,0.9047619047619048,0.8888888888888888,0.9166666666666666,0.8888888888888888,0.8888888888888888
528,0.0053305735679846965,0.9985569985569985,0.9981962481962482,0.9987974987974988,0.9981962481962482,0.9981962481962482,0.9406369810425935,0.8888888888888888,0.8888888888888888,0.8888888888888888,0.8571428571428571,0.8727272727272727
529,0.0011123967098725348,0.9998556998556999,1.0,0.9997594997594997,0.999639379733141,0.999819657348963,1.0929373683251873,0.8888888888888888,0.8888888888888888,0.8888888888888888,0.8571428571428571,0.8727272727272727
530,0.0009333858884737603,0.9994227994227994,0.9992784992784993,0.9995189995189995,0.9992784992784993,0.9992784992784993,0.9124078965382761,0.9047619047619048,0.8888888888888888,0.9166666666666666,0.8888888888888888,0.8888888888888888
531,0.00018439278729519257,1.0,1.0,1.0,1.0,1.0,1.020245941399307,0.9047619047619048,0.8888888888888888,0.9166666666666666,0.8888888888888888,0.8888888888888888
532,0.00011463224498775779,1.0,1.0,1.0,1.0,1.0,1.0906447314448,0.9047619047619048,0.8888888888888888,0.9166666666666666,0.8888888888888888,0.8888888888888888
533,0.005087913372852824,0.9985569985569985,0.9981962481962482,0.9987974987974988,0.9981962481962482,0.9981962481962482,0.8742004886120817,0.9047619047619048,0.8888888888888888,0.9166666666666666,0.8888888888888888,0.8888888888888888
534,0.00046780473151085937,0.9997113997113997,1.0,0.9995189995189995,0.9992790194664743,0.999639379733141,1.0061842325371726,0.9047619047619048,0.8888888888888888,0.9166666666666666,0.8888888888888888,0.8888888888888888
535,0.0015184520583149262,0.9995670995670995,0.9992784992784993,0.9997594997594997,0.9996391194514616,0.9994587768356485,1.0879189953636905,0.9047619047619048,0.8888888888888888,0.9166666666666666,0.8888888888888888,0.8888888888888888
536,0.0003544330860927304,1.0,1.0,1.0,1.0,1.0,1.12743545035338,0.9047619047619048,0.8888888888888888,0.9166666666666666,0.8888888888888888,0.8888888888888888
537,0.001681831034326118,0.9998556998556999,0.9996392496392497,1.0,1.0,0.9998195922785496,1.0884846719436898,0.9047619047619048,0.8888888888888888,0.9166666666666666,0.8888888888888888,0.8888888888888888
538,0.0006175023539913094,0.9997113997113997,0.9996392496392497,0.9997594997594997,0.9996392496392497,0.9996392496392497,1.0890651351281642,0.9047619047619048,0.8888888888888888,0.9166666666666666,0.8888888888888888,0.8888888888888888
539,0.0011485889023017117,0.9994557823129252,1.0,0.9991928974979822,0.9983319432860718,0.9991652754590985,1.079888452344647,0.9047619047619048,0.8888888888888888,0.9166666666666666,0.8888888888888888,0.8888888888888888
540,0.005145309875493579,0.9984126984126984,0.9978354978354979,0.9987974987974988,0.9981955972573078,0.9980155150640447,0.8503849149357328,0.9047619047619048,0.8888888888888888,0.9166666666666666,0.8888888888888888,0.8888888888888888
541,0.0036980098126310665,0.998989898989899,0.9985569985569985,0.9992784992784993,0.9989173583543847,0.9987371459498466,0.7822466638430746,0.9047619047619048,0.8888888888888888,0.9166666666666666,0.8888888888888888,0.8888888888888888
542,0.00025733250826776016,1.0,1.0,1.0,1.0,1.0,0.8386923663527428,0.9047619047619048,0.8888888888888888,0.9166666666666666,0.8888888888888888,0.8888888888888888
543,0.00035130720568788516,0.9998556998556999,0.9996392496392497,1.0,1.0,0.9998195922785496,0.7976488501031233,0.8888888888888888,0.8888888888888888,0.8888888888888888,0.8571428571428571,0.8727272727272727
544,0.00019475175269131144,0.9998556998556999,1.0,0.9997594997594997,0.999639379733141,0.999819657348963,0.9798811604094457,0.9047619047619048,0.8888888888888888,0.9166666666666666,0.8888888888888888,0.8888888888888888
545,5.198137748127048e-05,1.0,1.0,1.0,1.0,1.0,1.0220990806941237,0.9047619047619048,0.8888888888888888,0.9166666666666666,0.8888888888888888,0.8888888888888888
546,0.00440829320311633,0.998639455782313,0.9974937343358395,0.9991928974979822,0.9983277591973244,0.9979105725031342,0.5331401746837415,0.9365079365079365,0.9629629629629629,0.9166666666666666,0.896551724137931,0.9285714285714286
547,0.0028213049045085954,0.9991341991341991,0.9992784992784993,0.9990379990379991,0.9985580389329488,0.998918139199423,0.9677528119472776,0.9047619047619048,0.9259259259259259,0.8888888888888888,0.8620689655172413,0.8928571428571429
548,0.0002451639823454766,1.0,1.0,1.0,1.0,1.0,0.9900758610898582,0.8888888888888888,0.8888888888888888,0.8888888888888888,0.8571428571428571,0.8727272727272727
549,0.0021328926587810657,0.9995670995670995,0.9996392496392497,0.9995189995189995,0.999278759466282,0.999458972046889,0.8171349418669938,0.8888888888888888,0.8888888888888888,0.8888888888888888,0.8571428571428571,0.8727272727272727
550,0.0024622260421441394,0.9991341991341991,0.9989177489177489,0.9992784992784993,0.9989177489177489,0.9989177489177489,0.9697398266520366,0.8888888888888888,0.8888888888888888,0.8888888888888888,0.8571428571428571,0.8727272727272727
551,0.0012801549426599411,0.9997113997113997,0.9996392496392497,0.9997594997594997,0.9996392496392497,0.9996392496392497,0.9750057806756111,0.8888888888888888,0.9259259259259259,0.8611111111111112,0.8333333333333334,0.8771929824561403
552,0.002658249159797852,0.9995670995670995,0.9992784992784993,0.9997594997594997,0.9996391194514616,0.9994587768356485,0.9464237393759605,0.873015873015873,0.8888888888888888,0.8611111111111112,0.8275862068965517,0.8571428571428571
553,0.00020608505277814769,0.9998556998556999,1.0,0.9997594997594997,0.999639379733141,0.999819657348963,1.0224376248005438,0.873015873015873,0.8888888888888888,0.8611111111111112,0.8275862068965517,0.8571428571428571
554,0.0014017713084898305,0.9994557823129252,1.0,0.9991928974979822,0.9983319432860718,0.9991652754590985,0.7304182843164733,0.8571428571428571,0.8888888888888888,0.8333333333333334,0.8,0.8421052631578947
555,0.0033110890219253354,0.9995670995670995,0.9989177489177489,1.0,1.0,0.9994585814834868,0.9165840266031742,0.8888888888888888,0.8888888888888888,0.8888888888888888,0.8571428571428571,0.8727272727272727
556,0.0014868587023033107,0.9998556998556999,0.9996392496392497,1.0,1.0,0.9998195922785496,1.4913727905627132,0.7936507936507936,0.9259259259259259,0.6944444444444444,0.6944444444444444,0.7936507936507936
557,0.005573456564487987,0.9988455988455989,0.9989177489177489,0.9987974987974988,0.998197548666186,0.9985575189325641,0.8440642084368313,0.8888888888888888,0.8888888888888888,0.8888888888888888,0.8571428571428571,0.8727272727272727
558,0.0004094406168044929,1.0,1.0,1.0,1.0,1.0,0.9294874316849654,0.8888888888888888,0.8888888888888888,0.8888888888888888,0.8571428571428571,0.8727272727272727
559,0.0001487450385182634,1.0,1.0,1.0,1.0,1.0,1.025283149589779,0.8888888888888888,0.8888888888888888,0.8888888888888888,0.8571428571428571,0.8727272727272727
560,0.0022905061176856597,0.9995670995670995,0.9992784992784993,0.9997594997594997,0.9996391194514616,0.9994587768356485,0.9121159625175919,0.873015873015873,0.8888888888888888,0.8611111111111112,0.8275862068965517,0.8571428571428571
561,0.00037358712523156046,1.0,1.0,1.0,1.0,1.0,1.0727642164283824,0.8888888888888888,0.8888888888888888,0.8888888888888888,0.8571428571428571,0.8727272727272727
562,0.0023318914376453076,0.9991341991341991,0.9985569985569985,0.9995189995189995,0.9992779783393502,0.9989173583543847,1.054333850533964,0.8888888888888888,0.8888888888888888,0.8888888888888888,0.8571428571428571,0.8727272727272727
563,0.00464981604119881,0.9991341991341991,0.9985569985569985,0.9995189995189995,0.9992779783393502,0.9989173583543847,0.7029944579819187,0.8888888888888888,0.8888888888888888,0.8888888888888888,0.8571428571428571,0.8727272727272727
564,0.0003764307871574306,1.0,1.0,1.0,1.0,1.0,0.8628375746230299,0.8888888888888888,0.8888888888888888,0.8888888888888888,0.8571428571428571,0.8727272727272727
565,0.0022116945538852763,0.9992784992784993,0.9992784992784993,0.9992784992784993,0.998918139199423,0.9990982867448152,0.8750545742186082,0.9047619047619048,0.9259259259259259,0.8888888888888888,0.8620689655172413,0.8928571428571429
566,0.0003572275928290056,0.9998556998556999,0.9996392496392497,1.0,1.0,0.9998195922785496,1.0755565148038075,0.873015873015873,0.8888888888888888,0.8611111111111112,0.8275862068965517,0.8571428571428571
567,0.0016052373115795898,0.9997113997113997,0.9996392496392497,0.9997594997594997,0.9996392496392497,0.9996392496392497,0.929388103859743,0.9047619047619048,0.9259259259259259,0.8888888888888888,0.8620689655172413,0.8928571428571429
568,0.0005309617285239816,0.9998556998556999,0.9996392496392497,1.0,1.0,0.9998195922785496,1.0544216841284189,0.8888888888888888,0.9259259259259259,0.8611111111111112,0.8333333333333334,0.8771929824561403
569,4.0134549553013955e-05,1.0,1.0,1.0,1.0,1.0,1.1271772193128802,0.873015873015873,0.8888888888888888,0.8611111111111112,0.8275862068965517,0.8571428571428571
570,4.6602439215020465e-05,1.0,1.0,1.0,1.0,1.0,1.067968142396167,0.8888888888888888,0.8888888888888888,0.8888888888888888,0.8571428571428571,0.8727272727272727
571,1.9895897061095198e-05,1.0,1.0,1.0,1.0,1.0,1.1083801276533725,0.8888888888888888,0.8888888888888888,0.8888888888888888,0.8571428571428571,0.8727272727272727
572,0.004665713387320272,0.998989898989899,0.9985569985569985,0.9992784992784993,0.9989173583543847,0.9987371459498466,0.878077964930396,0.9047619047619048,0.9259259259259259,0.8888888888888888,0.8620689655172413,0.8928571428571429
573,0.0022456631333557164,0.9991341991341991,0.9989177489177489,0.9992784992784993,0.9989177489177489,0.9989177489177489,0.7967037326311656,0.8571428571428571,0.8888888888888888,0.8333333333333334,0.8,0.8421052631578947
574,0.0002271765523983574,1.0,1.0,1.0,1.0,1.0,0.9633149915718517,0.873015873015873,0.8888888888888888,0.8611111111111112,0.8275862068965517,0.8571428571428571
575,7.399852026811993e-05,1.0,1.0,1.0,1.0,1.0,1.0398532126237692,0.8571428571428571,0.8888888888888888,0.8333333333333334,0.8,0.8421052631578947
576,0.00013946193709735513,1.0,1.0,1.0,1.0,1.0,1.1272166830471004,0.873015873015873,0.8888888888888888,0.8611111111111112,0.8275862068965517,0.8571428571428571
577,0.002796209633514391,0.9991341991341991,0.9992784992784993,0.9990379990379991,0.9985580389329488,0.998918139199423,1.0743068830027094,0.873015873015873,0.8888888888888888,0.8611111111111112,0.8275862068965517,0.8571428571428571
578,0.002721010812312531,0.9995670995670995,0.9992784992784993,0.9997594997594997,0.9996391194514616,0.9994587768356485,0.9015596351300557,0.8888888888888888,0.8888888888888888,0.8888888888888888,0.8571428571428571,0.8727272727272727
579,0.00015069320860548057,1.0,1.0,1.0,1.0,1.0,0.9705299837754836,0.9047619047619048,0.8888888888888888,0.9166666666666666,0.8888888888888888,0.8888888888888888
580,3.073158159903033e-05,1.0,1.0,1.0,1.0,1.0,1.0321991837177733,0.8888888888888888,0.8888888888888888,0.8888888888888888,0.8571428571428571,0.8727272727272727
581,3.983820048000003e-05,1.0,1.0,1.0,1.0,1.0,1.091317987275582,0.9047619047619048,0.8888888888888888,0.9166666666666666,0.8888888888888888,0.8888888888888888
582,0.002723443183877307,0.9992784992784993,0.9992784992784993,0.9992784992784993,0.998918139199423,0.9990982867448152,1.124942803562532,0.873015873015873,0.8888888888888888,0.8611111111111112,0.8275862068965517,0.8571428571428571
583,0.0035682676011053864,0.9984126984126984,0.9981962481962482,0.9985569985569985,0.997836278398846,0.9980162308385934,0.9998275024771583,0.873015873015873,0.8888888888888888,0.8611111111111112,0.8275862068965517,0.8571428571428571
584,0.001427212926959496,0.9995670995670995,0.9996392496392497,0.9995189995189995,0.999278759466282,0.999458972046889,0.9990520955752655,0.873015873015873,0.8888888888888888,0.8611111111111112,0.8275862068965517,0.8571428571428571
585,0.000937921467184647,0.9998556998556999,1.0,0.9997594997594997,0.999639379733141,0.999819657348963,0.9371029516443654,0.9047619047619048,0.8888888888888888,0.9166666666666666,0.8888888888888888,0.8888888888888888
586,0.002265610708421505,0.9994557823129252,0.9991645781119465,0.9995964487489911,0.9991645781119465,0.9991645781119465,0.8570881745378885,0.8888888888888888,0.8888888888888888,0.8888888888888888,0.8571428571428571,0.8727272727272727
587,0.0022866439373025235,0.9991341991341991,0.9985569985569985,0.9995189995189995,0.9992779783393502,0.9989173583543847,0.9991275462986474,0.9047619047619048,0.8888888888888888,0.9166666666666666,0.8888888888888888,0.8888888888888888
588,0.0027991014682230116,0.9992784992784993,0.9989177489177489,0.9995189995189995,0.9992782389029231,0.9990979613927476,0.9221568073193166,0.9047619047619048,0.8888888888888888,0.9166666666666666,0.8888888888888888,0.8888888888888888
589,0.0036160486515474403,0.998639455782313,0.9983291562238931,0.9987893462469734,0.9974958263772955,0.9979123173277662,0.6504571967839544,0.8888888888888888,0.8888888888888888,0.8888888888888888,0.8571428571428571,0.8727272727272727
590,0.0009305744013666077,0.9994227994227994,0.9989177489177489,0.9997594997594997,0.9996389891696751,0.9992782389029231,0.9023059829626054,0.873015873015873,0.8888888888888888,0.8611111111111112,0.8275862068965517,0.8571428571428571
591,0.0012682730604597625,0.9997113997113997,0.9996392496392497,0.9997594997594997,0.9996392496392497,0.9996392496392497,0.8431481129770714,0.9047619047619048,0.8888888888888888,0.9166666666666666,0.8888888888888888,0.8888888888888888
592,0.0013171806725230668,0.9994227994227994,0.9989177489177489,0.9997594997594997,0.9996389891696751,0.9992782389029231,0.9147148733110433,0.8888888888888888,0.8888888888888888,0.8888888888888888,0.8571428571428571,0.8727272727272727
593,4.877364313124758e-05,1.0,1.0,1.0,1.0,1.0,0.9879089670689104,0.9047619047619048,0.8888888888888888,0.9166666666666666,0.8888888888888888,0.8888888888888888
594,6.620985634792495e-05,1.0,1.0,1.0,1.0,1.0,0.9863602101453118,0.9047619047619048,0.8888888888888888,0.9166666666666666,0.8888888888888888,0.8888888888888888
595,2.3605042312349606e-05,1.0,1.0,1.0,1.0,1.0,1.0116183853816538,0.9047619047619048,0.8888888888888888,0.9166666666666666,0.8888888888888888,0.8888888888888888
596,0.008135926348008526,0.9984126984126984,0.9985569985569985,0.9983164983164983,0.9974774774774775,0.9980169460969893,0.7301806193454901,0.873015873015873,0.8888888888888888,0.8611111111111112,0.8275862068965517,0.8571428571428571
597,0.0012007409440057896,0.9995670995670995,0.9996392496392497,0.9995189995189995,0.999278759466282,0.999458972046889,0.8344430097393574,0.8888888888888888,0.8888888888888888,0.8888888888888888,0.8571428571428571,0.8727272727272727
598,0.0003109474846706955,1.0,1.0,1.0,1.0,1.0,0.8470853718107618,0.8888888888888888,0.8888888888888888,0.8888888888888888,0.8571428571428571,0.8727272727272727
599,0.00018455162678928717,1.0,1.0,1.0,1.0,1.0,1.0307413828986538,0.873015873015873,0.8888888888888888,0.8611111111111112,0.8275862068965517,0.8571428571428571
600,0.004420246204064842,0.9992784992784993,0.9989177489177489,0.9995189995189995,0.9992782389029231,0.9990979613927476,1.0654144980699851,0.8888888888888888,0.8888888888888888,0.8888888888888888,0.8571428571428571,0.8727272727272727
601,0.0013806305195479026,0.9995670995670995,0.9992784992784993,0.9997594997594997,0.9996391194514616,0.9994587768356485,1.0880710558847078,0.8888888888888888,0.8888888888888888,0.8888888888888888,0.8571428571428571,0.8727272727272727
602,0.0025346452325638066,0.9991341991341991,0.9989177489177489,0.9992784992784993,0.9989177489177489,0.9989177489177489,0.9152560957101366,0.873015873015873,0.8888888888888888,0.8611111111111112,0.8275862068965517,0.8571428571428571
603,0.000597213807366915,0.9997278911564625,0.9991645781119465,1.0,1.0,0.9995821145006268,0.882764943907248,0.8888888888888888,0.8888888888888888,0.8888888888888888,0.8571428571428571,0.8727272727272727
604,0.0015907861591306428,0.9997113997113997,0.9996392496392497,0.9997594997594997,0.9996392496392497,0.9996392496392497,0.9864671244334507,0.8888888888888888,0.8888888888888888,0.8888888888888888,0.8571428571428571,0.8727272727272727
605,0.0002860728316971718,1.0,1.0,1.0,1.0,1.0,1.0085302844033452,0.8888888888888888,0.8888888888888888,0.8888888888888888,0.8571428571428571,0.8727272727272727
606,0.00022069972074107827,0.9998556998556999,0.9996392496392497,1.0,1.0,0.9998195922785496,1.0352554772018467,0.8888888888888888,0.8888888888888888,0.8888888888888888,0.8571428571428571,0.8727272727272727
607,0.00024863553947950554,1.0,1.0,1.0,1.0,1.0,1.185786498807941,0.8888888888888888,0.8888888888888888,0.8888888888888888,0.8571428571428571,0.8727272727272727
608,0.0007918371938274131,0.9998556998556999,1.0,0.9997594997594997,0.999639379733141,0.999819657348963,0.9931077740532597,0.8888888888888888,0.8888888888888888,0.8888888888888888,0.8571428571428571,0.8727272727272727
609,0.006087764015421579,0.9987012987012988,0.9985569985569985,0.9987974987974988,0.998196898665705,0.9983769161406673,0.9385943675948684,0.8888888888888888,0.8888888888888888,0.8888888888888888,0.8571428571428571,0.8727272727272727
610,0.0004257504524844244,0.9998556998556999,1.0,0.9997594997594997,0.999639379733141,0.999819657348963,1.0967840761524192,0.8888888888888888,0.8888888888888888,0.8888888888888888,0.8571428571428571,0.8727272727272727
611,0.00013587235966367974,1.0,1.0,1.0,1.0,1.0,1.1191816806690658,0.8888888888888888,0.8888888888888888,0.8888888888888888,0.8571428571428571,0.8727272727272727
612,6.168880838177608e-05,1.0,1.0,1.0,1.0,1.0,1.194797403388957,0.8888888888888888,0.8888888888888888,0.8888888888888888,0.8571428571428571,0.8727272727272727
613,0.0006772053138500232,0.9997278911564625,0.9991645781119465,1.0,1.0,0.9995821145006268,1.0934151502788443,0.8571428571428571,0.8888888888888888,0.8333333333333334,0.8,0.8421052631578947
614,0.005056699795756093,0.9988455988455989,0.9985569985569985,0.9990379990379991,0.9985569985569985,0.9985569985569985,1.216559145201909,0.8412698412698413,0.8888888888888888,0.8055555555555556,0.7741935483870968,0.8275862068965517
615,0.002845464545903026,0.9991341991341991,0.9989177489177489,0.9992784992784993,0.9989177489177489,0.9989177489177489,1.07854189464475,0.873015873015873,0.8888888888888888,0.8611111111111112,0.8275862068965517,0.8571428571428571
616,0.003506405958789005,0.9991836734693877,1.0,0.9987893462469734,0.9975,0.9987484355444305,0.7773617374357797,0.8888888888888888,0.8888888888888888,0.8888888888888888,0.8571428571428571,0.8727272727272727
617,0.0004782061274950551,0.9998556998556999,0.9996392496392497,1.0,1.0,0.9998195922785496,1.0779131889570317,0.8888888888888888,0.8888888888888888,0.8888888888888888,0.8571428571428571,0.8727272727272727
618,0.0001085565176828854,1.0,1.0,1.0,1.0,1.0,1.1330675989794101,0.873015873015873,0.8888888888888888,0.8611111111111112,0.8275862068965517,0.8571428571428571
619,0.0019501671391922036,0.9995670995670995,0.9996392496392497,0.9995189995189995,0.999278759466282,0.999458972046889,1.240131553280294,0.873015873015873,0.8888888888888888,0.8611111111111112,0.8275862068965517,0.8571428571428571
620,4.4242077275691645e-05,1.0,1.0,1.0,1.0,1.0,1.2900671844457297,0.873015873015873,0.8888888888888888,0.8611111111111112,0.8275862068965517,0.8571428571428571
621,2.639725729065279e-05,1.0,1.0,1.0,1.0,1.0,1.3229316066259085,0.873015873015873,0.8888888888888888,0.8611111111111112,0.8275862068965517,0.8571428571428571
622,2.0923927537010447e-05,1.0,1.0,1.0,1.0,1.0,1.3775450983485458,0.873015873015873,0.8888888888888888,0.8611111111111112,0.8275862068965517,0.8571428571428571
623,0.0046436039877280014,0.9992784992784993,0.9985569985569985,0.9997594997594997,0.9996388587937883,0.9990976358058112,1.1305559972723362,0.873015873015873,0.8888888888888888,0.8611111111111112,0.8275862068965517,0.8571428571428571
624,0.0004649592041011141,0.9998556998556999,0.9996392496392497,1.0,1.0,0.9998195922785496,1.2913510467709755,0.873015873015873,0.8888888888888888,0.8611111111111112,0.8275862068965517,0.8571428571428571
625,0.001460842650274225,0.9991836734693877,0.9991645781119465,0.9991928974979822,0.998330550918197,0.9987473903966597,0.8674487179322612,0.8888888888888888,0.8888888888888888,0.8888888888888888,0.8571428571428571,0.8727272727272727
626,0.0017753107257988095,0.9992784992784993,0.9989177489177489,0.9995189995189995,0.9992782389029231,0.9990979613927476,1.0901240771922207,0.8571428571428571,0.8888888888888888,0.8333333333333334,0.8,0.8421052631578947
627,8.319672527093902e-05,1.0,1.0,1.0,1.0,1.0,1.123879573696098,0.8571428571428571,0.8888888888888888,0.8333333333333334,0.8,0.8421052631578947
628,0.00030647455127054304,0.9998556998556999,1.0,0.9997594997594997,0.999639379733141,0.999819657348963,1.1688861590005724,0.873015873015873,0.8888888888888888,0.8611111111111112,0.8275862068965517,0.8571428571428571
629,0.0005436313167256168,0.9997278911564625,1.0,0.9995964487489911,0.9991652754590985,0.9995824634655532,0.9012164443382293,0.873015873015873,0.8518518518518519,0.8888888888888888,0.8518518518518519,0.8518518518518519
630,0.00593183881453494,0.9984126984126984,0.9974747474747475,0.9990379990379991,0.9985554351751534,0.9980147987727847,0.886004490927527,0.873015873015873,0.8888888888888888,0.8611111111111112,0.8275862068965517,0.8571428571428571
631,0.00015827952882011538,1.0,1.0,1.0,1.0,1.0,0.9922512579443199,0.873015873015873,0.8888888888888888,0.8611111111111112,0.8275862068965517,0.8571428571428571
632,6.776060113572745e-05,1.0,1.0,1.0,1.0,1.0,1.005212156450672,0.8888888888888888,0.8888888888888888,0.8888888888888888,0.8571428571428571,0.8727272727272727
633,3.835257760487914e-05,1.0,1.0,1.0,1.0,1.0,1.1015820535133007,0.873015873015873,0.8888888888888888,0.8611111111111112,0.8275862068965517,0.8571428571428571
634,1.9034400898046e-05,1.0,1.0,1.0,1.0,1.0,1.1230914799116796,0.873015873015873,0.8888888888888888,0.8611111111111112,0.8275862068965517,0.8571428571428571
635,0.0008210508974809186,0.9998556998556999,1.0,0.9997594997594997,0.999639379733141,0.999819657348963,0.9848194765203271,0.8888888888888888,0.9259259259259259,0.8611111111111112,0.8333333333333334,0.8771929824561403
636,0.00457026027131623,0.9981240981240981,0.9978354978354979,0.9983164983164983,0.997475658131987,0.9976555455365194,0.7375665423803314,0.8888888888888888,0.8888888888888888,0.8888888888888888,0.8571428571428571,0.8727272727272727
637,0.00016183413822998624,1.0,1.0,1.0,1.0,1.0,0.8489613052516356,0.9047619047619048,0.8888888888888888,0.9166666666666666,0.8888888888888888,0.8888888888888888
638,0.00011053146647643555,1.0,1.0,1.0,1.0,1.0,0.9464310699594722,0.9047619047619048,0.9259259259259259,0.8888888888888888,0.8620689655172413,0.8928571428571429
639,0.002390620294998418,0.9991341991341991,0.9989177489177489,0.9992784992784993,0.9989177489177489,0.9989177489177489,0.6537770072560912,0.8888888888888888,0.8888888888888888,0.8888888888888888,0.8571428571428571,0.8727272727272727
640,0.00023780603540317013,1.0,1.0,1.0,1.0,1.0,0.8203058888986041,0.9047619047619048,0.8888888888888888,0.9166666666666666,0.8888888888888888,0.8888888888888888
641,0.0002255092829977157,0.9998556998556999,1.0,0.9997594997594997,0.999639379733141,0.999819657348963,0.7283650191287355,0.9047619047619048,0.8888888888888888,0.9166666666666666,0.8888888888888888,0.8888888888888888
642,0.0011912763381822786,0.9997113997113997,0.9996392496392497,0.9997594997594997,0.9996392496392497,0.9996392496392497,0.810503173350818,0.9047619047619048,0.8888888888888888,0.9166666666666666,0.8888888888888888,0.8888888888888888
643,0.0031214963341818234,0.998989898989899,0.9985569985569985,0.9992784992784993,0.9989173583543847,0.9987371459498466,0.6121770192472641,0.9047619047619048,0.8888888888888888,0.9166666666666666,0.8888888888888888,0.8888888888888888
644,0.0006931788777976579,0.9998556998556999,1.0,0.9997594997594997,0.999639379733141,0.999819657348963,0.7205873297822859,0.9047619047619048,0.8888888888888888,0.9166666666666666,0.8888888888888888,0.8888888888888888
645,0.0002990707404939908,0.9998556998556999,0.9996392496392497,1.0,1.0,0.9998195922785496,0.8975520523044185,0.8888888888888888,0.8888888888888888,0.8888888888888888,0.8571428571428571,0.8727272727272727
646,0.002274014904746547,0.9995670995670995,0.9992784992784993,0.9997594997594997,0.9996391194514616,0.9994587768356485,0.8345636280077059,0.8888888888888888,0.8888888888888888,0.8888888888888888,0.8571428571428571,0.8727272727272727
647,0.000496490074088209,0.9998556998556999,1.0,0.9997594997594997,0.999639379733141,0.999819657348963,0.9643742513914716,0.8888888888888888,0.8888888888888888,0.8888888888888888,0.8571428571428571,0.8727272727272727
648,6.166148885675528e-05,1.0,1.0,1.0,1.0,1.0,0.9925489153219609,0.8888888888888888,0.8888888888888888,0.8888888888888888,0.8571428571428571,0.8727272727272727
649,8.242445350308835e-05,1.0,1.0,1.0,1.0,1.0,0.9446190433333709,0.8888888888888888,0.8888888888888888,0.8888888888888888,0.8571428571428571,0.8727272727272727
650,0.0006135250048279727,0.9998556998556999,0.9996392496392497,1.0,1.0,0.9998195922785496,0.9928528677612323,0.9047619047619048,0.9259259259259259,0.8888888888888888,0.8620689655172413,0.8928571428571429
651,0.0035902926409461114,0.998989898989899,0.9985569985569985,0.9992784992784993,0.9989173583543847,0.9987371459498466,0.9203647955388684,0.8888888888888888,0.8888888888888888,0.8888888888888888,0.8571428571428571,0.8727272727272727
652,0.0015969214520951218,0.9995670995670995,0.9992784992784993,0.9997594997594997,0.9996391194514616,0.9994587768356485,0.7134081861891207,0.8571428571428571,0.8888888888888888,0.8333333333333334,0.8,0.8421052631578947
653,0.0004317897511075519,0.9998556998556999,1.0,0.9997594997594997,0.999639379733141,0.999819657348963,0.9256855880827523,0.873015873015873,0.8888888888888888,0.8611111111111112,0.8275862068965517,0.8571428571428571
654,0.00046750429798218346,0.9997278911564625,1.0,0.9995964487489911,0.9991652754590985,0.9995824634655532,0.846156869029824,0.9047619047619048,0.8888888888888888,0.9166666666666666,0.8888888888888888,0.8888888888888888
655,0.00046858216278477686,0.9997113997113997,0.9996392496392497,0.9997594997594997,0.9996392496392497,0.9996392496392497,1.0167631317319954,0.8888888888888888,0.8888888888888888,0.8888888888888888,0.8571428571428571,0.8727272727272727
656,0.0017443554822634258,0.9992784992784993,0.9989177489177489,0.9995189995189995,0.9992782389029231,0.9990979613927476,1.0477077536617134,0.8888888888888888,0.9259259259259259,0.8611111111111112,0.8333333333333334,0.8771929824561403
657,0.0008470570038829186,0.9998556998556999,0.9996392496392497,1.0,1.0,0.9998195922785496,0.9409769986750256,0.9047619047619048,0.9259259259259259,0.8888888888888888,0.8620689655172413,0.8928571428571429
658,6.46850491543373e-05,1.0,1.0,1.0,1.0,1.0,1.0124439201879882,0.8888888888888888,0.8888888888888888,0.8888888888888888,0.8571428571428571,0.8727272727272727
659,0.002197083556158292,0.9994227994227994,0.9992784992784993,0.9995189995189995,0.9992784992784993,0.9992784992784993,0.7894121441301923,0.873015873015873,0.8888888888888888,0.8611111111111112,0.8275862068965517,0.8571428571428571
660,0.0004708963544442164,0.9998556998556999,1.0,0.9997594997594997,0.999639379733141,0.999819657348963,0.9200481608262173,0.8888888888888888,0.8888888888888888,0.8888888888888888,0.8571428571428571,0.8727272727272727
661,9.465894778481832e-05,1.0,1.0,1.0,1.0,1.0,0.8860284993952807,0.8888888888888888,0.8888888888888888,0.8888888888888888,0.8571428571428571,0.8727272727272727
662,0.00010016148259396408,1.0,1.0,1.0,1.0,1.0,0.916533005082509,0.8888888888888888,0.8888888888888888,0.8888888888888888,0.8571428571428571,0.8727272727272727
663,1.543512564907991e-05,1.0,1.0,1.0,1.0,1.0,0.939720302286058,0.8888888888888888,0.8888888888888888,0.8888888888888888,0.8571428571428571,0.8727272727272727
664,3.439008532084353e-05,1.0,1.0,1.0,1.0,1.0,1.0269515042492847,0.8888888888888888,0.8888888888888888,0.8888888888888888,0.8571428571428571,0.8727272727272727
665,0.002785195120572371,0.9992784992784993,0.9989177489177489,0.9995189995189995,0.9992782389029231,0.9990979613927476,0.7585503403462344,0.8888888888888888,0.8888888888888888,0.8888888888888888,0.8571428571428571,0.8727272727272727
666,0.0007322736302163796,0.9998556998556999,0.9996392496392497,1.0,1.0,0.9998195922785496,1.003830942127082,0.8888888888888888,0.8888888888888888,0.8888888888888888,0.8571428571428571,0.8727272727272727
667,0.0012783245819401928,0.9994557823129252,0.9991645781119465,0.9995964487489911,0.9991645781119465,0.9991645781119465,0.8798946287581838,0.8888888888888888,0.8888888888888888,0.8888888888888888,0.8571428571428571,0.8727272727272727
668,0.00241690988960946,0.9994227994227994,0.9992784992784993,0.9995189995189995,0.9992784992784993,0.9992784992784993,0.9404907322661731,0.8888888888888888,0.8888888888888888,0.8888888888888888,0.8571428571428571,0.8727272727272727
669,0.00010320403411200299,1.0,1.0,1.0,1.0,1.0,0.9104715453759704,0.9047619047619048,0.8888888888888888,0.9166666666666666,0.8888888888888888,0.8888888888888888
670,2.5978120319500552e-05,1.0,1.0,1.0,1.0,1.0,1.0292792528867607,0.8888888888888888,0.8888888888888888,0.8888888888888888,0.8571428571428571,0.8727272727272727
671,7.166680689200196e-05,1.0,1.0,1.0,1.0,1.0,0.9820295534832223,0.8888888888888888,0.8888888888888888,0.8888888888888888,0.8571428571428571,0.8727272727272727
672,3.8622195979887575e-05,1.0,1.0,1.0,1.0,1.0,1.1799340961963805,0.8888888888888888,0.8888888888888888,0.8888888888888888,0.8571428571428571,0.8727272727272727
673,0.002332527287538169,0.9997113997113997,0.9996392496392497,0.9997594997594997,0.9996392496392497,0.9996392496392497,1.0702608633691275,0.8888888888888888,0.8888888888888888,0.8888888888888888,0.8571428571428571,0.8727272727272727
674,0.001493073056699779,0.9994227994227994,0.9992784992784993,0.9995189995189995,0.9992784992784993,0.9992784992784993,0.9253101519517792,0.9047619047619048,0.9259259259259259,0.8888888888888888,0.8620689655172413,0.8928571428571429
675,0.0006049911636191701,0.9998556998556999,0.9996392496392497,1.0,1.0,0.9998195922785496,1.0234964338370547,0.873015873015873,0.8888888888888888,0.8611111111111112,0.8275862068965517,0.8571428571428571
676,5.51249049866262e-05,1.0,1.0,1.0,1.0,1.0,1.0914794200991367,0.8888888888888888,0.8888888888888888,0.8888888888888888,0.8571428571428571,0.8727272727272727
677,9.706113877764228e-05,1.0,1.0,1.0,1.0,1.0,1.0364659237761988,0.8888888888888888,0.8888888888888888,0.8888888888888888,0.8571428571428571,0.8727272727272727
678,1.9800593482216547e-05,1.0,1.0,1.0,1.0,1.0,1.1167993854873028,0.8888888888888888,0.8888888888888888,0.8888888888888888,0.8571428571428571,0.8727272727272727
679,0.003692799926270965,0.9988455988455989,0.9989177489177489,0.9987974987974988,0.998197548666186,0.9985575189325641,0.9371437647457083,0.8888888888888888,0.8888888888888888,0.8888888888888888,0.8571428571428571,0.8727272727272727
680,0.0019967180400820485,0.9997113997113997,0.9996392496392497,0.9997594997594997,0.9996392496392497,0.9996392496392497,0.9072942348023404,0.8888888888888888,0.8888888888888888,0.8888888888888888,0.8571428571428571,0.8727272727272727
681,0.0038226451038160868,0.998989898989899,0.9992784992784993,0.9987974987974988,0.9981981981981982,0.9987380566071751,0.6845978392696467,0.8888888888888888,0.8888888888888888,0.8888888888888888,0.8571428571428571,0.8727272727272727
682,0.0017155022079509401,0.9995670995670995,0.9996392496392497,0.9995189995189995,0.999278759466282,0.999458972046889,0.7142599277588214,0.8888888888888888,0.8888888888888888,0.8888888888888888,0.8571428571428571,0.8727272727272727
683,0.002426421482049263,0.9989115646258503,0.9991645781119465,0.9987893462469734,0.9974979149291076,0.998330550918197,0.6746621940151921,0.8888888888888888,0.8888888888888888,0.8888888888888888,0.8571428571428571,0.8727272727272727
684,0.0003459848901840885,1.0,1.0,1.0,1.0,1.0,0.9694323263023444,0.8888888888888888,0.8888888888888888,0.8888888888888888,0.8571428571428571,0.8727272727272727
685,9.541401836855771e-05,1.0,1.0,1.0,1.0,1.0,1.0193000429659036,0.8888888888888888,0.8888888888888888,0.8888888888888888,0.8571428571428571,0.8727272727272727
686,4.676966379947214e-05,1.0,1.0,1.0,1.0,1.0,0.8766051133969173,0.8888888888888888,0.8888888888888888,0.8888888888888888,0.8571428571428571,0.8727272727272727
687,0.0037612744394503565,0.9987012987012988,0.9985569985569985,0.9987974987974988,0.998196898665705,0.9983769161406673,0.8780772594175124,0.8888888888888888,0.8888888888888888,0.8888888888888888,0.8571428571428571,0.8727272727272727
688,0.00019493867672113353,1.0,1.0,1.0,1.0,1.0,0.9768782322812873,0.8888888888888888,0.8888888888888888,0.8888888888888888,0.8571428571428571,0.8727272727272727
689,0.000513646544746289,0.9997278911564625,1.0,0.9995964487489911,0.9991652754590985,0.9995824634655532,0.8835778418893275,0.8888888888888888,0.8888888888888888,0.8888888888888888,0.8571428571428571,0.8727272727272727
690,5.332863529947172e-05,1.0,1.0,1.0,1.0,1.0,1.087556539586547,0.8888888888888888,0.8888888888888888,0.8888888888888888,0.8571428571428571,0.8727272727272727
691,2.503271002705783e-05,1.0,1.0,1.0,1.0,1.0,1.12855636672063,0.8888888888888888,0.8888888888888888,0.8888888888888888,0.8571428571428571,0.8727272727272727
692,1.5767777765051026e-05,1.0,1.0,1.0,1.0,1.0,1.1747299135246674,0.8888888888888888,0.8888888888888888,0.8888888888888888,0.8571428571428571,0.8727272727272727
693,0.002221546632672064,0.9995670995670995,0.9992784992784993,0.9997594997594997,0.9996391194514616,0.9994587768356485,0.9723218353525255,0.8888888888888888,0.8888888888888888,0.8888888888888888,0.8571428571428571,0.8727272727272727
694,0.0012966476535100542,0.9994227994227994,0.9992784992784993,0.9995189995189995,0.9992784992784993,0.9992784992784993,0.753713718123017,0.8888888888888888,0.8888888888888888,0.8888888888888888,0.8571428571428571,0.8727272727272727
695,0.0016732557852615429,0.9994227994227994,0.9992784992784993,0.9995189995189995,0.9992784992784993,0.9992784992784993,0.7409943271708298,0.9047619047619048,0.8888888888888888,0.9166666666666666,0.8888888888888888,0.8888888888888888
696,0.00023318391431543595,1.0,1.0,1.0,1.0,1.0,0.9396849846606428,0.8888888888888888,0.8888888888888888,0.8888888888888888,0.8571428571428571,0.8727272727272727
697,7.676358649002394e-05,1.0,1.0,1.0,1.0,1.0,1.051502136248769,0.8888888888888888,0.8888888888888888,0.8888888888888888,0.8571428571428571,0.8727272727272727
698,2.3898277292008122e-05,1.0,1.0,1.0,1.0,1.0,1.0202513951097942,0.8888888888888888,0.8888888888888888,0.8888888888888888,0.8571428571428571,0.8727272727272727
699,1.4100449272336977e-05,1.0,1.0,1.0,1.0,1.0,1.0766459827713304,0.8888888888888888,0.8888888888888888,0.8888888888888888,0.8571428571428571,0.8727272727272727
700,4.695360984242747e-05,1.0,1.0,1.0,1.0,1.0,1.2267867048062653,0.8888888888888888,0.8888888888888888,0.8888888888888888,0.8571428571428571,0.8727272727272727
