Epoch,Loss,Accuracy,Sensitivity,Specificity,Precision,F1,Validation Loss,Validation Accuracy,Validation Sensitivity,Validation Specificity,Validation Precision,Validation F1
1,0.03409186571326461,0.988843537414966,0.9824561403508771,0.9919289749798225,0.9832775919732442,0.9828666945257,1.0004200253576514,0.746031746031746,0.9259259259259259,0.6111111111111112,0.6410256410256411,0.7575757575757576
2,0.007140190662391687,0.9980952380952381,0.9966583124477861,0.9987893462469734,0.9974916387959866,0.9970748015043878,1.5047137893381572,0.6984126984126984,0.9259259259259259,0.5277777777777778,0.5952380952380952,0.7246376811594203
3,0.014622580726737106,0.9961904761904762,0.9933166248955723,0.9975786924939467,0.994979079497908,0.9941471571906354,1.6277934949076365,0.7301587301587301,0.9629629629629629,0.5555555555555556,0.6190476190476191,0.7536231884057971
4,0.0014984800890848345,1.0,1.0,1.0,1.0,1.0,1.563833743703389,0.7142857142857143,0.9259259259259259,0.5555555555555556,0.6097560975609756,0.7352941176470589
5,0.0034502469062754493,0.998639455782313,0.9966583124477861,0.9995964487489911,0.9991624790619765,0.9979088247595148,1.5426916213972228,0.7301587301587301,0.9259259259259259,0.5833333333333334,0.625,0.746268656716418
6,0.008077382266404247,0.9978231292517007,0.9958228905597326,0.9987893462469734,0.9974895397489539,0.9966555183946488,1.0724592775342956,0.7142857142857143,0.9259259259259259,0.5555555555555556,0.6097560975609756,0.7352941176470589
7,0.2891919630946535,0.8844155844155844,0.8228715728715729,0.9254449254449254,0.8803550752605172,0.8506432966623159,0.2638142887088988,0.9523809523809523,0.9259259259259259,0.9722222222222222,0.9615384615384616,0.9433962264150944
8,0.1936913196368393,0.9262626262626262,0.8831168831168831,0.955026455026455,0.9290322580645162,0.9054928796005178,0.46068638988903593,0.8571428571428571,0.9629629629629629,0.7777777777777778,0.7647058823529411,0.8524590163934426
9,0.02753397226016842,0.9926530612244898,0.9891395154553049,0.9943502824858758,0.988313856427379,0.9887265135699373,0.8057329539091341,0.8095238095238095,0.9259259259259259,0.7222222222222222,0.7142857142857143,0.8064516129032258
10,0.007396823592788103,0.9980952380952381,0.9966583124477861,0.9987893462469734,0.9974916387959866,0.9970748015043878,0.7480031732351534,0.8095238095238095,0.9259259259259259,0.7222222222222222,0.7142857142857143,0.8064516129032258
11,0.007301807702094519,0.9980952380952381,0.9974937343358395,0.9983857949959645,0.996661101836394,0.9970772442588727,0.5556251287667288,0.873015873015873,0.9259259259259259,0.8333333333333334,0.8064516129032258,0.8620689655172413
12,0.21245860353725038,0.9158730158730158,0.873015873015873,0.9444444444444444,0.9128630705394191,0.8924949290060852,0.2636666243511533,0.9365079365079365,0.9259259259259259,0.9444444444444444,0.9259259259259259,0.9259259259259259
13,0.017508606817383244,0.9953741496598639,0.9916457811194653,0.9971751412429378,0.9941373534338358,0.9928900041823505,1.0084882404670001,0.7936507936507936,0.9259259259259259,0.6944444444444444,0.6944444444444444,0.7936507936507936
14,0.0075254350211978165,0.9978231292517007,0.9966583124477861,0.9983857949959645,0.9966583124477861,0.9966583124477861,0.7590841165492459,0.8412698412698413,0.9259259259259259,0.7777777777777778,0.7575757575757576,0.8333333333333334
15,0.003234282445549002,0.9991836734693877,0.9991645781119465,0.9991928974979822,0.998330550918197,0.9987473903966597,0.5582946910271569,0.8888888888888888,0.9259259259259259,0.8611111111111112,0.8333333333333334,0.8771929824561403
16,0.006054464857835246,0.9989115646258503,0.9983291562238931,0.9991928974979822,0.9983291562238931,0.9983291562238931,1.266457812727562,0.7619047619047619,0.9259259259259259,0.6388888888888888,0.6578947368421053,0.7692307692307693
17,0.008552037798526355,0.9975510204081632,0.9941520467836257,0.9991928974979822,0.9983221476510067,0.996232733361239,1.3154058620511067,0.746031746031746,0.9259259259259259,0.6111111111111112,0.6410256410256411,0.7575757575757576
18,0.21534270241501785,0.9165945165945166,0.8737373737373737,0.9451659451659452,0.9139622641509434,0.8933972703799336,0.4092678315346203,0.8888888888888888,0.9259259259259259,0.8611111111111112,0.8333333333333334,0.8771929824561403
19,0.1412295065664325,0.9445887445887445,0.9181096681096681,0.9622414622414622,0.9418948926720947,0.9298502009499452,0.6623366359207365,0.7777777777777778,0.8888888888888888,0.6944444444444444,0.6857142857142857,0.7741935483870968
20,0.017557209436940092,0.9942857142857143,0.9916457811194653,0.9955609362389023,0.9908180300500835,0.9912317327766179,0.8323228437423943,0.7619047619047619,0.9259259259259259,0.6388888888888888,0.6578947368421053,0.7692307692307693
21,0.008674274342717463,0.9975510204081632,0.9949874686716792,0.9987893462469734,0.9974874371859297,0.9962358845671268,1.1379284731570691,0.7619047619047619,0.9629629629629629,0.6111111111111112,0.65,0.7761194029850746
22,0.002358250281113029,0.9997278911564625,0.9991645781119465,1.0,1.0,0.9995821145006268,1.6293002869046869,0.7301587301587301,0.9259259259259259,0.5833333333333334,0.625,0.746268656716418
23,0.0010484168211573918,1.0,1.0,1.0,1.0,1.0,1.3289364432723867,0.7619047619047619,0.9259259259259259,0.6388888888888888,0.6578947368421053,0.7692307692307693
24,0.0007605572276096158,1.0,1.0,1.0,1.0,1.0,1.627144845217348,0.746031746031746,0.9259259259259259,0.6111111111111112,0.6410256410256411,0.7575757575757576
25,0.0005865510742078681,1.0,1.0,1.0,1.0,1.0,1.744987854493841,0.7301587301587301,0.9259259259259259,0.5833333333333334,0.625,0.746268656716418
26,0.0085120121716214,0.9975510204081632,0.9958228905597326,0.9983857949959645,0.9966555183946488,0.9962390305056414,1.7496698838732545,0.6984126984126984,0.9259259259259259,0.5277777777777778,0.5952380952380952,0.7246376811594203
27,0.009922035011727375,0.9972789115646259,0.9949874686716792,0.9983857949959645,0.9966527196652719,0.995819397993311,0.7932636361746561,0.8095238095238095,0.8148148148148148,0.8055555555555556,0.7586206896551724,0.7857142857142857
28,0.007813260491500247,0.9978231292517007,0.9958228905597326,0.9987893462469734,0.9974895397489539,0.9966555183946488,1.06205792438298,0.8095238095238095,0.9629629629629629,0.6944444444444444,0.7027027027027027,0.8125
29,0.004470497456564945,0.998639455782313,0.9974937343358395,0.9991928974979822,0.9983277591973244,0.9979105725031342,1.5371911010098835,0.6825396825396826,0.9259259259259259,0.5,0.5813953488372093,0.7142857142857143
30,0.0008833571211086447,1.0,1.0,1.0,1.0,1.0,2.330267498417506,0.6349206349206349,0.9259259259259259,0.4166666666666667,0.5434782608695652,0.684931506849315
31,0.007372176768828412,0.9978231292517007,0.9958228905597326,0.9987893462469734,0.9974895397489539,0.9966555183946488,1.3966074685255687,0.6984126984126984,0.9259259259259259,0.5277777777777778,0.5952380952380952,0.7246376811594203
32,0.004324130069885758,0.9983673469387755,0.9974937343358395,0.9987893462469734,0.9974937343358395,0.9974937343358395,1.7474095316396818,0.6825396825396826,0.9629629629629629,0.4722222222222222,0.5777777777777777,0.7222222222222222
33,0.003932556753992388,0.9989115646258503,0.9974937343358395,0.9995964487489911,0.999163179916318,0.9983277591973244,1.9191020210347478,0.6190476190476191,0.9259259259259259,0.3888888888888889,0.5319148936170213,0.6756756756756757
34,0.0010648729710057252,0.9997278911564625,1.0,0.9995964487489911,0.9991652754590985,0.9995824634655532,1.7699967284080764,0.6190476190476191,0.9259259259259259,0.3888888888888889,0.5319148936170213,0.6756756756756757
35,0.0005239913352580224,1.0,1.0,1.0,1.0,1.0,2.3467380747435587,0.6190476190476191,0.9259259259259259,0.3888888888888889,0.5319148936170213,0.6756756756756757
36,0.0058328056611995005,0.9975510204081632,0.9958228905597326,0.9983857949959645,0.9966555183946488,0.9962390305056414,2.3835991592634294,0.6507936507936508,0.9629629629629629,0.4166666666666667,0.5531914893617021,0.7027027027027027
37,0.008685800462783406,0.9978231292517007,0.9958228905597326,0.9987893462469734,0.9974895397489539,0.9966555183946488,1.4651928388528408,0.6984126984126984,0.9259259259259259,0.5277777777777778,0.5952380952380952,0.7246376811594203
38,0.0011864246738295318,0.9994557823129252,0.9991645781119465,0.9995964487489911,0.9991645781119465,0.9991645781119465,2.1543428150434343,0.6349206349206349,0.9629629629629629,0.3888888888888889,0.5416666666666666,0.6933333333333334
39,0.007260324438427239,0.9978231292517007,0.9958228905597326,0.9987893462469734,0.9974895397489539,0.9966555183946488,1.8490645426606376,0.6031746031746031,0.9259259259259259,0.3611111111111111,0.5208333333333334,0.6666666666666666
40,0.0008047061672877302,1.0,1.0,1.0,1.0,1.0,2.466057861608172,0.6031746031746031,0.9259259259259259,0.3611111111111111,0.5208333333333334,0.6666666666666666
41,0.0002917425190310428,1.0,1.0,1.0,1.0,1.0,2.409588164753384,0.6031746031746031,0.9259259259259259,0.3611111111111111,0.5208333333333334,0.6666666666666666
42,0.00022348366898316638,1.0,1.0,1.0,1.0,1.0,2.210482464186729,0.6825396825396826,0.9259259259259259,0.5,0.5813953488372093,0.7142857142857143
43,0.0002118196561405923,1.0,1.0,1.0,1.0,1.0,3.155626188194941,0.6190476190476191,0.9629629629629629,0.3611111111111111,0.5306122448979592,0.6842105263157895
44,0.00508154879714961,0.9991836734693877,0.9991645781119465,0.9991928974979822,0.998330550918197,0.9987473903966597,1.636211926028842,0.6825396825396826,0.9259259259259259,0.5,0.5813953488372093,0.7142857142857143
45,0.00088864175759598,1.0,1.0,1.0,1.0,1.0,1.5101960183025176,0.7619047619047619,0.9259259259259259,0.6388888888888888,0.6578947368421053,0.7692307692307693
46,0.0004886078970267423,1.0,1.0,1.0,1.0,1.0,1.632409013748642,0.7619047619047619,0.9259259259259259,0.6388888888888888,0.6578947368421053,0.7692307692307693
47,0.00010825640096671272,1.0,1.0,1.0,1.0,1.0,1.737570059559648,0.7301587301587301,0.9259259259259259,0.5833333333333334,0.625,0.746268656716418
48,0.011490708740414628,0.9961904761904762,0.9924812030075187,0.9979822437449556,0.9958088851634534,0.994142259414226,1.5192221317972456,0.6984126984126984,0.9259259259259259,0.5277777777777778,0.5952380952380952,0.7246376811594203
49,0.0006236663001673027,1.0,1.0,1.0,1.0,1.0,1.9521304889330788,0.6984126984126984,0.9259259259259259,0.5277777777777778,0.5952380952380952,0.7246376811594203
50,0.00024223625205368514,1.0,1.0,1.0,1.0,1.0,1.8629064919456604,0.7301587301587301,0.9259259259259259,0.5833333333333334,0.625,0.746268656716418
51,0.007378756336097251,0.9983673469387755,0.9983291562238931,0.9983857949959645,0.9966638865721434,0.9974958263772955,1.596843276232008,0.6984126984126984,0.9629629629629629,0.5,0.5909090909090909,0.7323943661971831
52,0.000470290428049685,1.0,1.0,1.0,1.0,1.0,2.272724031455933,0.6666666666666666,0.9629629629629629,0.4444444444444444,0.5652173913043478,0.7123287671232876
53,0.00023244109820930102,1.0,1.0,1.0,1.0,1.0,2.4743111086270164,0.6507936507936508,0.9629629629629629,0.4166666666666667,0.5531914893617021,0.7027027027027027
54,0.0021328367140986734,0.9994557823129252,0.9991645781119465,0.9995964487489911,0.9991645781119465,0.9991645781119465,1.5597137547438107,0.7301587301587301,0.9629629629629629,0.5555555555555556,0.6190476190476191,0.7536231884057971
55,0.0002721575054785135,1.0,1.0,1.0,1.0,1.0,1.8245081475802831,0.7142857142857143,0.9629629629629629,0.5277777777777778,0.6046511627906976,0.7428571428571429
56,0.000318993283641607,1.0,1.0,1.0,1.0,1.0,1.8584276499256256,0.7301587301587301,0.9629629629629629,0.5555555555555556,0.6190476190476191,0.7536231884057971
57,0.005561742480300988,0.998639455782313,0.9983291562238931,0.9987893462469734,0.9974958263772955,0.9979123173277662,1.97328068434246,0.7142857142857143,0.9629629629629629,0.5277777777777778,0.6046511627906976,0.7428571428571429
58,0.001414204231498218,0.9994557823129252,0.9983291562238931,1.0,1.0,0.9991638795986622,3.3217582134973433,0.5555555555555556,0.9629629629629629,0.25,0.49056603773584906,0.65
59,0.008141576688543444,0.9970068027210884,0.9949874686716792,0.9979822437449556,0.995819397993311,0.9954032595068951,1.339374533721379,0.6666666666666666,0.9259259259259259,0.4722222222222222,0.5681818181818182,0.704225352112676
60,0.00048017780485778386,1.0,1.0,1.0,1.0,1.0,1.5751600454724024,0.6984126984126984,0.9259259259259259,0.5277777777777778,0.5952380952380952,0.7246376811594203
61,0.00020378409684113018,1.0,1.0,1.0,1.0,1.0,1.5401223630659164,0.7301587301587301,0.9259259259259259,0.5833333333333334,0.625,0.746268656716418
62,0.0023612006744372833,0.9994557823129252,0.9991645781119465,0.9995964487489911,0.9991645781119465,0.9991645781119465,1.5623194646267664,0.7301587301587301,0.9629629629629629,0.5555555555555556,0.6190476190476191,0.7536231884057971
63,0.0025428400689606924,0.9991836734693877,0.9991645781119465,0.9991928974979822,0.998330550918197,0.9987473903966597,1.8028861497129713,0.7142857142857143,0.9259259259259259,0.5555555555555556,0.6097560975609756,0.7352941176470589
64,0.0004934337177647173,1.0,1.0,1.0,1.0,1.0,1.6644817446432416,0.746031746031746,0.9259259259259259,0.6111111111111112,0.6410256410256411,0.7575757575757576
65,0.0030903574763630915,0.998639455782313,0.9974937343358395,0.9991928974979822,0.9983277591973244,0.9979105725031342,2.0363971172344115,0.6984126984126984,0.9629629629629629,0.5,0.5909090909090909,0.7323943661971831
66,0.32950548222355686,0.8692640692640693,0.8044733044733045,0.9124579124579124,0.8596761757902853,0.8311591502049944,0.31029351114753695,0.8888888888888888,0.8888888888888888,0.8888888888888888,0.8571428571428571,0.8727272727272727
67,0.23479688618692313,0.9046176046176047,0.8538961038961039,0.9384319384319384,0.9024018299656882,0.8774791473586654,0.24451022949956713,0.9047619047619048,0.9259259259259259,0.8888888888888888,0.8620689655172413,0.8928571428571429
68,0.1980741334501197,0.9219336219336219,0.8740981240981242,0.9538239538239538,0.9265774378585087,0.8995730462223872,0.3384679151432855,0.8412698412698413,0.9259259259259259,0.7777777777777778,0.7575757575757576,0.8333333333333334
69,0.013874411329715734,0.996734693877551,0.9966583124477861,0.9967715899919289,0.9933388842631141,0.9949958298582152,0.6722849078387731,0.7936507936507936,0.8888888888888888,0.7222222222222222,0.7058823529411765,0.7868852459016393
70,0.001886146541322157,1.0,1.0,1.0,1.0,1.0,0.7458162600884125,0.8253968253968254,0.9259259259259259,0.75,0.7352941176470589,0.819672131147541
71,0.0011089845496066687,1.0,1.0,1.0,1.0,1.0,0.9370367993667189,0.8095238095238095,0.9259259259259259,0.7222222222222222,0.7142857142857143,0.8064516129032258
72,0.0006449335152667402,1.0,1.0,1.0,1.0,1.0,0.9837740672223773,0.8253968253968254,0.9259259259259259,0.75,0.7352941176470589,0.819672131147541
73,0.0005044801377289023,1.0,1.0,1.0,1.0,1.0,1.0809155781199002,0.8095238095238095,0.9259259259259259,0.7222222222222222,0.7142857142857143,0.8064516129032258
74,0.20608216896572543,0.9213564213564214,0.8798701298701299,0.949013949013949,0.9200301772915881,0.8995021205974553,0.32191688135739355,0.873015873015873,0.9259259259259259,0.8333333333333334,0.8064516129032258,0.8620689655172413
75,0.010938694088966871,0.9983673469387755,0.9958228905597326,0.9995964487489911,0.9991617770326907,0.9974895397489539,0.5917181241666041,0.8571428571428571,0.9259259259259259,0.8055555555555556,0.78125,0.847457627118644
76,0.0034739545245534506,0.9991836734693877,0.9991645781119465,0.9991928974979822,0.998330550918197,0.9987473903966597,0.7207394730048402,0.8095238095238095,0.9259259259259259,0.7222222222222222,0.7142857142857143,0.8064516129032258
77,0.002373195604047402,0.9994557823129252,0.9991645781119465,0.9995964487489911,0.9991645781119465,0.9991645781119465,0.8153948894598417,0.8253968253968254,0.9259259259259259,0.75,0.7352941176470589,0.819672131147541
78,0.0009845146704085019,1.0,1.0,1.0,1.0,1.0,1.1452169560435568,0.7619047619047619,0.9259259259259259,0.6388888888888888,0.6578947368421053,0.7692307692307693
79,0.0004529370329751424,1.0,1.0,1.0,1.0,1.0,1.2155976419296441,0.7619047619047619,0.9259259259259259,0.6388888888888888,0.6578947368421053,0.7692307692307693
80,0.0003548144484509011,1.0,1.0,1.0,1.0,1.0,1.2524862556223062,0.7936507936507936,0.9259259259259259,0.6944444444444444,0.6944444444444444,0.7936507936507936
81,0.00022726087663861206,1.0,1.0,1.0,1.0,1.0,1.3937813681143794,0.7619047619047619,0.9259259259259259,0.6388888888888888,0.6578947368421053,0.7692307692307693
82,0.00018287964498964345,1.0,1.0,1.0,1.0,1.0,1.4647307516970036,0.7619047619047619,0.9259259259259259,0.6388888888888888,0.6578947368421053,0.7692307692307693
83,0.00013809494325751757,1.0,1.0,1.0,1.0,1.0,1.450066593323191,0.7777777777777778,0.9259259259259259,0.6666666666666666,0.6756756756756757,0.78125
84,0.00010932138328659064,1.0,1.0,1.0,1.0,1.0,1.6567256318909738,0.7777777777777778,0.9259259259259259,0.6666666666666666,0.6756756756756757,0.78125
85,0.009603985146414267,0.9978231292517007,0.9966583124477861,0.9983857949959645,0.9966583124477861,0.9966583124477861,0.6802623836796672,0.8095238095238095,0.7407407407407407,0.8611111111111112,0.8,0.7692307692307693
86,0.0032818169788565157,0.998639455782313,0.9966583124477861,0.9995964487489911,0.9991624790619765,0.9979088247595148,1.6841076260639563,0.6825396825396826,0.9629629629629629,0.4722222222222222,0.5777777777777777,0.7222222222222222
87,0.0005820224393589967,1.0,1.0,1.0,1.0,1.0,1.8595975434023237,0.6825396825396826,0.9629629629629629,0.4722222222222222,0.5777777777777777,0.7222222222222222
88,0.00018251090795973784,1.0,1.0,1.0,1.0,1.0,1.8270765978192527,0.6984126984126984,0.9629629629629629,0.5,0.5909090909090909,0.7323943661971831
89,0.00014629840510295463,1.0,1.0,1.0,1.0,1.0,1.7067078057536116,0.7301587301587301,0.9259259259259259,0.5833333333333334,0.625,0.746268656716418
90,0.00010873626292561226,1.0,1.0,1.0,1.0,1.0,1.8926823400737096,0.7142857142857143,0.9629629629629629,0.5277777777777778,0.6046511627906976,0.7428571428571429
91,0.23611822737277383,0.9034632034632034,0.8560606060606061,0.935064935064935,0.8978433598183881,0.8764542936288089,0.24139282000916346,0.9206349206349206,0.8888888888888888,0.9444444444444444,0.9230769230769231,0.9056603773584906
92,0.010060685969394993,0.9983673469387755,0.9966583124477861,0.9991928974979822,0.998326359832636,0.9974916387959866,0.6781202657000412,0.8412698412698413,0.9259259259259259,0.7777777777777778,0.7575757575757576,0.8333333333333334
93,0.004158843607506335,0.9994557823129252,0.9991645781119465,0.9995964487489911,0.9991645781119465,0.9991645781119465,0.7794192511152239,0.8412698412698413,0.9259259259259259,0.7777777777777778,0.7575757575757576,0.8333333333333334
94,0.0008266396770969692,1.0,1.0,1.0,1.0,1.0,0.8682443910603603,0.8253968253968254,0.9259259259259259,0.75,0.7352941176470589,0.819672131147541
95,0.0005709393394217656,1.0,1.0,1.0,1.0,1.0,0.8242834698637977,0.8412698412698413,0.9259259259259259,0.7777777777777778,0.7575757575757576,0.8333333333333334
96,0.0012190070087296039,0.9994557823129252,0.9991645781119465,0.9995964487489911,0.9991645781119465,0.9991645781119465,1.3802120685290975,0.7777777777777778,0.9259259259259259,0.6666666666666666,0.6756756756756757,0.78125
97,0.00042055594132576443,1.0,1.0,1.0,1.0,1.0,1.1157038572515983,0.8412698412698413,0.9259259259259259,0.7777777777777778,0.7575757575757576,0.8333333333333334
98,0.0001667136606185374,1.0,1.0,1.0,1.0,1.0,1.231150001236644,0.8095238095238095,0.9259259259259259,0.7222222222222222,0.7142857142857143,0.8064516129032258
99,0.00015255989058305142,1.0,1.0,1.0,1.0,1.0,1.224348997151191,0.8253968253968254,0.9259259259259259,0.75,0.7352941176470589,0.819672131147541
100,0.00010097819289982915,1.0,1.0,1.0,1.0,1.0,1.2723146344637608,0.8253968253968254,0.9259259259259259,0.75,0.7352941176470589,0.819672131147541
101,9.791496928090699e-05,1.0,1.0,1.0,1.0,1.0,1.7410101128115212,0.7777777777777778,0.9259259259259259,0.6666666666666666,0.6756756756756757,0.78125
102,7.82090174891514e-05,1.0,1.0,1.0,1.0,1.0,1.478111420578133,0.8095238095238095,0.9259259259259259,0.7222222222222222,0.7142857142857143,0.8064516129032258
103,0.00013800424252696423,1.0,1.0,1.0,1.0,1.0,2.020219407310443,0.7619047619047619,0.9259259259259259,0.6388888888888888,0.6578947368421053,0.7692307692307693
104,0.007553973332409578,0.9978231292517007,0.9966583124477861,0.9983857949959645,0.9966583124477861,0.9966583124477861,1.1132792239151303,0.7301587301587301,0.9259259259259259,0.5833333333333334,0.625,0.746268656716418
105,0.22925684733657653,0.9082251082251083,0.8593073593073594,0.9408369408369408,0.906392694063927,0.8822222222222222,0.3067440747741669,0.8888888888888888,0.9259259259259259,0.8611111111111112,0.8333333333333334,0.8771929824561403
106,0.01008117602913178,0.9983673469387755,0.9974937343358395,0.9987893462469734,0.9974937343358395,0.9974937343358395,0.5723793617420135,0.8095238095238095,0.9259259259259259,0.7222222222222222,0.7142857142857143,0.8064516129032258
107,0.0023353410110061317,0.9997278911564625,1.0,0.9995964487489911,0.9991652754590985,0.9995824634655532,0.6060764757539367,0.8571428571428571,0.9259259259259259,0.8055555555555556,0.78125,0.847457627118644
108,0.0012219704973644443,0.9997278911564625,0.9991645781119465,1.0,1.0,0.9995821145006268,0.7978618643006369,0.8095238095238095,0.9259259259259259,0.7222222222222222,0.7142857142857143,0.8064516129032258
109,0.001803885607546208,0.9994557823129252,0.9991645781119465,0.9995964487489911,0.9991645781119465,0.9991645781119465,0.6807052350846962,0.8412698412698413,0.9259259259259259,0.7777777777777778,0.7575757575757576,0.8333333333333334
110,0.0019416255535837817,0.9989115646258503,0.9983291562238931,0.9991928974979822,0.9983291562238931,0.9983291562238931,0.8866802006858283,0.8253968253968254,0.9259259259259259,0.75,0.7352941176470589,0.819672131147541
111,0.00044036823046095924,1.0,1.0,1.0,1.0,1.0,0.8262323576084797,0.8412698412698413,0.9259259259259259,0.7777777777777778,0.7575757575757576,0.8333333333333334
112,0.0021040766253048984,0.9989115646258503,0.9983291562238931,0.9991928974979822,0.9983291562238931,0.9983291562238931,1.2685033661564664,0.7619047619047619,0.9259259259259259,0.6388888888888888,0.6578947368421053,0.7692307692307693
113,0.0010839198503309075,0.9997278911564625,0.9991645781119465,1.0,1.0,0.9995821145006268,1.8345299921708094,0.7301587301587301,0.9629629629629629,0.5555555555555556,0.6190476190476191,0.7536231884057971
114,0.0022250827240162105,0.9994557823129252,0.9991645781119465,0.9995964487489911,0.9991645781119465,0.9991645781119465,1.1012377767409716,0.7777777777777778,0.9259259259259259,0.6666666666666666,0.6756756756756757,0.78125
115,0.003412537571354306,0.9989115646258503,0.9983291562238931,0.9991928974979822,0.9983291562238931,0.9983291562238931,1.7401650993981295,0.7301587301587301,0.9629629629629629,0.5555555555555556,0.6190476190476191,0.7536231884057971
116,0.20958149806256332,0.9186147186147187,0.8715728715728716,0.94997594997595,0.9207317073170732,0.8954781319495922,0.39727907225726145,0.8412698412698413,0.8518518518518519,0.8333333333333334,0.7931034482758621,0.8214285714285714
117,0.13906267623230278,0.9466089466089466,0.9195526695526696,0.9646464646464646,0.9454747774480712,0.9323335771762985,0.31182846438790124,0.8888888888888888,0.8518518518518519,0.9166666666666666,0.8846153846153846,0.8679245283018868
118,0.00809856786677728,0.9983673469387755,0.9966583124477861,0.9991928974979822,0.998326359832636,0.9974916387959866,0.5915211556213242,0.8253968253968254,0.9259259259259259,0.75,0.7352941176470589,0.819672131147541
119,0.002824380744635096,0.9994557823129252,0.9991645781119465,0.9995964487489911,0.9991645781119465,0.9991645781119465,0.5495293797215536,0.8571428571428571,0.9259259259259259,0.8055555555555556,0.78125,0.847457627118644
120,0.0011695596358903563,1.0,1.0,1.0,1.0,1.0,0.7297842869690309,0.8412698412698413,0.9259259259259259,0.7777777777777778,0.7575757575757576,0.8333333333333334
121,0.0004861449728542495,1.0,1.0,1.0,1.0,1.0,0.7569430471630767,0.8412698412698413,0.9259259259259259,0.7777777777777778,0.7575757575757576,0.8333333333333334
122,0.0007316163178457289,1.0,1.0,1.0,1.0,1.0,0.6196379758203254,0.8571428571428571,0.8888888888888888,0.8333333333333334,0.8,0.8421052631578947
123,0.0006110998256556487,1.0,1.0,1.0,1.0,1.0,0.8676086969180254,0.7936507936507936,0.8888888888888888,0.7222222222222222,0.7058823529411765,0.7868852459016393
124,0.00037162154421202764,1.0,1.0,1.0,1.0,1.0,1.114469563656409,0.7936507936507936,0.9629629629629629,0.6666666666666666,0.6842105263157895,0.8
125,0.00022461211749552084,1.0,1.0,1.0,1.0,1.0,0.9563101546276206,0.8095238095238095,0.9259259259259259,0.7222222222222222,0.7142857142857143,0.8064516129032258
126,0.0001310619733238523,1.0,1.0,1.0,1.0,1.0,1.0890959339398365,0.8095238095238095,0.9259259259259259,0.7222222222222222,0.7142857142857143,0.8064516129032258
127,0.004622485554865387,0.9991836734693877,0.9991645781119465,0.9991928974979822,0.998330550918197,0.9987473903966597,1.3179017435611478,0.7777777777777778,0.9629629629629629,0.6388888888888888,0.6666666666666666,0.7878787878787878
128,0.0011997324706223115,0.9997278911564625,1.0,0.9995964487489911,0.9991652754590985,0.9995824634655532,1.6138799512372648,0.7619047619047619,0.9629629629629629,0.6111111111111112,0.65,0.7761194029850746
129,0.00521118891825361,0.9991836734693877,0.9983291562238931,0.9995964487489911,0.9991638795986622,0.9987463435018805,1.095984672617522,0.8253968253968254,0.9629629629629629,0.7222222222222222,0.7222222222222222,0.8253968253968254
130,0.0021458993686939635,0.9991836734693877,0.9983291562238931,0.9995964487489911,0.9991638795986622,0.9987463435018805,1.4735643458035257,0.7301587301587301,0.9259259259259259,0.5833333333333334,0.625,0.746268656716418
131,0.0004448572045816172,1.0,1.0,1.0,1.0,1.0,1.3187448170021294,0.7777777777777778,0.9629629629629629,0.6388888888888888,0.6666666666666666,0.7878787878787878
132,0.18517977395141968,0.9248196248196249,0.8917748917748918,0.9468494468494468,0.9179353880430746,0.9046660567246112,0.3962928594223091,0.873015873015873,0.8888888888888888,0.8611111111111112,0.8275862068965517,0.8571428571428571
133,0.008535262573269657,0.9983673469387755,0.9991645781119465,0.9979822437449556,0.9958368026644463,0.9974979149291076,0.6414583788386413,0.8412698412698413,0.9259259259259259,0.7777777777777778,0.7575757575757576,0.8333333333333334
134,0.001300498978979252,1.0,1.0,1.0,1.0,1.0,0.7624312120245859,0.8412698412698413,0.9259259259259259,0.7777777777777778,0.7575757575757576,0.8333333333333334
135,0.0007584380647120047,1.0,1.0,1.0,1.0,1.0,0.9983515839668966,0.8412698412698413,0.9259259259259259,0.7777777777777778,0.7575757575757576,0.8333333333333334
136,0.0003952900695919018,1.0,1.0,1.0,1.0,1.0,0.9109092410210342,0.8412698412698413,0.9259259259259259,0.7777777777777778,0.7575757575757576,0.8333333333333334
137,0.0003428345114122569,1.0,1.0,1.0,1.0,1.0,1.1445912564383998,0.8412698412698413,0.9259259259259259,0.7777777777777778,0.7575757575757576,0.8333333333333334
138,0.14786111213761405,0.9424242424242424,0.9137806637806638,0.9615199615199616,0.9405867062755291,0.9269899359560841,0.3522699575220782,0.9047619047619048,0.9259259259259259,0.8888888888888888,0.8620689655172413,0.8928571428571429
139,0.008601556879430249,0.9980952380952381,0.9974937343358395,0.9983857949959645,0.996661101836394,0.9970772442588727,0.5576141058940381,0.8412698412698413,0.9259259259259259,0.7777777777777778,0.7575757575757576,0.8333333333333334
140,0.0013850201259099492,1.0,1.0,1.0,1.0,1.0,0.695747005956484,0.8412698412698413,0.9259259259259259,0.7777777777777778,0.7575757575757576,0.8333333333333334
141,0.0016636406127197136,0.9997278911564625,1.0,0.9995964487489911,0.9991652754590985,0.9995824634655532,0.6949113550326151,0.8571428571428571,0.9259259259259259,0.8055555555555556,0.78125,0.847457627118644
142,0.11930192802397031,0.9544011544011544,0.9336219336219336,0.9682539682539683,0.9514705882352941,0.942461762563729,0.6013254779317077,0.8253968253968254,0.9259259259259259,0.75,0.7352941176470589,0.819672131147541
143,0.007075981236772523,0.998639455782313,0.9974937343358395,0.9991928974979822,0.9983277591973244,0.9979105725031342,0.7183006319054772,0.8253968253968254,0.8888888888888888,0.7777777777777778,0.75,0.8135593220338984
144,0.0013251093544262354,1.0,1.0,1.0,1.0,1.0,0.927242142495714,0.8253968253968254,0.9259259259259259,0.75,0.7352941176470589,0.819672131147541
145,0.0005828436381471831,1.0,1.0,1.0,1.0,1.0,1.00108644733065,0.8253968253968254,0.9259259259259259,0.75,0.7352941176470589,0.819672131147541
146,0.10734526881165964,0.9606060606060606,0.9422799422799423,0.9728234728234728,0.9585321100917431,0.9503365472075678,0.5343070287730486,0.8412698412698413,0.8518518518518519,0.8333333333333334,0.7931034482758621,0.8214285714285714
147,0.006821851015659556,0.998639455782313,0.9966583124477861,0.9995964487489911,0.9991624790619765,0.9979088247595148,0.7258435698920891,0.7777777777777778,0.8518518518518519,0.7222222222222222,0.696969696969697,0.7666666666666667
148,0.0012808903668758453,1.0,1.0,1.0,1.0,1.0,0.9531568385224553,0.7936507936507936,0.8888888888888888,0.7222222222222222,0.7058823529411765,0.7868852459016393
149,0.0006829280350563199,1.0,1.0,1.0,1.0,1.0,1.0402786608800174,0.7777777777777778,0.8888888888888888,0.6944444444444444,0.6857142857142857,0.7741935483870968
150,0.0014553657992739787,0.9997278911564625,0.9991645781119465,1.0,1.0,0.9995821145006268,1.1924905985675103,0.7936507936507936,0.9629629629629629,0.6666666666666666,0.6842105263157895,0.8
151,0.0004930154788499891,1.0,1.0,1.0,1.0,1.0,1.0816356146390298,0.8095238095238095,0.9259259259259259,0.7222222222222222,0.7142857142857143,0.8064516129032258
152,0.00040988919401298225,1.0,1.0,1.0,1.0,1.0,1.4790685950346025,0.7619047619047619,0.9259259259259259,0.6388888888888888,0.6578947368421053,0.7692307692307693
153,0.00039920666285150615,1.0,1.0,1.0,1.0,1.0,1.2778171282815969,0.8253968253968254,0.9629629629629629,0.7222222222222222,0.7222222222222222,0.8253968253968254
154,0.0009909444217607545,0.9997278911564625,1.0,0.9995964487489911,0.9991652754590985,0.9995824634655532,1.2231734910848668,0.7777777777777778,0.8888888888888888,0.6944444444444444,0.6857142857142857,0.7741935483870968
155,0.0001631439952884617,1.0,1.0,1.0,1.0,1.0,1.248318490085362,0.7777777777777778,0.8888888888888888,0.6944444444444444,0.6857142857142857,0.7741935483870968
156,0.00019981955448925798,1.0,1.0,1.0,1.0,1.0,1.4449365732933594,0.7777777777777778,0.8888888888888888,0.6944444444444444,0.6857142857142857,0.7741935483870968
157,0.003613598249495492,0.9991836734693877,0.9974937343358395,1.0,1.0,0.998745294855709,1.6224883252732634,0.746031746031746,0.9259259259259259,0.6111111111111112,0.6410256410256411,0.7575757575757576
158,0.12551352372251903,0.9525252525252526,0.9292929292929293,0.968013468013468,0.9509043927648578,0.9399744572158365,0.472717968717454,0.8571428571428571,0.9259259259259259,0.8055555555555556,0.78125,0.847457627118644
159,0.006321326513603634,0.9980952380952381,0.9966583124477861,0.9987893462469734,0.9974916387959866,0.9970748015043878,0.8620421937371175,0.7777777777777778,0.9259259259259259,0.6666666666666666,0.6756756756756757,0.78125
160,0.0011332506216828059,1.0,1.0,1.0,1.0,1.0,0.859103166856729,0.7936507936507936,0.9259259259259259,0.6944444444444444,0.6944444444444444,0.7936507936507936
161,0.0009369062920430434,0.9997278911564625,0.9991645781119465,1.0,1.0,0.9995821145006268,0.9576385509396445,0.7936507936507936,0.9259259259259259,0.6944444444444444,0.6944444444444444,0.7936507936507936
162,0.0005142155239044936,1.0,1.0,1.0,1.0,1.0,1.0934330676950232,0.7777777777777778,0.9259259259259259,0.6666666666666666,0.6756756756756757,0.78125
163,0.0003502079948535835,1.0,1.0,1.0,1.0,1.0,1.0416335558226806,0.8095238095238095,0.9259259259259259,0.7222222222222222,0.7142857142857143,0.8064516129032258
164,0.00025506977411620573,1.0,1.0,1.0,1.0,1.0,1.113297354793989,0.7936507936507936,0.9259259259259259,0.6944444444444444,0.6944444444444444,0.7936507936507936
165,0.00022843934877614846,1.0,1.0,1.0,1.0,1.0,1.234697856604942,0.7936507936507936,0.9259259259259259,0.6944444444444444,0.6944444444444444,0.7936507936507936
166,0.11750802072806588,0.9551226551226552,0.939033189033189,0.9658489658489658,0.9482695810564663,0.9436287837592895,0.793694502407951,0.8095238095238095,0.9629629629629629,0.6944444444444444,0.7027027027027027,0.8125
167,0.00703274347562799,0.9980952380952381,0.9991645781119465,0.9975786924939467,0.9950083194675541,0.9970821175489787,0.6397595977381109,0.8253968253968254,0.9259259259259259,0.75,0.7352941176470589,0.819672131147541
168,0.0017540945571199453,0.9994557823129252,0.9991645781119465,0.9995964487489911,0.9991645781119465,0.9991645781119465,0.8300760704432688,0.8095238095238095,0.8888888888888888,0.75,0.7272727272727273,0.8
169,0.003301249438537234,0.9989115646258503,0.9983291562238931,0.9991928974979822,0.9983291562238931,0.9983291562238931,0.8540079769611891,0.8253968253968254,0.9259259259259259,0.75,0.7352941176470589,0.819672131147541
170,0.00043259133971264573,1.0,1.0,1.0,1.0,1.0,0.7932249534919503,0.8095238095238095,0.9259259259259259,0.7222222222222222,0.7142857142857143,0.8064516129032258
171,0.000583849861080676,0.9997278911564625,0.9991645781119465,1.0,1.0,0.9995821145006268,0.8752608634476062,0.8095238095238095,0.9629629629629629,0.6944444444444444,0.7027027027027027,0.8125
172,0.0003156560177235313,1.0,1.0,1.0,1.0,1.0,1.0823805332534933,0.8095238095238095,0.9629629629629629,0.6944444444444444,0.7027027027027027,0.8125
173,0.00026007562368905463,1.0,1.0,1.0,1.0,1.0,1.057671724092899,0.8095238095238095,0.9629629629629629,0.6944444444444444,0.7027027027027027,0.8125
174,0.00016365007405406097,1.0,1.0,1.0,1.0,1.0,1.0591833959005603,0.8095238095238095,0.9629629629629629,0.6944444444444444,0.7027027027027027,0.8125
175,0.005267811493483232,0.998639455782313,0.9983291562238931,0.9987893462469734,0.9974958263772955,0.9979123173277662,0.8753810235981031,0.8571428571428571,0.9259259259259259,0.8055555555555556,0.78125,0.847457627118644
176,0.1136924890070229,0.9574314574314574,0.9408369408369408,0.9684944684944685,0.9521723256663016,0.946470694973689,0.4532482603431812,0.873015873015873,0.8888888888888888,0.8611111111111112,0.8275862068965517,0.8571428571428571
177,0.004815710398327356,0.9991836734693877,0.9974937343358395,1.0,1.0,0.998745294855709,0.7760439642061967,0.8095238095238095,0.9259259259259259,0.7222222222222222,0.7142857142857143,0.8064516129032258
178,0.000835760085729464,1.0,1.0,1.0,1.0,1.0,0.6995347423778314,0.8412698412698413,0.9259259259259259,0.7777777777777778,0.7575757575757576,0.8333333333333334
179,0.0006221846597852046,1.0,1.0,1.0,1.0,1.0,0.8090736799603624,0.8571428571428571,0.9259259259259259,0.8055555555555556,0.78125,0.847457627118644
180,0.0003445237837050769,1.0,1.0,1.0,1.0,1.0,0.7373127947387744,0.8571428571428571,0.9259259259259259,0.8055555555555556,0.78125,0.847457627118644
181,0.00032247539533248335,1.0,1.0,1.0,1.0,1.0,1.0179236748372205,0.7936507936507936,0.9259259259259259,0.6944444444444444,0.6944444444444444,0.7936507936507936
182,0.0004343795989042934,0.9997278911564625,0.9991645781119465,1.0,1.0,0.9995821145006268,1.103024194401408,0.7777777777777778,0.9629629629629629,0.6388888888888888,0.6666666666666666,0.7878787878787878
183,0.00580005089900469,0.9975510204081632,0.9958228905597326,0.9983857949959645,0.9966555183946488,0.9962390305056414,1.0138382219657716,0.7936507936507936,0.9259259259259259,0.6944444444444444,0.6944444444444444,0.7936507936507936
184,0.0015453407748485123,0.9994557823129252,0.9991645781119465,0.9995964487489911,0.9991645781119465,0.9991645781119465,1.0738915429554052,0.7936507936507936,0.9259259259259259,0.6944444444444444,0.6944444444444444,0.7936507936507936
185,0.00047513703896862465,1.0,1.0,1.0,1.0,1.0,0.9423260531639532,0.8095238095238095,0.9259259259259259,0.7222222222222222,0.7142857142857143,0.8064516129032258
186,0.005942160688094371,0.9978231292517007,0.9958228905597326,0.9987893462469734,0.9974895397489539,0.9966555183946488,1.5614166076753349,0.6984126984126984,0.9259259259259259,0.5277777777777778,0.5952380952380952,0.7246376811594203
187,0.0014841727720325865,0.9994557823129252,0.9991645781119465,0.9995964487489911,0.9991645781119465,0.9991645781119465,1.1084457911728394,0.7936507936507936,0.9259259259259259,0.6944444444444444,0.6944444444444444,0.7936507936507936
188,0.0002823966519283859,1.0,1.0,1.0,1.0,1.0,1.5524351215840035,0.7301587301587301,0.9259259259259259,0.5833333333333334,0.625,0.746268656716418
189,0.00017628945222165638,1.0,1.0,1.0,1.0,1.0,1.2991329425759244,0.7777777777777778,0.9259259259259259,0.6666666666666666,0.6756756756756757,0.78125
190,0.13406698704397502,0.950937950937951,0.9336219336219336,0.9624819624819625,0.9431486880466472,0.9383611312545322,0.463678472287332,0.8888888888888888,0.8888888888888888,0.8888888888888888,0.8571428571428571,0.8727272727272727
191,0.005901617037898981,0.9983673469387755,0.9983291562238931,0.9983857949959645,0.9966638865721434,0.9974958263772955,0.6622262610000602,0.8412698412698413,0.9259259259259259,0.7777777777777778,0.7575757575757576,0.8333333333333334
192,0.0010253836947404559,1.0,1.0,1.0,1.0,1.0,0.7675108847740505,0.8095238095238095,0.9259259259259259,0.7222222222222222,0.7142857142857143,0.8064516129032258
193,0.0007504202385962035,0.9997278911564625,1.0,0.9995964487489911,0.9991652754590985,0.9995824634655532,0.916481247783402,0.8253968253968254,0.9259259259259259,0.75,0.7352941176470589,0.819672131147541
194,0.00040005064882725304,1.0,1.0,1.0,1.0,1.0,0.7810052459189181,0.8412698412698413,0.9259259259259259,0.7777777777777778,0.7575757575757576,0.8333333333333334
195,0.00033705805294488106,1.0,1.0,1.0,1.0,1.0,0.8238411573471413,0.8412698412698413,0.9259259259259259,0.7777777777777778,0.7575757575757576,0.8333333333333334
196,0.00098724275476578,0.9997278911564625,0.9991645781119465,1.0,1.0,0.9995821145006268,0.5929914758585039,0.8571428571428571,0.9259259259259259,0.8055555555555556,0.78125,0.847457627118644
197,0.00023108587211447763,1.0,1.0,1.0,1.0,1.0,0.9979519497072842,0.8253968253968254,0.9259259259259259,0.75,0.7352941176470589,0.819672131147541
198,0.00012879125734903616,1.0,1.0,1.0,1.0,1.0,0.9450532293181851,0.8253968253968254,0.9259259259259259,0.75,0.7352941176470589,0.819672131147541
199,0.10190294324289362,0.962049062049062,0.9505772005772006,0.9696969696969697,0.9543643607388628,0.9524670160853064,0.5932337300582153,0.8571428571428571,0.8518518518518519,0.8611111111111112,0.8214285714285714,0.8363636363636363
200,0.006946220526803953,0.9978231292517007,0.9966583124477861,0.9983857949959645,0.9966583124477861,0.9966583124477861,0.6491055322426652,0.8571428571428571,0.9259259259259259,0.8055555555555556,0.78125,0.847457627118644
201,0.055400263247971156,0.978932178932179,0.9707792207792207,0.9843674843674843,0.9764150943396226,0.973589001447178,0.6967429723405826,0.8571428571428571,0.8518518518518519,0.8611111111111112,0.8214285714285714,0.8363636363636363
202,0.043792092533544255,0.983982683982684,0.977994227994228,0.987974987974988,0.9818906193408186,0.9799385505150913,0.6575307658289574,0.873015873015873,0.8518518518518519,0.8888888888888888,0.8518518518518519,0.8518518518518519
203,0.03923743780215861,0.9855699855699855,0.9805194805194806,0.9889369889369889,0.983357452966715,0.9819364161849711,0.5661304424856863,0.8412698412698413,0.9259259259259259,0.7777777777777778,0.7575757575757576,0.8333333333333334
204,0.006962772241831586,0.9980952380952381,0.9974937343358395,0.9983857949959645,0.996661101836394,0.9970772442588727,0.5471474585448584,0.8571428571428571,0.8888888888888888,0.8333333333333334,0.8,0.8421052631578947
205,0.0007422692117560021,1.0,1.0,1.0,1.0,1.0,0.7444524313877559,0.8571428571428571,0.9259259259259259,0.8055555555555556,0.78125,0.847457627118644
206,0.05098082241682876,0.9823953823953824,0.977994227994228,0.9853294853294853,0.977994227994228,0.977994227994228,0.6628805114370253,0.873015873015873,0.9259259259259259,0.8333333333333334,0.8064516129032258,0.8620689655172413
207,0.030886278875759423,0.9894660894660895,0.9852092352092352,0.9923039923039924,0.9884183858125226,0.9868112014453478,0.6533758739029826,0.873015873015873,0.8888888888888888,0.8611111111111112,0.8275862068965517,0.8571428571428571
208,0.006938831713563386,0.9975510204081632,0.9974937343358395,0.9975786924939467,0.995,0.9962453066332916,0.7266362139702006,0.8412698412698413,0.9259259259259259,0.7777777777777778,0.7575757575757576,0.8333333333333334
209,0.035678747054070176,0.9881673881673881,0.9841269841269841,0.9908609908609909,0.9862617498192335,0.9851932105453233,0.9241291328466364,0.8095238095238095,0.8518518518518519,0.7777777777777778,0.7419354838709677,0.7931034482758621
210,0.02695842302675812,0.9911976911976912,0.9880952380952381,0.9932659932659933,0.989880737260571,0.9889871818017693,0.7415508753287473,0.8253968253968254,0.8518518518518519,0.8055555555555556,0.7666666666666667,0.8070175438596491
211,0.03182107402851018,0.9888888888888889,0.9848484848484849,0.9915824915824916,0.9873417721518988,0.9860935524652339,0.616655607620025,0.8888888888888888,0.9259259259259259,0.8611111111111112,0.8333333333333334,0.8771929824561403
212,0.028850651044542343,0.98989898989899,0.9873737373737373,0.9915824915824916,0.9873737373737373,0.9873737373737373,0.5276292940973126,0.9047619047619048,0.8888888888888888,0.9166666666666666,0.8888888888888888,0.8888888888888888
213,0.007600977672501562,0.9972789115646259,0.9958228905597326,0.9979822437449556,0.9958228905597326,0.9958228905597326,0.7417345798559605,0.8571428571428571,0.9259259259259259,0.8055555555555556,0.78125,0.847457627118644
214,0.0005194266140144192,1.0,1.0,1.0,1.0,1.0,0.83083452019907,0.8412698412698413,0.9259259259259259,0.7777777777777778,0.7575757575757576,0.8333333333333334
215,0.03811447583988959,0.9867243867243867,0.9844877344877345,0.9882154882154882,0.9823614110871131,0.9834234234234234,0.6414025860047707,0.8888888888888888,0.9259259259259259,0.8611111111111112,0.8333333333333334,0.8771929824561403
216,0.024829710438033812,0.9926406926406927,0.990981240981241,0.9937469937469937,0.9906238730616661,0.9908025247971145,0.6946851858466823,0.873015873015873,0.9259259259259259,0.8333333333333334,0.8064516129032258,0.8620689655172413
217,0.029841019271793646,0.9896103896103896,0.9866522366522367,0.9915824915824916,0.9873646209386282,0.9870083002526164,0.7670662525952572,0.873015873015873,0.9259259259259259,0.8333333333333334,0.8064516129032258,0.8620689655172413
218,0.022343874038119826,0.9926406926406927,0.98989898989899,0.9944684944684945,0.9916877484640405,0.9907925618342661,0.7922512669562517,0.8888888888888888,0.8518518518518519,0.9166666666666666,0.8846153846153846,0.8679245283018868
219,0.0071311774113386565,0.9978231292517007,0.9966583124477861,0.9983857949959645,0.9966583124477861,0.9966583124477861,0.9231668558366235,0.8253968253968254,0.8888888888888888,0.7777777777777778,0.75,0.8135593220338984
220,0.0005024322612240014,1.0,1.0,1.0,1.0,1.0,1.1468145947391537,0.8253968253968254,0.8888888888888888,0.7777777777777778,0.75,0.8135593220338984
221,0.03174360497573439,0.9900432900432901,0.9880952380952381,0.9913419913419913,0.987027027027027,0.9875608436992969,0.6446200110127277,0.8571428571428571,0.8518518518518519,0.8611111111111112,0.8214285714285714,0.8363636363636363
222,0.003446940046843604,0.9994557823129252,0.9991645781119465,0.9995964487489911,0.9991645781119465,0.9991645781119465,0.9302297882335667,0.8095238095238095,0.8518518518518519,0.7777777777777778,0.7419354838709677,0.7931034482758621
223,0.0005664248771721586,1.0,1.0,1.0,1.0,1.0,0.9884043171556504,0.8412698412698413,0.8888888888888888,0.8055555555555556,0.7741935483870968,0.8275862068965517
224,0.0016734065565195088,0.9991836734693877,0.9991645781119465,0.9991928974979822,0.998330550918197,0.9987473903966597,0.9750027933882343,0.8095238095238095,0.8888888888888888,0.75,0.7272727272727273,0.8
225,0.04235031303377153,0.9854256854256854,0.983044733044733,0.987012987012987,0.9805685498380713,0.9818050801657359,0.5927755729427435,0.8571428571428571,0.8888888888888888,0.8333333333333334,0.8,0.8421052631578947
226,0.004115574810508208,0.9989115646258503,0.9991645781119465,0.9987893462469734,0.9974979149291076,0.998330550918197,0.6822301363128991,0.8412698412698413,0.8888888888888888,0.8055555555555556,0.7741935483870968,0.8275862068965517
227,0.0014372581731113066,0.9991836734693877,0.9991645781119465,0.9991928974979822,0.998330550918197,0.9987473903966597,0.8372688391356773,0.8412698412698413,0.8888888888888888,0.8055555555555556,0.7741935483870968,0.8275862068965517
228,0.039758808568841,0.9862914862914863,0.9812409812409812,0.9896584896584897,0.9844372059355773,0.982836495031617,0.6866792914649796,0.8412698412698413,0.8518518518518519,0.8333333333333334,0.7931034482758621,0.8214285714285714
229,0.003508836931864205,0.9983673469387755,0.9966583124477861,0.9991928974979822,0.998326359832636,0.9974916387959866,0.7527122511011031,0.8571428571428571,0.9259259259259259,0.8055555555555556,0.78125,0.847457627118644
230,0.02722478534610207,0.9923520923520923,0.9906204906204906,0.9935064935064936,0.9902632527948071,0.9904418394950406,0.7902204021234028,0.873015873015873,0.8518518518518519,0.8888888888888888,0.8518518518518519,0.8518518518518519
231,0.008715989426250386,0.9972789115646259,0.9941520467836257,0.9987893462469734,0.9974853310980721,0.99581589958159,0.7329045757956226,0.8571428571428571,0.8518518518518519,0.8611111111111112,0.8214285714285714,0.8363636363636363
232,0.0008641874638455762,0.9997278911564625,0.9991645781119465,1.0,1.0,0.9995821145006268,0.9260826589158987,0.8253968253968254,0.9259259259259259,0.75,0.7352941176470589,0.819672131147541
233,0.00042626519070650755,1.0,1.0,1.0,1.0,1.0,0.9469465185058421,0.8095238095238095,0.9259259259259259,0.7222222222222222,0.7142857142857143,0.8064516129032258
234,0.0002979933673580855,1.0,1.0,1.0,1.0,1.0,0.8122818154746682,0.8095238095238095,0.8888888888888888,0.75,0.7272727272727273,0.8
235,0.04402449446315219,0.9825396825396825,0.9765512265512265,0.9865319865319865,0.9797321751719146,0.9781391147244806,0.7990270034809198,0.8412698412698413,0.8888888888888888,0.8055555555555556,0.7741935483870968,0.8275862068965517
236,0.003327797795067776,0.9994557823129252,1.0,0.9991928974979822,0.9983319432860718,0.9991652754590985,1.0026710227128148,0.8253968253968254,0.8888888888888888,0.7777777777777778,0.75,0.8135593220338984
237,0.0004608481430858817,1.0,1.0,1.0,1.0,1.0,1.0868104614856993,0.8095238095238095,0.8888888888888888,0.75,0.7272727272727273,0.8
238,0.00029153608127424277,1.0,1.0,1.0,1.0,1.0,0.9813008877450585,0.8253968253968254,0.8888888888888888,0.7777777777777778,0.75,0.8135593220338984
239,0.0003346093404103826,1.0,1.0,1.0,1.0,1.0,1.2725605608882486,0.8095238095238095,0.9259259259259259,0.7222222222222222,0.7142857142857143,0.8064516129032258
240,0.03881330456548407,0.9871572871572871,0.9819624819624819,0.9906204906204906,0.9858746830858385,0.9839146936562444,0.689880340628969,0.8571428571428571,0.9259259259259259,0.8055555555555556,0.78125,0.847457627118644
241,0.0039621440316495,0.9989115646258503,0.9983291562238931,0.9991928974979822,0.9983291562238931,0.9983291562238931,1.0209683036784611,0.8412698412698413,0.9259259259259259,0.7777777777777778,0.7575757575757576,0.8333333333333334
242,0.00028967916314905117,1.0,1.0,1.0,1.0,1.0,1.1355305926704278,0.8253968253968254,0.9259259259259259,0.75,0.7352941176470589,0.819672131147541
243,0.0014111141630441075,0.9997278911564625,1.0,0.9995964487489911,0.9991652754590985,0.9995824634655532,0.9179090628315444,0.8571428571428571,0.9259259259259259,0.8055555555555556,0.78125,0.847457627118644
244,0.0016949285166460836,0.9991836734693877,0.9991645781119465,0.9991928974979822,0.998330550918197,0.9987473903966597,1.0293114282641678,0.8571428571428571,0.8888888888888888,0.8333333333333334,0.8,0.8421052631578947
245,0.000747084545821338,0.9994557823129252,0.9991645781119465,0.9995964487489911,0.9991645781119465,0.9991645781119465,0.7965828262912553,0.873015873015873,0.9259259259259259,0.8333333333333334,0.8064516129032258,0.8620689655172413
246,0.0004888581086665259,1.0,1.0,1.0,1.0,1.0,1.3729507451459382,0.7936507936507936,0.9259259259259259,0.6944444444444444,0.6944444444444444,0.7936507936507936
247,0.00025380677281844046,1.0,1.0,1.0,1.0,1.0,1.161110692474592,0.8095238095238095,0.9259259259259259,0.7222222222222222,0.7142857142857143,0.8064516129032258
248,0.0003011625238633271,1.0,1.0,1.0,1.0,1.0,1.2988175722499682,0.8095238095238095,0.9259259259259259,0.7222222222222222,0.7142857142857143,0.8064516129032258
249,0.00043173268595971735,1.0,1.0,1.0,1.0,1.0,1.2168590326212338,0.8253968253968254,0.9259259259259259,0.75,0.7352941176470589,0.819672131147541
250,0.06796798970096984,0.9764790764790765,0.9689754689754689,0.9814814814814815,0.9721317408613825,0.9705510388437217,0.5973525086694049,0.873015873015873,0.8888888888888888,0.8611111111111112,0.8275862068965517,0.8571428571428571
251,0.003920734450537838,0.998639455782313,0.9991645781119465,0.9983857949959645,0.9966666666666667,0.9979140592407175,0.6281306065862909,0.8571428571428571,0.9259259259259259,0.8055555555555556,0.78125,0.847457627118644
252,0.029668964466337426,0.9873015873015873,0.9852092352092352,0.9886964886964887,0.9830813534917207,0.9841441441441442,0.6897181883391496,0.8888888888888888,0.8518518518518519,0.9166666666666666,0.8846153846153846,0.8679245283018868
253,0.023608998117550486,0.9919191919191919,0.98989898989899,0.9932659932659933,0.98989898989899,0.98989898989899,0.7259208134362578,0.873015873015873,0.8518518518518519,0.8888888888888888,0.8518518518518519,0.8518518518518519
254,0.002912056666646837,0.9991836734693877,0.9991645781119465,0.9991928974979822,0.998330550918197,0.9987473903966597,0.7426865545604082,0.8412698412698413,0.8888888888888888,0.8055555555555556,0.7741935483870968,0.8275862068965517
255,0.023802490303968853,0.9920634920634921,0.9917027417027418,0.9923039923039924,0.9884933477166487,0.9900954439041959,0.8400723261549414,0.873015873015873,0.8518518518518519,0.8888888888888888,0.8518518518518519,0.8518518518518519
256,0.016894902133483315,0.9950937950937951,0.9927849927849928,0.9966329966329966,0.9949385394070861,0.9938605994944023,0.9147827167448307,0.8412698412698413,0.8888888888888888,0.8055555555555556,0.7741935483870968,0.8275862068965517
257,0.015626171527910522,0.9943722943722944,0.9927849927849928,0.9954304954304954,0.9931432695777698,0.9929640988634314,0.8154275861858863,0.8571428571428571,0.8888888888888888,0.8333333333333334,0.8,0.8421052631578947
258,0.0026287658755827083,0.998639455782313,0.9974937343358395,0.9991928974979822,0.9983277591973244,0.9979105725031342,1.15861969015428,0.8095238095238095,0.8888888888888888,0.75,0.7272727272727273,0.8
259,0.0005112566983606033,1.0,1.0,1.0,1.0,1.0,1.2510175519560034,0.7777777777777778,0.8888888888888888,0.6944444444444444,0.6857142857142857,0.7741935483870968
260,0.0001966364939992481,1.0,1.0,1.0,1.0,1.0,1.123162414204137,0.7936507936507936,0.8888888888888888,0.7222222222222222,0.7058823529411765,0.7868852459016393
261,0.0401783021242599,0.9862914862914863,0.9808802308802309,0.98989898989899,0.9847881202462876,0.9828302909813844,0.8403932200744748,0.8571428571428571,0.8518518518518519,0.8611111111111112,0.8214285714285714,0.8363636363636363
262,0.021832873495129336,0.9933621933621933,0.9913419913419913,0.9947089947089947,0.992057761732852,0.991699747383616,0.7439601978736131,0.8888888888888888,0.8888888888888888,0.8888888888888888,0.8571428571428571,0.8727272727272727
263,0.007277381763574556,0.9980952380952381,0.9983291562238931,0.9979822437449556,0.9958333333333333,0.9970796829370046,0.8952858211797854,0.8412698412698413,0.8518518518518519,0.8333333333333334,0.7931034482758621,0.8214285714285714
264,0.0010316762691569598,0.9994557823129252,0.9983291562238931,1.0,1.0,0.9991638795986622,1.1452351638544647,0.7777777777777778,0.8888888888888888,0.6944444444444444,0.6857142857142857,0.7741935483870968
265,0.00047495147149390575,1.0,1.0,1.0,1.0,1.0,0.9868501870161188,0.8412698412698413,0.8888888888888888,0.8055555555555556,0.7741935483870968,0.8275862068965517
266,0.0303600070456187,0.9904761904761905,0.9880952380952381,0.9920634920634921,0.9880952380952381,0.9880952380952381,0.8849223255602983,0.8412698412698413,0.8518518518518519,0.8333333333333334,0.7931034482758621,0.8214285714285714
267,0.005612403158174486,0.9978231292517007,0.9974937343358395,0.9979822437449556,0.9958298582151793,0.996661101836394,0.8884203130091053,0.7777777777777778,0.8518518518518519,0.7222222222222222,0.696969696969697,0.7666666666666667
268,0.02049641422211753,0.9940836940836941,0.9920634920634921,0.9954304954304954,0.9931383170819791,0.9926006136076521,0.6295319610558975,0.8888888888888888,0.8888888888888888,0.8888888888888888,0.8571428571428571,0.8727272727272727
269,0.016691387233456725,0.9935064935064936,0.9906204906204906,0.9954304954304954,0.9931283905967451,0.991872855336825,0.8293647288332328,0.8888888888888888,0.8888888888888888,0.8888888888888888,0.8571428571428571,0.8727272727272727
270,0.02291821310884443,0.9922077922077922,0.9906204906204906,0.9932659932659933,0.9899062725306417,0.9902632527948071,0.7494219685682938,0.873015873015873,0.8518518518518519,0.8888888888888888,0.8518518518518519,0.8518518518518519
271,0.022152860658429765,0.9924963924963925,0.9895382395382395,0.9944684944684945,0.9916847433116414,0.9906103286384976,0.7222144682540573,0.873015873015873,0.8518518518518519,0.8888888888888888,0.8518518518518519,0.8518518518518519
272,0.003784175025452432,0.9989115646258503,0.9983291562238931,0.9991928974979822,0.9983291562238931,0.9983291562238931,0.8841527866158959,0.8412698412698413,0.8888888888888888,0.8055555555555556,0.7741935483870968,0.8275862068965517
273,0.01445178511654943,0.9952380952380953,0.9949494949494949,0.9954304954304954,0.9931580842635938,0.9940529825193729,0.8259657085942481,0.9047619047619048,0.8888888888888888,0.9166666666666666,0.8888888888888888,0.8888888888888888
274,0.003637582483857024,0.9983673469387755,0.9974937343358395,0.9987893462469734,0.9974937343358395,0.9974937343358395,0.8134664764308134,0.8571428571428571,0.9259259259259259,0.8055555555555556,0.78125,0.847457627118644
275,0.0014400698327784883,0.9997278911564625,0.9991645781119465,1.0,1.0,0.9995821145006268,0.9654666351779024,0.8571428571428571,0.9259259259259259,0.8055555555555556,0.78125,0.847457627118644
276,0.0008089245417550603,0.9994557823129252,0.9991645781119465,0.9995964487489911,0.9991645781119465,0.9991645781119465,0.9265442832986573,0.873015873015873,0.9259259259259259,0.8333333333333334,0.8064516129032258,0.8620689655172413
277,0.000917724247472036,0.9994557823129252,0.9991645781119465,0.9995964487489911,0.9991645781119465,0.9991645781119465,0.9233892511720547,0.8253968253968254,0.8518518518518519,0.8055555555555556,0.7666666666666667,0.8070175438596491
278,0.02920457608966324,0.98989898989899,0.9862914862914863,0.9923039923039924,0.9884309472161966,0.987360057782593,0.8065747955891615,0.8888888888888888,0.8888888888888888,0.8888888888888888,0.8571428571428571,0.8727272727272727
279,0.01914581861455312,0.9935064935064936,0.9913419913419913,0.9949494949494949,0.9924160346695557,0.991878722252301,0.8580566775344778,0.873015873015873,0.8518518518518519,0.8888888888888888,0.8518518518518519,0.8518518518518519
280,0.013719920184773032,0.9961038961038962,0.9949494949494949,0.9968734968734969,0.9953085528690003,0.9951289915208371,0.8878384023860452,0.873015873015873,0.8888888888888888,0.8611111111111112,0.8275862068965517,0.8571428571428571
281,0.01365440262967138,0.9949494949494949,0.9931457431457431,0.9961519961519961,0.994221740700614,0.9936834506406785,0.8698021172802703,0.8253968253968254,0.8888888888888888,0.7777777777777778,0.75,0.8135593220338984
282,0.0016249573692781565,0.9994557823129252,0.9991645781119465,0.9995964487489911,0.9991645781119465,0.9991645781119465,0.7688483433157671,0.873015873015873,0.9259259259259259,0.8333333333333334,0.8064516129032258,0.8620689655172413
283,0.02544591075507336,0.9927849927849928,0.9906204906204906,0.9942279942279942,0.9913357400722022,0.9909779862865391,0.5554498435332558,0.9206349206349206,0.8888888888888888,0.9444444444444444,0.9230769230769231,0.9056603773584906
284,0.008531117325924669,0.9968253968253968,0.9971139971139971,0.9966329966329966,0.9949604031677466,0.9960360360360361,0.6967266936520727,0.8888888888888888,0.9259259259259259,0.8611111111111112,0.8333333333333334,0.8771929824561403
285,0.004607375392453808,0.9980952380952381,0.9966583124477861,0.9987893462469734,0.9974916387959866,0.9970748015043878,0.8019827906243754,0.8571428571428571,0.9259259259259259,0.8055555555555556,0.78125,0.847457627118644
286,0.000641596319916544,0.9997278911564625,0.9991645781119465,1.0,1.0,0.9995821145006268,0.8530821731440642,0.8095238095238095,0.9259259259259259,0.7222222222222222,0.7142857142857143,0.8064516129032258
287,0.02583474112458898,0.9907647907647907,0.9877344877344877,0.9927849927849928,0.9891618497109826,0.9884476534296028,0.7228413283536654,0.873015873015873,0.9259259259259259,0.8333333333333334,0.8064516129032258,0.8620689655172413
288,0.014347765828458616,0.9949494949494949,0.9931457431457431,0.9961519961519961,0.994221740700614,0.9936834506406785,0.7623995365561097,0.8888888888888888,0.9259259259259259,0.8611111111111112,0.8333333333333334,0.8771929824561403
289,0.005597809347168457,0.9980952380952381,0.9974937343358395,0.9983857949959645,0.996661101836394,0.9970772442588727,0.4802792676036627,0.9206349206349206,0.9259259259259259,0.9166666666666666,0.8928571428571429,0.9090909090909091
290,0.015004601062133183,0.9949494949494949,0.9949494949494949,0.9949494949494949,0.9924433249370277,0.9936948297604036,0.683864236934044,0.8888888888888888,0.8888888888888888,0.8888888888888888,0.8571428571428571,0.8727272727272727
291,0.014790706133594586,0.9948051948051948,0.9920634920634921,0.9966329966329966,0.9949348769898697,0.9934971098265896,0.7427869195419748,0.8888888888888888,0.8518518518518519,0.9166666666666666,0.8846153846153846,0.8679245283018868
292,0.0037057453422431183,0.998639455782313,0.9974937343358395,0.9991928974979822,0.9983277591973244,0.9979105725031342,0.6750181515318607,0.8888888888888888,0.8888888888888888,0.8888888888888888,0.8571428571428571,0.8727272727272727
293,0.020751947966591733,0.9930735930735931,0.9906204906204906,0.9947089947089947,0.9920520231213873,0.9913357400722022,0.646515793766224,0.9047619047619048,0.8888888888888888,0.9166666666666666,0.8888888888888888,0.8888888888888888
294,0.004260783566179413,0.9983673469387755,0.9966583124477861,0.9991928974979822,0.998326359832636,0.9974916387959866,0.833182174304042,0.8253968253968254,0.8888888888888888,0.7777777777777778,0.75,0.8135593220338984
295,0.0007058105094249037,1.0,1.0,1.0,1.0,1.0,0.6826751207238033,0.8888888888888888,0.8888888888888888,0.8888888888888888,0.8571428571428571,0.8727272727272727
296,0.0002455549914473794,1.0,1.0,1.0,1.0,1.0,0.730284470112233,0.873015873015873,0.8888888888888888,0.8611111111111112,0.8275862068965517,0.8571428571428571
297,0.00017345014080816253,1.0,1.0,1.0,1.0,1.0,0.7384934866263176,0.8253968253968254,0.8888888888888888,0.7777777777777778,0.75,0.8135593220338984
298,0.030679583151797557,0.9900432900432901,0.9866522366522367,0.9923039923039924,0.9884351282977955,0.9875428777757718,0.7327396668849924,0.8888888888888888,0.8518518518518519,0.9166666666666666,0.8846153846153846,0.8679245283018868
299,0.01836821702709603,0.9937950937950938,0.990981240981241,0.9956709956709957,0.993490054249548,0.9922340617662995,0.8302715746574991,0.873015873015873,0.8888888888888888,0.8611111111111112,0.8275862068965517,0.8571428571428571
300,0.0024799708868017568,0.9994557823129252,0.9991645781119465,0.9995964487489911,0.9991645781119465,0.9991645781119465,0.9810623666918319,0.8571428571428571,0.8888888888888888,0.8333333333333334,0.8,0.8421052631578947
301,0.019384475263147405,0.9932178932178932,0.990981240981241,0.9947089947089947,0.9920548934633442,0.9915177765746255,0.6717361671363173,0.9047619047619048,0.8888888888888888,0.9166666666666666,0.8888888888888888,0.8888888888888888
302,0.017994573563787114,0.9933621933621933,0.9902597402597403,0.9954304954304954,0.9931259044862518,0.9916907514450867,0.8373417131028079,0.8253968253968254,0.8518518518518519,0.8055555555555556,0.7666666666666667,0.8070175438596491
303,0.0026143041529002138,0.9994557823129252,1.0,0.9991928974979822,0.9983319432860718,0.9991652754590985,0.7500370971998015,0.8571428571428571,0.8888888888888888,0.8333333333333334,0.8,0.8421052631578947
304,0.014220751233635441,0.9946608946608947,0.9931457431457431,0.9956709956709957,0.9935041501263082,0.9933249143063323,0.8149434447026117,0.8253968253968254,0.8518518518518519,0.8055555555555556,0.7666666666666667,0.8070175438596491
305,0.012602810019691553,0.9953823953823954,0.9949494949494949,0.9956709956709957,0.9935158501440923,0.9942321557317952,0.9044367907077281,0.8253968253968254,0.8518518518518519,0.8055555555555556,0.7666666666666667,0.8070175438596491
306,0.002125897327139831,0.9994557823129252,0.9991645781119465,0.9995964487489911,0.9991645781119465,0.9991645781119465,1.3537115109190512,0.8095238095238095,0.8888888888888888,0.75,0.7272727272727273,0.8
307,0.020457030272571248,0.9920634920634921,0.9906204906204906,0.993025493025493,0.9895495495495495,0.9900847304849468,0.54540639296211,0.8888888888888888,0.9259259259259259,0.8611111111111112,0.8333333333333334,0.8771929824561403
308,0.002207678168106089,0.9991836734693877,1.0,0.9987893462469734,0.9975,0.9987484355444305,0.6347130330959483,0.8888888888888888,0.8888888888888888,0.8888888888888888,0.8571428571428571,0.8727272727272727
309,0.006671896475785195,0.9978231292517007,0.9949874686716792,0.9991928974979822,0.9983235540653814,0.9966527196652719,0.8157283004940605,0.8571428571428571,0.9259259259259259,0.8055555555555556,0.78125,0.847457627118644
310,0.0017903654996600108,0.9994557823129252,1.0,0.9991928974979822,0.9983319432860718,0.9991652754590985,0.7972422449300731,0.8571428571428571,0.9259259259259259,0.8055555555555556,0.78125,0.847457627118644
311,0.0008222795473166178,0.9997278911564625,0.9991645781119465,1.0,1.0,0.9995821145006268,0.952300207226053,0.8412698412698413,0.9259259259259259,0.7777777777777778,0.7575757575757576,0.8333333333333334
312,0.029775675806742865,0.9901875901875902,0.9866522366522367,0.9925444925444925,0.9887924801156905,0.9877211989888046,0.641135883657077,0.8888888888888888,0.9259259259259259,0.8611111111111112,0.8333333333333334,0.8771929824561403
313,0.014035913750737929,0.9950937950937951,0.9935064935064936,0.9961519961519961,0.9942238267148015,0.9938650306748467,0.7321590647823917,0.873015873015873,0.8888888888888888,0.8611111111111112,0.8275862068965517,0.8571428571428571
314,0.012488890704662744,0.9958152958152958,0.9953102453102453,0.9961519961519961,0.9942342342342342,0.9947719488011538,0.7227995176693344,0.9047619047619048,0.8888888888888888,0.9166666666666666,0.8888888888888888,0.8888888888888888
315,0.017033252123394554,0.9936507936507937,0.9913419913419913,0.9951899951899952,0.9927745664739884,0.992057761732852,0.6257607872923097,0.9206349206349206,0.9259259259259259,0.9166666666666666,0.8928571428571429,0.9090909090909091
316,0.0076470284399747495,0.9976911976911977,0.9971139971139971,0.9980759980759981,0.9971139971139971,0.9971139971139971,0.6605159565774051,0.9047619047619048,0.8888888888888888,0.9166666666666666,0.8888888888888888,0.8888888888888888
317,0.0074652608337660185,0.997979797979798,0.9963924963924964,0.9990379990379991,0.9985538684020245,0.9974720115565185,0.8527482657957571,0.873015873015873,0.8888888888888888,0.8611111111111112,0.8275862068965517,0.8571428571428571
318,0.013779281919147963,0.9952380952380953,0.9942279942279942,0.9959114959114959,0.993869455463397,0.99404869251578,0.7365506295949066,0.9047619047619048,0.9259259259259259,0.8888888888888888,0.8620689655172413,0.8928571428571429
319,0.00963409049423431,0.9974025974025974,0.9974747474747475,0.9973544973544973,0.9960374639769453,0.9967555875991349,0.7887818127462182,0.8888888888888888,0.9259259259259259,0.8611111111111112,0.8333333333333334,0.8771929824561403
320,0.006128652723998338,0.9981240981240981,0.9974747474747475,0.9985569985569985,0.9978347167087694,0.9976546996211438,0.6838801684752402,0.9047619047619048,0.9259259259259259,0.8888888888888888,0.8620689655172413,0.8928571428571429
321,0.012045773088437819,0.9962481962481963,0.9949494949494949,0.9971139971139971,0.9956678700361011,0.9953085528690003,0.7962235893281768,0.873015873015873,0.8518518518518519,0.8888888888888888,0.8518518518518519,0.8518518518518519
322,0.011563769864674535,0.9961038961038962,0.9949494949494949,0.9968734968734969,0.9953085528690003,0.9951289915208371,0.7973731677251173,0.9047619047619048,0.8888888888888888,0.9166666666666666,0.8888888888888888,0.8888888888888888
323,0.008754867611203079,0.9975510204081632,0.9974937343358395,0.9975786924939467,0.995,0.9962453066332916,0.7052992651662198,0.8571428571428571,0.9259259259259259,0.8055555555555556,0.78125,0.847457627118644
324,0.010314871692496808,0.9968253968253968,0.9956709956709957,0.9975949975949976,0.9963898916967509,0.9960303139660772,0.8274788727003541,0.873015873015873,0.8518518518518519,0.8888888888888888,0.8518518518518519,0.8518518518518519
325,0.0115510657062632,0.9956709956709957,0.9945887445887446,0.9963924963924964,0.9945887445887446,0.9945887445887446,0.7039940547390234,0.9206349206349206,0.9259259259259259,0.9166666666666666,0.8928571428571429,0.9090909090909091
326,0.005314844575109511,0.9975510204081632,0.9966583124477861,0.9979822437449556,0.9958263772954925,0.9962421711899792,0.7733349535237288,0.8888888888888888,0.9259259259259259,0.8611111111111112,0.8333333333333334,0.8771929824561403
327,0.011897580983778421,0.9958152958152958,0.9942279942279942,0.9968734968734969,0.9953051643192489,0.9947662876737051,0.7852525986977742,0.873015873015873,0.8888888888888888,0.8611111111111112,0.8275862068965517,0.8571428571428571
328,0.004539226522370436,0.998639455782313,0.9974937343358395,0.9991928974979822,0.9983277591973244,0.9979105725031342,0.8059942256811718,0.8888888888888888,0.9259259259259259,0.8611111111111112,0.8333333333333334,0.8771929824561403
329,0.016173446494798696,0.9942279942279942,0.9927849927849928,0.9951899951899952,0.9927849927849928,0.9927849927849928,0.9446130514155061,0.8095238095238095,0.8518518518518519,0.7777777777777778,0.7419354838709677,0.7931034482758621
330,0.014080266608294869,0.9956709956709957,0.9949494949494949,0.9961519961519961,0.9942321557317952,0.994590695997115,0.9473513044612778,0.8095238095238095,0.8518518518518519,0.7777777777777778,0.7419354838709677,0.7931034482758621
331,0.007718412690282384,0.9983673469387755,0.9983291562238931,0.9983857949959645,0.9966638865721434,0.9974958263772955,0.7694376547588035,0.8412698412698413,0.9259259259259259,0.7777777777777778,0.7575757575757576,0.8333333333333334
332,0.0009343216204305011,1.0,1.0,1.0,1.0,1.0,0.8684136012609723,0.8412698412698413,0.9259259259259259,0.7777777777777778,0.7575757575757576,0.8333333333333334
333,0.023418019457319066,0.9926406926406927,0.990981240981241,0.9937469937469937,0.9906238730616661,0.9908025247971145,0.8213687631336691,0.8412698412698413,0.8518518518518519,0.8333333333333334,0.7931034482758621,0.8214285714285714
334,0.009229472465454087,0.9974025974025974,0.9971139971139971,0.9975949975949976,0.996395097332372,0.996754417598269,0.8696196699071036,0.873015873015873,0.8518518518518519,0.8888888888888888,0.8518518518518519,0.8518518518518519
335,0.0030531974816351845,0.9983673469387755,0.9974937343358395,0.9987893462469734,0.9974937343358395,0.9974937343358395,0.7930223385799706,0.873015873015873,0.9259259259259259,0.8333333333333334,0.8064516129032258,0.8620689655172413
336,0.012364300510186391,0.9965367965367965,0.9956709956709957,0.9971139971139971,0.9956709956709957,0.9956709956709957,0.8067529848388707,0.873015873015873,0.8518518518518519,0.8888888888888888,0.8518518518518519,0.8518518518518519
337,0.002793467285142828,0.9991836734693877,0.9983291562238931,0.9995964487489911,0.9991638795986622,0.9987463435018805,0.9266366708704034,0.8253968253968254,0.8518518518518519,0.8055555555555556,0.7666666666666667,0.8070175438596491
338,0.0015644104719281966,0.9991836734693877,0.9983291562238931,0.9995964487489911,0.9991638795986622,0.9987463435018805,0.8159769413371881,0.873015873015873,0.8888888888888888,0.8611111111111112,0.8275862068965517,0.8571428571428571
339,0.00029015528824442497,1.0,1.0,1.0,1.0,1.0,0.7830153202161282,0.873015873015873,0.8888888888888888,0.8611111111111112,0.8275862068965517,0.8571428571428571
340,0.0012173111421819522,0.9994557823129252,0.9991645781119465,0.9995964487489911,0.9991645781119465,0.9991645781119465,1.0982593296050456,0.8412698412698413,0.9259259259259259,0.7777777777777778,0.7575757575757576,0.8333333333333334
341,0.026068211547198166,0.9914862914862915,0.9888167388167388,0.9932659932659933,0.9898880462260744,0.9893521025085724,0.748636519148325,0.873015873015873,0.9259259259259259,0.8333333333333334,0.8064516129032258,0.8620689655172413
342,0.010246059248424604,0.9959595959595959,0.9956709956709957,0.9961519961519961,0.9942363112391931,0.9949531362653208,0.8634370358435378,0.8571428571428571,0.8888888888888888,0.8333333333333334,0.8,0.8421052631578947
343,0.0010583648260425044,0.9997278911564625,0.9991645781119465,1.0,1.0,0.9995821145006268,0.7876024100049916,0.873015873015873,0.8888888888888888,0.8611111111111112,0.8275862068965517,0.8571428571428571
344,0.010843971887237862,0.9963924963924964,0.9956709956709957,0.9968734968734969,0.995311936530833,0.9954914337240758,0.7965664102156307,0.8888888888888888,0.8888888888888888,0.8888888888888888,0.8571428571428571,0.8727272727272727
345,0.0030950765561674354,0.9989115646258503,0.9991645781119465,0.9987893462469734,0.9974979149291076,0.998330550918197,0.6118801461249989,0.873015873015873,0.8888888888888888,0.8611111111111112,0.8275862068965517,0.8571428571428571
346,0.008682605429799605,0.9975468975468975,0.9967532467532467,0.9980759980759981,0.9971129556116926,0.9969330687353418,0.9723183631924459,0.8253968253968254,0.8518518518518519,0.8055555555555556,0.7666666666666667,0.8070175438596491
347,0.013986961028869496,0.9949494949494949,0.9935064935064936,0.9959114959114959,0.9938650306748467,0.9936857297492333,0.812379646923156,0.8571428571428571,0.8518518518518519,0.8611111111111112,0.8214285714285714,0.8363636363636363
348,0.015123450672944395,0.9952380952380953,0.9935064935064936,0.9963924963924964,0.9945828819068255,0.9940443963183541,0.694792533043905,0.8571428571428571,0.8148148148148148,0.8888888888888888,0.8461538461538461,0.8301886792452831
349,0.013864970575199325,0.9945165945165945,0.9924242424242424,0.9959114959114959,0.9938583815028902,0.9931407942238267,0.8250022617774824,0.8412698412698413,0.8518518518518519,0.8333333333333334,0.7931034482758621,0.8214285714285714
350,0.004182720474350792,0.9983673469387755,0.9974937343358395,0.9987893462469734,0.9974937343358395,0.9974937343358395,0.656443143843688,0.8571428571428571,0.8888888888888888,0.8333333333333334,0.8,0.8421052631578947
351,0.008511815632917396,0.9971139971139971,0.996031746031746,0.9978354978354979,0.9967509025270758,0.9963911945146157,0.9042112693264027,0.8253968253968254,0.8148148148148148,0.8333333333333334,0.7857142857142857,0.8
352,0.0031360511674480766,0.998639455782313,0.9983291562238931,0.9987893462469734,0.9974958263772955,0.9979123173277662,0.9073037306767969,0.8253968253968254,0.8888888888888888,0.7777777777777778,0.75,0.8135593220338984
353,0.01781030612079281,0.9946608946608947,0.9938672438672439,0.9951899951899952,0.9927927927927928,0.9933297277807824,0.9014306195442461,0.873015873015873,0.8518518518518519,0.8888888888888888,0.8518518518518519,0.8518518518518519
354,0.006846381910573651,0.9975468975468975,0.9967532467532467,0.9980759980759981,0.9971129556116926,0.9969330687353418,1.041904793787075,0.8571428571428571,0.8518518518518519,0.8611111111111112,0.8214285714285714,0.8363636363636363
355,0.003231964646561426,0.9980952380952381,0.9966583124477861,0.9987893462469734,0.9974916387959866,0.9970748015043878,1.2966643143417536,0.8095238095238095,0.8888888888888888,0.75,0.7272727272727273,0.8
356,0.015783093357496506,0.9945165945165945,0.9920634920634921,0.9961519961519961,0.9942154736080984,0.9931383170819791,1.0584685125213582,0.8571428571428571,0.8888888888888888,0.8333333333333334,0.8,0.8421052631578947
357,0.007925353881541483,0.9974025974025974,0.9971139971139971,0.9975949975949976,0.996395097332372,0.996754417598269,0.905091797067259,0.8571428571428571,0.8888888888888888,0.8333333333333334,0.8,0.8421052631578947
358,0.003168207808965136,0.998639455782313,0.9983291562238931,0.9987893462469734,0.9974958263772955,0.9979123173277662,0.7600820334055387,0.8412698412698413,0.8888888888888888,0.8055555555555556,0.7741935483870968,0.8275862068965517
359,0.0027968675221002118,0.9989115646258503,0.9983291562238931,0.9991928974979822,0.9983291562238931,0.9983291562238931,0.7828004149394849,0.8571428571428571,0.8888888888888888,0.8333333333333334,0.8,0.8421052631578947
360,0.00041521059519842543,1.0,1.0,1.0,1.0,1.0,0.7604445169799008,0.8888888888888888,0.9259259259259259,0.8611111111111112,0.8333333333333334,0.8771929824561403
361,0.019607662675291782,0.9935064935064936,0.9913419913419913,0.9949494949494949,0.9924160346695557,0.991878722252301,1.0112532705829909,0.7936507936507936,0.8518518518518519,0.75,0.71875,0.7796610169491526
362,0.009826892074292564,0.9972789115646259,0.9983291562238931,0.9967715899919289,0.9933499584372403,0.9958333333333333,0.6681612961045984,0.8571428571428571,0.8518518518518519,0.8611111111111112,0.8214285714285714,0.8363636363636363
363,0.0012431705980973484,0.9994557823129252,0.9991645781119465,0.9995964487489911,0.9991645781119465,0.9991645781119465,0.7227572308278584,0.8571428571428571,0.8888888888888888,0.8333333333333334,0.8,0.8421052631578947
364,0.016824767977891463,0.9940836940836941,0.9931457431457431,0.9947089947089947,0.992072072072072,0.9926086172705967,0.7214132126380083,0.873015873015873,0.8148148148148148,0.9166666666666666,0.88,0.8461538461538461
365,0.007940942155438157,0.9978354978354979,0.9974747474747475,0.9980759980759981,0.997115037865128,0.9972948602344455,0.8919729380046076,0.8412698412698413,0.8518518518518519,0.8333333333333334,0.7931034482758621,0.8214285714285714
366,0.01318121963404193,0.9956709956709957,0.9945887445887446,0.9963924963924964,0.9945887445887446,0.9945887445887446,0.9332800357566041,0.8253968253968254,0.8148148148148148,0.8333333333333334,0.7857142857142857,0.8
367,0.011997145703307677,0.9963924963924964,0.9945887445887446,0.9975949975949976,0.996385977593061,0.9954865499187578,0.7207275132190377,0.9047619047619048,0.8888888888888888,0.9166666666666666,0.8888888888888888,0.8888888888888888
368,0.005829508309153447,0.9988455988455989,0.9989177489177489,0.9987974987974988,0.998197548666186,0.9985575189325641,0.724587282016901,0.873015873015873,0.8148148148148148,0.9166666666666666,0.88,0.8461538461538461
369,0.012608759321586005,0.9959595959595959,0.9956709956709957,0.9961519961519961,0.9942363112391931,0.9949531362653208,0.8984300160835061,0.8571428571428571,0.8518518518518519,0.8611111111111112,0.8214285714285714,0.8363636363636363
370,0.001784589098941465,0.9997278911564625,1.0,0.9995964487489911,0.9991652754590985,0.9995824634655532,0.9294362472922778,0.8412698412698413,0.8518518518518519,0.8333333333333334,0.7931034482758621,0.8214285714285714
371,0.012815552483929132,0.9956709956709957,0.9945887445887446,0.9963924963924964,0.9945887445887446,0.9945887445887446,0.7649403047389425,0.9047619047619048,0.8888888888888888,0.9166666666666666,0.8888888888888888,0.8888888888888888
372,0.00675623697748243,0.9978231292517007,0.9966583124477861,0.9983857949959645,0.9966583124477861,0.9966583124477861,0.7067860137996456,0.9206349206349206,0.9259259259259259,0.9166666666666666,0.8928571428571429,0.9090909090909091
373,0.0010745004579313195,0.9997278911564625,1.0,0.9995964487489911,0.9991652754590985,0.9995824634655532,0.8035796180871936,0.873015873015873,0.8888888888888888,0.8611111111111112,0.8275862068965517,0.8571428571428571
374,0.013147581213800314,0.9952380952380953,0.9945887445887446,0.9956709956709957,0.9935135135135135,0.9940508382909681,0.8188125190333396,0.8571428571428571,0.8148148148148148,0.8888888888888888,0.8461538461538461,0.8301886792452831
375,0.010501151669772663,0.9966810966810967,0.9956709956709957,0.9973544973544973,0.9960303139660772,0.995850622406639,0.767357459207276,0.9047619047619048,0.9259259259259259,0.8888888888888888,0.8620689655172413,0.8928571428571429
376,0.0038607327563396723,0.9991836734693877,0.9991645781119465,0.9991928974979822,0.998330550918197,0.9987473903966597,0.7157629691877417,0.8888888888888888,0.9259259259259259,0.8611111111111112,0.8333333333333334,0.8771929824561403
377,0.00041058870135975975,1.0,1.0,1.0,1.0,1.0,0.8136822367863109,0.873015873015873,0.9259259259259259,0.8333333333333334,0.8064516129032258,0.8620689655172413
378,0.016120908802330178,0.9943722943722944,0.9935064935064936,0.9949494949494949,0.9924324324324324,0.9929691725256896,0.6226871223743295,0.873015873015873,0.8888888888888888,0.8611111111111112,0.8275862068965517,0.8571428571428571
379,0.010512056094777617,0.9966810966810967,0.9956709956709957,0.9973544973544973,0.9960303139660772,0.995850622406639,0.7324344411548708,0.8888888888888888,0.9259259259259259,0.8611111111111112,0.8333333333333334,0.8771929824561403
380,0.002920628887200079,0.9994557823129252,0.9991645781119465,0.9995964487489911,0.9991645781119465,0.9991645781119465,0.8003293302698737,0.8412698412698413,0.8518518518518519,0.8333333333333334,0.7931034482758621,0.8214285714285714
381,0.008209858134548595,0.9976911976911977,0.9971139971139971,0.9980759980759981,0.9971139971139971,0.9971139971139971,0.5823049332146415,0.9206349206349206,0.8888888888888888,0.9444444444444444,0.9230769230769231,0.9056603773584906
382,0.0021232321827441177,0.9994557823129252,1.0,0.9991928974979822,0.9983319432860718,0.9991652754590985,0.6426297837816592,0.9206349206349206,0.9259259259259259,0.9166666666666666,0.8928571428571429,0.9090909090909091
383,0.002713065402661036,0.9991836734693877,0.9991645781119465,0.9991928974979822,0.998330550918197,0.9987473903966597,0.5797737777438237,0.9206349206349206,0.9259259259259259,0.9166666666666666,0.8928571428571429,0.9090909090909091
384,0.00023044582351814118,1.0,1.0,1.0,1.0,1.0,0.5779047878514532,0.9206349206349206,0.9259259259259259,0.9166666666666666,0.8928571428571429,0.9090909090909091
385,0.01718410548895482,0.9943722943722944,0.9931457431457431,0.9951899951899952,0.9927875946628201,0.9929666366095582,0.6754779219978474,0.873015873015873,0.8518518518518519,0.8888888888888888,0.8518518518518519,0.8518518518518519
386,0.004988614098358183,0.9980952380952381,0.9974937343358395,0.9983857949959645,0.996661101836394,0.9970772442588727,0.7423168779092116,0.8412698412698413,0.8888888888888888,0.8055555555555556,0.7741935483870968,0.8275862068965517
387,0.0007973737362217868,0.9997278911564625,0.9991645781119465,1.0,1.0,0.9995821145006268,0.5805205870706159,0.8571428571428571,0.8888888888888888,0.8333333333333334,0.8,0.8421052631578947
388,0.01725814747846263,0.9940836940836941,0.9931457431457431,0.9947089947089947,0.992072072072072,0.9926086172705967,0.5243250947216496,0.9206349206349206,0.9259259259259259,0.9166666666666666,0.8928571428571429,0.9090909090909091
389,0.0033239139394191583,0.9989115646258503,0.9983291562238931,0.9991928974979822,0.9983291562238931,0.9983291562238931,0.5651466282646335,0.873015873015873,0.9259259259259259,0.8333333333333334,0.8064516129032258,0.8620689655172413
390,0.012739730011791893,0.9959595959595959,0.9949494949494949,0.9966329966329966,0.9949494949494949,0.9949494949494949,0.6615650823186447,0.8888888888888888,0.9259259259259259,0.8611111111111112,0.8333333333333334,0.8771929824561403
391,0.007004704232918788,0.9978354978354979,0.9978354978354979,0.9978354978354979,0.9967567567567568,0.9972958355868037,0.8053020558337078,0.8888888888888888,0.9259259259259259,0.8611111111111112,0.8333333333333334,0.8771929824561403
392,0.0018974744194412134,0.9983673469387755,0.9983291562238931,0.9983857949959645,0.9966638865721434,0.9974958263772955,0.6602093781924822,0.8888888888888888,0.9259259259259259,0.8611111111111112,0.8333333333333334,0.8771929824561403
393,0.0011704540408539528,0.9997278911564625,0.9991645781119465,1.0,1.0,0.9995821145006268,0.7174693626623753,0.873015873015873,0.9259259259259259,0.8333333333333334,0.8064516129032258,0.8620689655172413
394,0.010566924555139134,0.9959595959595959,0.996031746031746,0.9959114959114959,0.9938804895608351,0.994954954954955,0.8228297959604312,0.8888888888888888,0.9259259259259259,0.8611111111111112,0.8333333333333334,0.8771929824561403
395,0.012443938520284687,0.9961038961038962,0.996031746031746,0.9961519961519961,0.9942383867482896,0.9951342584249414,0.8134768226732304,0.8888888888888888,0.9259259259259259,0.8611111111111112,0.8333333333333334,0.8771929824561403
396,0.01041594489314123,0.9962481962481963,0.9956709956709957,0.9966329966329966,0.9949531362653208,0.995311936530833,0.7162479675838739,0.9047619047619048,0.9259259259259259,0.8888888888888888,0.8620689655172413,0.8928571428571429
397,0.004019974203611561,0.998639455782313,0.9983291562238931,0.9987893462469734,0.9974958263772955,0.9979123173277662,1.0489672938595518,0.8412698412698413,0.9259259259259259,0.7777777777777778,0.7575757575757576,0.8333333333333334
398,0.00023011874087783667,1.0,1.0,1.0,1.0,1.0,1.1321084286286753,0.8253968253968254,0.9259259259259259,0.75,0.7352941176470589,0.819672131147541
399,0.01577118015272533,0.9946608946608947,0.9935064935064936,0.9954304954304954,0.9931482149296791,0.9933273219116321,0.7667064586001087,0.873015873015873,0.9259259259259259,0.8333333333333334,0.8064516129032258,0.8620689655172413
400,0.006557357153012975,0.9981240981240981,0.9971139971139971,0.9987974987974988,0.9981942939689419,0.9976538530951092,0.7213493776955783,0.873015873015873,0.9259259259259259,0.8333333333333334,0.8064516129032258,0.8620689655172413
401,0.010684917732529123,0.9974025974025974,0.996031746031746,0.9983164983164983,0.997471098265896,0.9967509025270758,0.7845269107187743,0.8571428571428571,0.8888888888888888,0.8333333333333334,0.8,0.8421052631578947
402,0.0034494558100265508,0.9989115646258503,0.9983291562238931,0.9991928974979822,0.9983291562238931,0.9983291562238931,0.9648161341001036,0.8095238095238095,0.8888888888888888,0.75,0.7272727272727273,0.8
403,0.007076535916349328,0.9974025974025974,0.9967532467532467,0.9978354978354979,0.9967532467532467,0.9967532467532467,0.7273192756580852,0.9206349206349206,0.9259259259259259,0.9166666666666666,0.8928571428571429,0.9090909090909091
404,0.004421737561517927,0.9983673469387755,0.9983291562238931,0.9983857949959645,0.9966638865721434,0.9974958263772955,0.8437419281209937,0.873015873015873,0.8888888888888888,0.8611111111111112,0.8275862068965517,0.8571428571428571
405,0.0024532550425231292,0.9991836734693877,0.9991645781119465,0.9991928974979822,0.998330550918197,0.9987473903966597,0.7341571754155983,0.873015873015873,0.9259259259259259,0.8333333333333334,0.8064516129032258,0.8620689655172413
406,0.0012059833812404607,0.9997278911564625,1.0,0.9995964487489911,0.9991652754590985,0.9995824634655532,0.6803115470781146,0.9047619047619048,0.9259259259259259,0.8888888888888888,0.8620689655172413,0.8928571428571429
407,0.0006830763224580445,0.9997278911564625,0.9991645781119465,1.0,1.0,0.9995821145006268,0.9479037859229489,0.8412698412698413,0.9629629629629629,0.75,0.7428571428571429,0.8387096774193549
408,0.019214788210554494,0.9940836940836941,0.9927849927849928,0.9949494949494949,0.9924269743959611,0.9926059513074842,0.5764440096432476,0.8888888888888888,0.9259259259259259,0.8611111111111112,0.8333333333333334,0.8771929824561403
409,0.001738482370683971,0.9997278911564625,0.9991645781119465,1.0,1.0,0.9995821145006268,0.6990613513469089,0.8888888888888888,0.9259259259259259,0.8611111111111112,0.8333333333333334,0.8771929824561403
410,0.00033656269905538904,1.0,1.0,1.0,1.0,1.0,0.7457602661715577,0.8888888888888888,0.9259259259259259,0.8611111111111112,0.8333333333333334,0.8771929824561403
411,0.012130694270736963,0.9961038961038962,0.9945887445887446,0.9971139971139971,0.9956663055254604,0.9951272333513806,0.8055027106219357,0.8888888888888888,0.9259259259259259,0.8611111111111112,0.8333333333333334,0.8771929824561403
412,0.011396186543274707,0.9959595959595959,0.9945887445887446,0.9968734968734969,0.9953068592057762,0.9949476723204619,0.662718650728551,0.8888888888888888,0.8888888888888888,0.8888888888888888,0.8571428571428571,0.8727272727272727
413,0.002684789212124793,0.9991836734693877,0.9991645781119465,0.9991928974979822,0.998330550918197,0.9987473903966597,0.7203978823277534,0.873015873015873,0.9259259259259259,0.8333333333333334,0.8064516129032258,0.8620689655172413
414,0.014569006138947365,0.9953823953823954,0.9935064935064936,0.9966329966329966,0.994942196531792,0.9942238267148015,0.5719403431017233,0.9206349206349206,0.9259259259259259,0.9166666666666666,0.8928571428571429,0.9090909090909091
415,0.00188054834513689,0.9997278911564625,1.0,0.9995964487489911,0.9991652754590985,0.9995824634655532,0.5144487889003126,0.9206349206349206,0.9259259259259259,0.9166666666666666,0.8928571428571429,0.9090909090909091
416,0.011912894067561125,0.9956709956709957,0.9938672438672439,0.9968734968734969,0.9953034682080925,0.9945848375451264,0.7615230465767487,0.8571428571428571,0.8888888888888888,0.8333333333333334,0.8,0.8421052631578947
417,0.0022637050524734114,0.9994557823129252,0.9991645781119465,0.9995964487489911,0.9991645781119465,0.9991645781119465,0.6800066008484767,0.873015873015873,0.8888888888888888,0.8611111111111112,0.8275862068965517,0.8571428571428571
418,0.0003141228581001019,1.0,1.0,1.0,1.0,1.0,0.7048883025138547,0.873015873015873,0.9259259259259259,0.8333333333333334,0.8064516129032258,0.8620689655172413
419,0.00024366552694118581,1.0,1.0,1.0,1.0,1.0,0.8560662309538447,0.8412698412698413,0.9259259259259259,0.7777777777777778,0.7575757575757576,0.8333333333333334
420,0.00013056613473011003,1.0,1.0,1.0,1.0,1.0,0.8147485028434497,0.8888888888888888,0.9259259259259259,0.8611111111111112,0.8333333333333334,0.8771929824561403
421,9.715015111019088e-05,1.0,1.0,1.0,1.0,1.0,0.8633105496712868,0.8412698412698413,0.9259259259259259,0.7777777777777778,0.7575757575757576,0.8333333333333334
422,0.017505713365253896,0.9942279942279942,0.9924242424242424,0.9954304954304954,0.9931407942238267,0.9927823890292313,0.597323410088263,0.8888888888888888,0.8888888888888888,0.8888888888888888,0.8571428571428571,0.8727272727272727
423,0.0038203639616507905,0.998639455782313,0.9991645781119465,0.9983857949959645,0.9966666666666667,0.9979140592407175,0.8122088318877292,0.8571428571428571,0.9259259259259259,0.8055555555555556,0.78125,0.847457627118644
424,0.00027663107245105644,1.0,1.0,1.0,1.0,1.0,0.9202709349832269,0.8571428571428571,0.9259259259259259,0.8055555555555556,0.78125,0.847457627118644
425,0.00024307031554667293,1.0,1.0,1.0,1.0,1.0,0.910623180384319,0.8571428571428571,0.9259259259259259,0.8055555555555556,0.78125,0.847457627118644
426,0.00013947701391010255,1.0,1.0,1.0,1.0,1.0,0.8980432606019478,0.8571428571428571,0.9259259259259259,0.8055555555555556,0.78125,0.847457627118644
427,7.139013880758556e-05,1.0,1.0,1.0,1.0,1.0,0.8813742940034163,0.8571428571428571,0.9259259259259259,0.8055555555555556,0.78125,0.847457627118644
428,6.509861947608664e-05,1.0,1.0,1.0,1.0,1.0,0.9222783602484029,0.873015873015873,0.9259259259259259,0.8333333333333334,0.8064516129032258,0.8620689655172413
429,0.02226715704538112,0.9920634920634921,0.9902597402597403,0.9932659932659933,0.9899026325279481,0.9900811541929666,0.6272635157880676,0.9047619047619048,0.9259259259259259,0.8888888888888888,0.8620689655172413,0.8928571428571429
430,0.007620688982174025,0.9974025974025974,0.9967532467532467,0.9978354978354979,0.9967532467532467,0.9967532467532467,0.6332834073589997,0.8888888888888888,0.9259259259259259,0.8611111111111112,0.8333333333333334,0.8771929824561403
431,0.009873395390511413,0.9968253968253968,0.9963924963924964,0.9971139971139971,0.9956741167988464,0.9960331770645511,0.629898900594858,0.9206349206349206,0.9259259259259259,0.9166666666666666,0.8928571428571429,0.9090909090909091
432,0.005171150687401306,0.998639455782313,0.9974937343358395,0.9991928974979822,0.9983277591973244,0.9979105725031342,0.4902579196994858,0.8888888888888888,0.9259259259259259,0.8611111111111112,0.8333333333333334,0.8771929824561403
433,0.010473351873007792,0.9968253968253968,0.996031746031746,0.9973544973544973,0.996031746031746,0.996031746031746,0.642390770108683,0.9206349206349206,0.9259259259259259,0.9166666666666666,0.8928571428571429,0.9090909090909091
434,0.001824228233902487,0.9991836734693877,0.9991645781119465,0.9991928974979822,0.998330550918197,0.9987473903966597,0.701638153199816,0.8888888888888888,0.9259259259259259,0.8611111111111112,0.8333333333333334,0.8771929824561403
435,0.012211116072745087,0.9955266955266955,0.9956709956709957,0.9954304954304954,0.9931630082763584,0.9944154206449288,0.6939162024110186,0.8888888888888888,0.9259259259259259,0.8611111111111112,0.8333333333333334,0.8771929824561403
436,0.0029532663301437253,0.9989115646258503,0.9983291562238931,0.9991928974979822,0.9983291562238931,0.9983291562238931,0.6877780679358347,0.873015873015873,0.9259259259259259,0.8333333333333334,0.8064516129032258,0.8620689655172413
437,0.010302761222750235,0.9961038961038962,0.9953102453102453,0.9966329966329966,0.994951316263974,0.9951307484220018,0.6762822610640248,0.9047619047619048,0.9259259259259259,0.8888888888888888,0.8620689655172413,0.8928571428571429
438,0.006330320742456252,0.9981240981240981,0.9974747474747475,0.9985569985569985,0.9978347167087694,0.9976546996211438,0.797211723871153,0.8888888888888888,0.9259259259259259,0.8611111111111112,0.8333333333333334,0.8771929824561403
439,0.0012161762143630174,0.9997278911564625,0.9991645781119465,1.0,1.0,0.9995821145006268,0.7998986768096017,0.873015873015873,0.9259259259259259,0.8333333333333334,0.8064516129032258,0.8620689655172413
440,0.0008731405561792642,0.9997278911564625,1.0,0.9995964487489911,0.9991652754590985,0.9995824634655532,0.7880904905150168,0.8888888888888888,0.9259259259259259,0.8611111111111112,0.8333333333333334,0.8771929824561403
441,0.0021763283904988537,0.9991836734693877,0.9991645781119465,0.9991928974979822,0.998330550918197,0.9987473903966597,0.8677713607210622,0.8571428571428571,0.9259259259259259,0.8055555555555556,0.78125,0.847457627118644
442,0.02008660502692659,0.9923520923520923,0.9895382395382395,0.9942279942279942,0.9913263462233466,0.9904314858277667,0.5471282349820877,0.9206349206349206,0.9259259259259259,0.9166666666666666,0.8928571428571429,0.9090909090909091
443,0.0015088845344351804,0.9994557823129252,0.9991645781119465,0.9995964487489911,0.9991645781119465,0.9991645781119465,0.5566500571181273,0.9047619047619048,0.9259259259259259,0.8888888888888888,0.8620689655172413,0.8928571428571429
444,0.008189910908353457,0.9975468975468975,0.9974747474747475,0.9975949975949976,0.9963963963963964,0.9969352803317109,0.5944697350658115,0.9047619047619048,0.9259259259259259,0.8888888888888888,0.8620689655172413,0.8928571428571429
445,0.01117654156737464,0.9965367965367965,0.9956709956709957,0.9971139971139971,0.9956709956709957,0.9956709956709957,0.504751652797697,0.9206349206349206,0.9259259259259259,0.9166666666666666,0.8928571428571429,0.9090909090909091
446,0.0030277062442270897,0.9989115646258503,0.9991645781119465,0.9987893462469734,0.9974979149291076,0.998330550918197,0.4806846879110376,0.9047619047619048,0.9259259259259259,0.8888888888888888,0.8620689655172413,0.8928571428571429
447,0.00041086241071901225,1.0,1.0,1.0,1.0,1.0,0.4848003728247787,0.9047619047619048,0.9259259259259259,0.8888888888888888,0.8620689655172413,0.8928571428571429
448,0.012464203076194752,0.9959595959595959,0.9953102453102453,0.9963924963924964,0.994592645998558,0.994951316263974,0.5686068932677338,0.9047619047619048,0.8518518518518519,0.9444444444444444,0.92,0.8846153846153846
449,0.0022343670802192285,0.9991836734693877,1.0,0.9987893462469734,0.9975,0.9987484355444305,0.5904480028211043,0.9206349206349206,0.9259259259259259,0.9166666666666666,0.8928571428571429,0.9090909090909091
450,0.013508565026322777,0.9959595959595959,0.9949494949494949,0.9966329966329966,0.9949494949494949,0.9949494949494949,0.6547495109834782,0.9047619047619048,0.8888888888888888,0.9166666666666666,0.8888888888888888,0.8888888888888888
451,0.006933872157183354,0.9978354978354979,0.9971139971139971,0.9983164983164983,0.997473836160231,0.9972938841782428,0.7215540735485283,0.873015873015873,0.8518518518518519,0.8888888888888888,0.8518518518518519,0.8518518518518519
452,0.008523916914021936,0.9968253968253968,0.9953102453102453,0.9978354978354979,0.9967485549132948,0.996028880866426,0.6900632788749627,0.9047619047619048,0.9259259259259259,0.8888888888888888,0.8620689655172413,0.8928571428571429
453,0.006487837816642452,0.997979797979798,0.9971139971139971,0.9985569985569985,0.9978339350180505,0.997473836160231,0.8064339552153205,0.8888888888888888,0.8888888888888888,0.8888888888888888,0.8571428571428571,0.8727272727272727
454,0.0023279815028024817,0.9991836734693877,0.9991645781119465,0.9991928974979822,0.998330550918197,0.9987473903966597,0.6455053885038646,0.9047619047619048,0.9259259259259259,0.8888888888888888,0.8620689655172413,0.8928571428571429
455,0.009990042060880984,0.9966810966810967,0.9956709956709957,0.9973544973544973,0.9960303139660772,0.995850622406639,0.7000653531498439,0.8888888888888888,0.8888888888888888,0.8888888888888888,0.8571428571428571,0.8727272727272727
456,0.006268277686272342,0.9981240981240981,0.9971139971139971,0.9987974987974988,0.9981942939689419,0.9976538530951092,0.7374872187765071,0.9047619047619048,0.9259259259259259,0.8888888888888888,0.8620689655172413,0.8928571428571429
457,0.009309085733945142,0.9968253968253968,0.9967532467532467,0.9968734968734969,0.9953170028818443,0.9960346070656092,0.6727846396919747,0.873015873015873,0.8518518518518519,0.8888888888888888,0.8518518518518519,0.8518518518518519
458,0.0009989491203725798,1.0,1.0,1.0,1.0,1.0,0.6544849973674106,0.8888888888888888,0.8518518518518519,0.9166666666666666,0.8846153846153846,0.8679245283018868
459,0.00043917396025641876,1.0,1.0,1.0,1.0,1.0,0.6760779518233557,0.8888888888888888,0.8888888888888888,0.8888888888888888,0.8571428571428571,0.8727272727272727
460,0.0012658796597253942,0.9991836734693877,0.9983291562238931,0.9995964487489911,0.9991638795986622,0.9987463435018805,0.7481449391641599,0.873015873015873,0.8888888888888888,0.8611111111111112,0.8275862068965517,0.8571428571428571
461,0.011116003160010724,0.9963924963924964,0.9953102453102453,0.9971139971139971,0.9956694334175388,0.995489806963738,0.6741544849475816,0.9047619047619048,0.8888888888888888,0.9166666666666666,0.8888888888888888,0.8888888888888888
462,0.0015278370810441395,0.9997278911564625,1.0,0.9995964487489911,0.9991652754590985,0.9995824634655532,0.7145480454009163,0.8888888888888888,0.9259259259259259,0.8611111111111112,0.8333333333333334,0.8771929824561403
463,0.010796380470569989,0.9962481962481963,0.9956709956709957,0.9966329966329966,0.9949531362653208,0.995311936530833,0.7540595444895897,0.873015873015873,0.9259259259259259,0.8333333333333334,0.8064516129032258,0.8620689655172413
464,0.0013725579966785827,0.9991836734693877,1.0,0.9987893462469734,0.9975,0.9987484355444305,0.6126603852727197,0.9365079365079365,0.9259259259259259,0.9444444444444444,0.9259259259259259,0.9259259259259259
465,0.00887661602483508,0.9972582972582973,0.996031746031746,0.9980759980759981,0.997110870350307,0.9965710160620826,0.6133482791356362,0.873015873015873,0.8518518518518519,0.8888888888888888,0.8518518518518519,0.8518518518518519
466,0.0015289863989983751,0.9994557823129252,1.0,0.9991928974979822,0.9983319432860718,0.9991652754590985,0.6986586214249929,0.8888888888888888,0.8888888888888888,0.8888888888888888,0.8571428571428571,0.8727272727272727
467,0.008693320758216052,0.9974025974025974,0.9963924963924964,0.9980759980759981,0.9971119133574007,0.9967520750631541,0.6420182408141305,0.9047619047619048,0.8888888888888888,0.9166666666666666,0.8888888888888888,0.8888888888888888
468,0.0033587553881728057,0.998639455782313,0.9983291562238931,0.9987893462469734,0.9974958263772955,0.9979123173277662,0.7719683651549054,0.8412698412698413,0.8888888888888888,0.8055555555555556,0.7741935483870968,0.8275862068965517
469,0.013018014207695681,0.9959595959595959,0.9953102453102453,0.9963924963924964,0.994592645998558,0.994951316263974,0.6347553565371079,0.8888888888888888,0.8518518518518519,0.9166666666666666,0.8846153846153846,0.8679245283018868
470,0.005805673350146713,0.9978354978354979,0.9967532467532467,0.9985569985569985,0.9978331527627302,0.9972929074174337,0.6865213299909859,0.8888888888888888,0.8518518518518519,0.9166666666666666,0.8846153846153846,0.8679245283018868
471,0.0030007203654625666,0.998639455782313,0.9991645781119465,0.9983857949959645,0.9966666666666667,0.9979140592407175,0.5850479911785529,0.8888888888888888,0.8888888888888888,0.8888888888888888,0.8571428571428571,0.8727272727272727
472,0.00033730070585017503,1.0,1.0,1.0,1.0,1.0,0.6573028616262563,0.8888888888888888,0.9259259259259259,0.8611111111111112,0.8333333333333334,0.8771929824561403
473,0.010098264760502691,0.9959595959595959,0.9956709956709957,0.9961519961519961,0.9942363112391931,0.9949531362653208,0.6710024201226862,0.9206349206349206,0.9259259259259259,0.9166666666666666,0.8928571428571429,0.9090909090909091
474,0.0015733518590140916,0.9991836734693877,0.9991645781119465,0.9991928974979822,0.998330550918197,0.9987473903966597,0.7088246382518841,0.8888888888888888,0.9259259259259259,0.8611111111111112,0.8333333333333334,0.8771929824561403
475,0.00035289767532859656,1.0,1.0,1.0,1.0,1.0,0.6523448156367522,0.9047619047619048,0.9259259259259259,0.8888888888888888,0.8620689655172413,0.8928571428571429
476,0.008995539216739994,0.9968253968253968,0.9953102453102453,0.9978354978354979,0.9967485549132948,0.996028880866426,0.6503596766810266,0.8888888888888888,0.8888888888888888,0.8888888888888888,0.8571428571428571,0.8727272727272727
477,0.009744160881082136,0.9978354978354979,0.9971139971139971,0.9983164983164983,0.997473836160231,0.9972938841782428,0.7779639989875871,0.873015873015873,0.9259259259259259,0.8333333333333334,0.8064516129032258,0.8620689655172413
478,0.003899829510659136,0.9988455988455989,0.9989177489177489,0.9987974987974988,0.998197548666186,0.9985575189325641,0.7286578374045464,0.9047619047619048,0.9259259259259259,0.8888888888888888,0.8620689655172413,0.8928571428571429
479,0.009466849971526674,0.9965367965367965,0.9953102453102453,0.9973544973544973,0.996028880866426,0.9956694334175388,0.67262822438802,0.8888888888888888,0.9259259259259259,0.8611111111111112,0.8333333333333334,0.8771929824561403
480,0.00790336998137978,0.9975468975468975,0.996031746031746,0.9985569985569985,0.9978315865558366,0.9969308539447553,0.6862926356224639,0.8888888888888888,0.9259259259259259,0.8611111111111112,0.8333333333333334,0.8771929824561403
481,0.0025508860193452715,0.9989115646258503,0.9983291562238931,0.9991928974979822,0.9983291562238931,0.9983291562238931,0.5575682256344913,0.873015873015873,0.9259259259259259,0.8333333333333334,0.8064516129032258,0.8620689655172413
482,0.0017424118436581326,0.9997278911564625,0.9991645781119465,1.0,1.0,0.9995821145006268,0.5912781634648877,0.8888888888888888,0.9259259259259259,0.8611111111111112,0.8333333333333334,0.8771929824561403
483,0.011437070230498737,0.9962481962481963,0.9956709956709957,0.9966329966329966,0.9949531362653208,0.995311936530833,0.6764584164692289,0.8571428571428571,0.8888888888888888,0.8333333333333334,0.8,0.8421052631578947
484,0.002843056490704604,0.9989115646258503,0.9983291562238931,0.9991928974979822,0.9983291562238931,0.9983291562238931,0.5600307571215718,0.873015873015873,0.9629629629629629,0.8055555555555556,0.7878787878787878,0.8666666666666667
485,0.01157539622772241,0.9965367965367965,0.9956709956709957,0.9971139971139971,0.9956709956709957,0.9956709956709957,0.6569131779505413,0.8888888888888888,0.8888888888888888,0.8888888888888888,0.8571428571428571,0.8727272727272727
486,0.0011349968096175229,0.9997278911564625,1.0,0.9995964487489911,0.9991652754590985,0.9995824634655532,0.5369278466851461,0.9047619047619048,0.8888888888888888,0.9166666666666666,0.8888888888888888,0.8888888888888888
487,0.009515954755048583,0.9961038961038962,0.9945887445887446,0.9971139971139971,0.9956663055254604,0.9951272333513806,0.750013944649485,0.8888888888888888,0.8888888888888888,0.8888888888888888,0.8571428571428571,0.8727272727272727
488,0.0020788789229918307,0.9997113997113997,0.9996392496392497,0.9997594997594997,0.9996392496392497,0.9996392496392497,0.8019950295960053,0.8888888888888888,0.8888888888888888,0.8888888888888888,0.8571428571428571,0.8727272727272727
489,0.003171211141173005,0.9994557823129252,0.9991645781119465,0.9995964487489911,0.9991645781119465,0.9991645781119465,0.7274122791353702,0.873015873015873,0.8518518518518519,0.8888888888888888,0.8518518518518519,0.8518518518518519
490,0.00014428621789496296,1.0,1.0,1.0,1.0,1.0,0.8535262708624248,0.8412698412698413,0.8518518518518519,0.8333333333333334,0.7931034482758621,0.8214285714285714
491,0.0002678983258805119,1.0,1.0,1.0,1.0,1.0,0.7688432080552928,0.8888888888888888,0.8518518518518519,0.9166666666666666,0.8846153846153846,0.8679245283018868
492,0.0159220743714353,0.9942279942279942,0.9924242424242424,0.9954304954304954,0.9931407942238267,0.9927823890292313,0.6568538702170675,0.8888888888888888,0.8888888888888888,0.8888888888888888,0.8571428571428571,0.8727272727272727
493,0.005306351968230686,0.9987012987012988,0.9981962481962482,0.9990379990379991,0.9985564778058462,0.9983763305069457,0.7403908770139669,0.8571428571428571,0.8888888888888888,0.8333333333333334,0.8,0.8421052631578947
494,0.0021007736450110006,0.9991836734693877,0.9991645781119465,0.9991928974979822,0.998330550918197,0.9987473903966597,0.6894187787540778,0.873015873015873,0.9259259259259259,0.8333333333333334,0.8064516129032258,0.8620689655172413
495,0.008178646570433339,0.9972582972582973,0.9967532467532467,0.9975949975949976,0.99639379733141,0.9965734896302976,0.6470711763046445,0.9206349206349206,0.9259259259259259,0.9166666666666666,0.8928571428571429,0.9090909090909091
496,0.0009032592518381033,0.9997278911564625,1.0,0.9995964487489911,0.9991652754590985,0.9995824634655532,0.6706364538856886,0.8888888888888888,0.8888888888888888,0.8888888888888888,0.8571428571428571,0.8727272727272727
497,0.000462047409983039,1.0,1.0,1.0,1.0,1.0,0.7510478631999816,0.8888888888888888,0.8888888888888888,0.8888888888888888,0.8571428571428571,0.8727272727272727
498,8.556486213430097e-05,1.0,1.0,1.0,1.0,1.0,0.7278774769213106,0.873015873015873,0.8888888888888888,0.8611111111111112,0.8275862068965517,0.8571428571428571
499,0.00012541456142930253,1.0,1.0,1.0,1.0,1.0,0.7591011071576975,0.8888888888888888,0.8888888888888888,0.8888888888888888,0.8571428571428571,0.8727272727272727
500,4.331849390435148e-05,1.0,1.0,1.0,1.0,1.0,0.7700133514784587,0.8888888888888888,0.8888888888888888,0.8888888888888888,0.8571428571428571,0.8727272727272727
501,0.015092905910926217,0.9943722943722944,0.9924242424242424,0.9956709956709957,0.9934994582881906,0.9929615592853276,0.8757433202489564,0.873015873015873,0.8888888888888888,0.8611111111111112,0.8275862068965517,0.8571428571428571
502,0.00766325158478386,0.9972582972582973,0.996031746031746,0.9980759980759981,0.997110870350307,0.9965710160620826,0.694561755218144,0.9047619047619048,0.8888888888888888,0.9166666666666666,0.8888888888888888,0.8888888888888888
503,0.008823809082820003,0.9966810966810967,0.9956709956709957,0.9973544973544973,0.9960303139660772,0.995850622406639,0.6162162280275619,0.9047619047619048,0.8888888888888888,0.9166666666666666,0.8888888888888888,0.8888888888888888
504,0.005210081763747345,0.9984126984126984,0.9974747474747475,0.9990379990379991,0.9985554351751534,0.9980147987727847,0.7052415803586233,0.8888888888888888,0.8888888888888888,0.8888888888888888,0.8571428571428571,0.8727272727272727
505,0.0034600154959146404,0.9994227994227994,0.9996392496392497,0.9992784992784993,0.9989185291997116,0.999278759466282,1.158649866258548,0.8095238095238095,0.8888888888888888,0.75,0.7272727272727273,0.8
506,0.0031583696010871096,0.9991341991341991,0.9992784992784993,0.9990379990379991,0.9985580389329488,0.998918139199423,0.7272059504800367,0.873015873015873,0.8518518518518519,0.8888888888888888,0.8518518518518519,0.8518518518518519
507,0.009590018001171017,0.9968253968253968,0.996031746031746,0.9973544973544973,0.996031746031746,0.996031746031746,0.6780913417729492,0.9047619047619048,0.9259259259259259,0.8888888888888888,0.8620689655172413,0.8928571428571429
508,0.003948337531196354,0.9985569985569985,0.9974747474747475,0.9992784992784993,0.9989161849710982,0.9981949458483754,1.258994785578998,0.8253968253968254,0.8888888888888888,0.7777777777777778,0.75,0.8135593220338984
509,0.007477467929150618,0.9976911976911977,0.9974747474747475,0.9978354978354979,0.9967555875991349,0.997115037865128,1.080188088380618,0.8412698412698413,0.8518518518518519,0.8333333333333334,0.7931034482758621,0.8214285714285714
510,0.008054394421968992,0.9976911976911977,0.9971139971139971,0.9980759980759981,0.9971139971139971,0.9971139971139971,0.962002244255379,0.8571428571428571,0.8518518518518519,0.8611111111111112,0.8214285714285714,0.8363636363636363
511,0.006323848291670639,0.9982683982683983,0.9978354978354979,0.9985569985569985,0.9978354978354979,0.9978354978354979,0.730249898120602,0.8888888888888888,0.8888888888888888,0.8888888888888888,0.8571428571428571,0.8727272727272727
512,0.005616766871378151,0.9981240981240981,0.9981962481962482,0.9980759980759981,0.9971171171171171,0.9976563908418965,0.6947800149409598,0.9047619047619048,0.8518518518518519,0.9444444444444444,0.92,0.8846153846153846
513,0.007340092185422874,0.9975468975468975,0.9967532467532467,0.9980759980759981,0.9971129556116926,0.9969330687353418,0.932249301257899,0.873015873015873,0.8518518518518519,0.8888888888888888,0.8518518518518519,0.8518518518518519
514,0.007794256733048322,0.9974025974025974,0.9967532467532467,0.9978354978354979,0.9967532467532467,0.9967532467532467,0.722904047325539,0.8888888888888888,0.8518518518518519,0.9166666666666666,0.8846153846153846,0.8679245283018868
515,0.0039920409887467265,0.9985569985569985,0.9985569985569985,0.9985569985569985,0.9978370583994232,0.998196898665705,0.6705039118089535,0.9047619047619048,0.8888888888888888,0.9166666666666666,0.8888888888888888,0.8888888888888888
516,0.0034509340299801643,0.9985569985569985,0.9978354978354979,0.9990379990379991,0.9985559566787003,0.9981955972573078,0.728532892405455,0.9047619047619048,0.8518518518518519,0.9444444444444444,0.92,0.8846153846153846
517,0.006777080728084572,0.9978354978354979,0.9971139971139971,0.9983164983164983,0.997473836160231,0.9972938841782428,0.7182101112644771,0.9047619047619048,0.9259259259259259,0.8888888888888888,0.8620689655172413,0.8928571428571429
518,0.004324533829775571,0.9982683982683983,0.9981962481962482,0.9983164983164983,0.9974765681326604,0.997836278398846,0.6647346547723005,0.9206349206349206,0.8888888888888888,0.9444444444444444,0.9230769230769231,0.9056603773584906
519,0.00326480408829665,0.998639455782313,0.9974937343358395,0.9991928974979822,0.9983277591973244,0.9979105725031342,0.6776975194548464,0.9047619047619048,0.8888888888888888,0.9166666666666666,0.8888888888888888,0.8888888888888888
520,0.009269216383183414,0.9968253968253968,0.9956709956709957,0.9975949975949976,0.9963898916967509,0.9960303139660772,0.6464031052023601,0.9047619047619048,0.8888888888888888,0.9166666666666666,0.8888888888888888,0.8888888888888888
521,0.005173966230519297,0.9983673469387755,0.9974937343358395,0.9987893462469734,0.9974937343358395,0.9974937343358395,0.5817801189592241,0.873015873015873,0.8518518518518519,0.8888888888888888,0.8518518518518519,0.8518518518518519
522,0.003918608169447962,0.9987012987012988,0.9985569985569985,0.9987974987974988,0.998196898665705,0.9983769161406673,0.5955353161831832,0.9206349206349206,0.8888888888888888,0.9444444444444444,0.9230769230769231,0.9056603773584906
523,0.007416444260040629,0.9975468975468975,0.9963924963924964,0.9983164983164983,0.9974720115565185,0.9969319617397582,0.7118259080833966,0.9047619047619048,0.9259259259259259,0.8888888888888888,0.8620689655172413,0.8928571428571429
524,0.007380420169258029,0.9975468975468975,0.9967532467532467,0.9980759980759981,0.9971129556116926,0.9969330687353418,0.7412931433738401,0.8888888888888888,0.9259259259259259,0.8611111111111112,0.8333333333333334,0.8771929824561403
525,0.006211256567490934,0.998639455782313,0.9991645781119465,0.9983857949959645,0.9966666666666667,0.9979140592407175,0.6880644156106948,0.8571428571428571,0.8888888888888888,0.8333333333333334,0.8,0.8421052631578947
526,0.004807795281896798,0.9988455988455989,0.9981962481962482,0.9992784992784993,0.9989169675090253,0.9985564778058462,0.7047778872030672,0.9047619047619048,0.9259259259259259,0.8888888888888888,0.8620689655172413,0.8928571428571429
527,0.011812218753053605,0.9968253968253968,0.9963924963924964,0.9971139971139971,0.9956741167988464,0.9960331770645511,0.5660897940485036,0.9047619047619048,0.9259259259259259,0.8888888888888888,0.8620689655172413,0.8928571428571429
528,0.0059611737575617765,0.9985569985569985,0.9981962481962482,0.9987974987974988,0.9981962481962482,0.9981962481962482,0.7129628704689879,0.9047619047619048,0.9259259259259259,0.8888888888888888,0.8620689655172413,0.8928571428571429
529,0.007506524348225349,0.9976911976911977,0.9974747474747475,0.9978354978354979,0.9967555875991349,0.997115037865128,0.6594710385986782,0.9206349206349206,0.9259259259259259,0.9166666666666666,0.8928571428571429,0.9090909090909091
530,0.0027757246008768247,0.9992784992784993,0.9992784992784993,0.9992784992784993,0.998918139199423,0.9990982867448152,0.8881364708507872,0.873015873015873,0.9259259259259259,0.8333333333333334,0.8064516129032258,0.8620689655172413
531,0.002740667059679595,0.9995670995670995,0.9996392496392497,0.9995189995189995,0.999278759466282,0.999458972046889,0.6724033708321966,0.8888888888888888,0.8518518518518519,0.9166666666666666,0.8846153846153846,0.8679245283018868
532,0.002429223943568135,0.9991836734693877,0.9991645781119465,0.9991928974979822,0.998330550918197,0.9987473903966597,0.6471385506613713,0.9206349206349206,0.9259259259259259,0.9166666666666666,0.8928571428571429,0.9090909090909091
533,0.0008987699842730014,0.9997278911564625,0.9991645781119465,1.0,1.0,0.9995821145006268,0.8045045660704971,0.873015873015873,0.9259259259259259,0.8333333333333334,0.8064516129032258,0.8620689655172413
534,0.012094131098958924,0.9965367965367965,0.9956709956709957,0.9971139971139971,0.9956709956709957,0.9956709956709957,0.8496399938409763,0.8888888888888888,0.8888888888888888,0.8888888888888888,0.8571428571428571,0.8727272727272727
535,0.007876722043956801,0.9962481962481963,0.996031746031746,0.9963924963924964,0.9945965417867435,0.9953136265320837,0.7582851843310183,0.8888888888888888,0.8888888888888888,0.8888888888888888,0.8571428571428571,0.8727272727272727
536,0.003257670841008399,0.998989898989899,0.9985569985569985,0.9992784992784993,0.9989173583543847,0.9987371459498466,1.0555488677867013,0.873015873015873,0.8888888888888888,0.8611111111111112,0.8275862068965517,0.8571428571428571
537,0.008409439395193594,0.996969696969697,0.996031746031746,0.9975949975949976,0.9963911945146157,0.9962114378495399,0.8082558586803128,0.873015873015873,0.8888888888888888,0.8611111111111112,0.8275862068965517,0.8571428571428571
538,0.007174911510872435,0.9975468975468975,0.9963924963924964,0.9983164983164983,0.9974720115565185,0.9969319617397582,0.7769062363987027,0.8888888888888888,0.8888888888888888,0.8888888888888888,0.8571428571428571,0.8727272727272727
539,0.0033222036830534997,0.9985569985569985,0.9989177489177489,0.9983164983164983,0.997478386167147,0.998197548666186,0.8818718870263674,0.8888888888888888,0.8888888888888888,0.8888888888888888,0.8571428571428571,0.8727272727272727
540,0.008012278793306338,0.9976911976911977,0.9971139971139971,0.9980759980759981,0.9971139971139971,0.9971139971139971,0.8113650457761694,0.873015873015873,0.8888888888888888,0.8611111111111112,0.8275862068965517,0.8571428571428571
541,0.004815759139524917,0.9984126984126984,0.9985569985569985,0.9983164983164983,0.9974774774774775,0.9980169460969893,0.78162617088235,0.8888888888888888,0.8888888888888888,0.8888888888888888,0.8571428571428571,0.8727272727272727
542,0.001787833652017929,0.9994227994227994,0.9992784992784993,0.9995189995189995,0.9992784992784993,0.9992784992784993,1.0188319286388587,0.873015873015873,0.8888888888888888,0.8611111111111112,0.8275862068965517,0.8571428571428571
543,0.006045352398746054,0.9981240981240981,0.9978354978354979,0.9983164983164983,0.997475658131987,0.9976555455365194,0.9824545336295347,0.873015873015873,0.8888888888888888,0.8611111111111112,0.8275862068965517,0.8571428571428571
544,0.0037658571947400054,0.9989115646258503,0.9983291562238931,0.9991928974979822,0.9983291562238931,0.9983291562238931,0.9248060367810669,0.873015873015873,0.8888888888888888,0.8611111111111112,0.8275862068965517,0.8571428571428571
545,0.010544775750336938,0.9962481962481963,0.9949494949494949,0.9971139971139971,0.9956678700361011,0.9953085528690003,0.9274057474631552,0.873015873015873,0.8888888888888888,0.8611111111111112,0.8275862068965517,0.8571428571428571
546,0.003879199928472532,0.9987012987012988,0.9978354978354979,0.9992784992784993,0.9989165763813651,0.9983757444504602,0.8283819557786162,0.9047619047619048,0.9259259259259259,0.8888888888888888,0.8620689655172413,0.8928571428571429
547,0.004531690915577275,0.9991836734693877,0.9991645781119465,0.9991928974979822,0.998330550918197,0.9987473903966597,0.8321022329041697,0.8888888888888888,0.9259259259259259,0.8611111111111112,0.8333333333333334,0.8771929824561403
548,0.006596132003980074,0.9982683982683983,0.9989177489177489,0.9978354978354979,0.9967602591792657,0.9978378378378379,0.6384612538302983,0.8888888888888888,0.8888888888888888,0.8888888888888888,0.8571428571428571,0.8727272727272727
549,0.004161323351895741,0.9985569985569985,0.9978354978354979,0.9990379990379991,0.9985559566787003,0.9981955972573078,0.8229598848136246,0.9047619047619048,0.9259259259259259,0.8888888888888888,0.8620689655172413,0.8928571428571429
550,0.005841658021883453,0.9976911976911977,0.9971139971139971,0.9980759980759981,0.9971139971139971,0.9971139971139971,0.7370619709041738,0.873015873015873,0.8888888888888888,0.8611111111111112,0.8275862068965517,0.8571428571428571
551,0.005696600350237339,0.9987012987012988,0.9989177489177489,0.9985569985569985,0.9978378378378379,0.9983775013520823,0.7827997296702788,0.8888888888888888,0.8518518518518519,0.9166666666666666,0.8846153846153846,0.8679245283018868
552,0.005029898006779368,0.9987012987012988,0.9985569985569985,0.9987974987974988,0.998196898665705,0.9983769161406673,0.8177704408056069,0.9047619047619048,0.8888888888888888,0.9166666666666666,0.8888888888888888,0.8888888888888888
553,0.005382773350292683,0.9982683982683983,0.9974747474747475,0.9987974987974988,0.9981949458483754,0.9978347167087694,0.7058152229153729,0.9206349206349206,0.9259259259259259,0.9166666666666666,0.8928571428571429,0.9090909090909091
554,0.005269175744113633,0.9982683982683983,0.9981962481962482,0.9983164983164983,0.9974765681326604,0.997836278398846,0.9103760671610611,0.8888888888888888,0.8888888888888888,0.8888888888888888,0.8571428571428571,0.8727272727272727
555,0.004756836736566202,0.9984126984126984,0.9978354978354979,0.9987974987974988,0.9981955972573078,0.9980155150640447,0.8818878317300308,0.8888888888888888,0.8888888888888888,0.8888888888888888,0.8571428571428571,0.8727272727272727
556,0.0029948190275619502,0.9994227994227994,0.9992784992784993,0.9995189995189995,0.9992784992784993,0.9992784992784993,0.7700531995135298,0.8888888888888888,0.8888888888888888,0.8888888888888888,0.8571428571428571,0.8727272727272727
557,0.008835393365361767,0.9972582972582973,0.9963924963924964,0.9978354978354979,0.9967520750631541,0.9965722532924409,0.8243811401503441,0.873015873015873,0.8888888888888888,0.8611111111111112,0.8275862068965517,0.8571428571428571
558,0.0018598212770399372,0.9995670995670995,0.9996392496392497,0.9995189995189995,0.999278759466282,0.999458972046889,0.854162694675093,0.8888888888888888,0.9259259259259259,0.8611111111111112,0.8333333333333334,0.8771929824561403
559,0.006222307192141773,0.9981240981240981,0.9974747474747475,0.9985569985569985,0.9978347167087694,0.9976546996211438,0.7843182278436235,0.873015873015873,0.8518518518518519,0.8888888888888888,0.8518518518518519,0.8518518518518519
560,0.004883219955688441,0.998989898989899,0.9989177489177489,0.9990379990379991,0.9985575189325641,0.9987376014427413,0.783960869596841,0.8571428571428571,0.8518518518518519,0.8611111111111112,0.8214285714285714,0.8363636363636363
561,0.0020574564640370766,0.9997113997113997,0.9996392496392497,0.9997594997594997,0.9996392496392497,0.9996392496392497,0.7798685854191024,0.873015873015873,0.8518518518518519,0.8888888888888888,0.8518518518518519,0.8518518518518519
562,0.007366200639491009,0.9978354978354979,0.9967532467532467,0.9985569985569985,0.9978331527627302,0.9972929074174337,1.0044419831733287,0.8571428571428571,0.8518518518518519,0.8611111111111112,0.8214285714285714,0.8363636363636363
563,0.0076552580329584926,0.9972582972582973,0.9974747474747475,0.9971139971139971,0.9956787900612172,0.9965759596323662,0.5962557403466827,0.9047619047619048,0.9259259259259259,0.8888888888888888,0.8620689655172413,0.8928571428571429
564,0.001193044105172846,0.9998556998556999,1.0,0.9997594997594997,0.999639379733141,0.999819657348963,0.7497842844099473,0.9047619047619048,0.9259259259259259,0.8888888888888888,0.8620689655172413,0.8928571428571429
565,0.004735342496809356,0.9982683982683983,0.9971139971139971,0.9990379990379991,0.9985549132947977,0.9978339350180505,0.8548719402162301,0.8888888888888888,0.9259259259259259,0.8611111111111112,0.8333333333333334,0.8771929824561403
566,0.005133709320189667,0.9984126984126984,0.9978354978354979,0.9987974987974988,0.9981955972573078,0.9980155150640447,0.8674402738407581,0.873015873015873,0.8888888888888888,0.8611111111111112,0.8275862068965517,0.8571428571428571
567,0.004676093917714628,0.9980952380952381,0.9958228905597326,0.9991928974979822,0.998324958123953,0.9970723546633208,1.0173595683781536,0.8571428571428571,0.9259259259259259,0.8055555555555556,0.78125,0.847457627118644
568,0.007247535981011987,0.9978354978354979,0.9967532467532467,0.9985569985569985,0.9978331527627302,0.9972929074174337,0.9318810125235663,0.8888888888888888,0.9259259259259259,0.8611111111111112,0.8333333333333334,0.8771929824561403
569,0.0036974323537581717,0.9988455988455989,0.9981962481962482,0.9992784992784993,0.9989169675090253,0.9985564778058462,0.9385867279390425,0.873015873015873,0.9259259259259259,0.8333333333333334,0.8064516129032258,0.8620689655172413
570,0.0025651789412723907,0.9991341991341991,0.9989177489177489,0.9992784992784993,0.9989177489177489,0.9989177489177489,0.9557231539929056,0.8888888888888888,0.9259259259259259,0.8611111111111112,0.8333333333333334,0.8771929824561403
571,0.004997045705194099,0.9985569985569985,0.9978354978354979,0.9990379990379991,0.9985559566787003,0.9981955972573078,0.7982578768398583,0.8412698412698413,0.8888888888888888,0.8055555555555556,0.7741935483870968,0.8275862068965517
572,0.007848254284905088,0.9974025974025974,0.9963924963924964,0.9980759980759981,0.9971119133574007,0.9967520750631541,0.7806397448281449,0.873015873015873,0.8888888888888888,0.8611111111111112,0.8275862068965517,0.8571428571428571
573,0.005401710489368506,0.9981240981240981,0.9971139971139971,0.9987974987974988,0.9981942939689419,0.9976538530951092,0.8475013656189687,0.9047619047619048,0.9259259259259259,0.8888888888888888,0.8620689655172413,0.8928571428571429
574,0.003962501181606798,0.9982683982683983,0.9981962481962482,0.9983164983164983,0.9974765681326604,0.997836278398846,0.7125855267315186,0.9047619047619048,0.9259259259259259,0.8888888888888888,0.8620689655172413,0.8928571428571429
575,0.003151226227437475,0.9991341991341991,0.9985569985569985,0.9995189995189995,0.9992779783393502,0.9989173583543847,0.7867581653358467,0.9047619047619048,0.9259259259259259,0.8888888888888888,0.8620689655172413,0.8928571428571429
576,0.007447215587426281,0.9975468975468975,0.9967532467532467,0.9980759980759981,0.9971129556116926,0.9969330687353418,0.643687018248827,0.9206349206349206,0.9259259259259259,0.9166666666666666,0.8928571428571429,0.9090909090909091
577,0.0049357111037689584,0.9988455988455989,0.9989177489177489,0.9987974987974988,0.998197548666186,0.9985575189325641,0.731907875935042,0.9047619047619048,0.9259259259259259,0.8888888888888888,0.8620689655172413,0.8928571428571429
578,0.005487381064722417,0.997979797979798,0.9974747474747475,0.9983164983164983,0.9974747474747475,0.9974747474747475,0.7976925070475512,0.8888888888888888,0.9259259259259259,0.8611111111111112,0.8333333333333334,0.8771929824561403
579,0.00561678821543551,0.9985569985569985,0.9981962481962482,0.9987974987974988,0.9981962481962482,0.9981962481962482,0.6178803894217708,0.9047619047619048,0.8888888888888888,0.9166666666666666,0.8888888888888888,0.8888888888888888
580,0.004701738973104081,0.9984126984126984,0.9978354978354979,0.9987974987974988,0.9981955972573078,0.9980155150640447,0.8418850368175227,0.9047619047619048,0.9259259259259259,0.8888888888888888,0.8620689655172413,0.8928571428571429
581,0.006134136015249539,0.9987012987012988,0.9981962481962482,0.9990379990379991,0.9985564778058462,0.9983763305069457,1.0060506359457952,0.8888888888888888,0.8888888888888888,0.8888888888888888,0.8571428571428571,0.8727272727272727
582,0.0036247681617893736,0.998989898989899,0.9989177489177489,0.9990379990379991,0.9985575189325641,0.9987376014427413,0.8866150912455186,0.8888888888888888,0.8888888888888888,0.8888888888888888,0.8571428571428571,0.8727272727272727
583,0.004003656688604951,0.9984126984126984,0.9981962481962482,0.9985569985569985,0.997836278398846,0.9980162308385934,0.9230465609073272,0.8888888888888888,0.8888888888888888,0.8888888888888888,0.8571428571428571,0.8727272727272727
584,0.0067673189925820006,0.9975468975468975,0.9967532467532467,0.9980759980759981,0.9971129556116926,0.9969330687353418,0.791261857389939,0.8888888888888888,0.8888888888888888,0.8888888888888888,0.8571428571428571,0.8727272727272727
585,0.005004761413367166,0.9987012987012988,0.9989177489177489,0.9985569985569985,0.9978378378378379,0.9983775013520823,0.9929919011526166,0.8888888888888888,0.8888888888888888,0.8888888888888888,0.8571428571428571,0.8727272727272727
586,0.008087986118559494,0.9971139971139971,0.9963924963924964,0.9975949975949976,0.9963924963924964,0.9963924963924964,0.7499138835995663,0.9047619047619048,0.9259259259259259,0.8888888888888888,0.8620689655172413,0.8928571428571429
587,0.006235346574871583,0.9981240981240981,0.9971139971139971,0.9987974987974988,0.9981942939689419,0.9976538530951092,0.710714939298452,0.8888888888888888,0.9259259259259259,0.8611111111111112,0.8333333333333334,0.8771929824561403
588,0.002148189405795505,0.9992784992784993,0.9989177489177489,0.9995189995189995,0.9992782389029231,0.9990979613927476,0.8603093483918258,0.873015873015873,0.8888888888888888,0.8611111111111112,0.8275862068965517,0.8571428571428571
589,0.0026599429130379827,0.9992784992784993,0.9992784992784993,0.9992784992784993,0.998918139199423,0.9990982867448152,0.7161824874146121,0.9047619047619048,0.9259259259259259,0.8888888888888888,0.8620689655172413,0.8928571428571429
590,0.011050282669602998,0.9965367965367965,0.9953102453102453,0.9973544973544973,0.996028880866426,0.9956694334175388,0.6082927992877861,0.9047619047619048,0.8888888888888888,0.9166666666666666,0.8888888888888888,0.8888888888888888
591,0.005103835102426383,0.9982683982683983,0.9978354978354979,0.9985569985569985,0.9978354978354979,0.9978354978354979,0.795994066003163,0.8888888888888888,0.8888888888888888,0.8888888888888888,0.8571428571428571,0.8727272727272727
592,0.0011178069044507975,0.9997113997113997,0.9996392496392497,0.9997594997594997,0.9996392496392497,0.9996392496392497,0.7244256769947011,0.9047619047619048,0.9259259259259259,0.8888888888888888,0.8620689655172413,0.8928571428571429
593,0.00551749238021435,0.998639455782313,0.9991645781119465,0.9983857949959645,0.9966666666666667,0.9979140592407175,0.6912862801737714,0.873015873015873,0.8888888888888888,0.8611111111111112,0.8275862068965517,0.8571428571428571
594,0.004775807054023968,0.9985569985569985,0.9978354978354979,0.9990379990379991,0.9985559566787003,0.9981955972573078,0.6813770597612362,0.873015873015873,0.9629629629629629,0.8055555555555556,0.7878787878787878,0.8666666666666667
595,0.003325786788146874,0.9985569985569985,0.9981962481962482,0.9987974987974988,0.9981962481962482,0.9981962481962482,0.5765178792729179,0.9047619047619048,0.8888888888888888,0.9166666666666666,0.8888888888888888,0.8888888888888888
596,0.0033143852084285387,0.998989898989899,0.9989177489177489,0.9990379990379991,0.9985575189325641,0.9987376014427413,0.7921400449480903,0.873015873015873,0.8518518518518519,0.8888888888888888,0.8518518518518519,0.8518518518518519
597,0.003884157888251943,0.9989115646258503,0.9983291562238931,0.9991928974979822,0.9983291562238931,0.9983291562238931,0.7573190398668105,0.873015873015873,0.9259259259259259,0.8333333333333334,0.8064516129032258,0.8620689655172413
598,0.00043077547533190523,1.0,1.0,1.0,1.0,1.0,0.8059759439241293,0.873015873015873,0.9259259259259259,0.8333333333333334,0.8064516129032258,0.8620689655172413
599,6.644711028797383e-05,1.0,1.0,1.0,1.0,1.0,0.9243995393058174,0.8888888888888888,0.9629629629629629,0.8333333333333334,0.8125,0.8813559322033898
600,0.012026908632373644,0.9965367965367965,0.9945887445887446,0.9978354978354979,0.9967462039045553,0.9956663055254604,0.7352191646135734,0.873015873015873,0.9259259259259259,0.8333333333333334,0.8064516129032258,0.8620689655172413
601,0.007531595285560455,0.9978354978354979,0.9978354978354979,0.9978354978354979,0.9967567567567568,0.9972958355868037,0.5331634789851257,0.9206349206349206,0.9259259259259259,0.9166666666666666,0.8928571428571429,0.9090909090909091
602,0.00244752446199686,0.9992784992784993,0.9992784992784993,0.9992784992784993,0.998918139199423,0.9990982867448152,0.613366842658988,0.873015873015873,0.8148148148148148,0.9166666666666666,0.88,0.8461538461538461
603,0.007618097585429212,0.9968253968253968,0.9967532467532467,0.9968734968734969,0.9953170028818443,0.9960346070656092,0.57250631586667,0.9047619047619048,0.8888888888888888,0.9166666666666666,0.8888888888888888,0.8888888888888888
604,0.004846602005429309,0.9984126984126984,0.9981962481962482,0.9985569985569985,0.997836278398846,0.9980162308385934,0.5653333940341355,0.9206349206349206,0.9259259259259259,0.9166666666666666,0.8928571428571429,0.9090909090909091
605,0.004919834827175978,0.9982683982683983,0.9978354978354979,0.9985569985569985,0.9978354978354979,0.9978354978354979,0.6391656514634156,0.9047619047619048,0.9629629629629629,0.8611111111111112,0.8387096774193549,0.896551724137931
606,0.002806672381600548,0.9994227994227994,0.9992784992784993,0.9995189995189995,0.9992784992784993,0.9992784992784993,0.7402829456501451,0.8888888888888888,0.9259259259259259,0.8611111111111112,0.8333333333333334,0.8771929824561403
607,0.005667246923289864,0.9983673469387755,0.9983291562238931,0.9983857949959645,0.9966638865721434,0.9974958263772955,0.5222463148970818,0.9206349206349206,0.9629629629629629,0.8888888888888888,0.8666666666666667,0.9122807017543859
608,0.00025132402796034946,1.0,1.0,1.0,1.0,1.0,0.5254986610289918,0.9206349206349206,0.9629629629629629,0.8888888888888888,0.8666666666666667,0.9122807017543859
609,0.005154991849515329,0.9976911976911977,0.9963924963924964,0.9985569985569985,0.9978323699421965,0.9971119133574007,0.6926300236921793,0.9365079365079365,0.9629629629629629,0.9166666666666666,0.896551724137931,0.9285714285714286
610,0.005352544872604934,0.9978354978354979,0.9974747474747475,0.9980759980759981,0.997115037865128,0.9972948602344455,0.5948610077157355,0.9047619047619048,0.8888888888888888,0.9166666666666666,0.8888888888888888,0.8888888888888888
611,0.007198276647988263,0.9976911976911977,0.9956709956709957,0.9990379990379991,0.9985528219971056,0.9971098265895953,0.730780867851016,0.8888888888888888,0.9259259259259259,0.8611111111111112,0.8333333333333334,0.8771929824561403
612,0.0033423272660949668,0.9988455988455989,0.9981962481962482,0.9992784992784993,0.9989169675090253,0.9985564778058462,0.7445306645163833,0.8888888888888888,0.9629629629629629,0.8333333333333334,0.8125,0.8813559322033898
613,0.0020103075641015006,0.9994557823129252,1.0,0.9991928974979822,0.9983319432860718,0.9991652754590985,0.5414720878276663,0.873015873015873,0.8888888888888888,0.8611111111111112,0.8275862068965517,0.8571428571428571
614,0.003034281049418013,0.9988455988455989,0.9981962481962482,0.9992784992784993,0.9989169675090253,0.9985564778058462,0.708933631662798,0.8888888888888888,0.8888888888888888,0.8888888888888888,0.8571428571428571,0.8727272727272727
615,0.005022893947192863,0.9982683982683983,0.9981962481962482,0.9983164983164983,0.9974765681326604,0.997836278398846,0.7105104959190944,0.8571428571428571,0.8518518518518519,0.8611111111111112,0.8214285714285714,0.8363636363636363
616,0.004691611295365113,0.9981240981240981,0.9974747474747475,0.9985569985569985,0.9978347167087694,0.9976546996211438,0.7207217352543445,0.8888888888888888,0.9259259259259259,0.8611111111111112,0.8333333333333334,0.8771929824561403
617,0.0006884501323048073,0.9997278911564625,1.0,0.9995964487489911,0.9991652754590985,0.9995824634655532,0.6956552960976022,0.8888888888888888,0.9259259259259259,0.8611111111111112,0.8333333333333334,0.8771929824561403
618,0.006469096140312784,0.997979797979798,0.9978354978354979,0.9980759980759981,0.9971160778658976,0.997475658131987,0.542590585322383,0.9206349206349206,0.9259259259259259,0.9166666666666666,0.8928571428571429,0.9090909090909091
619,0.004836476290402744,0.9987012987012988,0.9985569985569985,0.9987974987974988,0.998196898665705,0.9983769161406673,0.600506469501924,0.9047619047619048,0.8888888888888888,0.9166666666666666,0.8888888888888888,0.8888888888888888
620,0.005585141457145301,0.9984126984126984,0.9971139971139971,0.9992784992784993,0.9989157932779184,0.9980140819642535,0.7443380458557046,0.8888888888888888,0.8888888888888888,0.8888888888888888,0.8571428571428571,0.8727272727272727
621,0.0030808518510690446,0.9992784992784993,0.9992784992784993,0.9992784992784993,0.998918139199423,0.9990982867448152,0.7300807123116779,0.9047619047619048,0.8888888888888888,0.9166666666666666,0.8888888888888888,0.8888888888888888
622,0.002215055981913429,0.998989898989899,0.9985569985569985,0.9992784992784993,0.9989173583543847,0.9987371459498466,0.9195531317366817,0.8888888888888888,0.9259259259259259,0.8611111111111112,0.8333333333333334,0.8771929824561403
623,0.006763599557148988,0.997979797979798,0.9971139971139971,0.9985569985569985,0.9978339350180505,0.997473836160231,0.713461704510077,0.8888888888888888,0.8888888888888888,0.8888888888888888,0.8571428571428571,0.8727272727272727
624,0.0077718608397133624,0.9978354978354979,0.9971139971139971,0.9983164983164983,0.997473836160231,0.9972938841782428,0.6477834929887433,0.9206349206349206,0.9259259259259259,0.9166666666666666,0.8928571428571429,0.9090909090909091
625,0.0025906076430633543,0.9994227994227994,0.9992784992784993,0.9995189995189995,0.9992784992784993,0.9992784992784993,0.6673204982534304,0.9206349206349206,0.9259259259259259,0.9166666666666666,0.8928571428571429,0.9090909090909091
626,0.005474356276134113,0.9984126984126984,0.9971139971139971,0.9992784992784993,0.9989157932779184,0.9980140819642535,0.8158369831221607,0.9047619047619048,0.9259259259259259,0.8888888888888888,0.8620689655172413,0.8928571428571429
627,0.005566519636097091,0.9981240981240981,0.9971139971139971,0.9987974987974988,0.9981942939689419,0.9976538530951092,0.7262237076566735,0.9206349206349206,0.9259259259259259,0.9166666666666666,0.8928571428571429,0.9090909090909091
628,0.0059716318481242234,0.9980952380952381,0.9966583124477861,0.9987893462469734,0.9974916387959866,0.9970748015043878,0.6672571764341676,0.8888888888888888,0.9259259259259259,0.8611111111111112,0.8333333333333334,0.8771929824561403
629,0.0008538523236514878,0.9994557823129252,0.9991645781119465,0.9995964487489911,0.9991645781119465,0.9991645781119465,0.7733394993677697,0.8571428571428571,0.9259259259259259,0.8055555555555556,0.78125,0.847457627118644
630,0.00015535437899917288,1.0,1.0,1.0,1.0,1.0,0.8043878875209812,0.873015873015873,0.9259259259259259,0.8333333333333334,0.8064516129032258,0.8620689655172413
631,0.010857186181690437,0.9971139971139971,0.9974747474747475,0.9968734968734969,0.9953203743700504,0.9963963963963964,0.5802516220294546,0.9047619047619048,0.9259259259259259,0.8888888888888888,0.8620689655172413,0.8928571428571429
632,0.004537168922827379,0.9987012987012988,0.9989177489177489,0.9985569985569985,0.9978378378378379,0.9983775013520823,0.6400033619350917,0.8888888888888888,0.9259259259259259,0.8611111111111112,0.8333333333333334,0.8771929824561403
633,0.003100376441547463,0.998989898989899,0.9985569985569985,0.9992784992784993,0.9989173583543847,0.9987371459498466,0.7093817952275184,0.9047619047619048,0.9259259259259259,0.8888888888888888,0.8620689655172413,0.8928571428571429
634,0.003264612443584708,0.9991341991341991,0.9989177489177489,0.9992784992784993,0.9989177489177489,0.9989177489177489,0.7521001013886971,0.9047619047619048,0.9259259259259259,0.8888888888888888,0.8620689655172413,0.8928571428571429
635,0.006454191956666195,0.9981240981240981,0.9974747474747475,0.9985569985569985,0.9978347167087694,0.9976546996211438,0.6539239662532863,0.9206349206349206,0.9259259259259259,0.9166666666666666,0.8928571428571429,0.9090909090909091
636,0.006423513786060501,0.9982683982683983,0.9989177489177489,0.9978354978354979,0.9967602591792657,0.9978378378378379,0.6580209954277269,0.8888888888888888,0.8518518518518519,0.9166666666666666,0.8846153846153846,0.8679245283018868
637,0.003459227147041059,0.9992784992784993,0.9989177489177489,0.9995189995189995,0.9992782389029231,0.9990979613927476,0.7329794436620201,0.9047619047619048,0.8888888888888888,0.9166666666666666,0.8888888888888888,0.8888888888888888
638,0.0019232037466570056,0.9997113997113997,0.9996392496392497,0.9997594997594997,0.9996392496392497,0.9996392496392497,0.6340947236652331,0.9206349206349206,0.8888888888888888,0.9444444444444444,0.9230769230769231,0.9056603773584906
639,0.004039644472111538,0.998989898989899,0.9989177489177489,0.9990379990379991,0.9985575189325641,0.9987376014427413,0.7725199436845576,0.8888888888888888,0.8518518518518519,0.9166666666666666,0.8846153846153846,0.8679245283018868
640,0.005266593533903075,0.9980952380952381,0.9974937343358395,0.9983857949959645,0.996661101836394,0.9970772442588727,0.7200673692194479,0.8571428571428571,0.9259259259259259,0.8055555555555556,0.78125,0.847457627118644
641,0.0076847282197651644,0.9971139971139971,0.996031746031746,0.9978354978354979,0.9967509025270758,0.9963911945146157,0.7341988738766564,0.9047619047619048,0.8888888888888888,0.9166666666666666,0.8888888888888888,0.8888888888888888
642,0.0019363954927132502,0.9994227994227994,0.9992784992784993,0.9995189995189995,0.9992784992784993,0.9992784992784993,0.8126638611360076,0.9206349206349206,0.9259259259259259,0.9166666666666666,0.8928571428571429,0.9090909090909091
643,0.003814318000331958,0.9987012987012988,0.9985569985569985,0.9987974987974988,0.998196898665705,0.9983769161406673,0.67150259446325,0.9206349206349206,0.9259259259259259,0.9166666666666666,0.8928571428571429,0.9090909090909091
644,0.0023526438767306765,0.9988455988455989,0.9981962481962482,0.9992784992784993,0.9989169675090253,0.9985564778058462,0.6564743882375456,0.9365079365079365,0.9259259259259259,0.9444444444444444,0.9259259259259259,0.9259259259259259
645,0.0067593593075331495,0.9978354978354979,0.9971139971139971,0.9983164983164983,0.997473836160231,0.9972938841782428,0.7259470780627453,0.9206349206349206,0.9259259259259259,0.9166666666666666,0.8928571428571429,0.9090909090909091
646,0.0061105047134417285,0.9982683982683983,0.9985569985569985,0.9980759980759981,0.9971181556195965,0.9978370583994232,0.7168810479370655,0.8888888888888888,0.8888888888888888,0.8888888888888888,0.8571428571428571,0.8727272727272727
647,0.004302961604526187,0.9984126984126984,0.9985569985569985,0.9983164983164983,0.9974774774774775,0.9980169460969893,0.690860741451269,0.9047619047619048,0.9259259259259259,0.8888888888888888,0.8620689655172413,0.8928571428571429
648,0.0031957036041896382,0.998989898989899,0.9989177489177489,0.9990379990379991,0.9985575189325641,0.9987376014427413,0.6115085878030634,0.9206349206349206,0.9259259259259259,0.9166666666666666,0.8928571428571429,0.9090909090909091
649,0.005196287955386573,0.997979797979798,0.9971139971139971,0.9985569985569985,0.9978339350180505,0.997473836160231,0.8854044477875938,0.873015873015873,0.8888888888888888,0.8611111111111112,0.8275862068965517,0.8571428571428571
650,0.003072921886820096,0.9988455988455989,0.9981962481962482,0.9992784992784993,0.9989169675090253,0.9985564778058462,0.67343212723155,0.9047619047619048,0.8888888888888888,0.9166666666666666,0.8888888888888888,0.8888888888888888
651,0.0061680334023328735,0.9975468975468975,0.9967532467532467,0.9980759980759981,0.9971129556116926,0.9969330687353418,0.8778245535456032,0.8412698412698413,0.8888888888888888,0.8055555555555556,0.7741935483870968,0.8275862068965517
652,0.00669295131527462,0.9976911976911977,0.9974747474747475,0.9978354978354979,0.9967555875991349,0.997115037865128,0.7233666559088363,0.9047619047619048,0.8888888888888888,0.9166666666666666,0.8888888888888888,0.8888888888888888
653,0.001647257968978097,0.9997113997113997,1.0,0.9995189995189995,0.9992790194664743,0.999639379733141,0.7882048977969986,0.9047619047619048,0.9259259259259259,0.8888888888888888,0.8620689655172413,0.8928571428571429
654,0.002839217914648572,0.9994227994227994,0.9996392496392497,0.9992784992784993,0.9989185291997116,0.999278759466282,0.8904309111671359,0.8888888888888888,0.8518518518518519,0.9166666666666666,0.8846153846153846,0.8679245283018868
655,0.0023298903832247872,0.9994227994227994,0.9989177489177489,0.9997594997594997,0.9996389891696751,0.9992782389029231,0.9167365800003608,0.8571428571428571,0.8518518518518519,0.8611111111111112,0.8214285714285714,0.8363636363636363
656,0.003915639610892603,0.9987012987012988,0.9981962481962482,0.9990379990379991,0.9985564778058462,0.9983763305069457,0.7277859167024294,0.9206349206349206,0.9259259259259259,0.9166666666666666,0.8928571428571429,0.9090909090909091
657,0.003734207544314841,0.9984126984126984,0.9978354978354979,0.9987974987974988,0.9981955972573078,0.9980155150640447,0.91916689561139,0.8888888888888888,0.8888888888888888,0.8888888888888888,0.8571428571428571,0.8727272727272727
658,0.006258008686121201,0.9978231292517007,0.9966583124477861,0.9983857949959645,0.9966583124477861,0.9966583124477861,0.7961416213513567,0.873015873015873,0.9259259259259259,0.8333333333333334,0.8064516129032258,0.8620689655172413
659,0.0064536100554538345,0.9978354978354979,0.9971139971139971,0.9983164983164983,0.997473836160231,0.9972938841782428,0.8005353113445121,0.9047619047619048,0.8888888888888888,0.9166666666666666,0.8888888888888888,0.8888888888888888
660,0.0033518809781368725,0.9984126984126984,0.9981962481962482,0.9985569985569985,0.997836278398846,0.9980162308385934,0.8247664346950582,0.9047619047619048,0.8888888888888888,0.9166666666666666,0.8888888888888888,0.8888888888888888
661,0.006402339446466285,0.9983673469387755,0.9974937343358395,0.9987893462469734,0.9974937343358395,0.9974937343358395,0.5940707619076766,0.8888888888888888,0.9259259259259259,0.8611111111111112,0.8333333333333334,0.8771929824561403
662,0.004276117445368106,0.9987012987012988,0.9989177489177489,0.9985569985569985,0.9978378378378379,0.9983775013520823,0.8404167771169297,0.9047619047619048,0.8888888888888888,0.9166666666666666,0.8888888888888888,0.8888888888888888
663,0.001927694296801769,0.9994227994227994,0.9992784992784993,0.9995189995189995,0.9992784992784993,0.9992784992784993,0.8251736182341235,0.8888888888888888,0.8888888888888888,0.8888888888888888,0.8571428571428571,0.8727272727272727
664,0.004775415597959881,0.9988455988455989,0.9985569985569985,0.9990379990379991,0.9985569985569985,0.9985569985569985,0.9051470122925359,0.873015873015873,0.9259259259259259,0.8333333333333334,0.8064516129032258,0.8620689655172413
665,0.0043469769767277506,0.9987012987012988,0.9981962481962482,0.9990379990379991,0.9985564778058462,0.9983763305069457,0.8044759605713013,0.8888888888888888,0.8888888888888888,0.8888888888888888,0.8571428571428571,0.8727272727272727
666,0.0030223077767834164,0.9991341991341991,0.9989177489177489,0.9992784992784993,0.9989177489177489,0.9989177489177489,0.93070634365237,0.8888888888888888,0.8888888888888888,0.8888888888888888,0.8571428571428571,0.8727272727272727
667,0.004828964861557098,0.9985569985569985,0.9978354978354979,0.9990379990379991,0.9985559566787003,0.9981955972573078,0.8286334009985189,0.9047619047619048,0.8888888888888888,0.9166666666666666,0.8888888888888888,0.8888888888888888
668,0.0035062023984966046,0.998989898989899,0.9985569985569985,0.9992784992784993,0.9989173583543847,0.9987371459498466,1.0602245087472497,0.8888888888888888,0.9259259259259259,0.8611111111111112,0.8333333333333334,0.8771929824561403
669,0.002870196789200783,0.9991341991341991,0.9992784992784993,0.9990379990379991,0.9985580389329488,0.998918139199423,1.0251712425970976,0.873015873015873,0.8518518518518519,0.8888888888888888,0.8518518518518519,0.8518518518518519
670,0.007205460243477013,0.9981240981240981,0.9974747474747475,0.9985569985569985,0.9978347167087694,0.9976546996211438,1.0296608349945884,0.8571428571428571,0.8888888888888888,0.8333333333333334,0.8,0.8421052631578947
671,0.00796111104499914,0.9976911976911977,0.9967532467532467,0.9983164983164983,0.9974729241877256,0.9971129556116926,0.9883294560363755,0.8571428571428571,0.8888888888888888,0.8333333333333334,0.8,0.8421052631578947
672,0.0017665077965702974,0.9997113997113997,0.9996392496392497,0.9997594997594997,0.9996392496392497,0.9996392496392497,0.8440417919815185,0.873015873015873,0.8888888888888888,0.8611111111111112,0.8275862068965517,0.8571428571428571
673,0.004290302080728291,0.9987012987012988,0.9981962481962482,0.9990379990379991,0.9985564778058462,0.9983763305069457,0.7559499947489553,0.8888888888888888,0.8518518518518519,0.9166666666666666,0.8846153846153846,0.8679245283018868
674,0.006867929461891652,0.9982683982683983,0.9971139971139971,0.9990379990379991,0.9985549132947977,0.9978339350180505,0.8425762797217301,0.873015873015873,0.8888888888888888,0.8611111111111112,0.8275862068965517,0.8571428571428571
675,0.0033331886453503304,0.998989898989899,0.9989177489177489,0.9990379990379991,0.9985575189325641,0.9987376014427413,0.6890368354125669,0.9047619047619048,0.8888888888888888,0.9166666666666666,0.8888888888888888,0.8888888888888888
676,0.002372044276488185,0.9995670995670995,0.9992784992784993,0.9997594997594997,0.9996391194514616,0.9994587768356485,1.003667419391965,0.873015873015873,0.8888888888888888,0.8611111111111112,0.8275862068965517,0.8571428571428571
677,0.005351060640102055,0.997979797979798,0.9978354978354979,0.9980759980759981,0.9971160778658976,0.997475658131987,0.7896553446030122,0.9047619047619048,0.9259259259259259,0.8888888888888888,0.8620689655172413,0.8928571428571429
678,0.0037372233960345585,0.9991341991341991,0.9981962481962482,0.9997594997594997,0.9996387283236994,0.9989169675090253,0.7924357130975713,0.8888888888888888,0.8888888888888888,0.8888888888888888,0.8571428571428571,0.8727272727272727
679,0.0009749556290109499,0.9997113997113997,1.0,0.9995189995189995,0.9992790194664743,0.999639379733141,0.9125198936629219,0.8888888888888888,0.8888888888888888,0.8888888888888888,0.8571428571428571,0.8727272727272727
680,0.0011506964414573298,0.9995670995670995,0.9996392496392497,0.9995189995189995,0.999278759466282,0.999458972046889,1.069558524430971,0.8888888888888888,0.8888888888888888,0.8888888888888888,0.8571428571428571,0.8727272727272727
681,0.003929593459415211,0.9985569985569985,0.9981962481962482,0.9987974987974988,0.9981962481962482,0.9981962481962482,1.03630720926164,0.8888888888888888,0.9259259259259259,0.8611111111111112,0.8333333333333334,0.8771929824561403
682,0.005920319443641116,0.9984126984126984,0.9978354978354979,0.9987974987974988,0.9981955972573078,0.9980155150640447,0.9088128831827484,0.8888888888888888,0.9259259259259259,0.8611111111111112,0.8333333333333334,0.8771929824561403
683,0.003395945168519363,0.9988455988455989,0.9985569985569985,0.9990379990379991,0.9985569985569985,0.9985569985569985,0.8252650235994629,0.8888888888888888,0.9259259259259259,0.8611111111111112,0.8333333333333334,0.8771929824561403
684,0.0029921010680794492,0.9991341991341991,0.9992784992784993,0.9990379990379991,0.9985580389329488,0.998918139199423,1.1193570622979476,0.873015873015873,0.9259259259259259,0.8333333333333334,0.8064516129032258,0.8620689655172413
685,0.0015614743700319985,0.9995670995670995,0.9992784992784993,0.9997594997594997,0.9996391194514616,0.9994587768356485,1.0772815966175542,0.8888888888888888,0.8888888888888888,0.8888888888888888,0.8571428571428571,0.8727272727272727
686,0.0061145010899786205,0.997979797979798,0.9974747474747475,0.9983164983164983,0.9974747474747475,0.9974747474747475,0.9486192116289333,0.8888888888888888,0.8888888888888888,0.8888888888888888,0.8571428571428571,0.8727272727272727
687,0.002932049303515926,0.9992784992784993,0.9989177489177489,0.9995189995189995,0.9992782389029231,0.9990979613927476,1.0502308304692431,0.873015873015873,0.8888888888888888,0.8611111111111112,0.8275862068965517,0.8571428571428571
688,0.0003805234731606271,1.0,1.0,1.0,1.0,1.0,1.0598308205158353,0.9047619047619048,0.9259259259259259,0.8888888888888888,0.8620689655172413,0.8928571428571429
689,0.0019042589058459209,0.9995670995670995,0.9996392496392497,0.9995189995189995,0.999278759466282,0.999458972046889,1.1165362696940555,0.8888888888888888,0.9259259259259259,0.8611111111111112,0.8333333333333334,0.8771929824561403
690,0.0072320926597185435,0.9981240981240981,0.9974747474747475,0.9985569985569985,0.9978347167087694,0.9976546996211438,1.2006231773396336,0.873015873015873,0.8888888888888888,0.8611111111111112,0.8275862068965517,0.8571428571428571
691,0.007902199379434082,0.9978354978354979,0.9971139971139971,0.9983164983164983,0.997473836160231,0.9972938841782428,1.0920231321468612,0.8571428571428571,0.8888888888888888,0.8333333333333334,0.8,0.8421052631578947
692,0.002715986734674017,0.9988455988455989,0.9989177489177489,0.9987974987974988,0.998197548666186,0.9985575189325641,1.1026862588672854,0.873015873015873,0.8888888888888888,0.8611111111111112,0.8275862068965517,0.8571428571428571
693,0.0028332172297023278,0.9991341991341991,0.9985569985569985,0.9995189995189995,0.9992779783393502,0.9989173583543847,1.0853411061739642,0.873015873015873,0.8888888888888888,0.8611111111111112,0.8275862068965517,0.8571428571428571
694,0.002928380350324168,0.9988455988455989,0.9985569985569985,0.9990379990379991,0.9985569985569985,0.9985569985569985,1.0305675362075226,0.873015873015873,0.8888888888888888,0.8611111111111112,0.8275862068965517,0.8571428571428571
695,0.007239085625030134,0.997979797979798,0.9974747474747475,0.9983164983164983,0.9974747474747475,0.9974747474747475,0.9766181419766052,0.873015873015873,0.8888888888888888,0.8611111111111112,0.8275862068965517,0.8571428571428571
696,0.0029373371290733175,0.9988455988455989,0.9981962481962482,0.9992784992784993,0.9989169675090253,0.9985564778058462,0.9536311466658195,0.9047619047619048,0.8888888888888888,0.9166666666666666,0.8888888888888888,0.8888888888888888
697,0.002977875778854942,0.998989898989899,0.9989177489177489,0.9990379990379991,0.9985575189325641,0.9987376014427413,0.9525478167022754,0.9047619047619048,0.8888888888888888,0.9166666666666666,0.8888888888888888,0.8888888888888888
698,0.0030954297766845372,0.998989898989899,0.9989177489177489,0.9990379990379991,0.9985575189325641,0.9987376014427413,0.9186878714574396,0.9047619047619048,0.8888888888888888,0.9166666666666666,0.8888888888888888,0.8888888888888888
699,0.0025469428573634033,0.9992784992784993,0.9989177489177489,0.9995189995189995,0.9992782389029231,0.9990979613927476,1.0281953199279261,0.873015873015873,0.8888888888888888,0.8611111111111112,0.8275862068965517,0.8571428571428571
700,0.00429142347327464,0.9988455988455989,0.9989177489177489,0.9987974987974988,0.998197548666186,0.9985575189325641,0.8143127429491089,0.873015873015873,0.8518518518518519,0.8888888888888888,0.8518518518518519,0.8518518518518519
