Epoch,Loss,Accuracy,Sensitivity,Specificity,Precision,F1,Validation Loss,Validation Accuracy,Validation Sensitivity,Validation Specificity,Validation Precision,Validation F1
1,0.04040935854269128,0.988843537414966,0.9824561403508771,0.9919289749798225,0.9832775919732442,0.9828666945257,1.1637620348778983,0.7301587301587301,1.0,0.5277777777777778,0.6136363636363636,0.7605633802816901
2,0.021574850954672917,0.9937414965986394,0.9891395154553049,0.9959644874899112,0.9916247906197655,0.9903805938937683,1.049914305349664,0.746031746031746,0.9629629629629629,0.5833333333333334,0.6341463414634146,0.7647058823529411
3,0.010899654243927017,0.9972789115646259,0.9949874686716792,0.9983857949959645,0.9966527196652719,0.995819397993311,0.6874872695004183,0.8095238095238095,0.9629629629629629,0.6944444444444444,0.7027027027027027,0.8125
4,0.011212914999270317,0.9975510204081632,0.9958228905597326,0.9983857949959645,0.9966555183946488,0.9962390305056414,0.931402850186541,0.7777777777777778,0.9259259259259259,0.6666666666666666,0.6756756756756757,0.78125
5,0.007168297466194751,0.9983673469387755,0.9966583124477861,0.9991928974979822,0.998326359832636,0.9974916387959866,1.6024897293527685,0.7301587301587301,1.0,0.5277777777777778,0.6136363636363636,0.7605633802816901
6,0.01391733612941236,0.9956462585034014,0.9933166248955723,0.9967715899919289,0.9933166248955723,0.9933166248955723,1.727071238652108,0.6190476190476191,1.0,0.3333333333333333,0.5294117647058824,0.6923076923076923
7,0.015865865693408615,0.9961904761904762,0.9924812030075187,0.9979822437449556,0.9958088851634534,0.994142259414226,0.7950371560596284,0.7936507936507936,1.0,0.6388888888888888,0.675,0.8059701492537313
8,0.009368094392184194,0.9980952380952381,0.9983291562238931,0.9979822437449556,0.9958333333333333,0.9970796829370046,1.0828011134077633,0.7301587301587301,1.0,0.5277777777777778,0.6136363636363636,0.7605633802816901
9,0.004231473439631248,0.9991836734693877,0.9983291562238931,0.9995964487489911,0.9991638795986622,0.9987463435018805,1.7520930606221397,0.6666666666666666,1.0,0.4166666666666667,0.5625,0.72
10,0.003721486153983872,0.9994557823129252,0.9991645781119465,0.9995964487489911,0.9991645781119465,0.9991645781119465,2.189134149945208,0.6825396825396826,1.0,0.4444444444444444,0.574468085106383,0.7297297297297297
11,0.3425563538422832,0.8624819624819625,0.8077200577200577,0.898989898989899,0.8420458819104927,0.8245258700055238,0.3717974651427496,0.8253968253968254,0.8518518518518519,0.8055555555555556,0.7666666666666667,0.8070175438596491
12,0.022006301489867725,0.9956462585034014,0.9916457811194653,0.9975786924939467,0.9949706621961442,0.9933054393305439,0.822122600816545,0.746031746031746,0.8518518518518519,0.6666666666666666,0.6571428571428571,0.7419354838709677
13,0.008038362836715492,0.9980952380952381,0.9958228905597326,0.9991928974979822,0.998324958123953,0.9970723546633208,1.1862808463001062,0.7301587301587301,0.9629629629629629,0.5555555555555556,0.6190476190476191,0.7536231884057971
14,0.006260350357335643,0.998639455782313,0.9974937343358395,0.9991928974979822,0.9983277591973244,0.9979105725031342,1.338945604505993,0.7142857142857143,1.0,0.5,0.6,0.75
15,0.005461565022250688,0.9989115646258503,0.9983291562238931,0.9991928974979822,0.9983291562238931,0.9983291562238931,1.6208155571468292,0.6984126984126984,0.9629629629629629,0.5,0.5909090909090909,0.7323943661971831
16,0.0011117399560856209,1.0,1.0,1.0,1.0,1.0,1.5551718366332352,0.7301587301587301,0.9629629629629629,0.5555555555555556,0.6190476190476191,0.7536231884057971
17,0.011785342543366916,0.9964625850340136,0.9941520467836257,0.9975786924939467,0.9949832775919732,0.9945674885081488,1.1396979396896703,0.746031746031746,0.9629629629629629,0.5833333333333334,0.6341463414634146,0.7647058823529411
18,0.006309745868566591,0.9980952380952381,0.9974937343358395,0.9983857949959645,0.996661101836394,0.9970772442588727,1.4257904524279257,0.746031746031746,0.9629629629629629,0.5833333333333334,0.6341463414634146,0.7647058823529411
19,0.005888608730569178,0.9980952380952381,0.9949874686716792,0.9995964487489911,0.9991610738255033,0.9970699037254082,1.1025495954404867,0.7619047619047619,0.9629629629629629,0.6111111111111112,0.65,0.7761194029850746
20,0.003923771431587231,0.998639455782313,0.9974937343358395,0.9991928974979822,0.9983277591973244,0.9979105725031342,1.1453213964751552,0.746031746031746,0.9259259259259259,0.6111111111111112,0.6410256410256411,0.7575757575757576
21,0.0016186938166351463,0.9997278911564625,0.9991645781119465,1.0,1.0,0.9995821145006268,1.7913251442923432,0.7142857142857143,0.9629629629629629,0.5277777777777778,0.6046511627906976,0.7428571428571429
22,0.007289755645977827,0.9980952380952381,0.9974937343358395,0.9983857949959645,0.996661101836394,0.9970772442588727,0.5253781016383853,0.8253968253968254,0.8888888888888888,0.7777777777777778,0.75,0.8135593220338984
23,0.007331903944311499,0.9978231292517007,0.9958228905597326,0.9987893462469734,0.9974895397489539,0.9966555183946488,1.5383198831511278,0.746031746031746,1.0,0.5555555555555556,0.627906976744186,0.7714285714285715
24,0.0007834471317109506,1.0,1.0,1.0,1.0,1.0,2.5487906382907006,0.6507936507936508,1.0,0.3888888888888889,0.5510204081632653,0.7105263157894737
25,0.0038968821902514664,0.9994557823129252,0.9991645781119465,0.9995964487489911,0.9991645781119465,0.9991645781119465,2.190342610613221,0.6984126984126984,1.0,0.4722222222222222,0.5869565217391305,0.7397260273972602
26,0.011440077055147437,0.9959183673469387,0.9933166248955723,0.9971751412429378,0.9941471571906354,0.9937317175094025,1.467220999418743,0.7142857142857143,1.0,0.5,0.6,0.75
27,0.0007948017694993692,1.0,1.0,1.0,1.0,1.0,1.7671945967844553,0.6825396825396826,0.9629629629629629,0.4722222222222222,0.5777777777777777,0.7222222222222222
28,0.3526887742751433,0.8574314574314574,0.8106060606060606,0.8886483886483887,0.8291512915129151,0.8197738051805911,0.34512085242876933,0.8888888888888888,0.8888888888888888,0.8888888888888888,0.8571428571428571,0.8727272727272727
29,0.012946278645425757,0.9978231292517007,0.9974937343358395,0.9979822437449556,0.9958298582151793,0.996661101836394,0.9227242868925843,0.7301587301587301,0.9629629629629629,0.5555555555555556,0.6190476190476191,0.7536231884057971
30,0.0033994377407619136,0.9994557823129252,0.9991645781119465,0.9995964487489911,0.9991645781119465,0.9991645781119465,1.0534755343881745,0.746031746031746,0.9259259259259259,0.6111111111111112,0.6410256410256411,0.7575757575757576
31,0.0012671047646780403,1.0,1.0,1.0,1.0,1.0,1.452927941389914,0.6984126984126984,0.9629629629629629,0.5,0.5909090909090909,0.7323943661971831
32,0.0008341988924452021,1.0,1.0,1.0,1.0,1.0,1.3797739753351799,0.7301587301587301,0.9629629629629629,0.5555555555555556,0.6190476190476191,0.7536231884057971
33,0.006149785707029197,0.998639455782313,0.9966583124477861,0.9995964487489911,0.9991624790619765,0.9979088247595148,1.3489990613408505,0.746031746031746,0.9629629629629629,0.5833333333333334,0.6341463414634146,0.7647058823529411
34,0.006176229056927572,0.998639455782313,0.9983291562238931,0.9987893462469734,0.9974958263772955,0.9979123173277662,1.5351502081704518,0.6984126984126984,0.9629629629629629,0.5,0.5909090909090909,0.7323943661971831
35,0.007561215465210479,0.9978231292517007,0.9958228905597326,0.9987893462469734,0.9974895397489539,0.9966555183946488,1.0401944872287532,0.7936507936507936,0.9629629629629629,0.6666666666666666,0.6842105263157895,0.8
36,0.004393230047695446,0.9983673469387755,0.9966583124477861,0.9991928974979822,0.998326359832636,0.9974916387959866,2.0665349837333435,0.6825396825396826,1.0,0.4444444444444444,0.574468085106383,0.7297297297297297
37,0.006140995208402862,0.9989115646258503,0.9983291562238931,0.9991928974979822,0.9983291562238931,0.9983291562238931,1.2656016810427582,0.746031746031746,0.9629629629629629,0.5833333333333334,0.6341463414634146,0.7647058823529411
38,0.0027549266374391206,0.9991836734693877,0.9983291562238931,0.9995964487489911,0.9991638795986622,0.9987463435018805,1.6290460616971056,0.746031746031746,0.9629629629629629,0.5833333333333334,0.6341463414634146,0.7647058823529411
39,0.0003866615836654289,1.0,1.0,1.0,1.0,1.0,1.664003970714966,0.746031746031746,0.9629629629629629,0.5833333333333334,0.6341463414634146,0.7647058823529411
40,0.008744904814433737,0.9975510204081632,0.9958228905597326,0.9983857949959645,0.9966555183946488,0.9962390305056414,2.0958189389535358,0.5873015873015873,0.9629629629629629,0.3055555555555556,0.5098039215686274,0.6666666666666666
41,0.36905785679473163,0.8458874458874459,0.7997835497835498,0.8766233766233766,0.8120879120879121,0.8058887677208287,0.3620405305945684,0.8412698412698413,0.9259259259259259,0.7777777777777778,0.7575757575757576,0.8333333333333334
42,0.29329772384307773,0.8753246753246753,0.8329725829725829,0.9035594035594036,0.852029520295203,0.8423932871214885,0.3442387150393592,0.8571428571428571,0.9259259259259259,0.8055555555555556,0.78125,0.847457627118644
43,0.018276715814737842,0.9970068027210884,0.9949874686716792,0.9979822437449556,0.995819397993311,0.9954032595068951,1.0188621246211587,0.7777777777777778,0.9629629629629629,0.6388888888888888,0.6666666666666666,0.7878787878787878
44,0.004133881795011005,0.9994557823129252,0.9991645781119465,0.9995964487489911,0.9991645781119465,0.9991645781119465,1.4606723498020853,0.7619047619047619,0.9629629629629629,0.6111111111111112,0.65,0.7761194029850746
45,0.0016792929733210073,1.0,1.0,1.0,1.0,1.0,1.514572623902784,0.7777777777777778,0.9629629629629629,0.6388888888888888,0.6666666666666666,0.7878787878787878
46,0.0014657658101598016,0.9994557823129252,0.9991645781119465,0.9995964487489911,0.9991645781119465,0.9991645781119465,2.002646078348219,0.7142857142857143,0.9259259259259259,0.5555555555555556,0.6097560975609756,0.7352941176470589
47,0.00639417952704275,0.998639455782313,0.9983291562238931,0.9987893462469734,0.9974958263772955,0.9979123173277662,1.3477272211411406,0.7301587301587301,0.8888888888888888,0.6111111111111112,0.631578947368421,0.7384615384615385
48,0.006946715918166854,0.9983673469387755,0.9966583124477861,0.9991928974979822,0.998326359832636,0.9974916387959866,1.7802718427209627,0.7142857142857143,0.9629629629629629,0.5277777777777778,0.6046511627906976,0.7428571428571429
49,0.0006357760882625978,1.0,1.0,1.0,1.0,1.0,1.796191644795712,0.746031746031746,0.9629629629629629,0.5833333333333334,0.6341463414634146,0.7647058823529411
50,0.00037928648281337213,1.0,1.0,1.0,1.0,1.0,1.9574634618059332,0.746031746031746,0.9629629629629629,0.5833333333333334,0.6341463414634146,0.7647058823529411
51,0.3159215453361708,0.8656565656565657,0.825036075036075,0.8927368927368927,0.8368093669959751,0.830881017257039,0.4658110754357444,0.7936507936507936,0.9259259259259259,0.6944444444444444,0.6944444444444444,0.7936507936507936
52,0.013062662865434374,0.9989115646258503,0.9991645781119465,0.9987893462469734,0.9974979149291076,0.998330550918197,1.078475326344016,0.746031746031746,0.9259259259259259,0.6111111111111112,0.6410256410256411,0.7575757575757576
53,0.006147491738586655,0.998639455782313,0.9974937343358395,0.9991928974979822,0.9983277591973244,0.9979105725031342,1.2632925512771758,0.7301587301587301,0.9259259259259259,0.5833333333333334,0.625,0.746268656716418
54,0.002528755898863793,0.9994557823129252,0.9991645781119465,0.9995964487489911,0.9991645781119465,0.9991645781119465,1.725583819140281,0.7142857142857143,0.9259259259259259,0.5555555555555556,0.6097560975609756,0.7352941176470589
55,0.0034485623521609927,0.9994557823129252,0.9983291562238931,1.0,1.0,0.9991638795986622,1.6591571237344944,0.7142857142857143,0.8888888888888888,0.5833333333333334,0.6153846153846154,0.7272727272727273
56,0.005374750645885079,0.9989115646258503,0.9983291562238931,0.9991928974979822,0.9983291562238931,0.9983291562238931,1.8584258069121649,0.6825396825396826,0.8888888888888888,0.5277777777777778,0.5853658536585366,0.7058823529411765
57,0.004332851393015257,0.9983673469387755,0.9966583124477861,0.9991928974979822,0.998326359832636,0.9974916387959866,1.349212298021903,0.746031746031746,0.9629629629629629,0.5833333333333334,0.6341463414634146,0.7647058823529411
58,0.001238760316434006,0.9997278911564625,1.0,0.9995964487489911,0.9991652754590985,0.9995824634655532,1.549485016303758,0.7301587301587301,0.9629629629629629,0.5555555555555556,0.6190476190476191,0.7536231884057971
59,0.004818222743093169,0.9991836734693877,0.9991645781119465,0.9991928974979822,0.998330550918197,0.9987473903966597,1.571252165923989,0.746031746031746,0.9629629629629629,0.5833333333333334,0.6341463414634146,0.7647058823529411
60,0.0008790351705517554,0.9997278911564625,1.0,0.9995964487489911,0.9991652754590985,0.9995824634655532,1.7574438153810443,0.7301587301587301,0.9259259259259259,0.5833333333333334,0.625,0.746268656716418
61,0.007578852132289848,0.9980952380952381,0.9958228905597326,0.9991928974979822,0.998324958123953,0.9970723546633208,2.379456915552654,0.6666666666666666,0.9629629629629629,0.4444444444444444,0.5652173913043478,0.7123287671232876
62,0.2988370747814791,0.8744588744588745,0.8336940836940837,0.9016354016354017,0.8496323529411764,0.8415877640203933,0.3974967182628692,0.8095238095238095,0.8518518518518519,0.7777777777777778,0.7419354838709677,0.7931034482758621
63,0.010322200777777311,0.9991836734693877,0.9983291562238931,0.9995964487489911,0.9991638795986622,0.9987463435018805,0.924635059606757,0.7777777777777778,0.9259259259259259,0.6666666666666666,0.6756756756756757,0.78125
64,0.0016771745294859937,1.0,1.0,1.0,1.0,1.0,1.3964009739621173,0.7301587301587301,0.9259259259259259,0.5833333333333334,0.625,0.746268656716418
65,0.0008205783669520042,1.0,1.0,1.0,1.0,1.0,1.496837265937338,0.746031746031746,0.9259259259259259,0.6111111111111112,0.6410256410256411,0.7575757575757576
66,0.0006248666508638833,1.0,1.0,1.0,1.0,1.0,1.6848211895530334,0.7301587301587301,0.9259259259259259,0.5833333333333334,0.625,0.746268656716418
67,0.00037727757174419525,1.0,1.0,1.0,1.0,1.0,1.6515347219020542,0.7301587301587301,0.9259259259259259,0.5833333333333334,0.625,0.746268656716418
68,0.002127015696962041,0.9991836734693877,0.9983291562238931,0.9995964487489911,0.9991638795986622,0.9987463435018805,4.600208978804331,0.5238095238095238,1.0,0.16666666666666666,0.47368421052631576,0.6428571428571429
69,0.006816638598803012,0.9975510204081632,0.9958228905597326,0.9983857949959645,0.9966555183946488,0.9962390305056414,2.032990605112106,0.6190476190476191,0.9259259259259259,0.3888888888888889,0.5319148936170213,0.6756756756756757
70,0.2782950781898581,0.8847041847041847,0.841991341991342,0.9131794131794132,0.8660482374768089,0.8538503749771356,0.5265467493307023,0.7619047619047619,0.9259259259259259,0.6388888888888888,0.6578947368421053,0.7692307692307693
71,0.009470390071838993,0.998639455782313,0.9991645781119465,0.9983857949959645,0.9966666666666667,0.9979140592407175,0.8225056807259246,0.746031746031746,0.9259259259259259,0.6111111111111112,0.6410256410256411,0.7575757575757576
72,0.0019316450603699097,0.9997278911564625,1.0,0.9995964487489911,0.9991652754590985,0.9995824634655532,1.2081320318282538,0.7142857142857143,0.9259259259259259,0.5555555555555556,0.6097560975609756,0.7352941176470589
73,0.0017381563703181082,0.9997278911564625,1.0,0.9995964487489911,0.9991652754590985,0.9995824634655532,1.266256899624649,0.7301587301587301,0.9259259259259259,0.5833333333333334,0.625,0.746268656716418
74,0.0006025200073187933,1.0,1.0,1.0,1.0,1.0,1.6402820703972663,0.7301587301587301,0.9259259259259259,0.5833333333333334,0.625,0.746268656716418
75,0.0007150713347855221,1.0,1.0,1.0,1.0,1.0,1.5639443552668488,0.746031746031746,0.9629629629629629,0.5833333333333334,0.6341463414634146,0.7647058823529411
76,0.0009282476577486488,0.9997278911564625,1.0,0.9995964487489911,0.9991652754590985,0.9995824634655532,2.491505216038416,0.6031746031746031,1.0,0.3055555555555556,0.5192307692307693,0.6835443037974683
77,0.0006505734519201464,0.9997278911564625,1.0,0.9995964487489911,0.9991652754590985,0.9995824634655532,1.4657874277918526,0.746031746031746,0.9259259259259259,0.6111111111111112,0.6410256410256411,0.7575757575757576
78,0.00856372959084245,0.9989115646258503,0.9983291562238931,0.9991928974979822,0.9983291562238931,0.9983291562238931,2.775855991575453,0.5079365079365079,1.0,0.1388888888888889,0.46551724137931033,0.6352941176470588
79,0.005798631636548604,0.9989115646258503,1.0,0.9983857949959645,0.9966694421315571,0.9983319432860718,1.5995092381324088,0.6984126984126984,0.9629629629629629,0.5,0.5909090909090909,0.7323943661971831
80,0.0004079575152292794,1.0,1.0,1.0,1.0,1.0,1.741551247806037,0.7301587301587301,0.9629629629629629,0.5555555555555556,0.6190476190476191,0.7536231884057971
81,0.006026093065049689,0.9975510204081632,0.9958228905597326,0.9983857949959645,0.9966555183946488,0.9962390305056414,1.3726184074840848,0.7301587301587301,0.9629629629629629,0.5555555555555556,0.6190476190476191,0.7536231884057971
82,0.0032647618306103814,0.9989115646258503,0.9974937343358395,0.9995964487489911,0.999163179916318,0.9983277591973244,2.266767937039572,0.6031746031746031,0.9629629629629629,0.3333333333333333,0.52,0.6753246753246753
83,0.0007675798559326957,1.0,1.0,1.0,1.0,1.0,2.0985387620471774,0.6666666666666666,0.9629629629629629,0.4444444444444444,0.5652173913043478,0.7123287671232876
84,0.00040823285856171745,1.0,1.0,1.0,1.0,1.0,2.0379297619774226,0.6666666666666666,0.9629629629629629,0.4444444444444444,0.5652173913043478,0.7123287671232876
85,0.00017997265375040307,1.0,1.0,1.0,1.0,1.0,2.1849404914038524,0.6825396825396826,0.9629629629629629,0.4722222222222222,0.5777777777777777,0.7222222222222222
86,0.00015819361146704174,1.0,1.0,1.0,1.0,1.0,2.6638141700199673,0.6666666666666666,0.9629629629629629,0.4444444444444444,0.5652173913043478,0.7123287671232876
87,0.006239031302692372,0.998639455782313,0.9983291562238931,0.9987893462469734,0.9974958263772955,0.9979123173277662,1.9539878822508312,0.6190476190476191,0.8518518518518519,0.4444444444444444,0.5348837209302325,0.6571428571428571
88,0.003297143848557469,0.9989115646258503,0.9983291562238931,0.9991928974979822,0.9983291562238931,0.9983291562238931,1.3420917249269901,0.746031746031746,0.9629629629629629,0.5833333333333334,0.6341463414634146,0.7647058823529411
89,0.000406883858765165,1.0,1.0,1.0,1.0,1.0,1.7119932248449279,0.7301587301587301,0.9629629629629629,0.5555555555555556,0.6190476190476191,0.7536231884057971
90,0.00012130044439472345,1.0,1.0,1.0,1.0,1.0,1.7675471001652083,0.7301587301587301,0.9629629629629629,0.5555555555555556,0.6190476190476191,0.7536231884057971
91,0.0001323208539983492,1.0,1.0,1.0,1.0,1.0,2.1926604380557637,0.7142857142857143,0.9629629629629629,0.5277777777777778,0.6046511627906976,0.7428571428571429
92,0.00206723894392137,0.9994557823129252,0.9991645781119465,0.9995964487489911,0.9991645781119465,0.9991645781119465,1.938928068630279,0.6507936507936508,0.9629629629629629,0.4166666666666667,0.5531914893617021,0.7027027027027027
93,0.003830910844298327,0.9994557823129252,0.9991645781119465,0.9995964487489911,0.9991645781119465,0.9991645781119465,1.8919106889516115,0.6984126984126984,0.9629629629629629,0.5,0.5909090909090909,0.7323943661971831
94,0.005435243143718278,0.9994557823129252,0.9983291562238931,1.0,1.0,0.9991638795986622,2.3644314234825,0.6984126984126984,0.9629629629629629,0.5,0.5909090909090909,0.7323943661971831
95,0.004949521923235374,0.998639455782313,0.9983291562238931,0.9987893462469734,0.9974958263772955,0.9979123173277662,1.6822558206225198,0.7142857142857143,0.9629629629629629,0.5277777777777778,0.6046511627906976,0.7428571428571429
96,0.310649230573622,0.86998556998557,0.8257575757575758,0.8994708994708994,0.8455855190247507,0.835553933199489,0.39697898735129644,0.8412698412698413,0.9259259259259259,0.7777777777777778,0.7575757575757576,0.8333333333333334
97,0.008465711192075847,0.9991836734693877,0.9974937343358395,1.0,1.0,0.998745294855709,1.0007546308435618,0.7301587301587301,0.9629629629629629,0.5555555555555556,0.6190476190476191,0.7536231884057971
98,0.0028522940611523783,0.9997278911564625,0.9991645781119465,1.0,1.0,0.9995821145006268,0.9583270967834525,0.7619047619047619,0.9629629629629629,0.6111111111111112,0.65,0.7761194029850746
99,0.0018383110456840217,0.9997278911564625,0.9991645781119465,1.0,1.0,0.9995821145006268,1.1473824916969215,0.7301587301587301,0.9629629629629629,0.5555555555555556,0.6190476190476191,0.7536231884057971
100,0.00045021216102838547,1.0,1.0,1.0,1.0,1.0,1.4127302750915525,0.746031746031746,0.9629629629629629,0.5833333333333334,0.6341463414634146,0.7647058823529411
101,0.0006392428018176472,1.0,1.0,1.0,1.0,1.0,1.4303426559097947,0.7142857142857143,0.9259259259259259,0.5555555555555556,0.6097560975609756,0.7352941176470589
102,0.00031862325223121587,1.0,1.0,1.0,1.0,1.0,1.820830123617299,0.7301587301587301,0.9629629629629629,0.5555555555555556,0.6190476190476191,0.7536231884057971
103,0.0001907584925940843,1.0,1.0,1.0,1.0,1.0,1.894022260703856,0.7301587301587301,0.9629629629629629,0.5555555555555556,0.6190476190476191,0.7536231884057971
104,0.0007969051558935387,0.9997278911564625,0.9991645781119465,1.0,1.0,0.9995821145006268,1.9724426338123897,0.7619047619047619,1.0,0.5833333333333334,0.6428571428571429,0.782608695652174
105,0.0025834184829747545,0.9989115646258503,0.9983291562238931,0.9991928974979822,0.9983291562238931,0.9983291562238931,1.5773283366173032,0.7301587301587301,0.9629629629629629,0.5555555555555556,0.6190476190476191,0.7536231884057971
106,0.0005326252678198562,1.0,1.0,1.0,1.0,1.0,2.1093612795784358,0.746031746031746,0.9629629629629629,0.5833333333333334,0.6341463414634146,0.7647058823529411
107,0.29128194130838864,0.8779220779220779,0.8311688311688312,0.9090909090909091,0.8590604026845637,0.8448844884488449,0.4172321844195563,0.8253968253968254,0.9259259259259259,0.75,0.7352941176470589,0.819672131147541
108,0.23415825790463587,0.9044733044733044,0.8665223665223665,0.9297739297739298,0.8916109873793615,0.8788876692279546,0.3609571872012956,0.8412698412698413,0.8888888888888888,0.8055555555555556,0.7741935483870968,0.8275862068965517
109,0.00858205151769529,0.998639455782313,0.9974937343358395,0.9991928974979822,0.9983277591973244,0.9979105725031342,1.1203423109615134,0.7619047619047619,0.9259259259259259,0.6388888888888888,0.6578947368421053,0.7692307692307693
110,0.001272976495892595,0.9997278911564625,1.0,0.9995964487489911,0.9991652754590985,0.9995824634655532,1.4665928777632495,0.746031746031746,0.9259259259259259,0.6111111111111112,0.6410256410256411,0.7575757575757576
111,0.0011234398522821324,0.9997278911564625,0.9991645781119465,1.0,1.0,0.9995821145006268,1.3255500593813994,0.7619047619047619,0.9629629629629629,0.6111111111111112,0.65,0.7761194029850746
112,0.0005207852336416119,1.0,1.0,1.0,1.0,1.0,1.4569007128344051,0.746031746031746,0.9259259259259259,0.6111111111111112,0.6410256410256411,0.7575757575757576
113,0.0016293403486520065,0.9994557823129252,0.9991645781119465,0.9995964487489911,0.9991645781119465,0.9991645781119465,1.5959072635760383,0.746031746031746,0.9629629629629629,0.5833333333333334,0.6341463414634146,0.7647058823529411
114,0.0011056811123813953,0.9994557823129252,0.9991645781119465,0.9995964487489911,0.9991645781119465,0.9991645781119465,1.639293135631652,0.746031746031746,0.9629629629629629,0.5833333333333334,0.6341463414634146,0.7647058823529411
115,0.005889909806539349,0.9978231292517007,0.9966583124477861,0.9983857949959645,0.9966583124477861,0.9966583124477861,1.780118644000992,0.7142857142857143,0.9259259259259259,0.5555555555555556,0.6097560975609756,0.7352941176470589
116,0.0005301624174062701,1.0,1.0,1.0,1.0,1.0,1.820681598096613,0.7301587301587301,0.9259259259259259,0.5833333333333334,0.625,0.746268656716418
117,0.00024154380612870439,1.0,1.0,1.0,1.0,1.0,1.926897453705943,0.746031746031746,0.9259259259259259,0.6111111111111112,0.6410256410256411,0.7575757575757576
118,0.0002048874175556948,1.0,1.0,1.0,1.0,1.0,1.9296618093337332,0.7301587301587301,0.8888888888888888,0.6111111111111112,0.631578947368421,0.7384615384615385
119,0.006768290511687638,0.9978231292517007,0.9958228905597326,0.9987893462469734,0.9974895397489539,0.9966555183946488,1.9429965284135606,0.6666666666666666,1.0,0.4166666666666667,0.5625,0.72
120,0.0004315402348910705,1.0,1.0,1.0,1.0,1.0,2.030164073383997,0.6825396825396826,1.0,0.4444444444444444,0.574468085106383,0.7297297297297297
121,0.00020823449318091897,1.0,1.0,1.0,1.0,1.0,2.111847618269542,0.7142857142857143,1.0,0.5,0.6,0.75
122,0.0002157867635060957,1.0,1.0,1.0,1.0,1.0,2.157028354822643,0.7301587301587301,1.0,0.5277777777777778,0.6136363636363636,0.7605633802816901
123,9.949834409038588e-05,1.0,1.0,1.0,1.0,1.0,2.240570334333276,0.7301587301587301,1.0,0.5277777777777778,0.6136363636363636,0.7605633802816901
124,0.004134108729173071,0.9994557823129252,0.9991645781119465,0.9995964487489911,0.9991645781119465,0.9991645781119465,1.7955069418937442,0.6666666666666666,1.0,0.4166666666666667,0.5625,0.72
125,0.0005151526076734212,1.0,1.0,1.0,1.0,1.0,2.256111647135445,0.6984126984126984,0.9629629629629629,0.5,0.5909090909090909,0.7323943661971831
126,0.00011791370085429786,1.0,1.0,1.0,1.0,1.0,2.5559154940502986,0.6984126984126984,1.0,0.4722222222222222,0.5869565217391305,0.7397260273972602
127,0.01055802227775004,0.9980952380952381,0.9983291562238931,0.9979822437449556,0.9958333333333333,0.9970796829370046,1.2593415961379097,0.7142857142857143,0.9629629629629629,0.5277777777777778,0.6046511627906976,0.7428571428571429
128,0.00256713400596474,0.9991836734693877,0.9983291562238931,0.9995964487489911,0.9991638795986622,0.9987463435018805,1.4114687698819335,0.7301587301587301,1.0,0.5277777777777778,0.6136363636363636,0.7605633802816901
129,0.00029640012044145975,1.0,1.0,1.0,1.0,1.0,1.7752270729295792,0.7301587301587301,1.0,0.5277777777777778,0.6136363636363636,0.7605633802816901
130,0.003330622686688522,0.998639455782313,0.9974937343358395,0.9991928974979822,0.9983277591973244,0.9979105725031342,1.7251017174077412,0.7301587301587301,1.0,0.5277777777777778,0.6136363636363636,0.7605633802816901
131,0.00024650206290847515,1.0,1.0,1.0,1.0,1.0,1.2841186437160812,0.7619047619047619,0.9629629629629629,0.6111111111111112,0.65,0.7761194029850746
132,0.269111855350123,0.8904761904761904,0.8437950937950938,0.9215969215969216,0.8776735459662289,0.8604009564097848,0.3995983865525987,0.8253968253968254,0.8518518518518519,0.8055555555555556,0.7666666666666667,0.8070175438596491
133,0.007973362949809857,0.9991836734693877,0.9983291562238931,0.9995964487489911,0.9991638795986622,0.9987463435018805,0.8389845525417181,0.7777777777777778,0.8888888888888888,0.6944444444444444,0.6857142857142857,0.7741935483870968
134,0.0012059499857888626,1.0,1.0,1.0,1.0,1.0,1.1963289096870178,0.7301587301587301,0.9259259259259259,0.5833333333333334,0.625,0.746268656716418
135,0.00052961868619654,1.0,1.0,1.0,1.0,1.0,1.3441114941286663,0.7301587301587301,0.9259259259259259,0.5833333333333334,0.625,0.746268656716418
136,0.00038814140524521954,1.0,1.0,1.0,1.0,1.0,1.4465552764235152,0.7142857142857143,0.9259259259259259,0.5555555555555556,0.6097560975609756,0.7352941176470589
137,0.00024431548230421295,1.0,1.0,1.0,1.0,1.0,1.374129126112657,0.7142857142857143,0.9259259259259259,0.5555555555555556,0.6097560975609756,0.7352941176470589
138,0.002021847806006138,0.9991836734693877,0.9991645781119465,0.9991928974979822,0.998330550918197,0.9987473903966597,1.3328026278047926,0.7301587301587301,0.9629629629629629,0.5555555555555556,0.6190476190476191,0.7536231884057971
139,0.0005450168376029026,0.9997278911564625,0.9991645781119465,1.0,1.0,0.9995821145006268,2.2083951783558677,0.6349206349206349,1.0,0.3611111111111111,0.54,0.7012987012987013
140,0.004226214135791093,0.9989115646258503,0.9983291562238931,0.9991928974979822,0.9983291562238931,0.9983291562238931,1.453317566996529,0.7301587301587301,0.9259259259259259,0.5833333333333334,0.625,0.746268656716418
141,0.000328058143214443,1.0,1.0,1.0,1.0,1.0,1.6754427515561618,0.746031746031746,0.9629629629629629,0.5833333333333334,0.6341463414634146,0.7647058823529411
142,0.0001897945230807729,1.0,1.0,1.0,1.0,1.0,1.7975572451564765,0.7301587301587301,0.9259259259259259,0.5833333333333334,0.625,0.746268656716418
143,0.00014418698147416025,1.0,1.0,1.0,1.0,1.0,1.7568241645626368,0.7301587301587301,0.9259259259259259,0.5833333333333334,0.625,0.746268656716418
144,0.0001037608200654393,1.0,1.0,1.0,1.0,1.0,1.8656008638411996,0.7301587301587301,0.9259259259259259,0.5833333333333334,0.625,0.746268656716418
145,0.00011562720501338461,1.0,1.0,1.0,1.0,1.0,1.7794265103792506,0.746031746031746,0.9629629629629629,0.5833333333333334,0.6341463414634146,0.7647058823529411
146,0.0076002800699242635,0.9989115646258503,0.9991645781119465,0.9987893462469734,0.9974979149291076,0.998330550918197,1.5953391354442352,0.746031746031746,1.0,0.5555555555555556,0.627906976744186,0.7714285714285715
147,0.0002878533262794292,1.0,1.0,1.0,1.0,1.0,1.693100376867704,0.7619047619047619,1.0,0.5833333333333334,0.6428571428571429,0.782608695652174
148,0.00014725453190065583,1.0,1.0,1.0,1.0,1.0,1.7225827079096308,0.7619047619047619,0.9629629629629629,0.6111111111111112,0.65,0.7761194029850746
149,7.609724930961154e-05,1.0,1.0,1.0,1.0,1.0,1.852634576310049,0.7619047619047619,0.9629629629629629,0.6111111111111112,0.65,0.7761194029850746
150,0.2793838927745389,0.8896103896103896,0.8495670995670995,0.9163059163059163,0.8712541620421753,0.8602739726027397,0.33235318237353884,0.8888888888888888,0.8148148148148148,0.9444444444444444,0.9166666666666666,0.8627450980392157
151,0.005876036357280298,0.9997278911564625,0.9991645781119465,1.0,1.0,0.9995821145006268,0.9256932269597041,0.7301587301587301,0.9259259259259259,0.5833333333333334,0.625,0.746268656716418
152,0.0011108322414572725,0.9997278911564625,0.9991645781119465,1.0,1.0,0.9995821145006268,1.0489698478745089,0.7301587301587301,0.9259259259259259,0.5833333333333334,0.625,0.746268656716418
153,0.00040890938008234195,1.0,1.0,1.0,1.0,1.0,1.270654254983778,0.7301587301587301,0.9259259259259259,0.5833333333333334,0.625,0.746268656716418
154,0.0002890469981656413,1.0,1.0,1.0,1.0,1.0,1.483067479727435,0.7301587301587301,0.9259259259259259,0.5833333333333334,0.625,0.746268656716418
155,0.23376097109835342,0.906060606060606,0.8647186147186147,0.9336219336219336,0.8967452300785634,0.8804407713498622,0.39035346631019835,0.8571428571428571,0.8518518518518519,0.8611111111111112,0.8214285714285714,0.8363636363636363
156,0.005532113624957222,1.0,1.0,1.0,1.0,1.0,0.905433542828726,0.746031746031746,0.9259259259259259,0.6111111111111112,0.6410256410256411,0.7575757575757576
157,0.0006809173327819983,1.0,1.0,1.0,1.0,1.0,1.3506417740635308,0.7619047619047619,0.9629629629629629,0.6111111111111112,0.65,0.7761194029850746
158,0.0004061516094398463,1.0,1.0,1.0,1.0,1.0,1.3984517135901289,0.746031746031746,0.9259259259259259,0.6111111111111112,0.6410256410256411,0.7575757575757576
159,0.0006541251712066888,0.9997278911564625,1.0,0.9995964487489911,0.9991652754590985,0.9995824634655532,1.3080112191179532,0.7301587301587301,0.9259259259259259,0.5833333333333334,0.625,0.746268656716418
160,0.00022490709264949598,1.0,1.0,1.0,1.0,1.0,1.4800890011533665,0.7301587301587301,0.9259259259259259,0.5833333333333334,0.625,0.746268656716418
161,0.005420082702373113,0.998639455782313,0.9974937343358395,0.9991928974979822,0.9983277591973244,0.9979105725031342,1.1027536496135688,0.7301587301587301,0.9629629629629629,0.5555555555555556,0.6190476190476191,0.7536231884057971
162,0.0004305519005655926,1.0,1.0,1.0,1.0,1.0,1.491395168316861,0.7301587301587301,1.0,0.5277777777777778,0.6136363636363636,0.7605633802816901
163,0.00018550204458214075,1.0,1.0,1.0,1.0,1.0,1.5809511899253323,0.7301587301587301,1.0,0.5277777777777778,0.6136363636363636,0.7605633802816901
164,0.00016595455316777602,1.0,1.0,1.0,1.0,1.0,1.7567964613082863,0.7301587301587301,1.0,0.5277777777777778,0.6136363636363636,0.7605633802816901
165,0.000210094457831975,1.0,1.0,1.0,1.0,1.0,1.7311062472669172,0.746031746031746,1.0,0.5555555555555556,0.627906976744186,0.7714285714285715
166,0.002956735116627018,0.9994557823129252,0.9991645781119465,0.9995964487489911,0.9991645781119465,0.9991645781119465,1.069021092358208,0.7936507936507936,0.8888888888888888,0.7222222222222222,0.7058823529411765,0.7868852459016393
167,0.002724811024651039,0.9994557823129252,1.0,0.9991928974979822,0.9983319432860718,0.9991652754590985,1.5945989034981245,0.7301587301587301,0.9259259259259259,0.5833333333333334,0.625,0.746268656716418
168,0.002469751689492782,0.9991836734693877,0.9991645781119465,0.9991928974979822,0.998330550918197,0.9987473903966597,1.68174306884323,0.7301587301587301,0.9629629629629629,0.5555555555555556,0.6190476190476191,0.7536231884057971
169,0.0001757717327113607,1.0,1.0,1.0,1.0,1.0,1.824327922227519,0.746031746031746,1.0,0.5555555555555556,0.627906976744186,0.7714285714285715
170,0.00016501720310919396,1.0,1.0,1.0,1.0,1.0,1.4761416494997868,0.7619047619047619,1.0,0.5833333333333334,0.6428571428571429,0.782608695652174
171,0.2456049263281788,0.9025974025974026,0.8686868686868687,0.9252044252044253,0.8856197131298271,0.8770715716627208,0.3406223470256442,0.8571428571428571,0.8888888888888888,0.8333333333333334,0.8,0.8421052631578947
172,0.00811496016135452,0.9991836734693877,0.9983291562238931,0.9995964487489911,0.9991638795986622,0.9987463435018805,0.8189703662517585,0.7777777777777778,0.9629629629629629,0.6388888888888888,0.6666666666666666,0.7878787878787878
173,0.0010888125735602728,1.0,1.0,1.0,1.0,1.0,0.9037214219828861,0.7777777777777778,0.9629629629629629,0.6388888888888888,0.6666666666666666,0.7878787878787878
174,0.0007358761343627465,1.0,1.0,1.0,1.0,1.0,1.0779498582733573,0.7777777777777778,0.9629629629629629,0.6388888888888888,0.6666666666666666,0.7878787878787878
175,0.0014408403316149994,0.9991836734693877,0.9991645781119465,0.9991928974979822,0.998330550918197,0.9987473903966597,0.7740061990787379,0.7777777777777778,0.9259259259259259,0.6666666666666666,0.6756756756756757,0.78125
176,0.00041160957213431015,1.0,1.0,1.0,1.0,1.0,1.202195175899385,0.7619047619047619,0.9629629629629629,0.6111111111111112,0.65,0.7761194029850746
177,0.001051868748228259,0.9997278911564625,0.9991645781119465,1.0,1.0,0.9995821145006268,1.866945633212001,0.7142857142857143,1.0,0.5,0.6,0.75
178,0.0009904473902599025,0.9997278911564625,0.9991645781119465,1.0,1.0,0.9995821145006268,2.080138288615715,0.7142857142857143,0.9629629629629629,0.5277777777777778,0.6046511627906976,0.7428571428571429
179,0.0001529494197475411,1.0,1.0,1.0,1.0,1.0,2.184534214555271,0.7142857142857143,0.9629629629629629,0.5277777777777778,0.6046511627906976,0.7428571428571429
180,0.22563622901363978,0.9067821067821068,0.8643578643578643,0.935064935064935,0.8987246811702926,0.8812063258550937,0.5010996044628204,0.8253968253968254,0.8518518518518519,0.8055555555555556,0.7666666666666667,0.8070175438596491
181,0.17726590305400144,0.9301587301587302,0.8906926406926406,0.9564694564694565,0.9316981132075471,0.9107340464773146,0.46751365591845817,0.8412698412698413,0.9259259259259259,0.7777777777777778,0.7575757575757576,0.8333333333333334
182,0.005470211572983131,0.9997278911564625,0.9991645781119465,1.0,1.0,0.9995821145006268,1.0450087458131805,0.7619047619047619,1.0,0.5833333333333334,0.6428571428571429,0.782608695652174
183,0.16240823632495915,0.936940836940837,0.9054834054834054,0.9579124579124579,0.9348230912476723,0.9199193696170057,0.47281671469173736,0.8253968253968254,0.7407407407407407,0.8888888888888888,0.8333333333333334,0.7843137254901961
184,0.009542824406078605,0.9983673469387755,0.9958228905597326,0.9995964487489911,0.9991617770326907,0.9974895397489539,1.051453342883005,0.7619047619047619,0.9259259259259259,0.6388888888888888,0.6578947368421053,0.7692307692307693
185,0.001173805921880186,1.0,1.0,1.0,1.0,1.0,1.1173767721361763,0.7619047619047619,0.9259259259259259,0.6388888888888888,0.6578947368421053,0.7692307692307693
186,0.0005185083110363786,1.0,1.0,1.0,1.0,1.0,1.3177353793843871,0.7619047619047619,0.9629629629629629,0.6111111111111112,0.65,0.7761194029850746
187,0.0005093126620607907,1.0,1.0,1.0,1.0,1.0,1.3424105136350373,0.7619047619047619,0.9629629629629629,0.6111111111111112,0.65,0.7761194029850746
188,0.00322964678090826,0.9991836734693877,0.9983291562238931,0.9995964487489911,0.9991638795986622,0.9987463435018805,1.5190182923827142,0.7301587301587301,0.9629629629629629,0.5555555555555556,0.6190476190476191,0.7536231884057971
189,0.002211718718963992,0.9997278911564625,1.0,0.9995964487489911,0.9991652754590985,0.9995824634655532,1.1847999914963212,0.746031746031746,0.9259259259259259,0.6111111111111112,0.6410256410256411,0.7575757575757576
190,0.0003274906637324464,1.0,1.0,1.0,1.0,1.0,1.3685514416188993,0.746031746031746,0.9629629629629629,0.5833333333333334,0.6341463414634146,0.7647058823529411
191,0.00024213115571044563,1.0,1.0,1.0,1.0,1.0,1.4052366995583436,0.7301587301587301,0.9629629629629629,0.5555555555555556,0.6190476190476191,0.7536231884057971
192,0.0001721215772006556,1.0,1.0,1.0,1.0,1.0,1.436752801670024,0.746031746031746,0.9629629629629629,0.5833333333333334,0.6341463414634146,0.7647058823529411
193,0.000140708842190841,1.0,1.0,1.0,1.0,1.0,1.4931837338549991,0.746031746031746,0.9629629629629629,0.5833333333333334,0.6341463414634146,0.7647058823529411
194,0.0001742087751098348,1.0,1.0,1.0,1.0,1.0,1.8320608668247356,0.746031746031746,1.0,0.5555555555555556,0.627906976744186,0.7714285714285715
195,9.76067979344512e-05,1.0,1.0,1.0,1.0,1.0,1.9500883608905872,0.7301587301587301,1.0,0.5277777777777778,0.6136363636363636,0.7605633802816901
196,0.00013505313421427717,1.0,1.0,1.0,1.0,1.0,2.003448230789102,0.7301587301587301,1.0,0.5277777777777778,0.6136363636363636,0.7605633802816901
197,6.455401865157439e-05,1.0,1.0,1.0,1.0,1.0,1.9325326775522425,0.746031746031746,1.0,0.5555555555555556,0.627906976744186,0.7714285714285715
198,6.316381982776342e-05,1.0,1.0,1.0,1.0,1.0,2.1148963504099463,0.7301587301587301,1.0,0.5277777777777778,0.6136363636363636,0.7605633802816901
199,5.183868380541122e-05,1.0,1.0,1.0,1.0,1.0,2.0735251222269855,0.746031746031746,1.0,0.5555555555555556,0.627906976744186,0.7714285714285715
200,0.2073530973904211,0.9181818181818182,0.8802308802308803,0.9434824434824435,0.9121495327102803,0.8959060033045714,0.47562242334797267,0.8095238095238095,0.9629629629629629,0.6944444444444444,0.7027027027027027,0.8125
201,0.14381352855405982,0.943001443001443,0.9170274170274171,0.9603174603174603,0.9390469154045068,0.927906552290564,0.6122171723889926,0.8095238095238095,0.9629629629629629,0.6944444444444444,0.7027027027027027,0.8125
202,0.11189083909739513,0.9564213564213564,0.9321789321789322,0.9725829725829725,0.9577464788732394,0.9447897623400365,0.5127031294599412,0.873015873015873,0.9259259259259259,0.8333333333333334,0.8064516129032258,0.8620689655172413
203,0.005512767538117865,0.9989115646258503,0.9974937343358395,0.9995964487489911,0.999163179916318,0.9983277591973244,1.1196937103430549,0.7777777777777778,0.9629629629629629,0.6388888888888888,0.6666666666666666,0.7878787878787878
204,0.0009957810792181844,1.0,1.0,1.0,1.0,1.0,1.3368889639922787,0.7936507936507936,1.0,0.6388888888888888,0.675,0.8059701492537313
205,0.11828331468058387,0.9535353535353536,0.9321789321789322,0.9677729677729677,0.9506990434142752,0.9413479052823315,0.458403896008219,0.8412698412698413,0.9259259259259259,0.7777777777777778,0.7575757575757576,0.8333333333333334
206,0.005469257627917948,0.9989115646258503,0.9991645781119465,0.9987893462469734,0.9974979149291076,0.998330550918197,0.7619634756434058,0.7936507936507936,0.9259259259259259,0.6944444444444444,0.6944444444444444,0.7936507936507936
207,0.0009460700163894909,1.0,1.0,1.0,1.0,1.0,1.2841196139028945,0.7619047619047619,0.9629629629629629,0.6111111111111112,0.65,0.7761194029850746
208,0.10869403106206155,0.9595959595959596,0.9372294372294372,0.9745069745069745,0.9607988165680473,0.9488677867056245,0.7363887594805824,0.8253968253968254,0.9259259259259259,0.75,0.7352941176470589,0.819672131147541
209,0.08655919136343763,0.9681096681096681,0.9534632034632035,0.9778739778739779,0.9663619744058501,0.9598692573088796,0.5277627172421605,0.873015873015873,0.9629629629629629,0.8055555555555556,0.7878787878787878,0.8666666666666667
210,0.07347176324715234,0.9731601731601731,0.9621212121212122,0.9805194805194806,0.9705240174672489,0.966304347826087,0.4720392513369757,0.873015873015873,0.9259259259259259,0.8333333333333334,0.8064516129032258,0.8620689655172413
211,0.06993931075013787,0.9746031746031746,0.9617604617604618,0.9831649831649831,0.9744152046783626,0.9680464778503994,0.7829326854220459,0.8095238095238095,0.9629629629629629,0.6944444444444444,0.7027027027027027,0.8125
212,0.005765953357062195,0.9983673469387755,0.9974937343358395,0.9987893462469734,0.9974937343358395,0.9974937343358395,0.9750552032335055,0.7777777777777778,0.9629629629629629,0.6388888888888888,0.6666666666666666,0.7878787878787878
213,0.0687575322913186,0.9743145743145744,0.9632034632034632,0.9817219817219818,0.9723233794610342,0.967741935483871,0.7327187312027764,0.8095238095238095,0.8888888888888888,0.75,0.7272727272727273,0.8
214,0.005737140955946718,0.9980952380952381,0.9966583124477861,0.9987893462469734,0.9974916387959866,0.9970748015043878,1.1441929440442768,0.7619047619047619,0.9629629629629629,0.6111111111111112,0.65,0.7761194029850746
215,0.07188807435630731,0.9734487734487735,0.9628427128427128,0.9805194805194806,0.9705454545454546,0.9666787395871062,0.7117503560961239,0.8095238095238095,0.9629629629629629,0.6944444444444444,0.7027027027027027,0.8125
216,0.0047607442670340215,0.9983673469387755,0.9991645781119465,0.9979822437449556,0.9958368026644463,0.9974979149291076,1.0947733513700466,0.746031746031746,0.9259259259259259,0.6111111111111112,0.6410256410256411,0.7575757575757576
217,0.0019045608821142857,0.9997278911564625,0.9991645781119465,1.0,1.0,0.9995821145006268,1.3619678039103746,0.7619047619047619,1.0,0.5833333333333334,0.6428571428571429,0.782608695652174
218,0.07062165391964711,0.9756132756132756,0.9668109668109668,0.9814814814814815,0.9720710917664128,0.969433894013384,0.6301849977601142,0.8253968253968254,0.9629629629629629,0.7222222222222222,0.7222222222222222,0.8253968253968254
219,0.007589747498083549,0.9980952380952381,0.9966583124477861,0.9987893462469734,0.9974916387959866,0.9970748015043878,0.9731754494446611,0.7936507936507936,0.9259259259259259,0.6944444444444444,0.6944444444444444,0.7936507936507936
220,0.061372153833844464,0.976911976911977,0.9689754689754689,0.9822029822029822,0.9731884057971014,0.9710773680404917,0.8781509308055753,0.8095238095238095,0.9629629629629629,0.6944444444444444,0.7027027027027027,0.8125
221,0.00475857193420204,0.9980952380952381,0.9974937343358395,0.9983857949959645,0.996661101836394,0.9970772442588727,0.9931347435044627,0.8095238095238095,0.9629629629629629,0.6944444444444444,0.7027027027027027,0.8125
222,0.0021558790724248576,0.9991836734693877,0.9983291562238931,0.9995964487489911,0.9991638795986622,0.9987463435018805,1.0888831592442112,0.7777777777777778,0.9259259259259259,0.6666666666666666,0.6756756756756757,0.78125
223,0.0006923275689244409,0.9997278911564625,0.9991645781119465,1.0,1.0,0.9995821145006268,1.0643941273668869,0.7936507936507936,0.9629629629629629,0.6666666666666666,0.6842105263157895,0.8
224,0.08048190557580001,0.9688311688311688,0.9577922077922078,0.9761904761904762,0.9640522875816994,0.9609120521172638,0.5069731291797426,0.8253968253968254,0.8518518518518519,0.8055555555555556,0.7666666666666667,0.8070175438596491
225,0.04266821009528247,0.9857142857142858,0.9794372294372294,0.98989898989899,0.984766050054407,0.9820944112859469,0.5935105066450815,0.8412698412698413,0.9259259259259259,0.7777777777777778,0.7575757575757576,0.8333333333333334
226,0.04624543081189393,0.9826839826839827,0.9761904761904762,0.987012987012987,0.9804347826086957,0.9783080260303688,0.55837009637247,0.873015873015873,0.9259259259259259,0.8333333333333334,0.8064516129032258,0.8620689655172413
227,0.040256180096462015,0.9867243867243867,0.9834054834054834,0.9889369889369889,0.9834054834054834,0.9834054834054834,0.799978001117115,0.7936507936507936,0.8888888888888888,0.7222222222222222,0.7058823529411765,0.7868852459016393
228,0.04543214760385427,0.9847041847041847,0.9790764790764791,0.9884559884559885,0.9826212889210717,0.9808456812432237,0.7137426458713081,0.8253968253968254,0.9259259259259259,0.75,0.7352941176470589,0.819672131147541
229,0.039907890740442015,0.9858585858585859,0.9816017316017316,0.9886964886964887,0.9830202312138728,0.9823104693140794,0.7427974272933271,0.8571428571428571,0.9259259259259259,0.8055555555555556,0.78125,0.847457627118644
230,0.0309816836157557,0.9896103896103896,0.9855699855699855,0.9923039923039924,0.9884225759768451,0.9869942196531792,0.8869937872809787,0.8253968253968254,0.8888888888888888,0.7777777777777778,0.75,0.8135593220338984
231,0.006993399957716814,0.998639455782313,0.9983291562238931,0.9987893462469734,0.9974958263772955,0.9979123173277662,1.0868739925273176,0.8095238095238095,0.9629629629629629,0.6944444444444444,0.7027027027027027,0.8125
232,0.0008595636581703482,0.9997278911564625,0.9991645781119465,1.0,1.0,0.9995821145006268,1.183367754240328,0.7777777777777778,0.9629629629629629,0.6388888888888888,0.6666666666666666,0.7878787878787878
233,0.0511366482905876,0.9828282828282828,0.9765512265512265,0.987012987012987,0.980441868888084,0.9784926802819447,0.7748269710601086,0.8253968253968254,0.9259259259259259,0.75,0.7352941176470589,0.819672131147541
234,0.006464358315015921,0.9983673469387755,0.9966583124477861,0.9991928974979822,0.998326359832636,0.9974916387959866,0.8840378889193138,0.7936507936507936,0.9259259259259259,0.6944444444444444,0.6944444444444444,0.7936507936507936
235,0.0007702702815172446,0.9997278911564625,0.9991645781119465,1.0,1.0,0.9995821145006268,1.272768168525386,0.7777777777777778,0.9629629629629629,0.6388888888888888,0.6666666666666666,0.7878787878787878
236,0.0532987401394367,0.9815295815295815,0.9758297258297258,0.9853294853294853,0.9779464931308749,0.9768869628024558,0.6626135753024192,0.8412698412698413,0.8888888888888888,0.8055555555555556,0.7741935483870968,0.8275862068965517
237,0.008318429581332337,0.9959183673469387,0.9949874686716792,0.9963680387409201,0.9925,0.9937421777221527,1.1202019916178423,0.746031746031746,0.9259259259259259,0.6111111111111112,0.6410256410256411,0.7575757575757576
238,0.0008151594747521528,1.0,1.0,1.0,1.0,1.0,1.257546215857719,0.746031746031746,0.9259259259259259,0.6111111111111112,0.6410256410256411,0.7575757575757576
239,0.039339718191825995,0.9864357864357864,0.9834054834054834,0.9884559884559885,0.9826964671953857,0.9830508474576272,0.564322480355345,0.873015873015873,0.9259259259259259,0.8333333333333334,0.8064516129032258,0.8620689655172413
240,0.007365562636040937,0.9972789115646259,0.9941520467836257,0.9987893462469734,0.9974853310980721,0.99581589958159,1.277068201419232,0.7619047619047619,0.9259259259259259,0.6388888888888888,0.6578947368421053,0.7692307692307693
241,0.05320128830541852,0.9799422799422799,0.9743867243867244,0.9836459836459837,0.9754423979776092,0.9749142754015521,0.6874411154893183,0.8412698412698413,0.8518518518518519,0.8333333333333334,0.7931034482758621,0.8214285714285714
242,0.03225100171880953,0.989033189033189,0.9859307359307359,0.9911014911014911,0.9866425992779784,0.9862865391555395,0.7796269910010908,0.8412698412698413,0.8518518518518519,0.8333333333333334,0.7931034482758621,0.8214285714285714
243,0.03513163422794763,0.9887445887445887,0.9852092352092352,0.9911014911014911,0.9866329479768786,0.9859205776173285,0.9103518909301668,0.8095238095238095,0.8888888888888888,0.75,0.7272727272727273,0.8
244,0.030712485814942143,0.9896103896103896,0.9877344877344877,0.9908609908609909,0.9863112391930836,0.9870223503965393,0.7541044959539754,0.8095238095238095,0.8888888888888888,0.75,0.7272727272727273,0.8
245,0.02192181040132069,0.9923520923520923,0.9891774891774892,0.9944684944684945,0.9916817359855334,0.9904280296189272,0.9515470541599724,0.8253968253968254,0.9629629629629629,0.7222222222222222,0.7222222222222222,0.8253968253968254
246,0.010663368179948706,0.9972789115646259,0.9958228905597326,0.9979822437449556,0.9958228905597326,0.9958228905597326,1.1694819122970488,0.8095238095238095,0.9629629629629629,0.6944444444444444,0.7027027027027027,0.8125
247,0.04258572449437296,0.9855699855699855,0.9808802308802309,0.9886964886964887,0.9830079537237889,0.9819429396894186,0.8482668943544258,0.8253968253968254,0.9259259259259259,0.75,0.7352941176470589,0.819672131147541
248,0.009697118807630772,0.9975510204081632,0.9958228905597326,0.9983857949959645,0.9966555183946488,0.9962390305056414,1.264003778445638,0.7777777777777778,0.9629629629629629,0.6388888888888888,0.6666666666666666,0.7878787878787878
249,0.04152217043515343,0.9854256854256854,0.9797979797979798,0.9891774891774892,0.9837015574067367,0.9817458883065245,0.8571207285045631,0.8253968253968254,0.9259259259259259,0.75,0.7352941176470589,0.819672131147541
250,0.006816613060132391,0.9980952380952381,0.9966583124477861,0.9987893462469734,0.9974916387959866,0.9970748015043878,1.0032798360131445,0.8095238095238095,0.9259259259259259,0.7222222222222222,0.7142857142857143,0.8064516129032258
251,0.034441299083851636,0.988023088023088,0.9848484848484849,0.9901394901394901,0.9852038975099242,0.9850261591196103,1.0153576878993402,0.8095238095238095,0.9629629629629629,0.6944444444444444,0.7027027027027027,0.8125
252,0.03237979179044949,0.9877344877344877,0.9841269841269841,0.9901394901394901,0.9851932105453233,0.9846598086987909,0.6750444838747619,0.8412698412698413,0.9259259259259259,0.7777777777777778,0.7575757575757576,0.8333333333333334
253,0.024287321040841744,0.9920634920634921,0.9884559884559885,0.9944684944684945,0.9916757148027506,0.990063233965673,0.9017226326257168,0.7936507936507936,0.8888888888888888,0.7222222222222222,0.7058823529411765,0.7868852459016393
254,0.026838734647429457,0.9901875901875902,0.987012987012987,0.9923039923039924,0.9884393063583815,0.9877256317689531,0.7781157851411354,0.8412698412698413,0.9259259259259259,0.7777777777777778,0.7575757575757576,0.8333333333333334
255,0.024087631393645312,0.9916305916305916,0.9895382395382395,0.993025493025493,0.9895382395382395,0.9895382395382395,0.8090298337536672,0.8412698412698413,0.9259259259259259,0.7777777777777778,0.7575757575757576,0.8333333333333334
256,0.0295511574268712,0.9893217893217893,0.987012987012987,0.9908609908609909,0.9863013698630136,0.9866570501262171,0.8343247797281023,0.8095238095238095,0.9259259259259259,0.7222222222222222,0.7142857142857143,0.8064516129032258
257,0.02509696751190074,0.9910533910533911,0.9880952380952381,0.993025493025493,0.9895231213872833,0.9888086642599277,0.7709661387646246,0.8095238095238095,0.8888888888888888,0.75,0.7272727272727273,0.8
258,0.005895876998818704,0.9989115646258503,0.9983291562238931,0.9991928974979822,0.9983291562238931,0.9983291562238931,1.07937051744629,0.7936507936507936,0.9629629629629629,0.6666666666666666,0.6842105263157895,0.8
259,0.003017226296089365,0.9991836734693877,0.9983291562238931,0.9995964487489911,0.9991638795986622,0.9987463435018805,1.4950726807952697,0.746031746031746,0.9629629629629629,0.5833333333333334,0.6341463414634146,0.7647058823529411
260,0.0006879875010596078,0.9997278911564625,0.9991645781119465,1.0,1.0,0.9995821145006268,1.5634153974279466,0.7619047619047619,1.0,0.5833333333333334,0.6428571428571429,0.782608695652174
261,0.03721443144446655,0.9865800865800866,0.9812409812409812,0.9901394901394901,0.9851503078594712,0.9831917585396711,0.5963165346414797,0.8095238095238095,0.8888888888888888,0.75,0.7272727272727273,0.8
262,0.005245491869947703,0.9980952380952381,0.9966583124477861,0.9987893462469734,0.9974916387959866,0.9970748015043878,1.2905049776512434,0.7619047619047619,0.9629629629629629,0.6111111111111112,0.65,0.7761194029850746
263,0.0019176660281000975,0.9991836734693877,0.9991645781119465,0.9991928974979822,0.998330550918197,0.9987473903966597,1.1444090926882973,0.7777777777777778,0.9259259259259259,0.6666666666666666,0.6756756756756757,0.78125
264,0.036154711088254674,0.987012987012987,0.9841269841269841,0.9889369889369889,0.9834174477289113,0.9837720879913451,1.025873895675417,0.7936507936507936,0.8518518518518519,0.75,0.71875,0.7796610169491526
265,0.02099132902398141,0.9936507936507937,0.9917027417027418,0.9949494949494949,0.9924187725631769,0.9920606279321544,0.5061333643065559,0.8571428571428571,0.8888888888888888,0.8333333333333334,0.8,0.8421052631578947
266,0.003818035899706226,0.9989115646258503,0.9991645781119465,0.9987893462469734,0.9974979149291076,0.998330550918197,1.0661066305141762,0.8095238095238095,0.9629629629629629,0.6944444444444444,0.7027027027027027,0.8125
267,0.03856862323903942,0.9875901875901876,0.9826839826839827,0.9908609908609909,0.9862418537291817,0.9844597036501627,0.909280832797762,0.7936507936507936,0.9629629629629629,0.6666666666666666,0.6842105263157895,0.8
268,0.0269484138485309,0.9907647907647907,0.9877344877344877,0.9927849927849928,0.9891618497109826,0.9884476534296028,1.044152165216113,0.8095238095238095,0.9629629629629629,0.6944444444444444,0.7027027027027027,0.8125
269,0.01931734051625362,0.9936507936507937,0.9917027417027418,0.9949494949494949,0.9924187725631769,0.9920606279321544,0.5990570228757515,0.873015873015873,0.8888888888888888,0.8611111111111112,0.8275862068965517,0.8571428571428571
270,0.004307528592780851,0.9991836734693877,0.9991645781119465,0.9991928974979822,0.998330550918197,0.9987473903966597,1.170676052853066,0.7777777777777778,0.9629629629629629,0.6388888888888888,0.6666666666666666,0.7878787878787878
271,0.03394494243418481,0.9883116883116884,0.9852092352092352,0.9903799903799904,0.9855647780584627,0.9853869745625112,0.6064819743235906,0.8571428571428571,0.9259259259259259,0.8055555555555556,0.78125,0.847457627118644
272,0.02444067488327551,0.9926406926406927,0.9906204906204906,0.993987493987494,0.9909779862865391,0.9907992062060256,0.48001072987441035,0.8412698412698413,0.8518518518518519,0.8333333333333334,0.7931034482758621,0.8214285714285714
273,0.0032578291288617805,0.9989115646258503,0.9974937343358395,0.9995964487489911,0.999163179916318,0.9983277591973244,1.192572761894322,0.8253968253968254,1.0,0.6944444444444444,0.7105263157894737,0.8307692307692308
274,0.027337536479404914,0.9903318903318903,0.9877344877344877,0.9920634920634921,0.9880909418982317,0.987912682662818,1.1685165074609576,0.7777777777777778,0.9629629629629629,0.6388888888888888,0.6666666666666666,0.7878787878787878
275,0.011258982370150605,0.9951020408163266,0.9933166248955723,0.9959644874899112,0.9916597164303587,0.9924874791318865,1.55203596927828,0.7777777777777778,0.9629629629629629,0.6388888888888888,0.6666666666666666,0.7878787878787878
276,0.003752007797363588,0.9991836734693877,0.9983291562238931,0.9995964487489911,0.9991638795986622,0.9987463435018805,1.0171695530935678,0.7936507936507936,0.9259259259259259,0.6944444444444444,0.6944444444444444,0.7936507936507936
277,0.0005994742743367627,0.9997278911564625,0.9991645781119465,1.0,1.0,0.9995821145006268,1.586634717984236,0.746031746031746,0.9259259259259259,0.6111111111111112,0.6410256410256411,0.7575757575757576
278,0.0004265777171937096,1.0,1.0,1.0,1.0,1.0,1.6065487102993454,0.746031746031746,0.9259259259259259,0.6111111111111112,0.6410256410256411,0.7575757575757576
279,0.0012914988595270076,0.9994557823129252,0.9991645781119465,0.9995964487489911,0.9991645781119465,0.9991645781119465,2.0867040495125813,0.746031746031746,1.0,0.5555555555555556,0.627906976744186,0.7714285714285715
280,0.0013760791702358745,0.9994557823129252,0.9991645781119465,0.9995964487489911,0.9991645781119465,0.9991645781119465,1.465384497991412,0.7777777777777778,0.9259259259259259,0.6666666666666666,0.6756756756756757,0.78125
281,0.00020196289152514188,1.0,1.0,1.0,1.0,1.0,1.6493061022225044,0.7777777777777778,0.9629629629629629,0.6388888888888888,0.6666666666666666,0.7878787878787878
282,0.00013772236588808983,1.0,1.0,1.0,1.0,1.0,1.8169158297696701,0.7777777777777778,0.9629629629629629,0.6388888888888888,0.6666666666666666,0.7878787878787878
283,0.059583908196023466,0.9784992784992785,0.9733044733044733,0.9819624819624819,0.9729534799855752,0.9731289449954914,0.5315457517576833,0.8888888888888888,0.8888888888888888,0.8888888888888888,0.8571428571428571,0.8727272727272727
284,0.027740175820585383,0.9901875901875902,0.9877344877344877,0.9918229918229918,0.9877344877344877,0.9877344877344877,0.6497568887259279,0.8253968253968254,0.8888888888888888,0.7777777777777778,0.75,0.8135593220338984
285,0.01943823990393914,0.9932178932178932,0.9920634920634921,0.993987493987494,0.990990990990991,0.9915269515053182,0.8074904461169526,0.8571428571428571,0.9259259259259259,0.8055555555555556,0.78125,0.847457627118644
286,0.02233497342013305,0.9929292929292929,0.9906204906204906,0.9944684944684945,0.9916937522571325,0.9911568308969501,0.687185095992708,0.8571428571428571,0.9259259259259259,0.8055555555555556,0.78125,0.847457627118644
287,0.0035495336013630294,0.9989115646258503,0.9974937343358395,0.9995964487489911,0.999163179916318,0.9983277591973244,1.024307653867817,0.8095238095238095,0.9259259259259259,0.7222222222222222,0.7142857142857143,0.8064516129032258
288,0.002136635461948467,0.9997278911564625,1.0,0.9995964487489911,0.9991652754590985,0.9995824634655532,1.2095584013011484,0.7777777777777778,0.9629629629629629,0.6388888888888888,0.6666666666666666,0.7878787878787878
289,0.0004147058583144257,1.0,1.0,1.0,1.0,1.0,1.1945764384230613,0.7777777777777778,0.9259259259259259,0.6666666666666666,0.6756756756756757,0.78125
290,0.0358383653411547,0.9883116883116884,0.9855699855699855,0.9901394901394901,0.9852145690587811,0.9853922452660054,0.8068704389567886,0.8095238095238095,0.9629629629629629,0.6944444444444444,0.7027027027027027,0.8125
291,0.02618146952099542,0.9924963924963925,0.9902597402597403,0.993987493987494,0.9909747292418772,0.9906171057380008,0.5058356204092325,0.8888888888888888,0.9629629629629629,0.8333333333333334,0.8125,0.8813559322033898
292,0.01925314427834831,0.9926406926406927,0.9902597402597403,0.9942279942279942,0.991332611050921,0.9907958852192745,0.6586818813890521,0.873015873015873,0.9259259259259259,0.8333333333333334,0.8064516129032258,0.8620689655172413
293,0.01652710656710008,0.9946608946608947,0.9938672438672439,0.9951899951899952,0.9927927927927928,0.9933297277807824,0.7156903050593443,0.873015873015873,0.9629629629629629,0.8055555555555556,0.7878787878787878,0.8666666666666667
294,0.006041302674954447,0.9983673469387755,0.9974937343358395,0.9987893462469734,0.9974937343358395,0.9974937343358395,1.2193354518344026,0.7777777777777778,1.0,0.6111111111111112,0.6585365853658537,0.7941176470588235
295,0.001085453128256458,0.9997278911564625,1.0,0.9995964487489911,0.9991652754590985,0.9995824634655532,1.1971083555138662,0.8095238095238095,0.9629629629629629,0.6944444444444444,0.7027027027027027,0.8125
296,0.03350133817545663,0.9884559884559885,0.9852092352092352,0.9906204906204906,0.9859205776173285,0.9855647780584627,0.8898845898728478,0.8095238095238095,0.9629629629629629,0.6944444444444444,0.7027027027027027,0.8125
297,0.004020225163862002,0.998639455782313,0.9983291562238931,0.9987893462469734,0.9974958263772955,0.9979123173277662,0.9433680037664811,0.8095238095238095,0.9259259259259259,0.7222222222222222,0.7142857142857143,0.8064516129032258
298,0.0006728173076348588,1.0,1.0,1.0,1.0,1.0,1.2760140259291917,0.7777777777777778,0.9629629629629629,0.6388888888888888,0.6666666666666666,0.7878787878787878
299,0.03538774874968982,0.9877344877344877,0.9855699855699855,0.9891774891774892,0.9837954627295643,0.9846819246711119,0.7552514685336814,0.8412698412698413,0.9629629629629629,0.75,0.7428571428571429,0.8387096774193549
300,0.003010156563372109,0.998639455782313,0.9974937343358395,0.9991928974979822,0.9983277591973244,0.9979105725031342,1.132290958933207,0.8095238095238095,0.9629629629629629,0.6944444444444444,0.7027027027027027,0.8125
301,0.026222507500545035,0.9904761904761905,0.9873737373737373,0.9925444925444925,0.9888005780346821,0.988086642599278,0.7934214506147703,0.8571428571428571,0.9629629629629629,0.7777777777777778,0.7647058823529411,0.8524590163934426
302,0.018008927850750367,0.9932178932178932,0.990981240981241,0.9947089947089947,0.9920548934633442,0.9915177765746255,0.9107136481149595,0.8095238095238095,0.9629629629629629,0.6944444444444444,0.7027027027027027,0.8125
303,0.002921861868344917,0.998639455782313,0.9991645781119465,0.9983857949959645,0.9966666666666667,0.9979140592407175,1.0461923116088165,0.8253968253968254,0.9629629629629629,0.7222222222222222,0.7222222222222222,0.8253968253968254
304,0.020132900309191397,0.9923520923520923,0.9913419913419913,0.993025493025493,0.9895570759812747,0.990448729500811,0.7725159986506379,0.8253968253968254,0.8888888888888888,0.7777777777777778,0.75,0.8135593220338984
305,0.01445624821041772,0.9955266955266955,0.9942279942279942,0.9963924963924964,0.9945867917719234,0.9944073606350352,1.143215491113508,0.8095238095238095,0.9259259259259259,0.7222222222222222,0.7142857142857143,0.8064516129032258
306,0.03036692096475222,0.98989898989899,0.9888167388167388,0.9906204906204906,0.9859712230215827,0.9873919308357348,0.5116352836290995,0.873015873015873,0.9259259259259259,0.8333333333333334,0.8064516129032258,0.8620689655172413
307,0.012578365643233905,0.9961038961038962,0.9953102453102453,0.9966329966329966,0.994951316263974,0.9951307484220018,0.8738690059454668,0.8412698412698413,0.8888888888888888,0.8055555555555556,0.7741935483870968,0.8275862068965517
308,0.017645298358550884,0.9940836940836941,0.9913419913419913,0.9959114959114959,0.9938517179023508,0.9925952681957739,0.8450000128220945,0.8412698412698413,0.9259259259259259,0.7777777777777778,0.7575757575757576,0.8333333333333334
309,0.006400922620217601,0.9978231292517007,0.9974937343358395,0.9979822437449556,0.9958298582151793,0.996661101836394,0.841652921644882,0.8571428571428571,1.0,0.75,0.75,0.8571428571428571
310,0.020767616041234463,0.9935064935064936,0.9924242424242424,0.9942279942279942,0.9913513513513513,0.991887506760411,0.6165134459438305,0.8888888888888888,0.9259259259259259,0.8611111111111112,0.8333333333333334,0.8771929824561403
311,0.006316822317593611,0.9980952380952381,0.9974937343358395,0.9983857949959645,0.996661101836394,0.9970772442588727,1.015929452059532,0.7936507936507936,0.9629629629629629,0.6666666666666666,0.6842105263157895,0.8
312,0.001690704365128546,0.9997278911564625,1.0,0.9995964487489911,0.9991652754590985,0.9995824634655532,1.0232132471735693,0.7936507936507936,0.9259259259259259,0.6944444444444444,0.6944444444444444,0.7936507936507936
313,0.0007897208667774827,0.9994557823129252,0.9991645781119465,0.9995964487489911,0.9991645781119465,0.9991645781119465,1.2387184803715967,0.7936507936507936,0.9259259259259259,0.6944444444444444,0.6944444444444444,0.7936507936507936
314,0.033904601486817974,0.9884559884559885,0.9837662337662337,0.9915824915824916,0.9873280231716147,0.9855439103722443,0.7729146616821665,0.873015873015873,0.9629629629629629,0.8055555555555556,0.7878787878787878,0.8666666666666667
315,0.018796408852529718,0.9937950937950938,0.990981240981241,0.9956709956709957,0.993490054249548,0.9922340617662995,0.8978136802417418,0.8253968253968254,0.9629629629629629,0.7222222222222222,0.7222222222222222,0.8253968253968254
316,0.017444042242263997,0.9948051948051948,0.9935064935064936,0.9956709956709957,0.9935064935064936,0.9935064935064936,0.6039525962301663,0.873015873015873,0.9629629629629629,0.8055555555555556,0.7878787878787878,0.8666666666666667
317,0.004521763065325406,0.9978231292517007,0.9974937343358395,0.9979822437449556,0.9958298582151793,0.996661101836394,0.8365931063252945,0.8253968253968254,0.9259259259259259,0.75,0.7352941176470589,0.819672131147541
318,0.0006695868421902684,0.9997278911564625,0.9991645781119465,1.0,1.0,0.9995821145006268,1.3161294978474163,0.7619047619047619,0.9629629629629629,0.6111111111111112,0.65,0.7761194029850746
319,0.00023027952684728637,1.0,1.0,1.0,1.0,1.0,1.2046838456299156,0.7619047619047619,0.9259259259259259,0.6388888888888888,0.6578947368421053,0.7692307692307693
320,0.0002626942467925176,1.0,1.0,1.0,1.0,1.0,1.5228983365749527,0.7619047619047619,0.9629629629629629,0.6111111111111112,0.65,0.7761194029850746
321,0.03732812590737495,0.9865800865800866,0.9819624819624819,0.9896584896584897,0.9844484629294756,0.9832039010294383,0.7127275573651469,0.8571428571428571,0.8888888888888888,0.8333333333333334,0.8,0.8421052631578947
322,0.01697277724211209,0.9946608946608947,0.9935064935064936,0.9954304954304954,0.9931482149296791,0.9933273219116321,0.7361396904739123,0.8571428571428571,0.9629629629629629,0.7777777777777778,0.7647058823529411,0.8524590163934426
323,0.01897541381565106,0.9945165945165945,0.9927849927849928,0.9956709956709957,0.9935018050541516,0.9931432695777698,0.6249838765740158,0.873015873015873,0.9259259259259259,0.8333333333333334,0.8064516129032258,0.8620689655172413
324,0.01611013372006353,0.9945165945165945,0.9920634920634921,0.9961519961519961,0.9942154736080984,0.9931383170819791,0.8126673988022265,0.7936507936507936,0.8518518518518519,0.75,0.71875,0.7796610169491526
325,0.006785018641232306,0.9980952380952381,0.9966583124477861,0.9987893462469734,0.9974916387959866,0.9970748015043878,1.4722349133059782,0.746031746031746,0.9259259259259259,0.6111111111111112,0.6410256410256411,0.7575757575757576
326,0.0007759333696748134,1.0,1.0,1.0,1.0,1.0,1.3136629256593537,0.7619047619047619,0.9259259259259259,0.6388888888888888,0.6578947368421053,0.7692307692307693
327,0.020067567220647297,0.9937950937950938,0.9917027417027418,0.9951899951899952,0.9927771758757674,0.9922396679299765,1.329989142715931,0.7777777777777778,0.9629629629629629,0.6388888888888888,0.6666666666666666,0.7878787878787878
328,0.003346975295989359,0.9991836734693877,0.9991645781119465,0.9991928974979822,0.998330550918197,0.9987473903966597,1.2470447786507153,0.7936507936507936,0.9629629629629629,0.6666666666666666,0.6842105263157895,0.8
329,0.029232317782601835,0.9910533910533911,0.9888167388167388,0.9925444925444925,0.9888167388167388,0.9888167388167388,0.6919175742992333,0.8253968253968254,0.8888888888888888,0.7777777777777778,0.75,0.8135593220338984
330,0.01769908498551006,0.9943722943722944,0.9938672438672439,0.9947089947089947,0.992077781778898,0.9929717066138043,0.527257218572592,0.9047619047619048,0.9629629629629629,0.8611111111111112,0.8387096774193549,0.896551724137931
331,0.017605660745708917,0.9927849927849928,0.9917027417027418,0.9935064935064936,0.9902737752161384,0.9909877433309301,0.6578342297986622,0.8888888888888888,1.0,0.8055555555555556,0.7941176470588235,0.8852459016393442
332,0.005694066293630274,0.9978231292517007,0.9958228905597326,0.9987893462469734,0.9974895397489539,0.9966555183946488,0.8224370662549821,0.8253968253968254,0.9629629629629629,0.7222222222222222,0.7222222222222222,0.8253968253968254
333,0.01976683051457671,0.9932178932178932,0.9920634920634921,0.993987493987494,0.990990990990991,0.9915269515053182,0.6056694520326952,0.9047619047619048,0.9259259259259259,0.8888888888888888,0.8620689655172413,0.8928571428571429
334,0.013288448423251753,0.9955266955266955,0.9945887445887446,0.9961519961519961,0.994230075730256,0.9944093778178539,0.7354411672032068,0.873015873015873,0.9629629629629629,0.8055555555555556,0.7878787878787878,0.8666666666666667
335,0.005323633853560725,0.9972789115646259,0.9941520467836257,0.9987893462469734,0.9974853310980721,0.99581589958159,0.9823116357752403,0.8253968253968254,1.0,0.6944444444444444,0.7105263157894737,0.8307692307692308
336,0.000532190039739362,1.0,1.0,1.0,1.0,1.0,1.0454725569524315,0.8253968253968254,0.9629629629629629,0.7222222222222222,0.7222222222222222,0.8253968253968254
337,0.021466329497316097,0.9940836940836941,0.9927849927849928,0.9949494949494949,0.9924269743959611,0.9926059513074842,0.6836907825772724,0.873015873015873,0.9259259259259259,0.8333333333333334,0.8064516129032258,0.8620689655172413
338,0.02011573956065615,0.9932178932178932,0.9902597402597403,0.9951899951899952,0.9927667269439421,0.9915116489073506,0.7332151706020037,0.8412698412698413,0.9259259259259259,0.7777777777777778,0.7575757575757576,0.8333333333333334
339,0.009269299441120565,0.9978354978354979,0.9963924963924964,0.9987974987974988,0.9981929887965305,0.9972919299512547,0.9350691924965571,0.8095238095238095,0.9629629629629629,0.6944444444444444,0.7027027027027027,0.8125
340,0.004130905761898632,0.9991836734693877,0.9983291562238931,0.9995964487489911,0.9991638795986622,0.9987463435018805,0.930922546887554,0.8253968253968254,0.9629629629629629,0.7222222222222222,0.7222222222222222,0.8253968253968254
341,0.019319281006491194,0.9936507936507937,0.990981240981241,0.9954304954304954,0.9931308749096168,0.9920548934633442,0.6475368240582091,0.8888888888888888,0.9629629629629629,0.8333333333333334,0.8125,0.8813559322033898
342,0.005856643622987793,0.9983673469387755,0.9966583124477861,0.9991928974979822,0.998326359832636,0.9974916387959866,0.9355152020506221,0.8412698412698413,1.0,0.7222222222222222,0.7297297297297297,0.84375
343,0.021914341964874927,0.9923520923520923,0.9902597402597403,0.9937469937469937,0.9906171057380008,0.9904383907631247,0.7492180506270083,0.8571428571428571,0.9629629629629629,0.7777777777777778,0.7647058823529411,0.8524590163934426
344,0.013389211295294027,0.9962481962481963,0.9949494949494949,0.9971139971139971,0.9956678700361011,0.9953085528690003,0.6630385726291154,0.8888888888888888,0.9259259259259259,0.8611111111111112,0.8333333333333334,0.8771929824561403
345,0.006368754557381403,0.998639455782313,0.9983291562238931,0.9987893462469734,0.9974958263772955,0.9979123173277662,0.768246119093549,0.8253968253968254,1.0,0.6944444444444444,0.7105263157894737,0.8307692307692308
346,0.018391794574366006,0.9936507936507937,0.9924242424242424,0.9944684944684945,0.9917087238644556,0.992066354129102,0.5404566028118429,0.873015873015873,0.9259259259259259,0.8333333333333334,0.8064516129032258,0.8620689655172413
347,0.015498363281376167,0.9939393939393939,0.9920634920634921,0.9951899951899952,0.9927797833935018,0.9924215084806929,0.7307618727375355,0.8412698412698413,0.9629629629629629,0.75,0.7428571428571429,0.8387096774193549
348,0.016306589340504184,0.9952380952380953,0.9931457431457431,0.9966329966329966,0.9949403686302855,0.9940422458927605,0.7810909626497295,0.8095238095238095,0.9259259259259259,0.7222222222222222,0.7142857142857143,0.8064516129032258
349,0.01741064882617256,0.9948051948051948,0.9938672438672439,0.9954304954304954,0.9931506849315068,0.9935088351965381,0.7683247847072336,0.8571428571428571,0.9629629629629629,0.7777777777777778,0.7647058823529411,0.8524590163934426
350,0.004262994450640022,0.998639455782313,0.9983291562238931,0.9987893462469734,0.9974958263772955,0.9979123173277662,0.9898036789194781,0.8253968253968254,0.9259259259259259,0.75,0.7352941176470589,0.819672131147541
351,0.0005860289306158903,1.0,1.0,1.0,1.0,1.0,0.9680679922129789,0.8253968253968254,0.9259259259259259,0.75,0.7352941176470589,0.819672131147541
352,0.022859018802183207,0.9926406926406927,0.9913419913419913,0.9935064935064936,0.9902702702702703,0.9908058409951325,0.7104564164469521,0.8571428571428571,0.9259259259259259,0.8055555555555556,0.78125,0.847457627118644
353,0.004622113214384806,0.998639455782313,0.9983291562238931,0.9987893462469734,0.9974958263772955,0.9979123173277662,1.0972834067578088,0.7619047619047619,0.9259259259259259,0.6388888888888888,0.6578947368421053,0.7692307692307693
354,0.001399781733951658,0.9991836734693877,0.9983291562238931,0.9995964487489911,0.9991638795986622,0.9987463435018805,1.1758787576959187,0.8095238095238095,0.9259259259259259,0.7222222222222222,0.7142857142857143,0.8064516129032258
355,0.022180166979420133,0.9919191919191919,0.990981240981241,0.9925444925444925,0.9888408927285817,0.9899099099099099,0.7346489841385471,0.8571428571428571,0.9259259259259259,0.8055555555555556,0.78125,0.847457627118644
356,0.016416575529311146,0.9945165945165945,0.9931457431457431,0.9954304954304954,0.9931457431457431,0.9931457431457431,0.7487413152860153,0.8571428571428571,0.9629629629629629,0.7777777777777778,0.7647058823529411,0.8524590163934426
357,0.009786216375029704,0.9962481962481963,0.9953102453102453,0.9968734968734969,0.9953102453102453,0.9953102453102453,0.5993978230461445,0.8888888888888888,0.8518518518518519,0.9166666666666666,0.8846153846153846,0.8679245283018868
358,0.010834600859011608,0.996734693877551,0.9941520467836257,0.9979822437449556,0.99581589958159,0.9949832775919732,0.7867843868827173,0.8412698412698413,0.9629629629629629,0.75,0.7428571428571429,0.8387096774193549
359,0.0004391346641328759,1.0,1.0,1.0,1.0,1.0,0.7312522298228624,0.8412698412698413,0.9629629629629629,0.75,0.7428571428571429,0.8387096774193549
360,0.0016514163903617236,0.9991836734693877,0.9991645781119465,0.9991928974979822,0.998330550918197,0.9987473903966597,1.0484252435992294,0.8253968253968254,0.9259259259259259,0.75,0.7352941176470589,0.819672131147541
361,0.00025667297601783773,1.0,1.0,1.0,1.0,1.0,1.2237951458498304,0.7936507936507936,0.9629629629629629,0.6666666666666666,0.6842105263157895,0.8
362,0.00014458549561501295,1.0,1.0,1.0,1.0,1.0,1.2162001784013154,0.7619047619047619,0.9259259259259259,0.6388888888888888,0.6578947368421053,0.7692307692307693
363,0.0001220711494031656,1.0,1.0,1.0,1.0,1.0,1.3583139291653106,0.7777777777777778,0.9629629629629629,0.6388888888888888,0.6666666666666666,0.7878787878787878
364,0.0003145497341232048,1.0,1.0,1.0,1.0,1.0,1.5768646667459665,0.7777777777777778,0.9629629629629629,0.6388888888888888,0.6666666666666666,0.7878787878787878
365,0.043772874020233554,0.9883116883116884,0.9834054834054834,0.9915824915824916,0.987323433538573,0.985360563889391,0.7974568794939726,0.8412698412698413,0.9629629629629629,0.75,0.7428571428571429,0.8387096774193549
366,0.0025586758102654626,0.9989115646258503,0.9991645781119465,0.9987893462469734,0.9974979149291076,0.998330550918197,0.9089937800488856,0.8412698412698413,0.9629629629629629,0.75,0.7428571428571429,0.8387096774193549
367,0.018929454865961162,0.9936507936507937,0.9924242424242424,0.9944684944684945,0.9917087238644556,0.992066354129102,0.9224848254719594,0.8253968253968254,0.9629629629629629,0.7222222222222222,0.7222222222222222,0.8253968253968254
368,0.014270469366869631,0.9956709956709957,0.9945887445887446,0.9963924963924964,0.9945887445887446,0.9945887445887446,0.6866756986414585,0.8888888888888888,0.9629629629629629,0.8333333333333334,0.8125,0.8813559322033898
369,0.006079366850538209,0.9983673469387755,0.9974937343358395,0.9987893462469734,0.9974937343358395,0.9974937343358395,0.6733295978206332,0.8571428571428571,0.9629629629629629,0.7777777777777778,0.7647058823529411,0.8524590163934426
370,0.02289718059688695,0.9926406926406927,0.9906204906204906,0.993987493987494,0.9909779862865391,0.9907992062060256,0.7476562281667684,0.8253968253968254,0.9629629629629629,0.7222222222222222,0.7222222222222222,0.8253968253968254
371,0.005847853172309523,0.9980952380952381,0.9983291562238931,0.9979822437449556,0.9958333333333333,0.9970796829370046,0.7313535841974608,0.8571428571428571,0.9259259259259259,0.8055555555555556,0.78125,0.847457627118644
372,0.010348066843871073,0.9959595959595959,0.9949494949494949,0.9966329966329966,0.9949494949494949,0.9949494949494949,0.5480630829027625,0.8888888888888888,0.9629629629629629,0.8333333333333334,0.8125,0.8813559322033898
373,0.016473466136501105,0.9949494949494949,0.9924242424242424,0.9966329966329966,0.9949367088607595,0.9936788874841972,0.6257237415092753,0.8888888888888888,0.8518518518518519,0.9166666666666666,0.8846153846153846,0.8679245283018868
374,0.015367887514110178,0.9952380952380953,0.9924242424242424,0.9971139971139971,0.995656894679696,0.9940379403794037,0.9411202728894302,0.8253968253968254,0.9629629629629629,0.7222222222222222,0.7222222222222222,0.8253968253968254
375,0.002989447933764155,0.9994557823129252,1.0,0.9991928974979822,0.9983319432860718,0.9991652754590985,1.0710128961347638,0.8095238095238095,0.9629629629629629,0.6944444444444444,0.7027027027027027,0.8125
376,0.015643780793975284,0.9948051948051948,0.9938672438672439,0.9954304954304954,0.9931506849315068,0.9935088351965381,0.7220443938757175,0.9047619047619048,0.9629629629629629,0.8611111111111112,0.8387096774193549,0.896551724137931
377,0.0057225853749879535,0.9983673469387755,0.9974937343358395,0.9987893462469734,0.9974937343358395,0.9974937343358395,1.120910095573876,0.7936507936507936,0.9629629629629629,0.6666666666666666,0.6842105263157895,0.8
378,0.0015226869787711992,0.9994557823129252,0.9991645781119465,0.9995964487489911,0.9991645781119465,0.9991645781119465,1.182341621763217,0.7777777777777778,0.9629629629629629,0.6388888888888888,0.6666666666666666,0.7878787878787878
379,0.01806350256459195,0.9936507936507937,0.9920634920634921,0.9947089947089947,0.9920634920634921,0.9920634920634921,0.6425618240429598,0.8253968253968254,0.9259259259259259,0.75,0.7352941176470589,0.819672131147541
380,0.01565183059016829,0.9952380952380953,0.9942279942279942,0.9959114959114959,0.993869455463397,0.99404869251578,0.5597835837480878,0.8888888888888888,0.9629629629629629,0.8333333333333334,0.8125,0.8813559322033898
381,0.002835786612992465,0.9989115646258503,0.9983291562238931,0.9991928974979822,0.9983291562238931,0.9983291562238931,0.8232640611947447,0.8412698412698413,0.9629629629629629,0.75,0.7428571428571429,0.8387096774193549
382,0.012269514931840747,0.9961038961038962,0.9942279942279942,0.9973544973544973,0.9960245753523672,0.9951254739122586,1.0738080539181645,0.8253968253968254,0.9259259259259259,0.75,0.7352941176470589,0.819672131147541
383,0.0038694946007164777,0.9989115646258503,0.9974937343358395,0.9995964487489911,0.999163179916318,0.9983277591973244,0.8383022171629053,0.8412698412698413,0.9629629629629629,0.75,0.7428571428571429,0.8387096774193549
384,0.0005676370182823584,1.0,1.0,1.0,1.0,1.0,1.44741611993624,0.7777777777777778,0.9629629629629629,0.6388888888888888,0.6666666666666666,0.7878787878787878
385,0.00015101776966749102,1.0,1.0,1.0,1.0,1.0,1.4108308268595942,0.7777777777777778,0.9629629629629629,0.6388888888888888,0.6666666666666666,0.7878787878787878
386,0.00010313781134136414,1.0,1.0,1.0,1.0,1.0,1.517581264128066,0.7777777777777778,0.9629629629629629,0.6388888888888888,0.6666666666666666,0.7878787878787878
387,0.0012697460161742587,0.9994557823129252,0.9983291562238931,1.0,1.0,0.9991638795986622,1.2408618887231337,0.8095238095238095,0.9629629629629629,0.6944444444444444,0.7027027027027027,0.8125
388,0.036850281433152936,0.9878787878787879,0.9862914862914863,0.9889369889369889,0.983453237410072,0.9848703170028819,0.8906185530737737,0.8253968253968254,0.9259259259259259,0.75,0.7352941176470589,0.819672131147541
389,0.01105695709565229,0.9961038961038962,0.9945887445887446,0.9971139971139971,0.9956663055254604,0.9951272333513806,0.7822599207487194,0.8888888888888888,0.9259259259259259,0.8611111111111112,0.8333333333333334,0.8771929824561403
390,0.002116118650927488,0.9994557823129252,1.0,0.9991928974979822,0.9983319432860718,0.9991652754590985,0.8903231973857305,0.8412698412698413,0.9629629629629629,0.75,0.7428571428571429,0.8387096774193549
391,0.015967968656319633,0.9946608946608947,0.9942279942279942,0.9949494949494949,0.99243788260713,0.9933321319156605,0.8323563541145256,0.8253968253968254,0.9259259259259259,0.75,0.7352941176470589,0.819672131147541
392,0.014235309295345019,0.9946608946608947,0.9924242424242424,0.9961519961519961,0.9942175641488977,0.9933200938797617,0.7994024562741822,0.8412698412698413,0.9629629629629629,0.75,0.7428571428571429,0.8387096774193549
393,0.015388314573776362,0.9948051948051948,0.9942279942279942,0.9951899951899952,0.9927953890489913,0.9935111751982696,0.9006559416648954,0.8571428571428571,0.9259259259259259,0.8055555555555556,0.78125,0.847457627118644
394,0.00750685695993853,0.9971139971139971,0.9963924963924964,0.9975949975949976,0.9963924963924964,0.9963924963924964,0.7617945449047034,0.8412698412698413,0.8888888888888888,0.8055555555555556,0.7741935483870968,0.8275862068965517
395,0.003219510934247973,0.9989115646258503,0.9983291562238931,0.9991928974979822,0.9983291562238931,0.9983291562238931,1.1219726747774061,0.7777777777777778,0.9259259259259259,0.6666666666666666,0.6756756756756757,0.78125
396,0.0004222819653595481,1.0,1.0,1.0,1.0,1.0,1.223313341930782,0.7777777777777778,0.9259259259259259,0.6666666666666666,0.6756756756756757,0.78125
397,0.019792899775192517,0.9935064935064936,0.9917027417027418,0.9947089947089947,0.9920606279321544,0.9918816525347285,0.9030703798200684,0.8253968253968254,0.8888888888888888,0.7777777777777778,0.75,0.8135593220338984
398,0.014062182067400066,0.9961038961038962,0.9953102453102453,0.9966329966329966,0.994951316263974,0.9951307484220018,0.9762195115576365,0.8412698412698413,0.9259259259259259,0.7777777777777778,0.7575757575757576,0.8333333333333334
399,0.011099579801081115,0.9966810966810967,0.9953102453102453,0.9975949975949976,0.9963885879378838,0.9958491247067316,0.8096360310518076,0.873015873015873,1.0,0.7777777777777778,0.7714285714285715,0.8709677419354839
400,0.0029498250406911775,0.9989115646258503,0.9991645781119465,0.9987893462469734,0.9974979149291076,0.998330550918197,0.7004931498797506,0.9047619047619048,0.9629629629629629,0.8611111111111112,0.8387096774193549,0.896551724137931
401,0.0005616348733267031,1.0,1.0,1.0,1.0,1.0,0.8836641282144387,0.873015873015873,1.0,0.7777777777777778,0.7714285714285715,0.8709677419354839
402,0.00017205666903811063,1.0,1.0,1.0,1.0,1.0,0.7952770428770842,0.873015873015873,0.9629629629629629,0.8055555555555556,0.7878787878787878,0.8666666666666667
403,0.020597923507092573,0.9930735930735931,0.9913419913419913,0.9942279942279942,0.9913419913419913,0.9913419913419913,0.7799589375665944,0.8571428571428571,0.8888888888888888,0.8333333333333334,0.8,0.8421052631578947
404,0.01365381238048827,0.9949494949494949,0.9942279942279942,0.9954304954304954,0.9931531531531531,0.9936902830358753,0.6917269013495007,0.8888888888888888,0.9629629629629629,0.8333333333333334,0.8125,0.8813559322033898
405,0.0029049487501207807,0.9989115646258503,0.9991645781119465,0.9987893462469734,0.9974979149291076,0.998330550918197,0.9668660601982126,0.8571428571428571,0.9629629629629629,0.7777777777777778,0.7647058823529411,0.8524590163934426
406,0.0005178813635341482,1.0,1.0,1.0,1.0,1.0,0.9223865103558637,0.8571428571428571,0.9629629629629629,0.7777777777777778,0.7647058823529411,0.8524590163934426
407,0.0223246136296604,0.9923520923520923,0.9913419913419913,0.993025493025493,0.9895570759812747,0.990448729500811,0.6478678350824685,0.873015873015873,0.8888888888888888,0.8611111111111112,0.8275862068965517,0.8571428571428571
408,0.0036106140426871666,0.9989115646258503,0.9983291562238931,0.9991928974979822,0.9983291562238931,0.9983291562238931,0.8271532452522984,0.8571428571428571,0.9629629629629629,0.7777777777777778,0.7647058823529411,0.8524590163934426
409,0.0014414410688063021,0.9994557823129252,0.9991645781119465,0.9995964487489911,0.9991645781119465,0.9991645781119465,0.8415772209358808,0.873015873015873,0.9629629629629629,0.8055555555555556,0.7878787878787878,0.8666666666666667
410,0.0003445578899692275,1.0,1.0,1.0,1.0,1.0,0.9714361069059195,0.8571428571428571,0.9629629629629629,0.7777777777777778,0.7647058823529411,0.8524590163934426
411,0.00022275847969176787,1.0,1.0,1.0,1.0,1.0,1.1782030914006996,0.8412698412698413,0.9629629629629629,0.75,0.7428571428571429,0.8387096774193549
412,0.025013300483507268,0.9927849927849928,0.9913419913419913,0.9937469937469937,0.9906272530641672,0.9909844933285251,0.9672936332931313,0.8095238095238095,0.9259259259259259,0.7222222222222222,0.7142857142857143,0.8064516129032258
413,0.009535993223353334,0.9965367965367965,0.996031746031746,0.9968734968734969,0.9953136265320837,0.9956725567976921,0.7918824952461624,0.8571428571428571,0.9259259259259259,0.8055555555555556,0.78125,0.847457627118644
414,0.004996115046712296,0.998639455782313,0.9983291562238931,0.9987893462469734,0.9974958263772955,0.9979123173277662,0.7706450800245558,0.8253968253968254,0.9259259259259259,0.75,0.7352941176470589,0.819672131147541
415,0.0014922335263671113,0.9994557823129252,0.9991645781119465,0.9995964487489911,0.9991645781119465,0.9991645781119465,0.9351142642937327,0.7936507936507936,0.8888888888888888,0.7222222222222222,0.7058823529411765,0.7868852459016393
416,0.00042621249747011163,1.0,1.0,1.0,1.0,1.0,0.9680143858302415,0.8095238095238095,0.9259259259259259,0.7222222222222222,0.7142857142857143,0.8064516129032258
417,0.020293731104857545,0.9935064935064936,0.9913419913419913,0.9949494949494949,0.9924160346695557,0.991878722252301,1.1803814020998302,0.8412698412698413,0.9259259259259259,0.7777777777777778,0.7575757575757576,0.8333333333333334
418,0.012229878616941425,0.9955266955266955,0.9935064935064936,0.9968734968734969,0.9953017708709794,0.9944033218992598,1.1347955286710492,0.8095238095238095,0.9259259259259259,0.7222222222222222,0.7142857142857143,0.8064516129032258
419,0.003346213087236404,0.9989115646258503,0.9983291562238931,0.9991928974979822,0.9983291562238931,0.9983291562238931,1.0620737648987126,0.8253968253968254,0.8888888888888888,0.7777777777777778,0.75,0.8135593220338984
420,0.0026921021050523505,0.9997278911564625,0.9991645781119465,1.0,1.0,0.9995821145006268,1.169556272862893,0.7936507936507936,0.9629629629629629,0.6666666666666666,0.6842105263157895,0.8
421,0.017556435476637797,0.9950937950937951,0.9942279942279942,0.9956709956709957,0.9935111751982696,0.993869455463397,0.7073340589454996,0.8888888888888888,0.9259259259259259,0.8611111111111112,0.8333333333333334,0.8771929824561403
422,0.003754862200625781,0.9983673469387755,0.9974937343358395,0.9987893462469734,0.9974937343358395,0.9974937343358395,1.42861622456269,0.7936507936507936,0.9629629629629629,0.6666666666666666,0.6842105263157895,0.8
423,0.018923345150014963,0.9946608946608947,0.9935064935064936,0.9954304954304954,0.9931482149296791,0.9933273219116321,0.7307992957343924,0.8571428571428571,0.9629629629629629,0.7777777777777778,0.7647058823529411,0.8524590163934426
424,0.015628413224673773,0.9959595959595959,0.9938672438672439,0.9973544973544973,0.9960231381055676,0.9949440231130372,0.907391773904526,0.8412698412698413,0.9259259259259259,0.7777777777777778,0.7575757575757576,0.8333333333333334
425,0.011594867965402713,0.9961038961038962,0.9953102453102453,0.9966329966329966,0.994951316263974,0.9951307484220018,0.7166745323606486,0.8412698412698413,0.8888888888888888,0.8055555555555556,0.7741935483870968,0.8275862068965517
426,0.0027875787110342508,0.9991836734693877,0.9983291562238931,0.9995964487489911,0.9991638795986622,0.9987463435018805,1.0420622603486418,0.7777777777777778,0.9629629629629629,0.6388888888888888,0.6666666666666666,0.7878787878787878
427,0.012700758510822155,0.9963924963924964,0.9953102453102453,0.9971139971139971,0.9956694334175388,0.995489806963738,0.9518507762501637,0.8095238095238095,0.9629629629629629,0.6944444444444444,0.7027027027027027,0.8125
428,0.002302900373201768,0.9994557823129252,0.9991645781119465,0.9995964487489911,0.9991645781119465,0.9991645781119465,1.0707302243988832,0.7936507936507936,0.9259259259259259,0.6944444444444444,0.6944444444444444,0.7936507936507936
429,0.0001323724666372382,1.0,1.0,1.0,1.0,1.0,1.1522770523706207,0.7777777777777778,0.8888888888888888,0.6944444444444444,0.6857142857142857,0.7741935483870968
430,0.00021337105550678118,1.0,1.0,1.0,1.0,1.0,1.071835578245569,0.7777777777777778,0.8888888888888888,0.6944444444444444,0.6857142857142857,0.7741935483870968
431,0.0006058270248987745,0.9997278911564625,0.9991645781119465,1.0,1.0,0.9995821145006268,1.2648759511969743,0.8095238095238095,0.9629629629629629,0.6944444444444444,0.7027027027027027,0.8125
432,0.0017350474337858724,0.9994557823129252,0.9991645781119465,0.9995964487489911,0.9991645781119465,0.9991645781119465,1.2871208662515514,0.8095238095238095,1.0,0.6666666666666666,0.6923076923076923,0.8181818181818182
433,0.022604903667153252,0.9922077922077922,0.990981240981241,0.993025493025493,0.9895533141210374,0.9902667627974044,0.9679430870797544,0.7936507936507936,0.9259259259259259,0.6944444444444444,0.6944444444444444,0.7936507936507936
434,0.007945016137033698,0.997979797979798,0.9978354978354979,0.9980759980759981,0.9971160778658976,0.997475658131987,1.1033450962646703,0.8412698412698413,0.8888888888888888,0.8055555555555556,0.7741935483870968,0.8275862068965517
435,0.00466530966351809,0.9983673469387755,0.9974937343358395,0.9987893462469734,0.9974937343358395,0.9974937343358395,1.2358934973932005,0.7619047619047619,0.8888888888888888,0.6666666666666666,0.6666666666666666,0.7619047619047619
436,0.016080137446169436,0.9943722943722944,0.9935064935064936,0.9949494949494949,0.9924324324324324,0.9929691725256896,1.0215889612935292,0.7936507936507936,0.8888888888888888,0.7222222222222222,0.7058823529411765,0.7868852459016393
437,0.002882302338054497,0.9989115646258503,0.9983291562238931,0.9991928974979822,0.9983291562238931,0.9983291562238931,1.028166606075718,0.7777777777777778,0.9259259259259259,0.6666666666666666,0.6756756756756757,0.78125
438,0.0011575016986546183,0.9997278911564625,0.9991645781119465,1.0,1.0,0.9995821145006268,1.3305706157411878,0.7619047619047619,0.9259259259259259,0.6388888888888888,0.6578947368421053,0.7692307692307693
439,0.016436067755729016,0.9955266955266955,0.9945887445887446,0.9961519961519961,0.994230075730256,0.9944093778178539,0.8272267547232793,0.8095238095238095,0.8888888888888888,0.75,0.7272727272727273,0.8
440,0.0012979982023049767,0.9991836734693877,0.9991645781119465,0.9991928974979822,0.998330550918197,0.9987473903966597,1.0440960569198183,0.8253968253968254,0.9629629629629629,0.7222222222222222,0.7222222222222222,0.8253968253968254
441,0.017517992476041532,0.9943722943722944,0.9924242424242424,0.9956709956709957,0.9934994582881906,0.9929615592853276,0.9817292652229616,0.7936507936507936,0.9259259259259259,0.6944444444444444,0.6944444444444444,0.7936507936507936
442,0.012194347127048772,0.9963924963924964,0.996031746031746,0.9966329966329966,0.994954954954955,0.9954930593113395,1.2233441296259462,0.7619047619047619,0.8888888888888888,0.6666666666666666,0.6666666666666666,0.7619047619047619
443,0.01047495209951833,0.9981240981240981,0.9971139971139971,0.9987974987974988,0.9981942939689419,0.9976538530951092,0.8996906909756252,0.8571428571428571,0.9629629629629629,0.7777777777777778,0.7647058823529411,0.8524590163934426
444,0.0017471841834048973,0.9991836734693877,0.9983291562238931,0.9995964487489911,0.9991638795986622,0.9987463435018805,0.8227204658552572,0.8412698412698413,0.9259259259259259,0.7777777777777778,0.7575757575757576,0.8333333333333334
445,0.0007083042777210932,0.9997278911564625,0.9991645781119465,1.0,1.0,0.9995821145006268,1.000287768615101,0.8253968253968254,0.9259259259259259,0.75,0.7352941176470589,0.819672131147541
446,0.01693356276839544,0.9943722943722944,0.9927849927849928,0.9954304954304954,0.9931432695777698,0.9929640988634314,0.8258194534980233,0.8412698412698413,0.8888888888888888,0.8055555555555556,0.7741935483870968,0.8275862068965517
447,0.015406120722046026,0.9950937950937951,0.9949494949494949,0.9951899951899952,0.9928005759539237,0.9938738738738738,0.824325468660044,0.8571428571428571,0.9259259259259259,0.8055555555555556,0.78125,0.847457627118644
448,0.003357382089696107,0.9983673469387755,0.9974937343358395,0.9987893462469734,0.9974937343358395,0.9974937343358395,1.2138596988019315,0.7936507936507936,0.9259259259259259,0.6944444444444444,0.6944444444444444,0.7936507936507936
449,0.013083225817559102,0.9962481962481963,0.9956709956709957,0.9966329966329966,0.9949531362653208,0.995311936530833,0.9290368878356521,0.8253968253968254,0.8888888888888888,0.7777777777777778,0.75,0.8135593220338984
450,0.0032616286847259703,0.9989115646258503,0.9991645781119465,0.9987893462469734,0.9974979149291076,0.998330550918197,0.8934908572204193,0.8253968253968254,0.8888888888888888,0.7777777777777778,0.75,0.8135593220338984
451,0.0008604652212151061,0.9994557823129252,0.9991645781119465,0.9995964487489911,0.9991645781119465,0.9991645781119465,0.927801282136652,0.8571428571428571,0.9259259259259259,0.8055555555555556,0.78125,0.847457627118644
452,0.00022099003062370077,1.0,1.0,1.0,1.0,1.0,0.9923805054861569,0.8253968253968254,0.9259259259259259,0.75,0.7352941176470589,0.819672131147541
453,0.01838422741767274,0.9937950937950938,0.9917027417027418,0.9951899951899952,0.9927771758757674,0.9922396679299765,0.7572171698723521,0.873015873015873,0.9629629629629629,0.8055555555555556,0.7878787878787878,0.8666666666666667
454,0.0019242778055838683,0.9997278911564625,0.9991645781119465,1.0,1.0,0.9995821145006268,1.1645516760786812,0.7619047619047619,0.9259259259259259,0.6388888888888888,0.6578947368421053,0.7692307692307693
455,0.020099408837111164,0.9932178932178932,0.9917027417027418,0.9942279942279942,0.991345113595384,0.9915238954012624,0.7544540327013699,0.8571428571428571,0.8518518518518519,0.8611111111111112,0.8214285714285714,0.8363636363636363
456,0.007379978625582176,0.9978354978354979,0.9978354978354979,0.9978354978354979,0.9967567567567568,0.9972958355868037,0.9000954454143842,0.8095238095238095,0.8888888888888888,0.75,0.7272727272727273,0.8
457,0.0009272489517076922,1.0,1.0,1.0,1.0,1.0,0.8240768641177084,0.8412698412698413,0.9259259259259259,0.7777777777777778,0.7575757575757576,0.8333333333333334
458,0.015469348324020292,0.9939393939393939,0.9931457431457431,0.9944684944684945,0.9917146974063401,0.9924297043979813,0.7792050990512565,0.8571428571428571,0.9259259259259259,0.8055555555555556,0.78125,0.847457627118644
459,0.004677563828867971,0.9989115646258503,0.9983291562238931,0.9991928974979822,0.9983291562238931,0.9983291562238931,0.8006139656192519,0.8253968253968254,0.9259259259259259,0.75,0.7352941176470589,0.819672131147541
460,0.008186280208593898,0.9971139971139971,0.996031746031746,0.9978354978354979,0.9967509025270758,0.9963911945146157,0.9669291504496147,0.8253968253968254,0.8888888888888888,0.7777777777777778,0.75,0.8135593220338984
461,0.01294117035923338,0.9961038961038962,0.9956709956709957,0.9963924963924964,0.9945945945945946,0.9951325040562466,0.9928687802259071,0.7936507936507936,0.8888888888888888,0.7222222222222222,0.7058823529411765,0.7868852459016393
462,0.0035399740403326036,0.9989115646258503,0.9983291562238931,0.9991928974979822,0.9983291562238931,0.9983291562238931,0.8570252101446154,0.8253968253968254,0.8888888888888888,0.7777777777777778,0.75,0.8135593220338984
463,0.00037170202268380987,1.0,1.0,1.0,1.0,1.0,0.9978515574822224,0.7936507936507936,0.8888888888888888,0.7222222222222222,0.7058823529411765,0.7868852459016393
464,0.018815290733916024,0.9933621933621933,0.9913419913419913,0.9947089947089947,0.992057761732852,0.991699747383616,1.3320161801068082,0.7619047619047619,0.8888888888888888,0.6666666666666666,0.6666666666666666,0.7619047619047619
465,0.005116694422358952,0.9989115646258503,0.9991645781119465,0.9987893462469734,0.9974979149291076,0.998330550918197,1.1379325416535953,0.7777777777777778,0.8888888888888888,0.6944444444444444,0.6857142857142857,0.7741935483870968
466,0.00891197746499513,0.9972582972582973,0.9967532467532467,0.9975949975949976,0.99639379733141,0.9965734896302976,0.7628410312805384,0.8412698412698413,0.9259259259259259,0.7777777777777778,0.7575757575757576,0.8333333333333334
467,0.009228917551369073,0.9965367965367965,0.9963924963924964,0.9966329966329966,0.9949567723342939,0.9956741167988464,1.0029347394666974,0.8412698412698413,0.9629629629629629,0.75,0.7428571428571429,0.8387096774193549
468,0.002838116934709142,0.9989115646258503,0.9991645781119465,0.9987893462469734,0.9974979149291076,0.998330550918197,1.2334905339946365,0.7777777777777778,0.9259259259259259,0.6666666666666666,0.6756756756756757,0.78125
469,0.0004070009821579438,1.0,1.0,1.0,1.0,1.0,1.191335192364123,0.7777777777777778,0.9259259259259259,0.6666666666666666,0.6756756756756757,0.78125
470,0.018263226455238753,0.9935064935064936,0.9913419913419913,0.9949494949494949,0.9924160346695557,0.991878722252301,0.8022031019809508,0.8095238095238095,0.8888888888888888,0.75,0.7272727272727273,0.8
471,0.006590617332931891,0.9971139971139971,0.9956709956709957,0.9980759980759981,0.9971098265895953,0.9963898916967509,1.2714621790108227,0.7936507936507936,0.9629629629629629,0.6666666666666666,0.6842105263157895,0.8
472,0.002846693190429035,0.9991836734693877,0.9991645781119465,0.9991928974979822,0.998330550918197,0.9987473903966597,1.2211642255535393,0.7936507936507936,0.9259259259259259,0.6944444444444444,0.6944444444444444,0.7936507936507936
473,0.0007396044441059091,0.9997278911564625,1.0,0.9995964487489911,0.9991652754590985,0.9995824634655532,1.5894903398452915,0.7619047619047619,0.9259259259259259,0.6388888888888888,0.6578947368421053,0.7692307692307693
474,0.00940788799484553,0.9968253968253968,0.9956709956709957,0.9975949975949976,0.9963898916967509,0.9960303139660772,0.8446307525302964,0.8571428571428571,0.9259259259259259,0.8055555555555556,0.78125,0.847457627118644
475,0.013628393487347259,0.9953823953823954,0.9945887445887446,0.9959114959114959,0.9938716654650325,0.994230075730256,0.7965548704766358,0.873015873015873,0.9629629629629629,0.8055555555555556,0.7878787878787878,0.8666666666666667
476,0.0017854906009919197,0.9994557823129252,0.9991645781119465,0.9995964487489911,0.9991645781119465,0.9991645781119465,0.9465645392853138,0.8412698412698413,0.9629629629629629,0.75,0.7428571428571429,0.8387096774193549
477,0.017201559683857323,0.9937950937950938,0.9938672438672439,0.9937469937469937,0.9906508450197771,0.9922564379614622,0.6330561616872844,0.8571428571428571,0.8888888888888888,0.8333333333333334,0.8,0.8421052631578947
478,0.003814680326312165,0.9989115646258503,0.9983291562238931,0.9991928974979822,0.9983291562238931,0.9983291562238931,0.8801509924459323,0.8412698412698413,0.9259259259259259,0.7777777777777778,0.7575757575757576,0.8333333333333334
479,0.012619266129333763,0.9958152958152958,0.9938672438672439,0.9971139971139971,0.9956631731116733,0.9947643979057592,1.3717942098026268,0.7936507936507936,0.9259259259259259,0.6944444444444444,0.6944444444444444,0.7936507936507936
480,0.0028872632626121384,0.9991836734693877,0.9991645781119465,0.9991928974979822,0.998330550918197,0.9987473903966597,1.2886261996302184,0.8095238095238095,0.9259259259259259,0.7222222222222222,0.7142857142857143,0.8064516129032258
481,0.007147732241211333,0.9975468975468975,0.9963924963924964,0.9983164983164983,0.9974720115565185,0.9969319617397582,0.9650698311955831,0.8412698412698413,0.9259259259259259,0.7777777777777778,0.7575757575757576,0.8333333333333334
482,0.001687894509533075,0.9994557823129252,0.9991645781119465,0.9995964487489911,0.9991645781119465,0.9991645781119465,1.0486056154306482,0.8253968253968254,0.9259259259259259,0.75,0.7352941176470589,0.819672131147541
483,0.010808909846581094,0.9963924963924964,0.996031746031746,0.9966329966329966,0.994954954954955,0.9954930593113395,1.105554332886453,0.8095238095238095,0.8888888888888888,0.75,0.7272727272727273,0.8
484,0.003238634345342732,0.998639455782313,0.9983291562238931,0.9987893462469734,0.9974958263772955,0.9979123173277662,0.8153998787304209,0.8571428571428571,0.8888888888888888,0.8333333333333334,0.8,0.8421052631578947
485,0.0025190141787772803,0.9991836734693877,0.9983291562238931,0.9995964487489911,0.9991638795986622,0.9987463435018805,1.1385628515064516,0.7936507936507936,0.9259259259259259,0.6944444444444444,0.6944444444444444,0.7936507936507936
486,0.01752067823384228,0.9929292929292929,0.9917027417027418,0.9937469937469937,0.9906306306306306,0.9911663962502254,0.8111704649655,0.8253968253968254,0.8888888888888888,0.7777777777777778,0.75,0.8135593220338984
487,0.004117459308296255,0.9991836734693877,0.9991645781119465,0.9991928974979822,0.998330550918197,0.9987473903966597,0.8156820917668354,0.873015873015873,0.9259259259259259,0.8333333333333334,0.8064516129032258,0.8620689655172413
488,0.0130769302781848,0.9958152958152958,0.9945887445887446,0.9966329966329966,0.9949476723204619,0.9947681760779361,0.782092339371004,0.8095238095238095,0.8888888888888888,0.75,0.7272727272727273,0.8
489,0.010618828254567328,0.9966810966810967,0.9949494949494949,0.9978354978354979,0.9967473798337549,0.9958476259252572,0.9907825327005296,0.8253968253968254,0.9259259259259259,0.75,0.7352941176470589,0.819672131147541
490,0.0014334201400083503,0.9994557823129252,0.9991645781119465,0.9995964487489911,0.9991645781119465,0.9991645781119465,0.9940524513307508,0.8571428571428571,0.9629629629629629,0.7777777777777778,0.7647058823529411,0.8524590163934426
491,0.0010598631965719697,0.9997278911564625,1.0,0.9995964487489911,0.9991652754590985,0.9995824634655532,0.911672079558244,0.8095238095238095,0.9259259259259259,0.7222222222222222,0.7142857142857143,0.8064516129032258
492,0.00014694058017313818,1.0,1.0,1.0,1.0,1.0,1.05619373040769,0.8095238095238095,0.9259259259259259,0.7222222222222222,0.7142857142857143,0.8064516129032258
493,0.01622280443692311,0.9949494949494949,0.9938672438672439,0.9956709956709957,0.9935088351965381,0.9936880072137061,0.6421756561945325,0.873015873015873,0.9629629629629629,0.8055555555555556,0.7878787878787878,0.8666666666666667
494,0.004209457962305643,0.9987012987012988,0.9981962481962482,0.9990379990379991,0.9985564778058462,0.9983763305069457,0.9952684436326048,0.8571428571428571,0.9629629629629629,0.7777777777777778,0.7647058823529411,0.8524590163934426
495,0.006079668427897654,0.997979797979798,0.9971139971139971,0.9985569985569985,0.9978339350180505,0.997473836160231,1.0429379551758988,0.8253968253968254,0.9259259259259259,0.75,0.7352941176470589,0.819672131147541
496,0.01618225022185335,0.9945165945165945,0.9927849927849928,0.9956709956709957,0.9935018050541516,0.9931432695777698,0.7495206927359548,0.8571428571428571,0.9259259259259259,0.8055555555555556,0.78125,0.847457627118644
497,0.001605591090468633,0.9997278911564625,0.9991645781119465,1.0,1.0,0.9995821145006268,1.1231018067028633,0.8412698412698413,0.9629629629629629,0.75,0.7428571428571429,0.8387096774193549
498,0.009608430065401562,0.9961038961038962,0.9945887445887446,0.9971139971139971,0.9956663055254604,0.9951272333513806,0.7777037525028434,0.8253968253968254,0.9259259259259259,0.75,0.7352941176470589,0.819672131147541
499,0.0021271625382650243,0.9991836734693877,0.9983291562238931,0.9995964487489911,0.9991638795986622,0.9987463435018805,0.920322524425472,0.8253968253968254,0.9259259259259259,0.75,0.7352941176470589,0.819672131147541
500,0.001352317293112348,0.9994557823129252,0.9991645781119465,0.9995964487489911,0.9991645781119465,0.9991645781119465,0.8823927025094034,0.8412698412698413,0.9629629629629629,0.75,0.7428571428571429,0.8387096774193549
501,0.012298838814123494,0.9958152958152958,0.9949494949494949,0.9963924963924964,0.994590695997115,0.9947700631199279,0.732317192709103,0.873015873015873,0.9629629629629629,0.8055555555555556,0.7878787878787878,0.8666666666666667
502,0.004090041723753913,0.998989898989899,0.9989177489177489,0.9990379990379991,0.9985575189325641,0.9987376014427413,0.6800188493912823,0.8571428571428571,0.9259259259259259,0.8055555555555556,0.78125,0.847457627118644
503,0.016922982042293398,0.9945165945165945,0.9935064935064936,0.9951899951899952,0.992790194664744,0.9931482149296791,0.659422473653519,0.8888888888888888,0.9259259259259259,0.8611111111111112,0.8333333333333334,0.8771929824561403
504,0.011455832515107175,0.996969696969697,0.9974747474747475,0.9966329966329966,0.9949622166246851,0.9962168978562421,0.7783752422085002,0.8253968253968254,0.8888888888888888,0.7777777777777778,0.75,0.8135593220338984
505,0.006244713055157381,0.9981240981240981,0.9971139971139971,0.9987974987974988,0.9981942939689419,0.9976538530951092,0.7631610011912204,0.8095238095238095,0.9259259259259259,0.7222222222222222,0.7142857142857143,0.8064516129032258
506,0.0015012923196636187,0.9997278911564625,1.0,0.9995964487489911,0.9991652754590985,0.9995824634655532,1.1032885442442162,0.7936507936507936,0.8888888888888888,0.7222222222222222,0.7058823529411765,0.7868852459016393
507,0.009046171380556231,0.9968253968253968,0.9956709956709957,0.9975949975949976,0.9963898916967509,0.9960303139660772,0.6627757616326331,0.8888888888888888,0.9629629629629629,0.8333333333333334,0.8125,0.8813559322033898
508,0.008976812914754183,0.9972582972582973,0.9967532467532467,0.9975949975949976,0.99639379733141,0.9965734896302976,0.8010710849766693,0.8571428571428571,0.9259259259259259,0.8055555555555556,0.78125,0.847457627118644
509,0.005499632669113464,0.9982683982683983,0.9978354978354979,0.9985569985569985,0.9978354978354979,0.9978354978354979,0.7022862085381464,0.873015873015873,0.9259259259259259,0.8333333333333334,0.8064516129032258,0.8620689655172413
510,0.014696959473120373,0.9940836940836941,0.9920634920634921,0.9954304954304954,0.9931383170819791,0.9926006136076521,0.6292769241300116,0.8571428571428571,0.9259259259259259,0.8055555555555556,0.78125,0.847457627118644
511,0.006376660088997591,0.9978354978354979,0.9967532467532467,0.9985569985569985,0.9978331527627302,0.9972929074174337,0.864061583684931,0.873015873015873,0.9629629629629629,0.8055555555555556,0.7878787878787878,0.8666666666666667
512,0.011806779051780203,0.9959595959595959,0.9953102453102453,0.9963924963924964,0.994592645998558,0.994951316263974,0.7458379718526784,0.8412698412698413,0.8888888888888888,0.8055555555555556,0.7741935483870968,0.8275862068965517
513,0.006292677118956071,0.9976911976911977,0.9971139971139971,0.9980759980759981,0.9971139971139971,0.9971139971139971,0.6759630227239714,0.8571428571428571,0.9629629629629629,0.7777777777777778,0.7647058823529411,0.8524590163934426
514,0.008672032375346004,0.9971139971139971,0.9963924963924964,0.9975949975949976,0.9963924963924964,0.9963924963924964,0.8983721031044196,0.8412698412698413,0.9259259259259259,0.7777777777777778,0.7575757575757576,0.8333333333333334
515,0.009195085997989906,0.9966810966810967,0.996031746031746,0.9971139971139971,0.9956725567976921,0.9958521190261497,1.0105900260562535,0.8095238095238095,0.8888888888888888,0.75,0.7272727272727273,0.8
516,0.004628802781795801,0.9991341991341991,0.9989177489177489,0.9992784992784993,0.9989177489177489,0.9989177489177489,0.835630334425895,0.8412698412698413,0.8518518518518519,0.8333333333333334,0.7931034482758621,0.8214285714285714
517,0.0036749189947730804,0.998639455782313,0.9974937343358395,0.9991928974979822,0.9983277591973244,0.9979105725031342,0.7931869342170853,0.8571428571428571,0.8888888888888888,0.8333333333333334,0.8,0.8421052631578947
518,0.010300748012746929,0.9968253968253968,0.996031746031746,0.9973544973544973,0.996031746031746,0.996031746031746,0.7536359399495672,0.873015873015873,0.8888888888888888,0.8611111111111112,0.8275862068965517,0.8571428571428571
519,0.006942430453164452,0.9974025974025974,0.9967532467532467,0.9978354978354979,0.9967532467532467,0.9967532467532467,1.0624000954271724,0.8412698412698413,0.9259259259259259,0.7777777777777778,0.7575757575757576,0.8333333333333334
520,0.011409106037325312,0.9959595959595959,0.9945887445887446,0.9968734968734969,0.9953068592057762,0.9949476723204619,1.0932530267940213,0.7936507936507936,0.9259259259259259,0.6944444444444444,0.6944444444444444,0.7936507936507936
521,0.0074357380820689305,0.9976911976911977,0.9981962481962482,0.9973544973544973,0.996040316774658,0.9971171171171171,0.885725464365105,0.8253968253968254,0.8888888888888888,0.7777777777777778,0.75,0.8135593220338984
522,0.008913658066860768,0.9971139971139971,0.9963924963924964,0.9975949975949976,0.9963924963924964,0.9963924963924964,1.060713115981632,0.8253968253968254,0.8888888888888888,0.7777777777777778,0.75,0.8135593220338984
523,0.004727105857931049,0.997979797979798,0.9974747474747475,0.9983164983164983,0.9974747474747475,0.9974747474747475,0.8881189260698322,0.8095238095238095,0.8888888888888888,0.75,0.7272727272727273,0.8
524,0.004636919130629772,0.9982683982683983,0.9978354978354979,0.9985569985569985,0.9978354978354979,0.9978354978354979,1.187798566774406,0.8253968253968254,0.8888888888888888,0.7777777777777778,0.75,0.8135593220338984
525,0.012053713450285329,0.9956709956709957,0.9938672438672439,0.9968734968734969,0.9953034682080925,0.9945848375451264,1.0277654926277815,0.8412698412698413,0.9629629629629629,0.75,0.7428571428571429,0.8387096774193549
526,0.01109380302652352,0.996969696969697,0.9963924963924964,0.9973544973544973,0.9960331770645511,0.9962128043282237,0.874212227111298,0.8412698412698413,0.8888888888888888,0.8055555555555556,0.7741935483870968,0.8275862068965517
527,0.005698543647146689,0.9981240981240981,0.9978354978354979,0.9983164983164983,0.997475658131987,0.9976555455365194,0.9935887810618927,0.873015873015873,0.8888888888888888,0.8611111111111112,0.8275862068965517,0.8571428571428571
528,0.006098364963930365,0.9975468975468975,0.9967532467532467,0.9980759980759981,0.9971129556116926,0.9969330687353418,1.2978992858506178,0.7936507936507936,0.9259259259259259,0.6944444444444444,0.6944444444444444,0.7936507936507936
529,0.013465468655760341,0.9959595959595959,0.9945887445887446,0.9968734968734969,0.9953068592057762,0.9949476723204619,1.2854492814642273,0.7936507936507936,0.9259259259259259,0.6944444444444444,0.6944444444444444,0.7936507936507936
530,0.005982743526794345,0.997979797979798,0.9963924963924964,0.9990379990379991,0.9985538684020245,0.9974720115565185,1.008383562325016,0.8412698412698413,0.9259259259259259,0.7777777777777778,0.7575757575757576,0.8333333333333334
531,0.007870230429616746,0.9975468975468975,0.9974747474747475,0.9975949975949976,0.9963963963963964,0.9969352803317109,1.1860253380413817,0.8095238095238095,0.8888888888888888,0.75,0.7272727272727273,0.8
532,0.006682302770285056,0.9978354978354979,0.9971139971139971,0.9983164983164983,0.997473836160231,0.9972938841782428,0.8897311410026825,0.8571428571428571,0.8888888888888888,0.8333333333333334,0.8,0.8421052631578947
533,0.009458146335297856,0.9974025974025974,0.996031746031746,0.9983164983164983,0.997471098265896,0.9967509025270758,0.9714373752090429,0.8095238095238095,0.8518518518518519,0.7777777777777778,0.7419354838709677,0.7931034482758621
534,0.00137376113768223,0.9997113997113997,0.9996392496392497,0.9997594997594997,0.9996392496392497,0.9996392496392497,1.0717634428680565,0.8253968253968254,0.8888888888888888,0.7777777777777778,0.75,0.8135593220338984
535,0.008497944999692454,0.9972582972582973,0.9967532467532467,0.9975949975949976,0.99639379733141,0.9965734896302976,1.091083898376036,0.8253968253968254,0.9259259259259259,0.75,0.7352941176470589,0.819672131147541
536,0.008154844375833858,0.9972582972582973,0.9967532467532467,0.9975949975949976,0.99639379733141,0.9965734896302976,0.9125770111494358,0.8412698412698413,0.8888888888888888,0.8055555555555556,0.7741935483870968,0.8275862068965517
537,0.01340919985288347,0.9959595959595959,0.9945887445887446,0.9968734968734969,0.9953068592057762,0.9949476723204619,0.8727949741222556,0.8095238095238095,0.8518518518518519,0.7777777777777778,0.7419354838709677,0.7931034482758621
538,0.0036987957541161375,0.998989898989899,0.9985569985569985,0.9992784992784993,0.9989173583543847,0.9987371459498466,1.0568557547956026,0.7936507936507936,0.8888888888888888,0.7222222222222222,0.7058823529411765,0.7868852459016393
539,0.00369626096059106,0.998989898989899,0.9985569985569985,0.9992784992784993,0.9989173583543847,0.9987371459498466,1.145638766136789,0.8095238095238095,0.8518518518518519,0.7777777777777778,0.7419354838709677,0.7931034482758621
540,0.008698702723570841,0.9975468975468975,0.9967532467532467,0.9980759980759981,0.9971129556116926,0.9969330687353418,0.8666285986158376,0.7936507936507936,0.8518518518518519,0.75,0.71875,0.7796610169491526
541,0.009701102083858798,0.9968253968253968,0.9956709956709957,0.9975949975949976,0.9963898916967509,0.9960303139660772,0.9389629550758631,0.8253968253968254,0.8888888888888888,0.7777777777777778,0.75,0.8135593220338984
542,0.005331716522033757,0.9978354978354979,0.9971139971139971,0.9983164983164983,0.997473836160231,0.9972938841782428,0.642437676471355,0.873015873015873,0.9259259259259259,0.8333333333333334,0.8064516129032258,0.8620689655172413
543,0.005796277097907513,0.9982683982683983,0.9971139971139971,0.9990379990379991,0.9985549132947977,0.9978339350180505,1.609650501759634,0.746031746031746,0.9259259259259259,0.6111111111111112,0.6410256410256411,0.7575757575757576
544,0.01047920979512532,0.9966810966810967,0.9967532467532467,0.9966329966329966,0.9949585884047534,0.9958551090286538,0.8534137066462935,0.8412698412698413,0.9259259259259259,0.7777777777777778,0.7575757575757576,0.8333333333333334
545,0.002806950947627611,0.9997113997113997,0.9996392496392497,0.9997594997594997,0.9996392496392497,0.9996392496392497,0.8563758912274525,0.8412698412698413,0.9259259259259259,0.7777777777777778,0.7575757575757576,0.8333333333333334
546,0.010531236793278767,0.9966810966810967,0.996031746031746,0.9971139971139971,0.9956725567976921,0.9958521190261497,0.9763338222050123,0.8412698412698413,0.8888888888888888,0.8055555555555556,0.7741935483870968,0.8275862068965517
547,0.0037039166485136085,0.9988455988455989,0.9985569985569985,0.9990379990379991,0.9985569985569985,0.9985569985569985,0.9329183725677135,0.8253968253968254,0.9259259259259259,0.75,0.7352941176470589,0.819672131147541
548,0.008134926050833756,0.996969696969697,0.9963924963924964,0.9973544973544973,0.9960331770645511,0.9962128043282237,1.0346357536221307,0.8571428571428571,0.9629629629629629,0.7777777777777778,0.7647058823529411,0.8524590163934426
549,0.004737185316445029,0.9982683982683983,0.9978354978354979,0.9985569985569985,0.9978354978354979,0.9978354978354979,1.1626696528327312,0.7936507936507936,0.9259259259259259,0.6944444444444444,0.6944444444444444,0.7936507936507936
550,0.008131104861076814,0.9968253968253968,0.996031746031746,0.9973544973544973,0.996031746031746,0.996031746031746,0.9148720100573782,0.8412698412698413,0.9259259259259259,0.7777777777777778,0.7575757575757576,0.8333333333333334
551,0.0042014866152907705,0.9988455988455989,0.9989177489177489,0.9987974987974988,0.998197548666186,0.9985575189325641,0.9353244529661929,0.8571428571428571,0.9629629629629629,0.7777777777777778,0.7647058823529411,0.8524590163934426
552,0.005907190387885314,0.9978354978354979,0.9974747474747475,0.9980759980759981,0.997115037865128,0.9972948602344455,1.0396553905812898,0.8412698412698413,0.9259259259259259,0.7777777777777778,0.7575757575757576,0.8333333333333334
553,0.008469650945224132,0.9972582972582973,0.9963924963924964,0.9978354978354979,0.9967520750631541,0.9965722532924409,0.9070772612929374,0.8412698412698413,0.9259259259259259,0.7777777777777778,0.7575757575757576,0.8333333333333334
554,0.0043126515604737115,0.9984126984126984,0.9974747474747475,0.9990379990379991,0.9985554351751534,0.9980147987727847,0.9467424671461303,0.8412698412698413,0.8888888888888888,0.8055555555555556,0.7741935483870968,0.8275862068965517
555,0.00786152031087349,0.9966810966810967,0.9963924963924964,0.9968734968734969,0.9953153153153154,0.9958536145664323,0.9859981001077575,0.8253968253968254,0.9259259259259259,0.75,0.7352941176470589,0.819672131147541
556,0.004086934288955675,0.9987012987012988,0.9985569985569985,0.9987974987974988,0.998196898665705,0.9983769161406673,1.3251135607720317,0.8253968253968254,0.9629629629629629,0.7222222222222222,0.7222222222222222,0.8253968253968254
557,0.007331690150815782,0.9972582972582973,0.9963924963924964,0.9978354978354979,0.9967520750631541,0.9965722532924409,0.7355037064417191,0.873015873015873,0.9259259259259259,0.8333333333333334,0.8064516129032258,0.8620689655172413
558,0.005656200788359665,0.9984126984126984,0.9981962481962482,0.9985569985569985,0.997836278398846,0.9980162308385934,0.7796298337345925,0.8571428571428571,0.9259259259259259,0.8055555555555556,0.78125,0.847457627118644
559,0.007672266494752271,0.9975468975468975,0.9967532467532467,0.9980759980759981,0.9971129556116926,0.9969330687353418,1.0556520090497556,0.8253968253968254,0.9629629629629629,0.7222222222222222,0.7222222222222222,0.8253968253968254
560,0.0044083844564722936,0.9987012987012988,0.9989177489177489,0.9985569985569985,0.9978378378378379,0.9983775013520823,1.1388399673400387,0.8412698412698413,0.8888888888888888,0.8055555555555556,0.7741935483870968,0.8275862068965517
561,0.008013677474382492,0.9968253968253968,0.9953102453102453,0.9978354978354979,0.9967485549132948,0.996028880866426,0.8521475930354514,0.8253968253968254,0.8888888888888888,0.7777777777777778,0.75,0.8135593220338984
562,0.008193623605901668,0.9971139971139971,0.9956709956709957,0.9980759980759981,0.9971098265895953,0.9963898916967509,1.1695260747200957,0.8253968253968254,0.9259259259259259,0.75,0.7352941176470589,0.819672131147541
563,0.008304345996973004,0.997979797979798,0.9971139971139971,0.9985569985569985,0.9978339350180505,0.997473836160231,1.1760961846263696,0.7936507936507936,0.9629629629629629,0.6666666666666666,0.6842105263157895,0.8
564,0.004915869726575711,0.9988455988455989,0.9981962481962482,0.9992784992784993,0.9989169675090253,0.9985564778058462,1.1117868831285114,0.8253968253968254,0.9259259259259259,0.75,0.7352941176470589,0.819672131147541
565,0.008429763521119916,0.9972582972582973,0.9963924963924964,0.9978354978354979,0.9967520750631541,0.9965722532924409,0.8935106113323912,0.8571428571428571,0.8888888888888888,0.8333333333333334,0.8,0.8421052631578947
566,0.005416998554217224,0.9978231292517007,0.9966583124477861,0.9983857949959645,0.9966583124477861,0.9966583124477861,1.0135290980295626,0.8095238095238095,0.9259259259259259,0.7222222222222222,0.7142857142857143,0.8064516129032258
567,0.009476679999766919,0.9961038961038962,0.9949494949494949,0.9968734968734969,0.9953085528690003,0.9951289915208371,0.9211619069011205,0.8412698412698413,0.8888888888888888,0.8055555555555556,0.7741935483870968,0.8275862068965517
568,0.007365216303286541,0.9981240981240981,0.9971139971139971,0.9987974987974988,0.9981942939689419,0.9976538530951092,1.00623717816918,0.8095238095238095,0.8888888888888888,0.75,0.7272727272727273,0.8
569,0.0050878845232156375,0.998989898989899,0.9981962481962482,0.9995189995189995,0.9992777175875768,0.9987366901281357,1.201152194307522,0.746031746031746,0.8518518518518519,0.6666666666666666,0.6571428571428571,0.7419354838709677
570,0.00902983678686692,0.9963924963924964,0.9953102453102453,0.9971139971139971,0.9956694334175388,0.995489806963738,0.7747218615508505,0.8888888888888888,0.9259259259259259,0.8611111111111112,0.8333333333333334,0.8771929824561403
571,0.004222394037736195,0.9991341991341991,0.9985569985569985,0.9995189995189995,0.9992779783393502,0.9989173583543847,1.1322803992855672,0.7777777777777778,0.8888888888888888,0.6944444444444444,0.6857142857142857,0.7741935483870968
572,0.005835759259226568,0.9981240981240981,0.9985569985569985,0.9978354978354979,0.9967590925459129,0.9976572355379347,0.8172721679558947,0.8888888888888888,0.8888888888888888,0.8888888888888888,0.8571428571428571,0.8727272727272727
573,0.008906438912393597,0.9971139971139971,0.9963924963924964,0.9975949975949976,0.9963924963924964,0.9963924963924964,0.6838420205038145,0.8571428571428571,0.8888888888888888,0.8333333333333334,0.8,0.8421052631578947
574,0.005486506407457939,0.9978354978354979,0.9974747474747475,0.9980759980759981,0.997115037865128,0.9972948602344455,0.8163245057988365,0.8412698412698413,0.9259259259259259,0.7777777777777778,0.7575757575757576,0.8333333333333334
575,0.007561545982944245,0.9974025974025974,0.9978354978354979,0.9971139971139971,0.9956803455723542,0.9967567567567568,0.8509287325515678,0.873015873015873,0.8888888888888888,0.8611111111111112,0.8275862068965517,0.8571428571428571
576,0.004754783611879956,0.9985569985569985,0.9978354978354979,0.9990379990379991,0.9985559566787003,0.9981955972573078,0.7184293018003772,0.9206349206349206,0.9259259259259259,0.9166666666666666,0.8928571428571429,0.9090909090909091
577,0.008979691627246473,0.9963924963924964,0.9949494949494949,0.9973544973544973,0.9960274467316721,0.9954881790290562,0.8188236683361336,0.8571428571428571,0.8888888888888888,0.8333333333333334,0.8,0.8421052631578947
578,0.00503672746623632,0.9991341991341991,0.9981962481962482,0.9997594997594997,0.9996387283236994,0.9989169675090253,1.0080424185966081,0.8253968253968254,0.8518518518518519,0.8055555555555556,0.7666666666666667,0.8070175438596491
579,0.004524935420538536,0.9978354978354979,0.9971139971139971,0.9983164983164983,0.997473836160231,0.9972938841782428,0.9597754128959163,0.8412698412698413,0.8888888888888888,0.8055555555555556,0.7741935483870968,0.8275862068965517
580,0.010033454028509255,0.9959595959595959,0.9945887445887446,0.9968734968734969,0.9953068592057762,0.9949476723204619,0.8317598470365204,0.8412698412698413,0.9259259259259259,0.7777777777777778,0.7575757575757576,0.8333333333333334
581,0.004196335892729845,0.9981240981240981,0.9978354978354979,0.9983164983164983,0.997475658131987,0.9976555455365194,0.8458657672939202,0.8095238095238095,0.8518518518518519,0.7777777777777778,0.7419354838709677,0.7931034482758621
582,0.004834445595104726,0.9987012987012988,0.9981962481962482,0.9990379990379991,0.9985564778058462,0.9983763305069457,0.8589073998949653,0.8253968253968254,0.8888888888888888,0.7777777777777778,0.75,0.8135593220338984
583,0.0058549463254324256,0.997979797979798,0.9974747474747475,0.9983164983164983,0.9974747474747475,0.9974747474747475,1.1421010190693086,0.8095238095238095,0.8888888888888888,0.75,0.7272727272727273,0.8
584,0.008984591863860197,0.9972582972582973,0.9971139971139971,0.9973544973544973,0.9960360360360361,0.996574725076618,0.6981015168712474,0.8888888888888888,0.9259259259259259,0.8611111111111112,0.8333333333333334,0.8771929824561403
585,0.002584359928869348,0.9989115646258503,0.9974937343358395,0.9995964487489911,0.999163179916318,0.9983277591973244,0.9397509323981856,0.8253968253968254,0.8888888888888888,0.7777777777777778,0.75,0.8135593220338984
586,0.0060355763291136495,0.997979797979798,0.9974747474747475,0.9983164983164983,0.9974747474747475,0.9974747474747475,1.0246061526473598,0.8571428571428571,0.8888888888888888,0.8333333333333334,0.8,0.8421052631578947
587,0.007001186549965512,0.9981240981240981,0.9978354978354979,0.9983164983164983,0.997475658131987,0.9976555455365194,1.0612626443395303,0.7936507936507936,0.8518518518518519,0.75,0.71875,0.7796610169491526
588,0.002777022798208765,0.9991341991341991,0.9996392496392497,0.9987974987974988,0.9981988472622478,0.9989185291997116,0.980359425112265,0.8412698412698413,0.8888888888888888,0.8055555555555556,0.7741935483870968,0.8275862068965517
589,0.005546988004225647,0.9982683982683983,0.9985569985569985,0.9980759980759981,0.9971181556195965,0.9978370583994232,0.9297060596032275,0.873015873015873,0.8518518518518519,0.8888888888888888,0.8518518518518519,0.8518518518518519
590,0.012320912743234132,0.9963924963924964,0.9953102453102453,0.9971139971139971,0.9956694334175388,0.995489806963738,0.8490476171441731,0.8571428571428571,0.8888888888888888,0.8333333333333334,0.8,0.8421052631578947
591,0.004546553349978679,0.9987012987012988,0.9989177489177489,0.9985569985569985,0.9978378378378379,0.9983775013520823,0.8387735620402502,0.873015873015873,0.9259259259259259,0.8333333333333334,0.8064516129032258,0.8620689655172413
592,0.0041483680218524785,0.9985569985569985,0.9981962481962482,0.9987974987974988,0.9981962481962482,0.9981962481962482,0.8593406411976229,0.873015873015873,0.9259259259259259,0.8333333333333334,0.8064516129032258,0.8620689655172413
593,0.0023014838897887826,0.9991836734693877,0.9983291562238931,0.9995964487489911,0.9991638795986622,0.9987463435018805,1.1441869612326772,0.8095238095238095,0.9629629629629629,0.6944444444444444,0.7027027027027027,0.8125
594,0.010110037700256466,0.9974025974025974,0.9963924963924964,0.9980759980759981,0.9971119133574007,0.9967520750631541,0.848760492139725,0.8571428571428571,0.9259259259259259,0.8055555555555556,0.78125,0.847457627118644
595,0.0067243029400568125,0.9978354978354979,0.9981962481962482,0.9975949975949976,0.996398991717681,0.9972968102360785,0.7109807597118474,0.9047619047619048,0.9259259259259259,0.8888888888888888,0.8620689655172413,0.8928571428571429
596,0.006332340102837556,0.9982683982683983,0.9978354978354979,0.9985569985569985,0.9978354978354979,0.9978354978354979,0.8756481530089375,0.8571428571428571,0.9259259259259259,0.8055555555555556,0.78125,0.847457627118644
597,0.0061479724420246615,0.9972582972582973,0.9967532467532467,0.9975949975949976,0.99639379733141,0.9965734896302976,0.8047727970073798,0.8888888888888888,0.8888888888888888,0.8888888888888888,0.8571428571428571,0.8727272727272727
598,0.004865245238465865,0.9988455988455989,0.9989177489177489,0.9987974987974988,0.998197548666186,0.9985575189325641,0.8305229833317248,0.8571428571428571,0.9629629629629629,0.7777777777777778,0.7647058823529411,0.8524590163934426
599,0.006429440294617657,0.9981240981240981,0.9978354978354979,0.9983164983164983,0.997475658131987,0.9976555455365194,0.7387943337375801,0.8571428571428571,0.9259259259259259,0.8055555555555556,0.78125,0.847457627118644
600,0.004889448519078112,0.9981240981240981,0.9978354978354979,0.9983164983164983,0.997475658131987,0.9976555455365194,0.7389813875336022,0.873015873015873,0.8888888888888888,0.8611111111111112,0.8275862068965517,0.8571428571428571
601,0.007334875195276837,0.9965367965367965,0.996031746031746,0.9968734968734969,0.9953136265320837,0.9956725567976921,0.665578028089681,0.9047619047619048,0.8888888888888888,0.9166666666666666,0.8888888888888888,0.8888888888888888
602,0.00651140590588072,0.9975510204081632,0.9958228905597326,0.9983857949959645,0.9966555183946488,0.9962390305056414,0.832122214338077,0.8253968253968254,0.9259259259259259,0.75,0.7352941176470589,0.819672131147541
603,0.004551998136091805,0.9982683982683983,0.9981962481962482,0.9983164983164983,0.9974765681326604,0.997836278398846,0.7347925323808181,0.9047619047619048,0.8888888888888888,0.9166666666666666,0.8888888888888888,0.8888888888888888
604,0.002969177330108823,0.9988455988455989,0.9985569985569985,0.9990379990379991,0.9985569985569985,0.9985569985569985,0.8063741508990966,0.9047619047619048,0.9259259259259259,0.8888888888888888,0.8620689655172413,0.8928571428571429
605,0.003918275949247979,0.9989115646258503,0.9983291562238931,0.9991928974979822,0.9983291562238931,0.9983291562238931,0.749270794877024,0.8412698412698413,0.9259259259259259,0.7777777777777778,0.7575757575757576,0.8333333333333334
606,0.008628308421950356,0.9966810966810967,0.9963924963924964,0.9968734968734969,0.9953153153153154,0.9958536145664323,0.9635085448283621,0.8888888888888888,0.8888888888888888,0.8888888888888888,0.8571428571428571,0.8727272727272727
607,0.005410592813555217,0.9982683982683983,0.9978354978354979,0.9985569985569985,0.9978354978354979,0.9978354978354979,1.188874255297999,0.8412698412698413,0.8888888888888888,0.8055555555555556,0.7741935483870968,0.8275862068965517
608,0.007746104102310287,0.9971139971139971,0.9963924963924964,0.9975949975949976,0.9963924963924964,0.9963924963924964,0.8122799743164323,0.8888888888888888,0.9259259259259259,0.8611111111111112,0.8333333333333334,0.8771929824561403
609,0.005380889147924159,0.9985569985569985,0.9981962481962482,0.9987974987974988,0.9981962481962482,0.9981962481962482,0.8076765412992649,0.873015873015873,0.8888888888888888,0.8611111111111112,0.8275862068965517,0.8571428571428571
610,0.0043741335171298525,0.9984126984126984,0.9974747474747475,0.9990379990379991,0.9985554351751534,0.9980147987727847,0.9428422698272496,0.8253968253968254,0.9629629629629629,0.7222222222222222,0.7222222222222222,0.8253968253968254
611,0.005303650157182276,0.9981240981240981,0.9974747474747475,0.9985569985569985,0.9978347167087694,0.9976546996211438,0.6633746376416335,0.9047619047619048,0.9259259259259259,0.8888888888888888,0.8620689655172413,0.8928571428571429
612,0.002537026516514465,0.9992784992784993,0.9985569985569985,0.9997594997594997,0.9996388587937883,0.9990976358058112,1.2557838672638888,0.7936507936507936,0.9259259259259259,0.6944444444444444,0.6944444444444444,0.7936507936507936
613,0.005279884025054858,0.9984126984126984,0.9978354978354979,0.9987974987974988,0.9981955972573078,0.9980155150640447,0.6634430033783059,0.8888888888888888,0.9259259259259259,0.8611111111111112,0.8333333333333334,0.8771929824561403
614,0.009410187446929815,0.9963924963924964,0.9949494949494949,0.9973544973544973,0.9960274467316721,0.9954881790290562,0.69167003270963,0.8888888888888888,0.9259259259259259,0.8611111111111112,0.8333333333333334,0.8771929824561403
615,0.0014698462514896565,0.9995670995670995,0.9989177489177489,1.0,1.0,0.9994585814834868,0.8675465342937044,0.8571428571428571,0.9259259259259259,0.8055555555555556,0.78125,0.847457627118644
616,0.005711756694632682,0.997979797979798,0.9974747474747475,0.9983164983164983,0.9974747474747475,0.9974747474747475,0.6338916577261111,0.8888888888888888,0.8888888888888888,0.8888888888888888,0.8571428571428571,0.8727272727272727
617,0.007682102894674108,0.9975510204081632,0.9958228905597326,0.9983857949959645,0.9966555183946488,0.9962390305056414,0.9540329104975893,0.8095238095238095,0.9259259259259259,0.7222222222222222,0.7142857142857143,0.8064516129032258
618,0.012906975111953552,0.9966810966810967,0.9956709956709957,0.9973544973544973,0.9960303139660772,0.995850622406639,0.7388414667243884,0.9047619047619048,0.8888888888888888,0.9166666666666666,0.8888888888888888,0.8888888888888888
619,0.004009961123276041,0.9988455988455989,0.9981962481962482,0.9992784992784993,0.9989169675090253,0.9985564778058462,0.7652743217013989,0.873015873015873,0.8888888888888888,0.8611111111111112,0.8275862068965517,0.8571428571428571
620,0.006650777267986872,0.9978231292517007,0.9966583124477861,0.9983857949959645,0.9966583124477861,0.9966583124477861,0.6174911478592549,0.8571428571428571,0.8888888888888888,0.8333333333333334,0.8,0.8421052631578947
621,0.0076271529752203575,0.9976911976911977,0.9971139971139971,0.9980759980759981,0.9971139971139971,0.9971139971139971,0.8503084645961367,0.873015873015873,0.8888888888888888,0.8611111111111112,0.8275862068965517,0.8571428571428571
622,0.002363777016950668,0.9994227994227994,0.9992784992784993,0.9995189995189995,0.9992784992784993,0.9992784992784993,0.7623476041753459,0.873015873015873,0.8888888888888888,0.8611111111111112,0.8275862068965517,0.8571428571428571
623,0.003939439401266332,0.9985569985569985,0.9981962481962482,0.9987974987974988,0.9981962481962482,0.9981962481962482,0.8669401096080297,0.873015873015873,0.9259259259259259,0.8333333333333334,0.8064516129032258,0.8620689655172413
624,0.008769882403860473,0.9963924963924964,0.9949494949494949,0.9973544973544973,0.9960274467316721,0.9954881790290562,1.1916333122176257,0.8412698412698413,0.8888888888888888,0.8055555555555556,0.7741935483870968,0.8275862068965517
625,0.0033620829541254073,0.9988455988455989,0.9985569985569985,0.9990379990379991,0.9985569985569985,0.9985569985569985,0.9545617803498374,0.8571428571428571,0.8888888888888888,0.8333333333333334,0.8,0.8421052631578947
626,0.003957921291062534,0.9984126984126984,0.9974747474747475,0.9990379990379991,0.9985554351751534,0.9980147987727847,1.0299978071599893,0.8412698412698413,0.8888888888888888,0.8055555555555556,0.7741935483870968,0.8275862068965517
627,0.005152674726537732,0.9988455988455989,0.9989177489177489,0.9987974987974988,0.998197548666186,0.9985575189325641,0.7792548456461176,0.8571428571428571,0.8888888888888888,0.8333333333333334,0.8,0.8421052631578947
628,0.0073172462240108874,0.9974025974025974,0.9963924963924964,0.9980759980759981,0.9971119133574007,0.9967520750631541,0.9651239679087811,0.7936507936507936,0.8888888888888888,0.7222222222222222,0.7058823529411765,0.7868852459016393
629,0.0045860655459171425,0.9984126984126984,0.9978354978354979,0.9987974987974988,0.9981955972573078,0.9980155150640447,0.9757268021413539,0.7936507936507936,0.8148148148148148,0.7777777777777778,0.7333333333333333,0.7719298245614035
630,0.008089888135425043,0.9970068027210884,0.9941520467836257,0.9983857949959645,0.9966499162479062,0.9953994144709327,1.1878101956348732,0.7777777777777778,0.9259259259259259,0.6666666666666666,0.6756756756756757,0.78125
631,0.010487702008476044,0.9968253968253968,0.9963924963924964,0.9971139971139971,0.9956741167988464,0.9960331770645511,0.7620831611982014,0.8571428571428571,0.9259259259259259,0.8055555555555556,0.78125,0.847457627118644
632,0.0027276597354185385,0.9992784992784993,0.9992784992784993,0.9992784992784993,0.998918139199423,0.9990982867448152,0.8247424172234513,0.873015873015873,0.9259259259259259,0.8333333333333334,0.8064516129032258,0.8620689655172413
633,0.008297013833018294,0.996969696969697,0.9963924963924964,0.9973544973544973,0.9960331770645511,0.9962128043282237,0.9051201113957971,0.8095238095238095,0.8518518518518519,0.7777777777777778,0.7419354838709677,0.7931034482758621
634,0.005648737149893489,0.9984126984126984,0.9974747474747475,0.9990379990379991,0.9985554351751534,0.9980147987727847,0.9647242801766547,0.8571428571428571,0.9259259259259259,0.8055555555555556,0.78125,0.847457627118644
635,0.0024529431047427917,0.9994227994227994,0.9992784992784993,0.9995189995189995,0.9992784992784993,0.9992784992784993,1.394942368387655,0.7936507936507936,0.9629629629629629,0.6666666666666666,0.6842105263157895,0.8
636,0.008511565491933265,0.996969696969697,0.996031746031746,0.9975949975949976,0.9963911945146157,0.9962114378495399,0.9606639824817808,0.7936507936507936,0.9259259259259259,0.6944444444444444,0.6944444444444444,0.7936507936507936
637,0.0023376417999161027,0.9995670995670995,0.9992784992784993,0.9997594997594997,0.9996391194514616,0.9994587768356485,0.8770211447309333,0.8095238095238095,0.9259259259259259,0.7222222222222222,0.7142857142857143,0.8064516129032258
638,0.006389550738955514,0.9981240981240981,0.9974747474747475,0.9985569985569985,0.9978347167087694,0.9976546996211438,0.9101955909873285,0.873015873015873,0.9259259259259259,0.8333333333333334,0.8064516129032258,0.8620689655172413
639,0.00800939890305982,0.9972789115646259,0.9949874686716792,0.9983857949959645,0.9966527196652719,0.995819397993311,1.0323408867901427,0.7777777777777778,0.9259259259259259,0.6666666666666666,0.6756756756756757,0.78125
640,0.00917683376621641,0.9978354978354979,0.9974747474747475,0.9980759980759981,0.997115037865128,0.9972948602344455,0.7658846501467956,0.8253968253968254,0.9259259259259259,0.75,0.7352941176470589,0.819672131147541
641,0.0034314673890541,0.9992784992784993,0.9992784992784993,0.9992784992784993,0.998918139199423,0.9990982867448152,1.1356012763267027,0.7936507936507936,0.9259259259259259,0.6944444444444444,0.6944444444444444,0.7936507936507936
642,0.005884499511378532,0.9982683982683983,0.9971139971139971,0.9990379990379991,0.9985549132947977,0.9978339350180505,0.9676362635948444,0.8253968253968254,0.8888888888888888,0.7777777777777778,0.75,0.8135593220338984
643,0.006220091079330617,0.9978354978354979,0.9974747474747475,0.9980759980759981,0.997115037865128,0.9972948602344455,1.0280776130172262,0.8571428571428571,0.9259259259259259,0.8055555555555556,0.78125,0.847457627118644
644,0.005129912624649267,0.9984126984126984,0.9978354978354979,0.9987974987974988,0.9981955972573078,0.9980155150640447,0.8107589881510071,0.873015873015873,0.9259259259259259,0.8333333333333334,0.8064516129032258,0.8620689655172413
645,0.003520388310382868,0.998989898989899,0.9989177489177489,0.9990379990379991,0.9985575189325641,0.9987376014427413,0.8507678639818175,0.8888888888888888,0.9259259259259259,0.8611111111111112,0.8333333333333334,0.8771929824561403
646,0.004019872039735506,0.9989115646258503,0.9983291562238931,0.9991928974979822,0.9983291562238931,0.9983291562238931,1.2257197450565558,0.7777777777777778,0.9259259259259259,0.6666666666666666,0.6756756756756757,0.78125
647,0.00881911444100689,0.9971139971139971,0.9963924963924964,0.9975949975949976,0.9963924963924964,0.9963924963924964,0.7050638772299631,0.8571428571428571,0.8888888888888888,0.8333333333333334,0.8,0.8421052631578947
648,0.002585606179938103,0.998639455782313,0.9974937343358395,0.9991928974979822,0.9983277591973244,0.9979105725031342,1.4201951871371075,0.7619047619047619,0.9259259259259259,0.6388888888888888,0.6578947368421053,0.7692307692307693
649,0.007124926528960312,0.9976911976911977,0.9971139971139971,0.9980759980759981,0.9971139971139971,0.9971139971139971,0.657307401078657,0.873015873015873,0.8888888888888888,0.8611111111111112,0.8275862068965517,0.8571428571428571
650,0.0027098559891613927,0.9991341991341991,0.9992784992784993,0.9990379990379991,0.9985580389329488,0.998918139199423,1.1082951130409504,0.8571428571428571,0.8888888888888888,0.8333333333333334,0.8,0.8421052631578947
651,0.0055069405546144855,0.9981240981240981,0.9978354978354979,0.9983164983164983,0.997475658131987,0.9976555455365194,0.8821783065370891,0.873015873015873,0.8888888888888888,0.8611111111111112,0.8275862068965517,0.8571428571428571
652,0.004648321229691106,0.9981240981240981,0.9974747474747475,0.9985569985569985,0.9978347167087694,0.9976546996211438,0.7134398863265579,0.873015873015873,0.8888888888888888,0.8611111111111112,0.8275862068965517,0.8571428571428571
653,0.004645802910171268,0.9987012987012988,0.9981962481962482,0.9990379990379991,0.9985564778058462,0.9983763305069457,0.9762011849619855,0.8412698412698413,0.8888888888888888,0.8055555555555556,0.7741935483870968,0.8275862068965517
654,0.007778265311660079,0.9978354978354979,0.9978354978354979,0.9978354978354979,0.9967567567567568,0.9972958355868037,0.7683934816773722,0.8412698412698413,0.8888888888888888,0.8055555555555556,0.7741935483870968,0.8275862068965517
655,0.004221792919314981,0.9988455988455989,0.9985569985569985,0.9990379990379991,0.9985569985569985,0.9985569985569985,0.779994928108603,0.8571428571428571,0.8888888888888888,0.8333333333333334,0.8,0.8421052631578947
656,0.005714556357781127,0.9976911976911977,0.9971139971139971,0.9980759980759981,0.9971139971139971,0.9971139971139971,0.6954283676789182,0.9047619047619048,0.9259259259259259,0.8888888888888888,0.8620689655172413,0.8928571428571429
657,0.0033947827621167775,0.9992784992784993,0.9989177489177489,0.9995189995189995,0.9992782389029231,0.9990979613927476,0.9272174739698318,0.8571428571428571,0.8888888888888888,0.8333333333333334,0.8,0.8421052631578947
658,0.005404412891004716,0.9984126984126984,0.9978354978354979,0.9987974987974988,0.9981955972573078,0.9980155150640447,0.7518837194139552,0.9047619047619048,0.9259259259259259,0.8888888888888888,0.8620689655172413,0.8928571428571429
659,0.009447974540843753,0.9978354978354979,0.9963924963924964,0.9987974987974988,0.9981929887965305,0.9972919299512547,0.9877009234531591,0.8253968253968254,0.9629629629629629,0.7222222222222222,0.7222222222222222,0.8253968253968254
660,0.006934774211868317,0.9981240981240981,0.9978354978354979,0.9983164983164983,0.997475658131987,0.9976555455365194,0.7195265642108603,0.8888888888888888,0.8518518518518519,0.9166666666666666,0.8846153846153846,0.8679245283018868
661,0.007228438757841224,0.9974025974025974,0.9971139971139971,0.9975949975949976,0.996395097332372,0.996754417598269,0.8386814665115837,0.873015873015873,0.8518518518518519,0.8888888888888888,0.8518518518518519,0.8518518518518519
662,0.007015175634267738,0.9982683982683983,0.9971139971139971,0.9990379990379991,0.9985549132947977,0.9978339350180505,1.2791260223658312,0.746031746031746,0.8888888888888888,0.6388888888888888,0.6486486486486487,0.75
663,0.012894151259445725,0.9961904761904762,0.9958228905597326,0.9963680387409201,0.9925062447960034,0.994161801501251,1.0743162509697002,0.7936507936507936,0.8888888888888888,0.7222222222222222,0.7058823529411765,0.7868852459016393
664,0.008412106161621554,0.9968253968253968,0.996031746031746,0.9973544973544973,0.996031746031746,0.996031746031746,0.8008949292162137,0.8571428571428571,0.8888888888888888,0.8333333333333334,0.8,0.8421052631578947
665,0.003754375683897043,0.9988455988455989,0.9981962481962482,0.9992784992784993,0.9989169675090253,0.9985564778058462,0.9058363431554642,0.8412698412698413,0.9259259259259259,0.7777777777777778,0.7575757575757576,0.8333333333333334
666,0.0017807849199877282,0.9995670995670995,0.9996392496392497,0.9995189995189995,0.999278759466282,0.999458972046889,0.8069299554637894,0.8571428571428571,0.8888888888888888,0.8333333333333334,0.8,0.8421052631578947
667,0.007314035989974325,0.9975468975468975,0.9967532467532467,0.9980759980759981,0.9971129556116926,0.9969330687353418,0.8245743796232134,0.8095238095238095,0.8888888888888888,0.75,0.7272727272727273,0.8
668,0.005313208794923071,0.9978354978354979,0.9981962481962482,0.9975949975949976,0.996398991717681,0.9972968102360785,0.772252665426109,0.8888888888888888,0.9259259259259259,0.8611111111111112,0.8333333333333334,0.8771929824561403
669,0.006783875640707275,0.997979797979798,0.9978354978354979,0.9980759980759981,0.9971160778658976,0.997475658131987,0.6603871947366907,0.873015873015873,0.8518518518518519,0.8888888888888888,0.8518518518518519,0.8518518518518519
670,0.005165289684691021,0.9982683982683983,0.9978354978354979,0.9985569985569985,0.9978354978354979,0.9978354978354979,0.8563088553062352,0.8571428571428571,0.9259259259259259,0.8055555555555556,0.78125,0.847457627118644
671,0.0031680642854093957,0.9992784992784993,0.9989177489177489,0.9995189995189995,0.9992782389029231,0.9990979613927476,0.9040282442020104,0.8571428571428571,0.9259259259259259,0.8055555555555556,0.78125,0.847457627118644
672,0.008008461122382035,0.9972582972582973,0.9963924963924964,0.9978354978354979,0.9967520750631541,0.9965722532924409,0.8262188051030823,0.8888888888888888,0.9259259259259259,0.8611111111111112,0.8333333333333334,0.8771929824561403
673,0.002653190274225631,0.998989898989899,0.9985569985569985,0.9992784992784993,0.9989173583543847,0.9987371459498466,0.9232235994352359,0.873015873015873,0.8888888888888888,0.8611111111111112,0.8275862068965517,0.8571428571428571
674,0.004060521141903516,0.9991836734693877,0.9991645781119465,0.9991928974979822,0.998330550918197,0.9987473903966597,1.1041636424335939,0.8095238095238095,0.9259259259259259,0.7222222222222222,0.7142857142857143,0.8064516129032258
675,0.008198580806523276,0.9974025974025974,0.996031746031746,0.9983164983164983,0.997471098265896,0.9967509025270758,1.0805864175704227,0.8412698412698413,0.9259259259259259,0.7777777777777778,0.7575757575757576,0.8333333333333334
676,0.006100401266498664,0.9971139971139971,0.9971139971139971,0.9971139971139971,0.9956772334293948,0.996395097332372,0.9392554501545896,0.873015873015873,0.9259259259259259,0.8333333333333334,0.8064516129032258,0.8620689655172413
677,0.005493208048106683,0.9985569985569985,0.9981962481962482,0.9987974987974988,0.9981962481962482,0.9981962481962482,0.9703993033635059,0.8571428571428571,0.8518518518518519,0.8611111111111112,0.8214285714285714,0.8363636363636363
678,0.0028333215162030844,0.9987012987012988,0.9981962481962482,0.9990379990379991,0.9985564778058462,0.9983763305069457,1.0751217306011343,0.8412698412698413,0.8888888888888888,0.8055555555555556,0.7741935483870968,0.8275862068965517
679,0.0008671051891167888,0.9998556998556999,0.9996392496392497,1.0,1.0,0.9998195922785496,1.7869488136281098,0.7777777777777778,0.9259259259259259,0.6666666666666666,0.6756756756756757,0.78125
680,0.007835035158460318,0.9968253968253968,0.996031746031746,0.9973544973544973,0.996031746031746,0.996031746031746,0.9638614700644601,0.873015873015873,0.8888888888888888,0.8611111111111112,0.8275862068965517,0.8571428571428571
681,0.00710248962935375,0.9982683982683983,0.9981962481962482,0.9983164983164983,0.9974765681326604,0.997836278398846,0.7117667446432207,0.9047619047619048,0.9259259259259259,0.8888888888888888,0.8620689655172413,0.8928571428571429
682,0.003588391516161766,0.9988455988455989,0.9992784992784993,0.9985569985569985,0.9978386167146974,0.9985580389329488,0.9756931395142658,0.8571428571428571,0.8518518518518519,0.8611111111111112,0.8214285714285714,0.8363636363636363
683,0.0032010846201895784,0.9988455988455989,0.9989177489177489,0.9987974987974988,0.998197548666186,0.9985575189325641,1.0215633336335905,0.8095238095238095,0.8888888888888888,0.75,0.7272727272727273,0.8
684,0.003235593325411446,0.9988455988455989,0.9985569985569985,0.9990379990379991,0.9985569985569985,0.9985569985569985,0.9151698761150271,0.8571428571428571,0.8518518518518519,0.8611111111111112,0.8214285714285714,0.8363636363636363
685,0.005735831398425844,0.9985569985569985,0.9981962481962482,0.9987974987974988,0.9981962481962482,0.9981962481962482,1.1212869806871792,0.8095238095238095,0.8518518518518519,0.7777777777777778,0.7419354838709677,0.7931034482758621
686,0.003648539580174028,0.9995670995670995,0.9989177489177489,1.0,1.0,0.9994585814834868,0.9862120196866315,0.8412698412698413,0.9629629629629629,0.75,0.7428571428571429,0.8387096774193549
687,0.004972815081105556,0.9985569985569985,0.9985569985569985,0.9985569985569985,0.9978370583994232,0.998196898665705,1.0956156596570046,0.8571428571428571,0.8888888888888888,0.8333333333333334,0.8,0.8421052631578947
688,0.008819139141188943,0.9971139971139971,0.9963924963924964,0.9975949975949976,0.9963924963924964,0.9963924963924964,0.874271554948156,0.8888888888888888,0.8888888888888888,0.8888888888888888,0.8571428571428571,0.8727272727272727
689,0.004653086780771529,0.9984126984126984,0.9981962481962482,0.9985569985569985,0.997836278398846,0.9980162308385934,0.9760076133007671,0.8412698412698413,0.8518518518518519,0.8333333333333334,0.7931034482758621,0.8214285714285714
690,0.002356557726938864,0.9992784992784993,0.9992784992784993,0.9992784992784993,0.998918139199423,0.9990982867448152,0.9859432707074568,0.8571428571428571,0.8148148148148148,0.8888888888888888,0.8461538461538461,0.8301886792452831
691,0.004531840624885949,0.9985569985569985,0.9978354978354979,0.9990379990379991,0.9985559566787003,0.9981955972573078,0.8367642535858544,0.8253968253968254,0.8518518518518519,0.8055555555555556,0.7666666666666667,0.8070175438596491
692,0.005900115409511333,0.9985569985569985,0.9981962481962482,0.9987974987974988,0.9981962481962482,0.9981962481962482,0.6670515197167535,0.9206349206349206,0.9629629629629629,0.8888888888888888,0.8666666666666667,0.9122807017543859
693,0.0040032986806034735,0.9985569985569985,0.9978354978354979,0.9990379990379991,0.9985559566787003,0.9981955972573078,1.1379911183178173,0.7936507936507936,0.8888888888888888,0.7222222222222222,0.7058823529411765,0.7868852459016393
694,0.005054276714245619,0.9984126984126984,0.9978354978354979,0.9987974987974988,0.9981955972573078,0.9980155150640447,0.8026489261863476,0.873015873015873,0.8888888888888888,0.8611111111111112,0.8275862068965517,0.8571428571428571
695,0.0070941212085258954,0.9975468975468975,0.9967532467532467,0.9980759980759981,0.9971129556116926,0.9969330687353418,1.0030104546079648,0.8412698412698413,0.8518518518518519,0.8333333333333334,0.7931034482758621,0.8214285714285714
696,0.0033250945619913304,0.9987012987012988,0.9985569985569985,0.9987974987974988,0.998196898665705,0.9983769161406673,0.949839759791281,0.8571428571428571,0.8518518518518519,0.8611111111111112,0.8214285714285714,0.8363636363636363
697,0.004236682001832152,0.9985569985569985,0.9974747474747475,0.9992784992784993,0.9989161849710982,0.9981949458483754,1.0107286004906257,0.8095238095238095,0.8518518518518519,0.7777777777777778,0.7419354838709677,0.7931034482758621
698,0.002571250208965262,0.998639455782313,0.9983291562238931,0.9987893462469734,0.9974958263772955,0.9979123173277662,1.0863295055141429,0.8412698412698413,0.8888888888888888,0.8055555555555556,0.7741935483870968,0.8275862068965517
699,0.009128280792263842,0.9971139971139971,0.996031746031746,0.9978354978354979,0.9967509025270758,0.9963911945146157,0.9261167252608131,0.8412698412698413,0.8518518518518519,0.8333333333333334,0.7931034482758621,0.8214285714285714
700,0.0025537730788831444,0.9991341991341991,0.9989177489177489,0.9992784992784993,0.9989177489177489,0.9989177489177489,0.9708705883184892,0.873015873015873,0.8888888888888888,0.8611111111111112,0.8275862068965517,0.8571428571428571
