Epoch,Loss,Accuracy,Sensitivity,Specificity,Precision,F1,Validation Loss,Validation Accuracy,Validation Sensitivity,Validation Specificity,Validation Precision,Validation F1
1,0.02726361321982275,0.9926530612244898,0.9874686716791979,0.9951573849878934,0.9899497487437185,0.9887076537013801,0.38279838691140333,0.9047619047619048,0.9259259259259259,0.8888888888888888,0.8620689655172413,0.8928571428571429
2,0.018049850278489647,0.9956462585034014,0.9933166248955723,0.9967715899919289,0.9933166248955723,0.9933166248955723,1.6475997017253012,0.6507936507936508,0.9629629629629629,0.4166666666666667,0.5531914893617021,0.7027027027027027
3,0.004739746680153775,0.9989115646258503,0.9974937343358395,0.9995964487489911,0.999163179916318,0.9983277591973244,0.9595688491808398,0.7936507936507936,0.9259259259259259,0.6944444444444444,0.6944444444444444,0.7936507936507936
4,0.005545368835323674,0.9983673469387755,0.9966583124477861,0.9991928974979822,0.998326359832636,0.9974916387959866,1.1639591022985913,0.7619047619047619,0.9259259259259259,0.6388888888888888,0.6578947368421053,0.7692307692307693
5,0.007769945904764593,0.9978231292517007,0.9958228905597326,0.9987893462469734,0.9974895397489539,0.9966555183946488,0.8606409603315923,0.7777777777777778,0.9259259259259259,0.6666666666666666,0.6756756756756757,0.78125
6,0.009844625570120759,0.9975510204081632,0.9949874686716792,0.9987893462469734,0.9974874371859297,0.9962358845671268,1.1538083756726885,0.746031746031746,0.9259259259259259,0.6111111111111112,0.6410256410256411,0.7575757575757576
7,0.002071250813829453,0.9994557823129252,0.9991645781119465,0.9995964487489911,0.9991645781119465,0.9991645781119465,1.665096620666898,0.746031746031746,0.9259259259259259,0.6111111111111112,0.6410256410256411,0.7575757575757576
8,0.004555291245876792,0.9983673469387755,0.9983291562238931,0.9983857949959645,0.9966638865721434,0.9974958263772955,1.8268904060214048,0.7142857142857143,0.9259259259259259,0.5555555555555556,0.6097560975609756,0.7352941176470589
9,0.00903023842861559,0.9978231292517007,0.9958228905597326,0.9987893462469734,0.9974895397489539,0.9966555183946488,2.031850848879133,0.6190476190476191,0.9629629629629629,0.3611111111111111,0.5306122448979592,0.6842105263157895
10,0.008154715533415013,0.9964625850340136,0.9933166248955723,0.9979822437449556,0.9958123953098827,0.9945629443747386,2.495723491623288,0.5555555555555556,1.0,0.2222222222222222,0.4909090909090909,0.6585365853658537
11,0.011371889863429324,0.996734693877551,0.9933166248955723,0.9983857949959645,0.9966471081307627,0.994979079497908,1.7233746855977983,0.6349206349206349,0.9259259259259259,0.4166666666666667,0.5434782608695652,0.684931506849315
12,0.0034210555038896398,0.9991836734693877,0.9983291562238931,0.9995964487489911,0.9991638795986622,0.9987463435018805,2.2094336199381996,0.5873015873015873,0.9629629629629629,0.3055555555555556,0.5098039215686274,0.6666666666666666
13,0.0019032957366205195,0.9997278911564625,0.9991645781119465,1.0,1.0,0.9995821145006268,2.387740156953297,0.6190476190476191,0.9629629629629629,0.3611111111111111,0.5306122448979592,0.6842105263157895
14,0.0008483001962076432,1.0,1.0,1.0,1.0,1.0,2.037356495088528,0.6507936507936508,0.9259259259259259,0.4444444444444444,0.5555555555555556,0.6944444444444444
15,0.0026409664134840246,0.9989115646258503,0.9966583124477861,1.0,1.0,0.998326359832636,2.605952339512961,0.6349206349206349,0.9629629629629629,0.3888888888888889,0.5416666666666666,0.6933333333333334
16,0.3192701324186198,0.8695526695526695,0.812049062049062,0.9078884078884079,0.8545937737281701,0.8327783943766186,0.5076954111693397,0.7777777777777778,0.9259259259259259,0.6666666666666666,0.6756756756756757,0.78125
17,0.012471310986953527,0.9978231292517007,0.9974937343358395,0.9979822437449556,0.9958298582151793,0.996661101836394,0.7359706752504858,0.8253968253968254,0.9259259259259259,0.75,0.7352941176470589,0.819672131147541
18,0.005173257685766942,0.9983673469387755,0.9966583124477861,0.9991928974979822,0.998326359832636,0.9974916387959866,0.9394580368543901,0.7936507936507936,0.9259259259259259,0.6944444444444444,0.6944444444444444,0.7936507936507936
19,0.0015717774820490265,1.0,1.0,1.0,1.0,1.0,1.050236940546523,0.7936507936507936,0.9259259259259259,0.6944444444444444,0.6944444444444444,0.7936507936507936
20,0.012460164214962726,0.9964625850340136,0.9933166248955723,0.9979822437449556,0.9958123953098827,0.9945629443747386,1.1118907367307989,0.7619047619047619,0.9259259259259259,0.6388888888888888,0.6578947368421053,0.7692307692307693
21,0.0026901681829706392,0.9997278911564625,0.9991645781119465,1.0,1.0,0.9995821145006268,1.3868106701189564,0.746031746031746,0.9259259259259259,0.6111111111111112,0.6410256410256411,0.7575757575757576
22,0.004095362827837543,0.9989115646258503,0.9974937343358395,0.9995964487489911,0.999163179916318,0.9983277591973244,1.2421756852196442,0.7619047619047619,0.9259259259259259,0.6388888888888888,0.6578947368421053,0.7692307692307693
23,0.0034870414925758176,0.9989115646258503,0.9983291562238931,0.9991928974979822,0.9983291562238931,0.9983291562238931,1.5729197067992082,0.7301587301587301,0.9259259259259259,0.5833333333333334,0.625,0.746268656716418
24,0.003987923228707747,0.9989115646258503,0.9974937343358395,0.9995964487489911,0.999163179916318,0.9983277591973244,1.737696835638157,0.746031746031746,0.9629629629629629,0.5833333333333334,0.6341463414634146,0.7647058823529411
25,0.005040983449347748,0.9983673469387755,0.9974937343358395,0.9987893462469734,0.9974937343358395,0.9974937343358395,1.4742646051777735,0.7142857142857143,0.9259259259259259,0.5555555555555556,0.6097560975609756,0.7352941176470589
26,0.002065718649398713,0.9994557823129252,0.9991645781119465,0.9995964487489911,0.9991645781119465,0.9991645781119465,1.4948318610706972,0.7619047619047619,0.9629629629629629,0.6111111111111112,0.65,0.7761194029850746
27,0.003524380437142792,0.9989115646258503,0.9983291562238931,0.9991928974979822,0.9983291562238931,0.9983291562238931,2.1160789140396647,0.7142857142857143,0.9629629629629629,0.5277777777777778,0.6046511627906976,0.7428571428571429
28,0.0006346640752257817,1.0,1.0,1.0,1.0,1.0,2.0107250551264437,0.6825396825396826,0.9259259259259259,0.5,0.5813953488372093,0.7142857142857143
29,0.0030787008081057557,0.9994557823129252,0.9991645781119465,0.9995964487489911,0.9991645781119465,0.9991645781119465,1.6814145370172189,0.746031746031746,0.9629629629629629,0.5833333333333334,0.6341463414634146,0.7647058823529411
30,0.004282052512431112,0.9983673469387755,0.9966583124477861,0.9991928974979822,0.998326359832636,0.9974916387959866,2.0539711742174056,0.6666666666666666,0.9629629629629629,0.4444444444444444,0.5652173913043478,0.7123287671232876
31,0.000629975389583087,1.0,1.0,1.0,1.0,1.0,1.9443432951848658,0.7142857142857143,0.9629629629629629,0.5277777777777778,0.6046511627906976,0.7428571428571429
32,0.00043950921965154764,1.0,1.0,1.0,1.0,1.0,1.7261323906067345,0.7301587301587301,0.9259259259259259,0.5833333333333334,0.625,0.746268656716418
33,0.0003038286552352666,1.0,1.0,1.0,1.0,1.0,2.060885964996285,0.7301587301587301,0.9629629629629629,0.5555555555555556,0.6190476190476191,0.7536231884057971
34,0.0002947536636410015,1.0,1.0,1.0,1.0,1.0,2.0066602436736938,0.746031746031746,0.9629629629629629,0.5833333333333334,0.6341463414634146,0.7647058823529411
35,0.00020650509949203354,1.0,1.0,1.0,1.0,1.0,1.8724269735227739,0.7142857142857143,0.9259259259259259,0.5555555555555556,0.6097560975609756,0.7352941176470589
36,0.0002312134659681216,1.0,1.0,1.0,1.0,1.0,2.044016703586316,0.746031746031746,0.9629629629629629,0.5833333333333334,0.6341463414634146,0.7647058823529411
37,0.013868541651210181,0.9964625850340136,0.9958228905597326,0.9967715899919289,0.9933333333333333,0.9945765540258656,1.5221676041209509,0.6349206349206349,0.9629629629629629,0.3888888888888889,0.5416666666666666,0.6933333333333334
38,0.004392568730427661,0.9991836734693877,0.9983291562238931,0.9995964487489911,0.9991638795986622,0.9987463435018805,1.5137856181651828,0.6825396825396826,0.9629629629629629,0.4722222222222222,0.5777777777777777,0.7222222222222222
39,0.3369210378432171,0.8655122655122656,0.8077200577200577,0.9040404040404041,0.8487490523123579,0.8277264325323475,0.3225658843441615,0.8253968253968254,0.9259259259259259,0.75,0.7352941176470589,0.819672131147541
40,0.013545201935608979,0.9983673469387755,0.9974937343358395,0.9987893462469734,0.9974937343358395,0.9974937343358395,0.8518011815816401,0.8253968253968254,0.9259259259259259,0.75,0.7352941176470589,0.819672131147541
41,0.0017068639314308965,1.0,1.0,1.0,1.0,1.0,0.9452211706278225,0.8412698412698413,0.9259259259259259,0.7777777777777778,0.7575757575757576,0.8333333333333334
42,0.0021088828863322635,0.9994557823129252,0.9991645781119465,0.9995964487489911,0.9991645781119465,0.9991645781119465,1.0082555670172921,0.7777777777777778,0.9259259259259259,0.6666666666666666,0.6756756756756757,0.78125
43,0.2541580464363012,0.8958152958152958,0.8484848484848485,0.9273689273689274,0.8862094951017332,0.8669369701437523,0.2797278317194136,0.8571428571428571,0.9259259259259259,0.8055555555555556,0.78125,0.847457627118644
44,0.009533444078651821,0.9989115646258503,0.9974937343358395,0.9995964487489911,0.999163179916318,0.9983277591973244,0.6079218379473166,0.8253968253968254,0.9259259259259259,0.75,0.7352941176470589,0.819672131147541
45,0.0027615911612084427,0.9997278911564625,0.9991645781119465,1.0,1.0,0.9995821145006268,0.6545066353938882,0.8571428571428571,0.9259259259259259,0.8055555555555556,0.78125,0.847457627118644
46,0.0012763797507786073,1.0,1.0,1.0,1.0,1.0,0.8053811572506906,0.8253968253968254,0.9259259259259259,0.75,0.7352941176470589,0.819672131147541
47,0.004671544956176409,0.9983673469387755,0.9966583124477861,0.9991928974979822,0.998326359832636,0.9974916387959866,0.8247601815004139,0.8095238095238095,0.9629629629629629,0.6944444444444444,0.7027027027027027,0.8125
48,0.0008984922553229678,1.0,1.0,1.0,1.0,1.0,0.8662550709513386,0.8253968253968254,0.9259259259259259,0.75,0.7352941176470589,0.819672131147541
49,0.0014464869002057683,0.9994557823129252,0.9983291562238931,1.0,1.0,0.9991638795986622,0.9751219089726902,0.8253968253968254,0.9629629629629629,0.7222222222222222,0.7222222222222222,0.8253968253968254
50,0.005605839473693505,0.9983673469387755,0.9974937343358395,0.9987893462469734,0.9974937343358395,0.9974937343358395,0.572583127049877,0.873015873015873,0.9259259259259259,0.8333333333333334,0.8064516129032258,0.8620689655172413
51,0.0023865457390356637,0.9994557823129252,0.9991645781119465,0.9995964487489911,0.9991645781119465,0.9991645781119465,1.4777604782887335,0.7301587301587301,0.9629629629629629,0.5555555555555556,0.6190476190476191,0.7536231884057971
52,0.2396160169317781,0.9034632034632034,0.8513708513708513,0.9381914381914382,0.9017959495605655,0.8758582297272222,0.3866789445635818,0.8571428571428571,0.9259259259259259,0.8055555555555556,0.78125,0.847457627118644
53,0.008986295711820894,0.9989115646258503,0.9991645781119465,0.9987893462469734,0.9974979149291076,0.998330550918197,0.7731254067759783,0.8253968253968254,0.9259259259259259,0.75,0.7352941176470589,0.819672131147541
54,0.0027057919339641143,0.9997278911564625,0.9991645781119465,1.0,1.0,0.9995821145006268,0.8304468431133067,0.8571428571428571,0.9259259259259259,0.8055555555555556,0.78125,0.847457627118644
55,0.0035692377204113467,0.998639455782313,0.9974937343358395,0.9991928974979822,0.9983277591973244,0.9979105725031342,0.9148663926337447,0.8253968253968254,0.9259259259259259,0.75,0.7352941176470589,0.819672131147541
56,0.16966331920171263,0.934054834054834,0.898989898989899,0.9574314574314574,0.9336830273510678,0.9160080867487594,0.34458546837170917,0.873015873015873,0.9259259259259259,0.8333333333333334,0.8064516129032258,0.8620689655172413
57,0.008065706629268065,0.9991836734693877,0.9991645781119465,0.9991928974979822,0.998330550918197,0.9987473903966597,0.6716349184557441,0.8412698412698413,0.9259259259259259,0.7777777777777778,0.7575757575757576,0.8333333333333334
58,0.002021805650846032,1.0,1.0,1.0,1.0,1.0,0.713188132681396,0.8412698412698413,0.9259259259259259,0.7777777777777778,0.7575757575757576,0.8333333333333334
59,0.12788767352203662,0.94992784992785,0.9253246753246753,0.9663299663299664,0.9482439926062847,0.9366441482563447,0.4944067429751158,0.873015873015873,0.9259259259259259,0.8333333333333334,0.8064516129032258,0.8620689655172413
60,0.00670865576074389,0.9989115646258503,0.9991645781119465,0.9987893462469734,0.9974979149291076,0.998330550918197,0.7098686543352429,0.8571428571428571,0.9259259259259259,0.8055555555555556,0.78125,0.847457627118644
61,0.0025834571803305425,0.9997278911564625,0.9991645781119465,1.0,1.0,0.9995821145006268,0.750081980977917,0.8412698412698413,0.9259259259259259,0.7777777777777778,0.7575757575757576,0.8333333333333334
62,0.0013305458769227575,1.0,1.0,1.0,1.0,1.0,0.9029359371966815,0.8253968253968254,0.9259259259259259,0.75,0.7352941176470589,0.819672131147541
63,0.002663259231026101,0.9991836734693877,0.9991645781119465,0.9991928974979822,0.998330550918197,0.9987473903966597,0.7336093560452499,0.8253968253968254,0.9259259259259259,0.75,0.7352941176470589,0.819672131147541
64,0.002145545240554984,0.9994557823129252,0.9983291562238931,1.0,1.0,0.9991638795986622,0.9733610098741742,0.8253968253968254,0.9259259259259259,0.75,0.7352941176470589,0.819672131147541
65,0.000754382187662152,1.0,1.0,1.0,1.0,1.0,0.919925360320439,0.8253968253968254,0.9259259259259259,0.75,0.7352941176470589,0.819672131147541
66,0.0006062707625779713,1.0,1.0,1.0,1.0,1.0,0.7866773798623832,0.8095238095238095,0.9259259259259259,0.7222222222222222,0.7142857142857143,0.8064516129032258
67,0.14064633937910048,0.9458874458874459,0.924963924963925,0.9598364598364598,0.9388502380080557,0.9318553516263856,0.41892810560585486,0.8888888888888888,0.8888888888888888,0.8888888888888888,0.8571428571428571,0.8727272727272727
68,0.008944017251242319,0.9972789115646259,0.9949874686716792,0.9983857949959645,0.9966527196652719,0.995819397993311,0.9413701686601613,0.8095238095238095,0.9259259259259259,0.7222222222222222,0.7142857142857143,0.8064516129032258
69,0.07863455449142272,0.9711399711399712,0.9588744588744589,0.9793169793169794,0.9686588921282799,0.9637418419144308,0.513584880121348,0.8571428571428571,0.8888888888888888,0.8333333333333334,0.8,0.8421052631578947
70,0.008218140663598113,0.9989115646258503,0.9974937343358395,0.9995964487489911,0.999163179916318,0.9983277591973244,0.7938630595130639,0.8253968253968254,0.9259259259259259,0.75,0.7352941176470589,0.819672131147541
71,0.001506264999748024,1.0,1.0,1.0,1.0,1.0,0.8286017408938191,0.8412698412698413,0.9259259259259259,0.7777777777777778,0.7575757575757576,0.8333333333333334
72,0.003533831776221137,0.9991836734693877,0.9983291562238931,0.9995964487489911,0.9991638795986622,0.9987463435018805,0.7950803546257139,0.8412698412698413,0.9259259259259259,0.7777777777777778,0.7575757575757576,0.8333333333333334
73,0.000763297192863233,1.0,1.0,1.0,1.0,1.0,0.8268165134728723,0.8412698412698413,0.9259259259259259,0.7777777777777778,0.7575757575757576,0.8333333333333334
74,0.0006389599516312671,1.0,1.0,1.0,1.0,1.0,0.9721670908537428,0.8253968253968254,0.9259259259259259,0.75,0.7352941176470589,0.819672131147541
75,0.00044167855946936323,1.0,1.0,1.0,1.0,1.0,1.0245881108437769,0.8253968253968254,0.9259259259259259,0.75,0.7352941176470589,0.819672131147541
76,0.006881855291347685,0.9980952380952381,0.9966583124477861,0.9987893462469734,0.9974916387959866,0.9970748015043878,1.0569641305362836,0.7619047619047619,0.8518518518518519,0.6944444444444444,0.6764705882352942,0.7540983606557377
77,0.005122568124666062,0.9980952380952381,0.9966583124477861,0.9987893462469734,0.9974916387959866,0.9970748015043878,1.663055917070735,0.6825396825396826,0.8888888888888888,0.5277777777777778,0.5853658536585366,0.7058823529411765
78,0.0030043920863805445,0.9989115646258503,0.9966583124477861,1.0,1.0,0.998326359832636,1.2473503050453487,0.7777777777777778,0.8888888888888888,0.6944444444444444,0.6857142857142857,0.7741935483870968
79,0.000528105820218722,1.0,1.0,1.0,1.0,1.0,1.3378578141638418,0.7777777777777778,0.8888888888888888,0.6944444444444444,0.6857142857142857,0.7741935483870968
80,0.00040872466351304736,1.0,1.0,1.0,1.0,1.0,1.5200723600204264,0.7777777777777778,0.8888888888888888,0.6944444444444444,0.6857142857142857,0.7741935483870968
81,0.00802427940850295,0.998639455782313,0.9983291562238931,0.9987893462469734,0.9974958263772955,0.9979123173277662,0.765818678566979,0.7936507936507936,0.9259259259259259,0.6944444444444444,0.6944444444444444,0.7936507936507936
82,0.001799353195978392,0.9994557823129252,0.9991645781119465,0.9995964487489911,0.9991645781119465,0.9991645781119465,1.4891616469323044,0.7301587301587301,0.9259259259259259,0.5833333333333334,0.625,0.746268656716418
83,0.0005001558190002581,1.0,1.0,1.0,1.0,1.0,1.6948259493820221,0.7301587301587301,0.9259259259259259,0.5833333333333334,0.625,0.746268656716418
84,0.146236000005774,0.9455988455988455,0.9195526695526696,0.9629629629629629,0.9430262671106179,0.9311415525114155,0.5363758676131034,0.8571428571428571,0.9259259259259259,0.8055555555555556,0.78125,0.847457627118644
85,0.005358378482106629,0.9991836734693877,1.0,0.9987893462469734,0.9975,0.9987484355444305,0.7032798722955502,0.8412698412698413,0.9259259259259259,0.7777777777777778,0.7575757575757576,0.8333333333333334
86,0.001172904975769319,1.0,1.0,1.0,1.0,1.0,0.9064934911291366,0.8095238095238095,0.9259259259259259,0.7222222222222222,0.7142857142857143,0.8064516129032258
87,0.0015666368550804703,0.9997278911564625,0.9991645781119465,1.0,1.0,0.9995821145006268,1.256933525464283,0.7301587301587301,0.9259259259259259,0.5833333333333334,0.625,0.746268656716418
88,0.0013336962176946968,0.9994557823129252,0.9991645781119465,0.9995964487489911,0.9991645781119465,0.9991645781119465,1.4782184213981964,0.7619047619047619,0.9259259259259259,0.6388888888888888,0.6578947368421053,0.7692307692307693
89,0.0006108688605635674,1.0,1.0,1.0,1.0,1.0,1.5757380205729519,0.7619047619047619,0.9259259259259259,0.6388888888888888,0.6578947368421053,0.7692307692307693
90,0.0005152078334251609,1.0,1.0,1.0,1.0,1.0,1.4180357415646698,0.7619047619047619,0.9259259259259259,0.6388888888888888,0.6578947368421053,0.7692307692307693
91,0.00030320282782773255,1.0,1.0,1.0,1.0,1.0,1.5625769065869493,0.7619047619047619,0.9259259259259259,0.6388888888888888,0.6578947368421053,0.7692307692307693
92,0.00025032514726250517,1.0,1.0,1.0,1.0,1.0,1.5185078381152366,0.7777777777777778,0.9259259259259259,0.6666666666666666,0.6756756756756757,0.78125
93,0.00025867643362611256,1.0,1.0,1.0,1.0,1.0,1.2290330787904427,0.8095238095238095,0.9259259259259259,0.7222222222222222,0.7142857142857143,0.8064516129032258
94,0.0002617667661920399,1.0,1.0,1.0,1.0,1.0,1.5357059007778482,0.7936507936507936,0.9259259259259259,0.6944444444444444,0.6944444444444444,0.7936507936507936
95,0.00016599569678366768,1.0,1.0,1.0,1.0,1.0,2.0707161444851883,0.7142857142857143,0.9259259259259259,0.5555555555555556,0.6097560975609756,0.7352941176470589
96,0.012021439346202908,0.9975510204081632,0.9949874686716792,0.9987893462469734,0.9974874371859297,0.9962358845671268,1.2170181083862508,0.7936507936507936,0.9629629629629629,0.6666666666666666,0.6842105263157895,0.8
97,0.13752295912161447,0.948051948051948,0.9256854256854257,0.9629629629629629,0.9433823529411764,0.9344501092498179,0.523778577024738,0.8571428571428571,0.9259259259259259,0.8055555555555556,0.78125,0.847457627118644
98,0.005524863767101854,0.9989115646258503,0.9983291562238931,0.9991928974979822,0.9983291562238931,0.9983291562238931,0.7981741542868789,0.8412698412698413,0.9259259259259259,0.7777777777777778,0.7575757575757576,0.8333333333333334
99,0.001163132564848935,1.0,1.0,1.0,1.0,1.0,0.9802420269660947,0.8253968253968254,0.9259259259259259,0.75,0.7352941176470589,0.819672131147541
100,0.0012612847383545876,0.9997278911564625,0.9991645781119465,1.0,1.0,0.9995821145006268,1.145844317300038,0.8095238095238095,0.9259259259259259,0.7222222222222222,0.7142857142857143,0.8064516129032258
101,0.0006197634251823104,1.0,1.0,1.0,1.0,1.0,1.1804075466777524,0.8253968253968254,0.9259259259259259,0.75,0.7352941176470589,0.819672131147541
102,0.0005694926388365324,1.0,1.0,1.0,1.0,1.0,1.1374768240151867,0.8253968253968254,0.9259259259259259,0.75,0.7352941176470589,0.819672131147541
103,0.0006932934365460181,1.0,1.0,1.0,1.0,1.0,1.2983236672718905,0.7936507936507936,0.9259259259259259,0.6944444444444444,0.6944444444444444,0.7936507936507936
104,0.0004561918378343527,1.0,1.0,1.0,1.0,1.0,1.190921263100343,0.7936507936507936,0.9259259259259259,0.6944444444444444,0.6944444444444444,0.7936507936507936
105,0.00029647914849563825,1.0,1.0,1.0,1.0,1.0,1.198824722470904,0.8412698412698413,0.9259259259259259,0.7777777777777778,0.7575757575757576,0.8333333333333334
106,0.0001961817153092778,1.0,1.0,1.0,1.0,1.0,1.297488815270342,0.8095238095238095,0.9259259259259259,0.7222222222222222,0.7142857142857143,0.8064516129032258
107,0.0042252618345934075,0.9991836734693877,0.9983291562238931,0.9995964487489911,0.9991638795986622,0.9987463435018805,1.2561002702503983,0.8253968253968254,0.9259259259259259,0.75,0.7352941176470589,0.819672131147541
108,0.003091007661007877,0.998639455782313,0.9974937343358395,0.9991928974979822,0.9983277591973244,0.9979105725031342,1.0911072283051908,0.7936507936507936,0.9259259259259259,0.6944444444444444,0.6944444444444444,0.7936507936507936
109,0.0036283816434906284,0.9989115646258503,0.9983291562238931,0.9991928974979822,0.9983291562238931,0.9983291562238931,1.3055031065208216,0.7777777777777778,0.9259259259259259,0.6666666666666666,0.6756756756756757,0.78125
110,0.0024519046371565896,0.9991836734693877,0.9983291562238931,0.9995964487489911,0.9991638795986622,0.9987463435018805,1.4171601369503946,0.7142857142857143,0.9259259259259259,0.5555555555555556,0.6097560975609756,0.7352941176470589
111,0.1336684441238287,0.9531024531024531,0.9361471861471862,0.9644059644059644,0.946044476850164,0.9410698096101541,0.42321887831129723,0.873015873015873,0.9259259259259259,0.8333333333333334,0.8064516129032258,0.8620689655172413
112,0.004287011717053346,0.9997278911564625,0.9991645781119465,1.0,1.0,0.9995821145006268,0.7889238344505429,0.8095238095238095,0.9259259259259259,0.7222222222222222,0.7142857142857143,0.8064516129032258
113,0.05364647937138447,0.9816738816738817,0.9736652236652237,0.987012987012987,0.9803850345078097,0.9770135746606334,0.8193415659969481,0.8412698412698413,0.9259259259259259,0.7777777777777778,0.7575757575757576,0.8333333333333334
114,0.003632602597821225,0.9991836734693877,1.0,0.9987893462469734,0.9975,0.9987484355444305,0.7827392349921404,0.873015873015873,0.9259259259259259,0.8333333333333334,0.8064516129032258,0.8620689655172413
115,0.0016777133737111837,0.9997278911564625,0.9991645781119465,1.0,1.0,0.9995821145006268,0.8691297116585903,0.873015873015873,0.9259259259259259,0.8333333333333334,0.8064516129032258,0.8620689655172413
116,0.000588151031652098,1.0,1.0,1.0,1.0,1.0,0.9414649725326204,0.8571428571428571,0.9259259259259259,0.8055555555555556,0.78125,0.847457627118644
117,0.0005050199264941617,1.0,1.0,1.0,1.0,1.0,0.9569993829858187,0.8412698412698413,0.9259259259259259,0.7777777777777778,0.7575757575757576,0.8333333333333334
118,0.00041712098545870004,1.0,1.0,1.0,1.0,1.0,0.9275076407768268,0.8571428571428571,0.9259259259259259,0.8055555555555556,0.78125,0.847457627118644
119,0.00035895311503297313,1.0,1.0,1.0,1.0,1.0,1.036054737016832,0.8095238095238095,0.9259259259259259,0.7222222222222222,0.7142857142857143,0.8064516129032258
120,0.0002647511332991159,1.0,1.0,1.0,1.0,1.0,1.1556827911574925,0.8095238095238095,0.9259259259259259,0.7222222222222222,0.7142857142857143,0.8064516129032258
121,0.08685843482525202,0.9678210678210678,0.9585137085137085,0.974025974025974,0.9609403254972875,0.9597254831135994,0.39710282513849615,0.873015873015873,0.9259259259259259,0.8333333333333334,0.8064516129032258,0.8620689655172413
122,0.0038765256117742676,0.9991836734693877,0.9991645781119465,0.9991928974979822,0.998330550918197,0.9987473903966597,0.5125010056358333,0.873015873015873,0.9259259259259259,0.8333333333333334,0.8064516129032258,0.8620689655172413
123,0.0009603096580023554,1.0,1.0,1.0,1.0,1.0,0.5938408430665731,0.873015873015873,0.9259259259259259,0.8333333333333334,0.8064516129032258,0.8620689655172413
124,0.0494145034876562,0.9816738816738817,0.9761904761904762,0.9853294853294853,0.9779544633176726,0.9770716735872901,0.6731935979961048,0.8095238095238095,0.9259259259259259,0.7222222222222222,0.7142857142857143,0.8064516129032258
125,0.00397136482516253,0.9989115646258503,0.9991645781119465,0.9987893462469734,0.9974979149291076,0.998330550918197,0.6977448990376341,0.8253968253968254,0.9259259259259259,0.75,0.7352941176470589,0.819672131147541
126,0.03174281151826503,0.988023088023088,0.9837662337662337,0.9908609908609909,0.98625678119349,0.9850099331768105,0.44419818215205203,0.9047619047619048,0.9259259259259259,0.8888888888888888,0.8620689655172413,0.8928571428571429
127,0.003529581316496518,0.9994557823129252,0.9991645781119465,0.9995964487489911,0.9991645781119465,0.9991645781119465,0.6652289566312296,0.873015873015873,0.9259259259259259,0.8333333333333334,0.8064516129032258,0.8620689655172413
128,0.0008793486192185736,1.0,1.0,1.0,1.0,1.0,0.569948945432857,0.873015873015873,0.9259259259259259,0.8333333333333334,0.8064516129032258,0.8620689655172413
129,0.0011303248229598132,0.9997278911564625,0.9991645781119465,1.0,1.0,0.9995821145006268,0.5567401362405646,0.8888888888888888,0.9259259259259259,0.8611111111111112,0.8333333333333334,0.8771929824561403
130,0.0005322677821253955,1.0,1.0,1.0,1.0,1.0,0.7731643101969172,0.8571428571428571,0.9259259259259259,0.8055555555555556,0.78125,0.847457627118644
131,0.00035110935887961716,1.0,1.0,1.0,1.0,1.0,0.8080584204798225,0.8571428571428571,0.9259259259259259,0.8055555555555556,0.78125,0.847457627118644
132,0.00025734466008191015,1.0,1.0,1.0,1.0,1.0,0.7894584738221185,0.8571428571428571,0.9259259259259259,0.8055555555555556,0.78125,0.847457627118644
133,0.0003302247412455249,1.0,1.0,1.0,1.0,1.0,0.8147017180828178,0.8571428571428571,0.9259259259259259,0.8055555555555556,0.78125,0.847457627118644
134,0.0019868097635822334,0.9989115646258503,0.9974937343358395,0.9995964487489911,0.999163179916318,0.9983277591973244,0.639824381476963,0.8888888888888888,0.9259259259259259,0.8611111111111112,0.8333333333333334,0.8771929824561403
135,0.0020599236753832575,0.9991836734693877,0.9991645781119465,0.9991928974979822,0.998330550918197,0.9987473903966597,0.9227706731115985,0.8412698412698413,0.9259259259259259,0.7777777777777778,0.7575757575757576,0.8333333333333334
136,0.001070231246155351,0.9997278911564625,0.9991645781119465,1.0,1.0,0.9995821145006268,1.1001768295472074,0.8412698412698413,0.9629629629629629,0.75,0.7428571428571429,0.8387096774193549
137,0.00025817064660661504,1.0,1.0,1.0,1.0,1.0,1.1019013784382314,0.8412698412698413,0.9629629629629629,0.75,0.7428571428571429,0.8387096774193549
138,0.00017722783430553117,1.0,1.0,1.0,1.0,1.0,1.2059088100675524,0.8253968253968254,0.9259259259259259,0.75,0.7352941176470589,0.819672131147541
139,0.00019060221042358917,1.0,1.0,1.0,1.0,1.0,1.198087120849994,0.8412698412698413,0.9629629629629629,0.75,0.7428571428571429,0.8387096774193549
140,0.00012978673491197945,1.0,1.0,1.0,1.0,1.0,1.247280838113049,0.8412698412698413,0.9629629629629629,0.75,0.7428571428571429,0.8387096774193549
141,8.852889032235672e-05,1.0,1.0,1.0,1.0,1.0,1.1509830959356993,0.8412698412698413,0.9629629629629629,0.75,0.7428571428571429,0.8387096774193549
142,7.824948263622572e-05,1.0,1.0,1.0,1.0,1.0,1.2857694785431257,0.8412698412698413,0.9629629629629629,0.75,0.7428571428571429,0.8387096774193549
143,0.0034814438492712665,0.9991836734693877,0.9991645781119465,0.9991928974979822,0.998330550918197,0.9987473903966597,0.9539615424356371,0.8253968253968254,0.9629629629629629,0.7222222222222222,0.7222222222222222,0.8253968253968254
144,0.0033509083430727843,0.9989115646258503,0.9983291562238931,0.9991928974979822,0.9983291562238931,0.9983291562238931,1.3687925724504841,0.7936507936507936,0.9259259259259259,0.6944444444444444,0.6944444444444444,0.7936507936507936
145,0.10418521578485498,0.9630591630591631,0.9484126984126984,0.9728234728234728,0.9587892049598833,0.9535727239753355,0.568847922826304,0.873015873015873,0.8888888888888888,0.8611111111111112,0.8275862068965517,0.8571428571428571
146,0.004788076664023355,0.9991836734693877,0.9991645781119465,0.9991928974979822,0.998330550918197,0.9987473903966597,0.5279570696339573,0.8888888888888888,0.9259259259259259,0.8611111111111112,0.8333333333333334,0.8771929824561403
147,0.033853484600563845,0.9878787878787879,0.983044733044733,0.9911014911014911,0.9866039102099927,0.9848211058908565,0.7907596332996267,0.8571428571428571,0.9259259259259259,0.8055555555555556,0.78125,0.847457627118644
148,0.003227185115644227,0.9989115646258503,0.9991645781119465,0.9987893462469734,0.9974979149291076,0.998330550918197,0.7072136647359927,0.873015873015873,0.8888888888888888,0.8611111111111112,0.8275862068965517,0.8571428571428571
149,0.0006271795647977701,1.0,1.0,1.0,1.0,1.0,0.7360925882258305,0.873015873015873,0.9259259259259259,0.8333333333333334,0.8064516129032258,0.8620689655172413
150,0.00043487717693696927,1.0,1.0,1.0,1.0,1.0,0.8068943458686894,0.8571428571428571,0.9259259259259259,0.8055555555555556,0.78125,0.847457627118644
151,0.0002847171149677502,1.0,1.0,1.0,1.0,1.0,0.84697731583479,0.8412698412698413,0.8888888888888888,0.8055555555555556,0.7741935483870968,0.8275862068965517
152,0.0002482783864014687,1.0,1.0,1.0,1.0,1.0,1.1493861103533871,0.8253968253968254,0.9629629629629629,0.7222222222222222,0.7222222222222222,0.8253968253968254
153,0.0014704041187904877,0.9997278911564625,1.0,0.9995964487489911,0.9991652754590985,0.9995824634655532,0.9320412485043533,0.8412698412698413,0.9629629629629629,0.75,0.7428571428571429,0.8387096774193549
154,0.0003296427524992705,1.0,1.0,1.0,1.0,1.0,1.051835461256338,0.8571428571428571,0.9629629629629629,0.7777777777777778,0.7647058823529411,0.8524590163934426
155,0.002570043911798667,0.9989115646258503,0.9983291562238931,0.9991928974979822,0.9983291562238931,0.9983291562238931,0.9624742768937722,0.8412698412698413,0.9259259259259259,0.7777777777777778,0.7575757575757576,0.8333333333333334
156,0.0013163190495076695,0.9994557823129252,0.9991645781119465,0.9995964487489911,0.9991645781119465,0.9991645781119465,1.113139467724111,0.8253968253968254,0.9259259259259259,0.75,0.7352941176470589,0.819672131147541
157,0.00032141856595376494,1.0,1.0,1.0,1.0,1.0,1.1359574490380178,0.8253968253968254,0.9259259259259259,0.75,0.7352941176470589,0.819672131147541
158,0.00010835029955178841,1.0,1.0,1.0,1.0,1.0,1.2216714268018092,0.8095238095238095,0.9259259259259259,0.7222222222222222,0.7142857142857143,0.8064516129032258
159,0.07021099625966373,0.9735930735930736,0.963924963924964,0.98003848003848,0.9698729582577132,0.9668898136421205,0.7970009692408706,0.8253968253968254,0.8888888888888888,0.7777777777777778,0.75,0.8135593220338984
160,0.0025158883449756127,0.9997278911564625,0.9991645781119465,1.0,1.0,0.9995821145006268,0.8077937755096216,0.8571428571428571,0.9259259259259259,0.8055555555555556,0.78125,0.847457627118644
161,0.0005020471577228484,1.0,1.0,1.0,1.0,1.0,0.8656054272904017,0.8571428571428571,0.9259259259259259,0.8055555555555556,0.78125,0.847457627118644
162,0.0005642499126094793,1.0,1.0,1.0,1.0,1.0,0.8959464853562947,0.8571428571428571,0.9259259259259259,0.8055555555555556,0.78125,0.847457627118644
163,0.0002656358083087213,1.0,1.0,1.0,1.0,1.0,0.9688671606044019,0.8412698412698413,0.9259259259259259,0.7777777777777778,0.7575757575757576,0.8333333333333334
164,0.00030554105767261136,1.0,1.0,1.0,1.0,1.0,1.16148544819,0.8412698412698413,0.9259259259259259,0.7777777777777778,0.7575757575757576,0.8333333333333334
165,0.0002485024094632882,1.0,1.0,1.0,1.0,1.0,1.0901997175385496,0.8412698412698413,0.9259259259259259,0.7777777777777778,0.7575757575757576,0.8333333333333334
166,0.0001422621240318859,1.0,1.0,1.0,1.0,1.0,1.052269885398952,0.8412698412698413,0.9259259259259259,0.7777777777777778,0.7575757575757576,0.8333333333333334
167,0.0001549214696302554,1.0,1.0,1.0,1.0,1.0,1.290041735854752,0.8253968253968254,0.9259259259259259,0.75,0.7352941176470589,0.819672131147541
168,0.00011652453197854322,1.0,1.0,1.0,1.0,1.0,1.2715560684679539,0.8412698412698413,0.9259259259259259,0.7777777777777778,0.7575757575757576,0.8333333333333334
169,0.00010125770762489101,1.0,1.0,1.0,1.0,1.0,1.2616666449538325,0.8412698412698413,0.9259259259259259,0.7777777777777778,0.7575757575757576,0.8333333333333334
170,7.351908029945941e-05,1.0,1.0,1.0,1.0,1.0,1.3357241546099041,0.8412698412698413,0.9259259259259259,0.7777777777777778,0.7575757575757576,0.8333333333333334
171,8.003552564604724e-05,1.0,1.0,1.0,1.0,1.0,1.4382436820301263,0.8253968253968254,0.9259259259259259,0.75,0.7352941176470589,0.819672131147541
172,6.644992564973536e-05,1.0,1.0,1.0,1.0,1.0,1.2213998749012096,0.8412698412698413,0.9259259259259259,0.7777777777777778,0.7575757575757576,0.8333333333333334
173,6.17195160579236e-05,1.0,1.0,1.0,1.0,1.0,1.3140042276326211,0.8253968253968254,0.9259259259259259,0.75,0.7352941176470589,0.819672131147541
174,4.148377545764369e-05,1.0,1.0,1.0,1.0,1.0,1.3980526344603854,0.8412698412698413,0.9259259259259259,0.7777777777777778,0.7575757575757576,0.8333333333333334
175,4.440434122876641e-05,1.0,1.0,1.0,1.0,1.0,1.4101345894957795,0.8412698412698413,0.9259259259259259,0.7777777777777778,0.7575757575757576,0.8333333333333334
176,3.1237574401740215e-05,1.0,1.0,1.0,1.0,1.0,1.5650360160856045,0.8253968253968254,0.9259259259259259,0.75,0.7352941176470589,0.819672131147541
177,4.251203394035031e-05,1.0,1.0,1.0,1.0,1.0,1.379610135883316,0.8412698412698413,0.9259259259259259,0.7777777777777778,0.7575757575757576,0.8333333333333334
178,2.6984045217512573e-05,1.0,1.0,1.0,1.0,1.0,1.4553653429875484,0.8253968253968254,0.9259259259259259,0.75,0.7352941176470589,0.819672131147541
179,2.1424596923457193e-05,1.0,1.0,1.0,1.0,1.0,1.5333884680071823,0.7777777777777778,0.9259259259259259,0.6666666666666666,0.6756756756756757,0.78125
180,2.0400410674013067e-05,1.0,1.0,1.0,1.0,1.0,1.636209355932575,0.7936507936507936,0.9259259259259259,0.6944444444444444,0.6944444444444444,0.7936507936507936
181,1.8180856636192193e-05,1.0,1.0,1.0,1.0,1.0,1.6363560117421465,0.7936507936507936,0.9259259259259259,0.6944444444444444,0.6944444444444444,0.7936507936507936
182,0.00365342203947925,0.9980952380952381,0.9941520467836257,1.0,1.0,0.9970674486803519,1.6661973737390658,0.8095238095238095,0.9259259259259259,0.7222222222222222,0.7142857142857143,0.8064516129032258
183,0.008569183105962797,0.9980952380952381,0.9966583124477861,0.9987893462469734,0.9974916387959866,0.9970748015043878,1.2362133704887202,0.8095238095238095,0.9259259259259259,0.7222222222222222,0.7142857142857143,0.8064516129032258
184,0.00016165469892696812,1.0,1.0,1.0,1.0,1.0,1.3023985886608163,0.8253968253968254,0.9259259259259259,0.75,0.7352941176470589,0.819672131147541
185,0.00013573582006379216,1.0,1.0,1.0,1.0,1.0,1.4595121539776243,0.8253968253968254,0.9259259259259259,0.75,0.7352941176470589,0.819672131147541
186,7.945150744366351e-05,1.0,1.0,1.0,1.0,1.0,1.595824246085064,0.7936507936507936,0.9259259259259259,0.6944444444444444,0.6944444444444444,0.7936507936507936
187,0.00010737594359809355,1.0,1.0,1.0,1.0,1.0,1.5781553821279741,0.7936507936507936,0.9259259259259259,0.6944444444444444,0.6944444444444444,0.7936507936507936
188,9.758301297947923e-05,1.0,1.0,1.0,1.0,1.0,1.6094307046783682,0.8095238095238095,0.9259259259259259,0.7222222222222222,0.7142857142857143,0.8064516129032258
189,0.004903453258268856,0.9989115646258503,0.9983291562238931,0.9991928974979822,0.9983291562238931,0.9983291562238931,1.949555754286906,0.7619047619047619,0.9259259259259259,0.6388888888888888,0.6578947368421053,0.7692307692307693
190,0.003630877310023279,0.9989115646258503,0.9983291562238931,0.9991928974979822,0.9983291562238931,0.9983291562238931,1.6424720305762353,0.7301587301587301,0.9259259259259259,0.5833333333333334,0.625,0.746268656716418
191,0.002700369996992795,0.9989115646258503,0.9991645781119465,0.9987893462469734,0.9974979149291076,0.998330550918197,0.9958298459985397,0.8412698412698413,0.9259259259259259,0.7777777777777778,0.7575757575757576,0.8333333333333334
192,0.10941212339673466,0.9584415584415584,0.9411976911976911,0.96993746993747,0.9542794440380395,0.9476934253541591,0.6476811825534299,0.8571428571428571,0.8888888888888888,0.8333333333333334,0.8,0.8421052631578947
193,0.0033409070721067183,0.9991836734693877,0.9991645781119465,0.9991928974979822,0.998330550918197,0.9987473903966597,0.8129264304824617,0.8412698412698413,0.8888888888888888,0.8055555555555556,0.7741935483870968,0.8275862068965517
194,0.0008442468384120829,0.9997278911564625,0.9991645781119465,1.0,1.0,0.9995821145006268,0.839686315677624,0.8412698412698413,0.9259259259259259,0.7777777777777778,0.7575757575757576,0.8333333333333334
195,0.0003763938573738291,1.0,1.0,1.0,1.0,1.0,0.9298718604527133,0.8253968253968254,0.9259259259259259,0.75,0.7352941176470589,0.819672131147541
196,0.0008506464818809308,0.9997278911564625,0.9991645781119465,1.0,1.0,0.9995821145006268,1.091561048916201,0.8253968253968254,0.9259259259259259,0.75,0.7352941176470589,0.819672131147541
197,0.00020786579943825903,1.0,1.0,1.0,1.0,1.0,1.0797667470409549,0.8253968253968254,0.9259259259259259,0.75,0.7352941176470589,0.819672131147541
198,0.00018860300381829865,1.0,1.0,1.0,1.0,1.0,1.10675113162327,0.8412698412698413,0.9259259259259259,0.7777777777777778,0.7575757575757576,0.8333333333333334
199,0.00014851204902852322,1.0,1.0,1.0,1.0,1.0,1.1287031581150442,0.8253968253968254,0.9259259259259259,0.75,0.7352941176470589,0.819672131147541
200,0.0001473929007936801,1.0,1.0,1.0,1.0,1.0,1.128025848782965,0.8412698412698413,0.9259259259259259,0.7777777777777778,0.7575757575757576,0.8333333333333334
201,9.388044832387565e-05,1.0,1.0,1.0,1.0,1.0,1.204126862165082,0.8253968253968254,0.9259259259259259,0.75,0.7352941176470589,0.819672131147541
202,0.0612379564066091,0.9766233766233766,0.9704184704184704,0.9807599807599807,0.9711191335740073,0.9707686755683869,0.6086932177588876,0.873015873015873,0.9259259259259259,0.8333333333333334,0.8064516129032258,0.8620689655172413
203,0.0039052497337375876,0.998639455782313,0.9991645781119465,0.9983857949959645,0.9966666666666667,0.9979140592407175,0.5091307306300021,0.873015873015873,0.8888888888888888,0.8611111111111112,0.8275862068965517,0.8571428571428571
204,0.0003716636539968863,1.0,1.0,1.0,1.0,1.0,0.5971400146340279,0.8571428571428571,0.8888888888888888,0.8333333333333334,0.8,0.8421052631578947
205,0.03697706009205874,0.9874458874458875,0.9823232323232324,0.9908609908609909,0.9862368706990221,0.984276161214531,0.8460346426609682,0.8412698412698413,0.8888888888888888,0.8055555555555556,0.7741935483870968,0.8275862068965517
206,0.021871302985857693,0.9924963924963925,0.9888167388167388,0.9949494949494949,0.9923968139029689,0.9906035417419587,0.6800239910761963,0.8571428571428571,0.8888888888888888,0.8333333333333334,0.8,0.8421052631578947
207,0.01183399204773488,0.9959595959595959,0.9945887445887446,0.9968734968734969,0.9953068592057762,0.9949476723204619,1.15855497802009,0.7777777777777778,0.8888888888888888,0.6944444444444444,0.6857142857142857,0.7741935483870968
208,0.004226708199513473,0.998639455782313,0.9983291562238931,0.9987893462469734,0.9974958263772955,0.9979123173277662,0.8238338100297066,0.8095238095238095,0.9259259259259259,0.7222222222222222,0.7142857142857143,0.8064516129032258
209,0.019354341037141048,0.9930735930735931,0.9913419913419913,0.9942279942279942,0.9913419913419913,0.9913419913419913,0.6406899725185385,0.8888888888888888,0.9259259259259259,0.8611111111111112,0.8333333333333334,0.8771929824561403
210,0.01215586778778357,0.9956709956709957,0.9945887445887446,0.9963924963924964,0.9945887445887446,0.9945887445887446,1.021282257107992,0.8412698412698413,0.8888888888888888,0.8055555555555556,0.7741935483870968,0.8275862068965517
211,0.003480155409400258,0.9991836734693877,0.9991645781119465,0.9991928974979822,0.998330550918197,0.9987473903966597,0.7944718580591374,0.873015873015873,0.8888888888888888,0.8611111111111112,0.8275862068965517,0.8571428571428571
212,0.01832132162176836,0.9946608946608947,0.9913419913419913,0.9968734968734969,0.9952915610286128,0.9933128501716971,0.9143984918290886,0.8253968253968254,0.8888888888888888,0.7777777777777778,0.75,0.8135593220338984
213,0.003024301339426616,0.998639455782313,0.9974937343358395,0.9991928974979822,0.9983277591973244,0.9979105725031342,1.0891083591855095,0.7936507936507936,0.9259259259259259,0.6944444444444444,0.6944444444444444,0.7936507936507936
214,0.00027916683050800673,1.0,1.0,1.0,1.0,1.0,1.196160573724358,0.7936507936507936,0.9259259259259259,0.6944444444444444,0.6944444444444444,0.7936507936507936
215,0.021801410481360778,0.9930735930735931,0.98989898989899,0.9951899951899952,0.9927641099855282,0.9913294797687862,1.0371044654886992,0.8253968253968254,0.9259259259259259,0.75,0.7352941176470589,0.819672131147541
216,0.017883380931103435,0.9939393939393939,0.9917027417027418,0.9954304954304954,0.993135838150289,0.9924187725631769,0.7950127637346408,0.8253968253968254,0.9259259259259259,0.75,0.7352941176470589,0.819672131147541
217,0.003262853053193318,0.9989115646258503,0.9974937343358395,0.9995964487489911,0.999163179916318,0.9983277591973244,1.0880912014806186,0.8253968253968254,0.9259259259259259,0.75,0.7352941176470589,0.819672131147541
218,0.000575568692548419,1.0,1.0,1.0,1.0,1.0,1.0503528633770267,0.8095238095238095,0.9259259259259259,0.7222222222222222,0.7142857142857143,0.8064516129032258
219,0.01913861178445363,0.9932178932178932,0.9913419913419913,0.9944684944684945,0.991699747383616,0.9915208370918275,0.6156352141346332,0.8888888888888888,0.9259259259259259,0.8611111111111112,0.8333333333333334,0.8771929824561403
220,0.015665080774944877,0.9950937950937951,0.9927849927849928,0.9966329966329966,0.9949385394070861,0.9938605994944023,0.6006151330440179,0.873015873015873,0.9259259259259259,0.8333333333333334,0.8064516129032258,0.8620689655172413
221,0.0016822352053654588,0.9991836734693877,0.9991645781119465,0.9991928974979822,0.998330550918197,0.9987473903966597,0.6766871779883143,0.873015873015873,0.9259259259259259,0.8333333333333334,0.8064516129032258,0.8620689655172413
222,0.0008432699496688347,1.0,1.0,1.0,1.0,1.0,0.7748571015762291,0.8253968253968254,0.9259259259259259,0.75,0.7352941176470589,0.819672131147541
223,0.000497341841153585,1.0,1.0,1.0,1.0,1.0,0.7915806665061234,0.8412698412698413,0.9259259259259259,0.7777777777777778,0.7575757575757576,0.8333333333333334
224,0.02275414956580884,0.9920634920634921,0.9884559884559885,0.9944684944684945,0.9916757148027506,0.990063233965673,0.8129838555455319,0.8412698412698413,0.9259259259259259,0.7777777777777778,0.7575757575757576,0.8333333333333334
225,0.011340620035902312,0.9959595959595959,0.9945887445887446,0.9968734968734969,0.9953068592057762,0.9949476723204619,0.7381240692736196,0.8412698412698413,0.9259259259259259,0.7777777777777778,0.7575757575757576,0.8333333333333334
226,0.012271251708718822,0.9961038961038962,0.9949494949494949,0.9968734968734969,0.9953085528690003,0.9951289915208371,0.6860948978576326,0.8571428571428571,0.8888888888888888,0.8333333333333334,0.8,0.8421052631578947
227,0.012602663147198554,0.9958152958152958,0.9942279942279942,0.9968734968734969,0.9953051643192489,0.9947662876737051,0.9112929056259057,0.8095238095238095,0.9259259259259259,0.7222222222222222,0.7142857142857143,0.8064516129032258
228,0.0039367054662347275,0.9989115646258503,0.9983291562238931,0.9991928974979822,0.9983291562238931,0.9983291562238931,1.0253710175309116,0.7777777777777778,0.9259259259259259,0.6666666666666666,0.6756756756756757,0.78125
229,0.0004997908311203474,1.0,1.0,1.0,1.0,1.0,1.0025640412738237,0.7936507936507936,0.9259259259259259,0.6944444444444444,0.6944444444444444,0.7936507936507936
230,0.00024781615067113804,1.0,1.0,1.0,1.0,1.0,1.0024335363963877,0.8095238095238095,0.9259259259259259,0.7222222222222222,0.7142857142857143,0.8064516129032258
231,0.02252113035878601,0.9922077922077922,0.9895382395382395,0.993987493987494,0.9909682080924855,0.9902527075812274,0.7798713278431918,0.8412698412698413,0.9259259259259259,0.7777777777777778,0.7575757575757576,0.8333333333333334
232,0.013541601274303136,0.9956709956709957,0.9942279942279942,0.9966329966329966,0.9949458483754513,0.9945867917719234,0.7345828272879035,0.8253968253968254,0.9259259259259259,0.75,0.7352941176470589,0.819672131147541
233,0.0013562539208155334,0.9997278911564625,1.0,0.9995964487489911,0.9991652754590985,0.9995824634655532,0.6522554102970938,0.8571428571428571,0.9259259259259259,0.8055555555555556,0.78125,0.847457627118644
234,0.00044095283695025415,1.0,1.0,1.0,1.0,1.0,0.6977675316803571,0.8412698412698413,0.9259259259259259,0.7777777777777778,0.7575757575757576,0.8333333333333334
235,0.00024942146115271107,1.0,1.0,1.0,1.0,1.0,0.7366385613069204,0.8412698412698413,0.9259259259259259,0.7777777777777778,0.7575757575757576,0.8333333333333334
236,0.0033267904028393878,0.9989115646258503,0.9974937343358395,0.9995964487489911,0.999163179916318,0.9983277591973244,1.0639547863790382,0.8095238095238095,0.9259259259259259,0.7222222222222222,0.7142857142857143,0.8064516129032258
237,0.00019666715908192136,1.0,1.0,1.0,1.0,1.0,1.0411237200993735,0.8412698412698413,0.9259259259259259,0.7777777777777778,0.7575757575757576,0.8333333333333334
238,0.00016315573147268606,1.0,1.0,1.0,1.0,1.0,1.0529890750264121,0.8253968253968254,0.9259259259259259,0.75,0.7352941176470589,0.819672131147541
239,0.00010072452432141785,1.0,1.0,1.0,1.0,1.0,1.0968903831902905,0.8412698412698413,0.9259259259259259,0.7777777777777778,0.7575757575757576,0.8333333333333334
240,0.032313109803576934,0.9900432900432901,0.9880952380952381,0.9913419913419913,0.987027027027027,0.9875608436992969,0.6445695433372055,0.873015873015873,0.8888888888888888,0.8611111111111112,0.8275862068965517,0.8571428571428571
241,0.00929140519004251,0.9963924963924964,0.9949494949494949,0.9973544973544973,0.9960274467316721,0.9954881790290562,0.7333444110802717,0.8888888888888888,0.9259259259259259,0.8611111111111112,0.8333333333333334,0.8771929824561403
242,0.013860924828826641,0.9953823953823954,0.9945887445887446,0.9959114959114959,0.9938716654650325,0.994230075730256,0.651421488127357,0.873015873015873,0.8888888888888888,0.8611111111111112,0.8275862068965517,0.8571428571428571
243,0.002140226001580219,0.9991836734693877,0.9983291562238931,0.9995964487489911,0.9991638795986622,0.9987463435018805,0.7266712742622032,0.8571428571428571,0.8888888888888888,0.8333333333333334,0.8,0.8421052631578947
244,0.0004641593483076304,1.0,1.0,1.0,1.0,1.0,0.8570423493665802,0.8253968253968254,0.8888888888888888,0.7777777777777778,0.75,0.8135593220338984
245,0.00021309449963031462,1.0,1.0,1.0,1.0,1.0,0.892397494810067,0.8253968253968254,0.8888888888888888,0.7777777777777778,0.75,0.8135593220338984
246,0.00017683805885631077,1.0,1.0,1.0,1.0,1.0,0.9006885156757938,0.8253968253968254,0.8888888888888888,0.7777777777777778,0.75,0.8135593220338984
247,0.00011871209823574751,1.0,1.0,1.0,1.0,1.0,0.8631159572917294,0.8253968253968254,0.8888888888888888,0.7777777777777778,0.75,0.8135593220338984
248,0.026531671897132247,0.9913419913419913,0.9884559884559885,0.9932659932659933,0.9898843930635838,0.9891696750902527,0.7435802912518811,0.8571428571428571,0.9259259259259259,0.8055555555555556,0.78125,0.847457627118644
249,0.004210581116498683,0.9989115646258503,0.9983291562238931,0.9991928974979822,0.9983291562238931,0.9983291562238931,0.6190528543666005,0.873015873015873,0.9629629629629629,0.8055555555555556,0.7878787878787878,0.8666666666666667
250,0.010193609671140493,0.9963924963924964,0.9963924963924964,0.9963924963924964,0.9945984875765215,0.9954946837267976,0.7208014376621346,0.8412698412698413,0.9259259259259259,0.7777777777777778,0.7575757575757576,0.8333333333333334
251,0.012059847638273459,0.9965367965367965,0.9956709956709957,0.9971139971139971,0.9956709956709957,0.9956709956709957,0.9266452116504614,0.7936507936507936,0.8888888888888888,0.7222222222222222,0.7058823529411765,0.7868852459016393
252,0.0014432639868705863,0.9994557823129252,0.9991645781119465,0.9995964487489911,0.9991645781119465,0.9991645781119465,1.0038676563507622,0.7777777777777778,0.8888888888888888,0.6944444444444444,0.6857142857142857,0.7741935483870968
253,0.012810141578909516,0.9961038961038962,0.9942279942279942,0.9973544973544973,0.9960245753523672,0.9951254739122586,0.7780026689340177,0.8412698412698413,0.8888888888888888,0.8055555555555556,0.7741935483870968,0.8275862068965517
254,0.011169433280444955,0.9962481962481963,0.9945887445887446,0.9973544973544973,0.9960260115606936,0.9953068592057762,0.8293218657400714,0.8412698412698413,0.9259259259259259,0.7777777777777778,0.7575757575757576,0.8333333333333334
255,0.017279425459424184,0.9943722943722944,0.9927849927849928,0.9954304954304954,0.9931432695777698,0.9929640988634314,0.6962643979486385,0.8571428571428571,0.9259259259259259,0.8055555555555556,0.78125,0.847457627118644
256,0.005367665538046791,0.9989115646258503,0.9983291562238931,0.9991928974979822,0.9983291562238931,0.9983291562238931,0.709908239946272,0.7936507936507936,0.8888888888888888,0.7222222222222222,0.7058823529411765,0.7868852459016393
257,0.009290553576116918,0.9968253968253968,0.9953102453102453,0.9978354978354979,0.9967485549132948,0.996028880866426,0.5879243958601913,0.8571428571428571,0.8888888888888888,0.8333333333333334,0.8,0.8421052631578947
258,0.0011820052715484054,0.9997278911564625,1.0,0.9995964487489911,0.9991652754590985,0.9995824634655532,0.5944084983301952,0.873015873015873,0.8888888888888888,0.8611111111111112,0.8275862068965517,0.8571428571428571
259,0.013721298248062588,0.9962481962481963,0.9949494949494949,0.9971139971139971,0.9956678700361011,0.9953085528690003,0.7716845092419091,0.873015873015873,0.9259259259259259,0.8333333333333334,0.8064516129032258,0.8620689655172413
260,0.007883169331754074,0.9974025974025974,0.9974747474747475,0.9973544973544973,0.9960374639769453,0.9967555875991349,0.6772511595442506,0.9047619047619048,0.8888888888888888,0.9166666666666666,0.8888888888888888,0.8888888888888888
261,0.01047726220938543,0.9972582972582973,0.9967532467532467,0.9975949975949976,0.99639379733141,0.9965734896302976,0.8187725802979132,0.8253968253968254,0.8888888888888888,0.7777777777777778,0.75,0.8135593220338984
262,0.0020712994693479103,0.9997278911564625,1.0,0.9995964487489911,0.9991652754590985,0.9995824634655532,0.9713304683446906,0.8253968253968254,0.8888888888888888,0.7777777777777778,0.75,0.8135593220338984
263,0.0011438695392607028,0.9997278911564625,0.9991645781119465,1.0,1.0,0.9995821145006268,1.1323654743027873,0.8095238095238095,0.9629629629629629,0.6944444444444444,0.7027027027027027,0.8125
264,0.012419023292215944,0.9958152958152958,0.9938672438672439,0.9971139971139971,0.9956631731116733,0.9947643979057592,1.0322681290193045,0.8412698412698413,0.9259259259259259,0.7777777777777778,0.7575757575757576,0.8333333333333334
265,0.012738128782755714,0.9950937950937951,0.9935064935064936,0.9961519961519961,0.9942238267148015,0.9938650306748467,0.7469149758798599,0.8888888888888888,0.8888888888888888,0.8888888888888888,0.8571428571428571,0.8727272727272727
266,0.004886728901392797,0.9987012987012988,0.9981962481962482,0.9990379990379991,0.9985564778058462,0.9983763305069457,0.8834006942655371,0.8571428571428571,0.9259259259259259,0.8055555555555556,0.78125,0.847457627118644
267,0.012220892411744493,0.9961038961038962,0.9949494949494949,0.9968734968734969,0.9953085528690003,0.9951289915208371,0.7719135690773357,0.8888888888888888,0.9259259259259259,0.8611111111111112,0.8333333333333334,0.8771929824561403
268,0.005857527360541121,0.9978354978354979,0.9967532467532467,0.9985569985569985,0.9978331527627302,0.9972929074174337,0.7562621342906838,0.9047619047619048,0.9259259259259259,0.8888888888888888,0.8620689655172413,0.8928571428571429
269,0.002506322622005483,0.9989115646258503,0.9983291562238931,0.9991928974979822,0.9983291562238931,0.9983291562238931,0.8517193244031024,0.8412698412698413,0.9259259259259259,0.7777777777777778,0.7575757575757576,0.8333333333333334
270,0.0003593235362743243,1.0,1.0,1.0,1.0,1.0,0.9332142793314738,0.8253968253968254,0.9259259259259259,0.75,0.7352941176470589,0.819672131147541
271,0.016051778252814675,0.9952380952380953,0.9945887445887446,0.9956709956709957,0.9935135135135135,0.9940508382909681,0.7977755265375082,0.8412698412698413,0.8888888888888888,0.8055555555555556,0.7741935483870968,0.8275862068965517
272,0.005672363389413105,0.9988455988455989,0.9989177489177489,0.9987974987974988,0.998197548666186,0.9985575189325641,0.9163814081772533,0.8253968253968254,0.8888888888888888,0.7777777777777778,0.75,0.8135593220338984
273,0.00824380708922374,0.9981240981240981,0.9974747474747475,0.9985569985569985,0.9978347167087694,0.9976546996211438,0.6829952482853731,0.8412698412698413,0.8888888888888888,0.8055555555555556,0.7741935483870968,0.8275862068965517
274,0.008544484450869505,0.996969696969697,0.996031746031746,0.9975949975949976,0.9963911945146157,0.9962114378495399,0.8974447808389429,0.8571428571428571,0.9259259259259259,0.8055555555555556,0.78125,0.847457627118644
275,0.005673905454990201,0.9989115646258503,0.9983291562238931,0.9991928974979822,0.9983291562238931,0.9983291562238931,0.8016451457847974,0.8095238095238095,0.9259259259259259,0.7222222222222222,0.7142857142857143,0.8064516129032258
276,0.0004545015933607439,1.0,1.0,1.0,1.0,1.0,0.8466744305346982,0.8412698412698413,0.9629629629629629,0.75,0.7428571428571429,0.8387096774193549
277,0.015322594660608781,0.9950937950937951,0.9942279942279942,0.9956709956709957,0.9935111751982696,0.993869455463397,0.7245218167862197,0.873015873015873,0.8888888888888888,0.8611111111111112,0.8275862068965517,0.8571428571428571
278,0.004137426527794356,0.9991836734693877,0.9983291562238931,0.9995964487489911,0.9991638795986622,0.9987463435018805,0.8082657429811893,0.8253968253968254,0.8888888888888888,0.7777777777777778,0.75,0.8135593220338984
279,0.0008189762271520979,0.9997278911564625,1.0,0.9995964487489911,0.9991652754590985,0.9995824634655532,0.7761118045064717,0.8571428571428571,0.9259259259259259,0.8055555555555556,0.78125,0.847457627118644
280,0.009417613398514157,0.9968253968253968,0.9956709956709957,0.9975949975949976,0.9963898916967509,0.9960303139660772,1.053176489800708,0.8571428571428571,0.8888888888888888,0.8333333333333334,0.8,0.8421052631578947
281,0.0032404320119629884,0.9989115646258503,0.9983291562238931,0.9991928974979822,0.9983291562238931,0.9983291562238931,0.9150403110704954,0.8571428571428571,0.8888888888888888,0.8333333333333334,0.8,0.8421052631578947
282,0.00020896397138601066,1.0,1.0,1.0,1.0,1.0,1.007407166836654,0.873015873015873,0.9259259259259259,0.8333333333333334,0.8064516129032258,0.8620689655172413
283,0.0004036685429077095,1.0,1.0,1.0,1.0,1.0,0.9905544391517723,0.8571428571428571,0.9259259259259259,0.8055555555555556,0.78125,0.847457627118644
284,0.014912454828792228,0.9943722943722944,0.9924242424242424,0.9956709956709957,0.9934994582881906,0.9929615592853276,0.7744347835405423,0.8888888888888888,0.9259259259259259,0.8611111111111112,0.8333333333333334,0.8771929824561403
285,0.0018148057967344012,0.9991836734693877,0.9983291562238931,0.9995964487489911,0.9991638795986622,0.9987463435018805,0.9061334871161278,0.8571428571428571,0.9259259259259259,0.8055555555555556,0.78125,0.847457627118644
286,0.012968438224526225,0.9958152958152958,0.9942279942279942,0.9968734968734969,0.9953051643192489,0.9947662876737051,0.7875162664628107,0.8888888888888888,0.9259259259259259,0.8611111111111112,0.8333333333333334,0.8771929824561403
287,0.0020865384989923346,0.9994557823129252,0.9991645781119465,0.9995964487489911,0.9991645781119465,0.9991645781119465,0.6677255146708968,0.873015873015873,0.9259259259259259,0.8333333333333334,0.8064516129032258,0.8620689655172413
288,0.0010539706267227798,0.9994557823129252,0.9991645781119465,0.9995964487489911,0.9991645781119465,0.9991645781119465,0.7794615312517318,0.8412698412698413,0.9259259259259259,0.7777777777777778,0.7575757575757576,0.8333333333333334
289,0.00026587813574310745,1.0,1.0,1.0,1.0,1.0,0.8637288353611006,0.8253968253968254,0.9259259259259259,0.75,0.7352941176470589,0.819672131147541
290,0.01597571640098738,0.9950937950937951,0.9938672438672439,0.9959114959114959,0.9938672438672439,0.9938672438672439,0.896605424787147,0.8571428571428571,0.9259259259259259,0.8055555555555556,0.78125,0.847457627118644
291,0.0008282359694938499,1.0,1.0,1.0,1.0,1.0,0.9051247549558332,0.8571428571428571,0.9259259259259259,0.8055555555555556,0.78125,0.847457627118644
292,0.008374827576122386,0.9978354978354979,0.9967532467532467,0.9985569985569985,0.9978331527627302,0.9972929074174337,0.9645620203315509,0.8412698412698413,0.8888888888888888,0.8055555555555556,0.7741935483870968,0.8275862068965517
293,0.014925970935156404,0.9948051948051948,0.9938672438672439,0.9954304954304954,0.9931506849315068,0.9935088351965381,1.0436002196529732,0.8253968253968254,0.9259259259259259,0.75,0.7352941176470589,0.819672131147541
294,0.005289623264875105,0.9978231292517007,0.9983291562238931,0.9975786924939467,0.9950041631973355,0.9966638865721434,0.7295834273524907,0.8412698412698413,0.9259259259259259,0.7777777777777778,0.7575757575757576,0.8333333333333334
295,0.007495278722737965,0.997979797979798,0.9971139971139971,0.9985569985569985,0.9978339350180505,0.997473836160231,0.7705514912365562,0.873015873015873,0.9259259259259259,0.8333333333333334,0.8064516129032258,0.8620689655172413
296,0.006205225626671029,0.997979797979798,0.9967532467532467,0.9987974987974988,0.9981936416184971,0.9974729241877256,0.9455898665469177,0.8412698412698413,0.9259259259259259,0.7777777777777778,0.7575757575757576,0.8333333333333334
297,0.0008314283757009639,0.9997278911564625,1.0,0.9995964487489911,0.9991652754590985,0.9995824634655532,1.0503665515277554,0.7936507936507936,0.8888888888888888,0.7222222222222222,0.7058823529411765,0.7868852459016393
298,0.004895885518366843,0.9984126984126984,0.9978354978354979,0.9987974987974988,0.9981955972573078,0.9980155150640447,0.6704448120610669,0.873015873015873,0.8888888888888888,0.8611111111111112,0.8275862068965517,0.8571428571428571
299,0.003529753443273913,0.9989115646258503,0.9983291562238931,0.9991928974979822,0.9983291562238931,0.9983291562238931,1.070907920031459,0.8253968253968254,0.9629629629629629,0.7222222222222222,0.7222222222222222,0.8253968253968254
300,0.001948999767662913,0.9997278911564625,0.9991645781119465,1.0,1.0,0.9995821145006268,1.0741619703989098,0.7936507936507936,0.9259259259259259,0.6944444444444444,0.6944444444444444,0.7936507936507936
301,0.012298830638107612,0.9961038961038962,0.9949494949494949,0.9968734968734969,0.9953085528690003,0.9951289915208371,0.7301057749208422,0.8571428571428571,0.9259259259259259,0.8055555555555556,0.78125,0.847457627118644
302,0.0027197463834895057,0.998639455782313,0.9983291562238931,0.9987893462469734,0.9974958263772955,0.9979123173277662,0.7344819876794529,0.8571428571428571,0.9629629629629629,0.7777777777777778,0.7647058823529411,0.8524590163934426
303,0.0026792999310300174,0.9994557823129252,0.9991645781119465,0.9995964487489911,0.9991645781119465,0.9991645781119465,0.685371762830838,0.8412698412698413,0.9259259259259259,0.7777777777777778,0.7575757575757576,0.8333333333333334
304,0.00025241514838927865,1.0,1.0,1.0,1.0,1.0,0.6727356399845569,0.8412698412698413,0.9259259259259259,0.7777777777777778,0.7575757575757576,0.8333333333333334
305,0.016646083615045843,0.9939393939393939,0.9917027417027418,0.9954304954304954,0.993135838150289,0.9924187725631769,0.5069851365038803,0.9206349206349206,0.8888888888888888,0.9444444444444444,0.9230769230769231,0.9056603773584906
306,0.007735899757994268,0.9972582972582973,0.9963924963924964,0.9978354978354979,0.9967520750631541,0.9965722532924409,0.5420724222758075,0.873015873015873,0.9259259259259259,0.8333333333333334,0.8064516129032258,0.8620689655172413
307,0.0018268199047259037,0.9991836734693877,0.9991645781119465,0.9991928974979822,0.998330550918197,0.9987473903966597,0.6062027641474121,0.8571428571428571,0.9259259259259259,0.8055555555555556,0.78125,0.847457627118644
308,0.006501563428185089,0.9981240981240981,0.9974747474747475,0.9985569985569985,0.9978347167087694,0.9976546996211438,0.691817628130189,0.8412698412698413,0.8888888888888888,0.8055555555555556,0.7741935483870968,0.8275862068965517
309,0.009814940231106704,0.9971139971139971,0.996031746031746,0.9978354978354979,0.9967509025270758,0.9963911945146157,0.5343087973146577,0.9206349206349206,0.9259259259259259,0.9166666666666666,0.8928571428571429,0.9090909090909091
310,0.0006219313654048387,1.0,1.0,1.0,1.0,1.0,0.5425503916827322,0.9047619047619048,0.9259259259259259,0.8888888888888888,0.8620689655172413,0.8928571428571429
311,0.0005126784731491709,1.0,1.0,1.0,1.0,1.0,0.6182965545097158,0.9047619047619048,0.9259259259259259,0.8888888888888888,0.8620689655172413,0.8928571428571429
312,0.008614344022067181,0.9972582972582973,0.9963924963924964,0.9978354978354979,0.9967520750631541,0.9965722532924409,0.37787450942033457,0.9047619047619048,0.8888888888888888,0.9166666666666666,0.8888888888888888,0.8888888888888888
313,0.001440052585601078,0.9994557823129252,0.9991645781119465,0.9995964487489911,0.9991645781119465,0.9991645781119465,0.5582967181274269,0.8571428571428571,0.9259259259259259,0.8055555555555556,0.78125,0.847457627118644
314,0.009717289307256767,0.9968253968253968,0.9953102453102453,0.9978354978354979,0.9967485549132948,0.996028880866426,0.8762779907237495,0.8571428571428571,0.9259259259259259,0.8055555555555556,0.78125,0.847457627118644
315,0.000981162950542255,0.9994557823129252,0.9991645781119465,0.9995964487489911,0.9991645781119465,0.9991645781119465,0.7637479139478288,0.873015873015873,0.8888888888888888,0.8611111111111112,0.8275862068965517,0.8571428571428571
316,0.0008318557613024403,0.9994557823129252,0.9991645781119465,0.9995964487489911,0.9991645781119465,0.9991645781119465,0.9588418895619393,0.8412698412698413,0.9259259259259259,0.7777777777777778,0.7575757575757576,0.8333333333333334
317,0.0001423490064422169,1.0,1.0,1.0,1.0,1.0,0.9322930053548633,0.8412698412698413,0.9259259259259259,0.7777777777777778,0.7575757575757576,0.8333333333333334
318,0.01545854510533997,0.9949494949494949,0.9927849927849928,0.9963924963924964,0.9945789663895916,0.9936811698862611,0.5125048370017404,0.9206349206349206,0.9259259259259259,0.9166666666666666,0.8928571428571429,0.9090909090909091
319,0.00975360934390595,0.9965367965367965,0.996031746031746,0.9968734968734969,0.9953136265320837,0.9956725567976921,0.713836552334431,0.873015873015873,0.9259259259259259,0.8333333333333334,0.8064516129032258,0.8620689655172413
320,0.002460944513269806,0.9989115646258503,0.9983291562238931,0.9991928974979822,0.9983291562238931,0.9983291562238931,0.7410768719776006,0.8571428571428571,0.9259259259259259,0.8055555555555556,0.78125,0.847457627118644
321,0.0003629525519054554,1.0,1.0,1.0,1.0,1.0,0.6972706877183684,0.873015873015873,0.9259259259259259,0.8333333333333334,0.8064516129032258,0.8620689655172413
322,0.00021606899944079017,1.0,1.0,1.0,1.0,1.0,0.7515639618913632,0.873015873015873,0.9259259259259259,0.8333333333333334,0.8064516129032258,0.8620689655172413
323,0.01368753584574471,0.9955266955266955,0.9938672438672439,0.9966329966329966,0.9949440231130372,0.9944053419960296,0.5539661018456894,0.9047619047619048,0.9259259259259259,0.8888888888888888,0.8620689655172413,0.8928571428571429
324,0.006706914546839274,0.997979797979798,0.9974747474747475,0.9983164983164983,0.9974747474747475,0.9974747474747475,0.749332606892812,0.873015873015873,0.9259259259259259,0.8333333333333334,0.8064516129032258,0.8620689655172413
325,0.004568106464933789,0.998989898989899,0.9989177489177489,0.9990379990379991,0.9985575189325641,0.9987376014427413,0.7560509431313553,0.873015873015873,0.9259259259259259,0.8333333333333334,0.8064516129032258,0.8620689655172413
326,0.007836674088400955,0.9974025974025974,0.9963924963924964,0.9980759980759981,0.9971119133574007,0.9967520750631541,0.8491921358583481,0.8571428571428571,0.9259259259259259,0.8055555555555556,0.78125,0.847457627118644
327,0.00792104550070767,0.9978354978354979,0.9974747474747475,0.9980759980759981,0.997115037865128,0.9972948602344455,0.8034230491233295,0.8412698412698413,0.8888888888888888,0.8055555555555556,0.7741935483870968,0.8275862068965517
328,0.0016552483516339993,0.9997278911564625,0.9991645781119465,1.0,1.0,0.9995821145006268,0.8759502044600335,0.8571428571428571,0.9259259259259259,0.8055555555555556,0.78125,0.847457627118644
329,0.0002644300426088818,1.0,1.0,1.0,1.0,1.0,0.8010446291299314,0.8412698412698413,0.8888888888888888,0.8055555555555556,0.7741935483870968,0.8275862068965517
330,0.008962711086235805,0.9971139971139971,0.996031746031746,0.9978354978354979,0.9967509025270758,0.9963911945146157,0.9403837356197376,0.8412698412698413,0.9259259259259259,0.7777777777777778,0.7575757575757576,0.8333333333333334
331,0.0019030229241943002,0.9991836734693877,0.9991645781119465,0.9991928974979822,0.998330550918197,0.9987473903966597,0.8420720698193199,0.8253968253968254,0.8888888888888888,0.7777777777777778,0.75,0.8135593220338984
332,0.005787507528102559,0.9982683982683983,0.9978354978354979,0.9985569985569985,0.9978354978354979,0.9978354978354979,0.744777015979794,0.873015873015873,0.9259259259259259,0.8333333333333334,0.8064516129032258,0.8620689655172413
333,0.0010016032264149766,0.9997278911564625,0.9991645781119465,1.0,1.0,0.9995821145006268,0.8908170480298438,0.8571428571428571,0.9259259259259259,0.8055555555555556,0.78125,0.847457627118644
334,0.00020724595912223758,1.0,1.0,1.0,1.0,1.0,1.000925103325345,0.8253968253968254,0.9259259259259259,0.75,0.7352941176470589,0.819672131147541
335,0.01158262504804519,0.9963924963924964,0.9949494949494949,0.9973544973544973,0.9960274467316721,0.9954881790290562,0.8226362036666759,0.8412698412698413,0.8888888888888888,0.8055555555555556,0.7741935483870968,0.8275862068965517
336,0.0027068040113746453,0.9991836734693877,0.9983291562238931,0.9995964487489911,0.9991638795986622,0.9987463435018805,0.7648906526017181,0.8571428571428571,0.9259259259259259,0.8055555555555556,0.78125,0.847457627118644
337,0.005682172271534061,0.9982683982683983,0.9974747474747475,0.9987974987974988,0.9981949458483754,0.9978347167087694,0.7432919166850975,0.8888888888888888,0.9259259259259259,0.8611111111111112,0.8333333333333334,0.8771929824561403
338,0.0007747709847156942,0.9997278911564625,1.0,0.9995964487489911,0.9991652754590985,0.9995824634655532,0.6413426506346912,0.8888888888888888,0.9259259259259259,0.8611111111111112,0.8333333333333334,0.8771929824561403
339,0.00021706656546713657,1.0,1.0,1.0,1.0,1.0,0.707421312765089,0.8888888888888888,0.9259259259259259,0.8611111111111112,0.8333333333333334,0.8771929824561403
340,0.014519842557337383,0.9955266955266955,0.9935064935064936,0.9968734968734969,0.9953017708709794,0.9944033218992598,0.8003413693827858,0.8888888888888888,0.9259259259259259,0.8611111111111112,0.8333333333333334,0.8771929824561403
341,0.0009668397889741804,1.0,1.0,1.0,1.0,1.0,0.7170951746049381,0.9047619047619048,0.9259259259259259,0.8888888888888888,0.8620689655172413,0.8928571428571429
342,0.005413217881200259,0.9985569985569985,0.9985569985569985,0.9985569985569985,0.9978370583994232,0.998196898665705,0.8092248042158889,0.8412698412698413,0.8888888888888888,0.8055555555555556,0.7741935483870968,0.8275862068965517
343,0.0006269663951732793,1.0,1.0,1.0,1.0,1.0,0.7511649816941437,0.8571428571428571,0.8888888888888888,0.8333333333333334,0.8,0.8421052631578947
344,0.00029885586499026463,1.0,1.0,1.0,1.0,1.0,1.0351644668893034,0.8253968253968254,0.8888888888888888,0.7777777777777778,0.75,0.8135593220338984
345,0.00022290762182646654,1.0,1.0,1.0,1.0,1.0,0.776028785881141,0.8253968253968254,0.8888888888888888,0.7777777777777778,0.75,0.8135593220338984
346,0.013829731722996912,0.9958152958152958,0.9949494949494949,0.9963924963924964,0.994590695997115,0.9947700631199279,0.6605980630986215,0.8888888888888888,0.9259259259259259,0.8611111111111112,0.8333333333333334,0.8771929824561403
347,0.0006500294924453123,1.0,1.0,1.0,1.0,1.0,0.6991632174694031,0.873015873015873,0.9259259259259259,0.8333333333333334,0.8064516129032258,0.8620689655172413
348,0.006504641480877939,0.9974025974025974,0.9967532467532467,0.9978354978354979,0.9967532467532467,0.9967532467532467,1.3173177967010627,0.7936507936507936,0.9259259259259259,0.6944444444444444,0.6944444444444444,0.7936507936507936
349,0.006011797728281877,0.9978231292517007,0.9974937343358395,0.9979822437449556,0.9958298582151793,0.996661101836394,0.986294067985173,0.8412698412698413,0.8888888888888888,0.8055555555555556,0.7741935483870968,0.8275862068965517
350,0.0124584195112232,0.9959595959595959,0.9945887445887446,0.9968734968734969,0.9953068592057762,0.9949476723204619,0.7120682568948102,0.873015873015873,0.9259259259259259,0.8333333333333334,0.8064516129032258,0.8620689655172413
351,0.004794959201128306,0.9988455988455989,0.9989177489177489,0.9987974987974988,0.998197548666186,0.9985575189325641,0.9988252194007001,0.8253968253968254,0.9259259259259259,0.75,0.7352941176470589,0.819672131147541
352,0.0005144908714119455,1.0,1.0,1.0,1.0,1.0,0.9380634736730754,0.8412698412698413,0.9259259259259259,0.7777777777777778,0.7575757575757576,0.8333333333333334
353,0.009025472976417854,0.9972582972582973,0.996031746031746,0.9980759980759981,0.997110870350307,0.9965710160620826,0.949735965837525,0.8095238095238095,0.9259259259259259,0.7222222222222222,0.7142857142857143,0.8064516129032258
354,0.0011865128838729594,0.9997278911564625,1.0,0.9995964487489911,0.9991652754590985,0.9995824634655532,0.7118620633758376,0.8412698412698413,0.9259259259259259,0.7777777777777778,0.7575757575757576,0.8333333333333334
355,0.0027072309051412455,0.9994227994227994,0.9989177489177489,0.9997594997594997,0.9996389891696751,0.9992782389029231,1.0038206129454286,0.8412698412698413,0.8888888888888888,0.8055555555555556,0.7741935483870968,0.8275862068965517
356,0.007568834945814003,0.997979797979798,0.9971139971139971,0.9985569985569985,0.9978339350180505,0.997473836160231,0.7300817935502559,0.873015873015873,0.8888888888888888,0.8611111111111112,0.8275862068965517,0.8571428571428571
357,0.001770810326745458,0.9997278911564625,1.0,0.9995964487489911,0.9991652754590985,0.9995824634655532,0.5102258860951268,0.9047619047619048,0.8888888888888888,0.9166666666666666,0.8888888888888888,0.8888888888888888
358,0.0007074480809823318,0.9994557823129252,0.9983291562238931,1.0,1.0,0.9991638795986622,0.8228095777822235,0.8571428571428571,0.8888888888888888,0.8333333333333334,0.8,0.8421052631578947
359,0.00032384164150064607,1.0,1.0,1.0,1.0,1.0,0.8252587395170213,0.873015873015873,0.9259259259259259,0.8333333333333334,0.8064516129032258,0.8620689655172413
360,0.011718644995101583,0.9966810966810967,0.9949494949494949,0.9978354978354979,0.9967473798337549,0.9958476259252572,0.6209949111646329,0.8571428571428571,0.8888888888888888,0.8333333333333334,0.8,0.8421052631578947
361,0.001866957608404091,0.9994557823129252,1.0,0.9991928974979822,0.9983319432860718,0.9991652754590985,0.5608836133158923,0.873015873015873,0.8888888888888888,0.8611111111111112,0.8275862068965517,0.8571428571428571
362,0.005484742667939319,0.997979797979798,0.9974747474747475,0.9983164983164983,0.9974747474747475,0.9974747474747475,0.8447636686953682,0.8571428571428571,0.8888888888888888,0.8333333333333334,0.8,0.8421052631578947
363,0.0018987952828334825,0.9997278911564625,0.9991645781119465,1.0,1.0,0.9995821145006268,0.8461404650121934,0.8253968253968254,0.9259259259259259,0.75,0.7352941176470589,0.819672131147541
364,0.006687938604976503,0.9976911976911977,0.9967532467532467,0.9983164983164983,0.9974729241877256,0.9971129556116926,0.5033394396772825,0.9365079365079365,0.8888888888888888,0.9722222222222222,0.96,0.9230769230769231
365,0.0019449391435340485,0.9994557823129252,0.9983291562238931,1.0,1.0,0.9991638795986622,0.6505855624663315,0.873015873015873,0.9259259259259259,0.8333333333333334,0.8064516129032258,0.8620689655172413
366,0.0067924966249868785,0.9978354978354979,0.9974747474747475,0.9980759980759981,0.997115037865128,0.9972948602344455,0.671507451278832,0.8571428571428571,0.8888888888888888,0.8333333333333334,0.8,0.8421052631578947
367,0.0013749232840286514,0.9995670995670995,0.9996392496392497,0.9995189995189995,0.999278759466282,0.999458972046889,0.6760417952861485,0.873015873015873,0.8888888888888888,0.8611111111111112,0.8275862068965517,0.8571428571428571
368,0.00033080711705589565,1.0,1.0,1.0,1.0,1.0,0.6322888238692752,0.9047619047619048,0.9259259259259259,0.8888888888888888,0.8620689655172413,0.8928571428571429
369,0.00014019465933496063,1.0,1.0,1.0,1.0,1.0,0.6719433244320426,0.873015873015873,0.9259259259259259,0.8333333333333334,0.8064516129032258,0.8620689655172413
370,0.012099269969413788,0.9959595959595959,0.9949494949494949,0.9966329966329966,0.9949494949494949,0.9949494949494949,0.6104972820182974,0.9047619047619048,0.9259259259259259,0.8888888888888888,0.8620689655172413,0.8928571428571429
371,0.000957471241773685,1.0,1.0,1.0,1.0,1.0,0.5773957736810045,0.9206349206349206,0.9259259259259259,0.9166666666666666,0.8928571428571429,0.9090909090909091
372,0.0002726251378177893,1.0,1.0,1.0,1.0,1.0,0.6543237235503815,0.9047619047619048,0.9259259259259259,0.8888888888888888,0.8620689655172413,0.8928571428571429
373,0.01012327703291812,0.9972582972582973,0.9956709956709957,0.9983164983164983,0.9974701843151428,0.996569777938256,0.568277139731984,0.9047619047619048,0.9259259259259259,0.8888888888888888,0.8620689655172413,0.8928571428571429
374,0.0008754346108909057,1.0,1.0,1.0,1.0,1.0,0.6232020892376091,0.9047619047619048,0.9259259259259259,0.8888888888888888,0.8620689655172413,0.8928571428571429
375,0.00017904509815880806,1.0,1.0,1.0,1.0,1.0,0.6561898080313796,0.9047619047619048,0.9259259259259259,0.8888888888888888,0.8620689655172413,0.8928571428571429
376,0.008438597940018997,0.9972582972582973,0.9967532467532467,0.9975949975949976,0.99639379733141,0.9965734896302976,0.6079736307722106,0.9206349206349206,0.9259259259259259,0.9166666666666666,0.8928571428571429,0.9090909090909091
377,0.002177086840829085,0.9991341991341991,0.9989177489177489,0.9992784992784993,0.9989177489177489,0.9989177489177489,0.6969941457708566,0.9206349206349206,0.9259259259259259,0.9166666666666666,0.8928571428571429,0.9090909090909091
378,0.007758979903258597,0.9976911976911977,0.9967532467532467,0.9983164983164983,0.9974729241877256,0.9971129556116926,0.9358591131403089,0.8888888888888888,0.9259259259259259,0.8611111111111112,0.8333333333333334,0.8771929824561403
379,0.005099784889509208,0.9987012987012988,0.9981962481962482,0.9990379990379991,0.9985564778058462,0.9983763305069457,0.785781706236386,0.8888888888888888,0.9259259259259259,0.8611111111111112,0.8333333333333334,0.8771929824561403
380,0.0007492788104050584,0.9997278911564625,1.0,0.9995964487489911,0.9991652754590985,0.9995824634655532,0.7630888427515784,0.8888888888888888,0.9259259259259259,0.8611111111111112,0.8333333333333334,0.8771929824561403
381,0.004376615708705033,0.9982683982683983,0.9974747474747475,0.9987974987974988,0.9981949458483754,0.9978347167087694,0.9872400334783639,0.8571428571428571,0.9259259259259259,0.8055555555555556,0.78125,0.847457627118644
382,0.003827568164169923,0.998639455782313,0.9983291562238931,0.9987893462469734,0.9974958263772955,0.9979123173277662,0.7854205839860712,0.8888888888888888,0.9259259259259259,0.8611111111111112,0.8333333333333334,0.8771929824561403
383,0.0001421984155485359,1.0,1.0,1.0,1.0,1.0,0.7791229887125877,0.873015873015873,0.9259259259259259,0.8333333333333334,0.8064516129032258,0.8620689655172413
384,0.00010266763613310637,1.0,1.0,1.0,1.0,1.0,0.7970945855899666,0.8888888888888888,0.9259259259259259,0.8611111111111112,0.8333333333333334,0.8771929824561403
385,0.00012887655962950535,1.0,1.0,1.0,1.0,1.0,0.8130669740674508,0.873015873015873,0.9259259259259259,0.8333333333333334,0.8064516129032258,0.8620689655172413
386,0.01407140388843523,0.9952380952380953,0.9938672438672439,0.9961519961519961,0.9942259112233851,0.9940465451921342,0.6508073366484106,0.8888888888888888,0.9259259259259259,0.8611111111111112,0.8333333333333334,0.8771929824561403
387,0.0019670600840976985,0.9997278911564625,1.0,0.9995964487489911,0.9991652754590985,0.9995824634655532,0.5716028761050279,0.9206349206349206,0.9259259259259259,0.9166666666666666,0.8928571428571429,0.9090909090909091
388,0.005412269246465128,0.997979797979798,0.9971139971139971,0.9985569985569985,0.9978339350180505,0.997473836160231,0.5761706514439005,0.9047619047619048,0.9259259259259259,0.8888888888888888,0.8620689655172413,0.8928571428571429
389,0.001797084180854691,0.9997278911564625,1.0,0.9995964487489911,0.9991652754590985,0.9995824634655532,0.5607151286794327,0.8888888888888888,0.9259259259259259,0.8611111111111112,0.8333333333333334,0.8771929824561403
390,0.00539343028393694,0.9981240981240981,0.9974747474747475,0.9985569985569985,0.9978347167087694,0.9976546996211438,0.6721702538303534,0.9047619047619048,0.9259259259259259,0.8888888888888888,0.8620689655172413,0.8928571428571429
391,0.0046091215612953824,0.9985569985569985,0.9985569985569985,0.9985569985569985,0.9978370583994232,0.998196898665705,0.7100260893982652,0.9047619047619048,0.9259259259259259,0.8888888888888888,0.8620689655172413,0.8928571428571429
392,0.005965840768547877,0.9982683982683983,0.9978354978354979,0.9985569985569985,0.9978354978354979,0.9978354978354979,0.7492660891899533,0.9047619047619048,0.9629629629629629,0.8611111111111112,0.8387096774193549,0.896551724137931
393,0.009151054583509214,0.9974025974025974,0.996031746031746,0.9983164983164983,0.997471098265896,0.9967509025270758,0.9690497515938847,0.8412698412698413,0.9259259259259259,0.7777777777777778,0.7575757575757576,0.8333333333333334
394,0.004307707395520236,0.9985569985569985,0.9978354978354979,0.9990379990379991,0.9985559566787003,0.9981955972573078,0.7239419782708287,0.873015873015873,0.9259259259259259,0.8333333333333334,0.8064516129032258,0.8620689655172413
395,0.000984197925428677,0.9997113997113997,0.9996392496392497,0.9997594997594997,0.9996392496392497,0.9996392496392497,0.7594301928821507,0.8888888888888888,0.9259259259259259,0.8611111111111112,0.8333333333333334,0.8771929824561403
396,0.00048625389966794184,1.0,1.0,1.0,1.0,1.0,0.8894846032531599,0.8888888888888888,0.9259259259259259,0.8611111111111112,0.8333333333333334,0.8771929824561403
397,0.008406145061616414,0.9965367965367965,0.9953102453102453,0.9973544973544973,0.996028880866426,0.9956694334175388,0.765119758855733,0.873015873015873,0.9259259259259259,0.8333333333333334,0.8064516129032258,0.8620689655172413
398,0.000962630740307629,0.9994557823129252,1.0,0.9991928974979822,0.9983319432860718,0.9991652754590985,0.9277308844750569,0.8412698412698413,0.9259259259259259,0.7777777777777778,0.7575757575757576,0.8333333333333334
399,0.00028846451599227814,1.0,1.0,1.0,1.0,1.0,0.916866519002984,0.8571428571428571,0.9259259259259259,0.8055555555555556,0.78125,0.847457627118644
400,0.008821361359966404,0.9971139971139971,0.9963924963924964,0.9975949975949976,0.9963924963924964,0.9963924963924964,0.7794616756697891,0.873015873015873,0.9259259259259259,0.8333333333333334,0.8064516129032258,0.8620689655172413
401,0.003047516566445981,0.9991836734693877,0.9991645781119465,0.9991928974979822,0.998330550918197,0.9987473903966597,0.8779248485992116,0.8571428571428571,0.9259259259259259,0.8055555555555556,0.78125,0.847457627118644
402,0.00027960118622964345,1.0,1.0,1.0,1.0,1.0,1.023795860597082,0.8571428571428571,0.9259259259259259,0.8055555555555556,0.78125,0.847457627118644
403,0.0018519128757213312,0.9998556998556999,1.0,0.9997594997594997,0.999639379733141,0.999819657348963,0.9529832146812017,0.8888888888888888,0.9259259259259259,0.8611111111111112,0.8333333333333334,0.8771929824561403
404,0.0001694430937725444,1.0,1.0,1.0,1.0,1.0,0.8007480214285944,0.9047619047619048,0.9259259259259259,0.8888888888888888,0.8620689655172413,0.8928571428571429
405,0.00011593714053381264,1.0,1.0,1.0,1.0,1.0,0.9934986881759421,0.8888888888888888,0.9259259259259259,0.8611111111111112,0.8333333333333334,0.8771929824561403
406,6.09232987461633e-05,1.0,1.0,1.0,1.0,1.0,1.0271199773637891,0.873015873015873,0.9259259259259259,0.8333333333333334,0.8064516129032258,0.8620689655172413
407,0.01149506286829894,0.9961038961038962,0.9945887445887446,0.9971139971139971,0.9956663055254604,0.9951272333513806,0.8254468112146631,0.8571428571428571,0.9259259259259259,0.8055555555555556,0.78125,0.847457627118644
408,0.007712786563469995,0.9974025974025974,0.9963924963924964,0.9980759980759981,0.9971119133574007,0.9967520750631541,0.878255572869435,0.8253968253968254,0.9259259259259259,0.75,0.7352941176470589,0.819672131147541
409,0.0015248867145364908,0.9997278911564625,1.0,0.9995964487489911,0.9991652754590985,0.9995824634655532,0.7564446135208801,0.8571428571428571,0.9259259259259259,0.8055555555555556,0.78125,0.847457627118644
410,0.0049082856348118195,0.997979797979798,0.9974747474747475,0.9983164983164983,0.9974747474747475,0.9974747474747475,0.806532887988382,0.8888888888888888,0.9259259259259259,0.8611111111111112,0.8333333333333334,0.8771929824561403
411,0.00042469547276107356,1.0,1.0,1.0,1.0,1.0,0.8894450579276069,0.873015873015873,0.9259259259259259,0.8333333333333334,0.8064516129032258,0.8620689655172413
412,0.0001983241475993834,1.0,1.0,1.0,1.0,1.0,0.9684250040135383,0.873015873015873,0.9259259259259259,0.8333333333333334,0.8064516129032258,0.8620689655172413
413,0.0075525809276520955,0.9976911976911977,0.9974747474747475,0.9978354978354979,0.9967555875991349,0.997115037865128,0.7535092942913281,0.8888888888888888,0.8888888888888888,0.8888888888888888,0.8571428571428571,0.8727272727272727
414,0.0020845728905874083,0.9991836734693877,0.9991645781119465,0.9991928974979822,0.998330550918197,0.9987473903966597,0.6627031225997064,0.873015873015873,0.8888888888888888,0.8611111111111112,0.8275862068965517,0.8571428571428571
415,0.00033448067969099306,1.0,1.0,1.0,1.0,1.0,0.7415309122498868,0.8571428571428571,0.8888888888888888,0.8333333333333334,0.8,0.8421052631578947
416,0.007181969838500632,0.9981240981240981,0.9978354978354979,0.9983164983164983,0.997475658131987,0.9976555455365194,0.791015311431635,0.8571428571428571,0.9259259259259259,0.8055555555555556,0.78125,0.847457627118644
417,0.006804259938995203,0.9975468975468975,0.9967532467532467,0.9980759980759981,0.9971129556116926,0.9969330687353418,0.7948080691402004,0.8571428571428571,0.8888888888888888,0.8333333333333334,0.8,0.8421052631578947
418,0.0010254354451939014,0.9994557823129252,0.9983291562238931,1.0,1.0,0.9991638795986622,1.1374376680418323,0.873015873015873,0.9259259259259259,0.8333333333333334,0.8064516129032258,0.8620689655172413
419,0.0068083956219355205,0.9976911976911977,0.9974747474747475,0.9978354978354979,0.9967555875991349,0.997115037865128,0.6190407508680466,0.8888888888888888,0.9259259259259259,0.8611111111111112,0.8333333333333334,0.8771929824561403
420,0.0008666342006165528,0.9997278911564625,1.0,0.9995964487489911,0.9991652754590985,0.9995824634655532,0.7250394408675631,0.9047619047619048,0.9259259259259259,0.8888888888888888,0.8620689655172413,0.8928571428571429
421,0.000804975477323355,0.9997278911564625,1.0,0.9995964487489911,0.9991652754590985,0.9995824634655532,0.7470702242487551,0.8888888888888888,0.9259259259259259,0.8611111111111112,0.8333333333333334,0.8771929824561403
422,0.010105896955858179,0.9974025974025974,0.9956709956709957,0.9985569985569985,0.9978308026030369,0.9967497291440953,0.6496070898551446,0.8888888888888888,0.9259259259259259,0.8611111111111112,0.8333333333333334,0.8771929824561403
423,0.0011459821215496447,0.9997113997113997,0.9992784992784993,1.0,1.0,0.9996391194514616,0.6529728420182581,0.9047619047619048,0.9259259259259259,0.8888888888888888,0.8620689655172413,0.8928571428571429
424,0.003721230270258494,0.9991341991341991,0.9985569985569985,0.9995189995189995,0.9992779783393502,0.9989173583543847,0.8048866272896819,0.8888888888888888,0.9259259259259259,0.8611111111111112,0.8333333333333334,0.8771929824561403
425,0.009491178084819253,0.9974025974025974,0.9967532467532467,0.9978354978354979,0.9967532467532467,0.9967532467532467,0.7539067765629004,0.873015873015873,0.8888888888888888,0.8611111111111112,0.8275862068965517,0.8571428571428571
426,0.001450370687772211,0.9994557823129252,0.9983291562238931,1.0,1.0,0.9991638795986622,0.8188973562096685,0.8888888888888888,0.9259259259259259,0.8611111111111112,0.8333333333333334,0.8771929824561403
427,0.006860301212921607,0.9981240981240981,0.9974747474747475,0.9985569985569985,0.9978347167087694,0.9976546996211438,0.9295197137042932,0.8253968253968254,0.9259259259259259,0.75,0.7352941176470589,0.819672131147541
428,0.0014232729267797015,0.9991836734693877,0.9991645781119465,0.9991928974979822,0.998330550918197,0.9987473903966597,0.8354667173607306,0.873015873015873,0.9259259259259259,0.8333333333333334,0.8064516129032258,0.8620689655172413
429,0.002883168304436946,0.9988455988455989,0.9981962481962482,0.9992784992784993,0.9989169675090253,0.9985564778058462,0.9168116152269783,0.8571428571428571,0.9259259259259259,0.8055555555555556,0.78125,0.847457627118644
430,0.0007887017284196595,0.9998556998556999,0.9996392496392497,1.0,1.0,0.9998195922785496,1.0408371800438632,0.8412698412698413,0.9259259259259259,0.7777777777777778,0.7575757575757576,0.8333333333333334
431,0.002165006859465399,0.9994557823129252,0.9991645781119465,0.9995964487489911,0.9991645781119465,0.9991645781119465,0.9742779060441766,0.8888888888888888,0.9259259259259259,0.8611111111111112,0.8333333333333334,0.8771929824561403
432,0.00013785150038170689,1.0,1.0,1.0,1.0,1.0,0.9854393180841783,0.9047619047619048,0.9259259259259259,0.8888888888888888,0.8620689655172413,0.8928571428571429
433,0.00010383277394126076,1.0,1.0,1.0,1.0,1.0,0.9693653411871758,0.8888888888888888,0.9259259259259259,0.8611111111111112,0.8333333333333334,0.8771929824561403
434,5.788434815765707e-05,1.0,1.0,1.0,1.0,1.0,0.9800830615600312,0.9047619047619048,0.9259259259259259,0.8888888888888888,0.8620689655172413,0.8928571428571429
435,3.893841489673146e-05,1.0,1.0,1.0,1.0,1.0,0.996905135732959,0.8888888888888888,0.9259259259259259,0.8611111111111112,0.8333333333333334,0.8771929824561403
436,4.1889947060553825e-05,1.0,1.0,1.0,1.0,1.0,1.0150374185455255,0.9047619047619048,0.9259259259259259,0.8888888888888888,0.8620689655172413,0.8928571428571429
437,0.014656374584544116,0.9948051948051948,0.9931457431457431,0.9959114959114959,0.9938628158844766,0.9935041501263082,0.9193322780735639,0.8095238095238095,0.8888888888888888,0.75,0.7272727272727273,0.8
438,0.001550958769890282,0.9997113997113997,0.9992784992784993,1.0,1.0,0.9996391194514616,0.937292373362912,0.8412698412698413,0.9259259259259259,0.7777777777777778,0.7575757575757576,0.8333333333333334
439,0.0029151958080452555,0.9991341991341991,0.9989177489177489,0.9992784992784993,0.9989177489177489,0.9989177489177489,1.0667724981522042,0.8571428571428571,0.9259259259259259,0.8055555555555556,0.78125,0.847457627118644
440,0.00818128892742095,0.9972582972582973,0.996031746031746,0.9980759980759981,0.997110870350307,0.9965710160620826,1.0592148461841537,0.8412698412698413,0.9259259259259259,0.7777777777777778,0.7575757575757576,0.8333333333333334
441,0.0018742201185070783,0.9995670995670995,0.9996392496392497,0.9995189995189995,0.999278759466282,0.999458972046889,1.054896553355248,0.8412698412698413,0.9259259259259259,0.7777777777777778,0.7575757575757576,0.8333333333333334
442,0.005468619979138641,0.9985569985569985,0.9981962481962482,0.9987974987974988,0.9981962481962482,0.9981962481962482,1.1378108272233114,0.8412698412698413,0.9259259259259259,0.7777777777777778,0.7575757575757576,0.8333333333333334
443,0.0030590897888977415,0.9985569985569985,0.9974747474747475,0.9992784992784993,0.9989161849710982,0.9981949458483754,0.9363623630425637,0.8571428571428571,0.8888888888888888,0.8333333333333334,0.8,0.8421052631578947
444,0.0031095647130058176,0.9989115646258503,0.9983291562238931,0.9991928974979822,0.9983291562238931,0.9983291562238931,0.9330964026850692,0.8412698412698413,0.8888888888888888,0.8055555555555556,0.7741935483870968,0.8275862068965517
445,0.009631628412025329,0.9975468975468975,0.9974747474747475,0.9975949975949976,0.9963963963963964,0.9969352803317109,1.0241739428178305,0.8253968253968254,0.8888888888888888,0.7777777777777778,0.75,0.8135593220338984
446,0.0048200966929506615,0.9984126984126984,0.9978354978354979,0.9987974987974988,0.9981955972573078,0.9980155150640447,1.2282553920648507,0.8412698412698413,0.9259259259259259,0.7777777777777778,0.7575757575757576,0.8333333333333334
447,0.0031536220488338654,0.9987012987012988,0.9989177489177489,0.9985569985569985,0.9978378378378379,0.9983775013520823,1.0028499050239343,0.873015873015873,0.9259259259259259,0.8333333333333334,0.8064516129032258,0.8620689655172413
448,0.0009184334323111704,0.9997278911564625,0.9991645781119465,1.0,1.0,0.9995821145006268,0.8755631756355305,0.8888888888888888,0.9259259259259259,0.8611111111111112,0.8333333333333334,0.8771929824561403
449,0.0061209739289953685,0.9976911976911977,0.9963924963924964,0.9985569985569985,0.9978323699421965,0.9971119133574007,1.049913896872091,0.8571428571428571,0.9259259259259259,0.8055555555555556,0.78125,0.847457627118644
450,0.0020638789170644074,0.9994227994227994,0.9996392496392497,0.9992784992784993,0.9989185291997116,0.999278759466282,0.8182007326248,0.873015873015873,0.9259259259259259,0.8333333333333334,0.8064516129032258,0.8620689655172413
451,0.001831436838002774,0.9994557823129252,0.9991645781119465,0.9995964487489911,0.9991645781119465,0.9991645781119465,0.8489704203871836,0.873015873015873,0.9259259259259259,0.8333333333333334,0.8064516129032258,0.8620689655172413
452,0.0001163964199357764,1.0,1.0,1.0,1.0,1.0,0.8198713327568378,0.873015873015873,0.9259259259259259,0.8333333333333334,0.8064516129032258,0.8620689655172413
453,0.00010668309736526872,1.0,1.0,1.0,1.0,1.0,0.8560372614248615,0.873015873015873,0.9259259259259259,0.8333333333333334,0.8064516129032258,0.8620689655172413
454,0.007914580269570532,0.9974025974025974,0.9967532467532467,0.9978354978354979,0.9967532467532467,0.9967532467532467,0.9185141044551514,0.8571428571428571,0.8888888888888888,0.8333333333333334,0.8,0.8421052631578947
455,0.0023110972226163384,0.9991836734693877,0.9983291562238931,0.9995964487489911,0.9991638795986622,0.9987463435018805,0.7396363149808687,0.8888888888888888,0.9259259259259259,0.8611111111111112,0.8333333333333334,0.8771929824561403
456,0.00019625100239554615,1.0,1.0,1.0,1.0,1.0,0.7582830033012821,0.873015873015873,0.9259259259259259,0.8333333333333334,0.8064516129032258,0.8620689655172413
457,0.0052916883071420446,0.9982683982683983,0.9978354978354979,0.9985569985569985,0.9978354978354979,0.9978354978354979,0.8922299456487905,0.8888888888888888,0.8888888888888888,0.8888888888888888,0.8571428571428571,0.8727272727272727
458,0.0010516354754956205,0.9995670995670995,0.9992784992784993,0.9997594997594997,0.9996391194514616,0.9994587768356485,0.9624364166514184,0.8888888888888888,0.8888888888888888,0.8888888888888888,0.8571428571428571,0.8727272727272727
459,0.0015112956934020248,0.9995670995670995,0.9992784992784993,0.9997594997594997,0.9996391194514616,0.9994587768356485,0.8999723749984119,0.8888888888888888,0.8888888888888888,0.8888888888888888,0.8571428571428571,0.8727272727272727
460,0.004483848489727607,0.998639455782313,0.9974937343358395,0.9991928974979822,0.9983277591973244,0.9979105725031342,0.7216515376792467,0.873015873015873,0.9259259259259259,0.8333333333333334,0.8064516129032258,0.8620689655172413
461,0.00035364504930468537,1.0,1.0,1.0,1.0,1.0,0.8514884049754261,0.873015873015873,0.9259259259259259,0.8333333333333334,0.8064516129032258,0.8620689655172413
462,0.00783591504123868,0.9978354978354979,0.9971139971139971,0.9983164983164983,0.997473836160231,0.9972938841782428,0.7419266418548345,0.8888888888888888,0.9259259259259259,0.8611111111111112,0.8333333333333334,0.8771929824561403
463,0.002851203421953411,0.9991341991341991,0.9989177489177489,0.9992784992784993,0.9989177489177489,0.9989177489177489,0.7845950521389439,0.9047619047619048,0.9259259259259259,0.8888888888888888,0.8620689655172413,0.8928571428571429
464,0.00033211692855114264,1.0,1.0,1.0,1.0,1.0,1.6037632134649025,0.7936507936507936,0.9259259259259259,0.6944444444444444,0.6944444444444444,0.7936507936507936
465,0.0031097226011198614,0.9991836734693877,0.9991645781119465,0.9991928974979822,0.998330550918197,0.9987473903966597,1.2247574573717892,0.8412698412698413,0.9259259259259259,0.7777777777777778,0.7575757575757576,0.8333333333333334
466,0.009154283705263729,0.9968253968253968,0.9963924963924964,0.9971139971139971,0.9956741167988464,0.9960331770645511,0.9475211455373072,0.873015873015873,0.9259259259259259,0.8333333333333334,0.8064516129032258,0.8620689655172413
467,0.0008526875112299737,1.0,1.0,1.0,1.0,1.0,1.0308476689524324,0.8571428571428571,0.9259259259259259,0.8055555555555556,0.78125,0.847457627118644
468,0.005959823272435158,0.9976911976911977,0.9971139971139971,0.9980759980759981,0.9971139971139971,0.9971139971139971,0.7524118470752462,0.873015873015873,0.9259259259259259,0.8333333333333334,0.8064516129032258,0.8620689655172413
469,0.0031331995718639656,0.9988455988455989,0.9981962481962482,0.9992784992784993,0.9989169675090253,0.9985564778058462,1.1892641793388716,0.8412698412698413,0.9259259259259259,0.7777777777777778,0.7575757575757576,0.8333333333333334
470,0.0009428744717836887,0.9991836734693877,0.9991645781119465,0.9991928974979822,0.998330550918197,0.9987473903966597,0.7901621055388537,0.8888888888888888,0.9259259259259259,0.8611111111111112,0.8333333333333334,0.8771929824561403
471,0.004352803728396128,0.998989898989899,0.9981962481962482,0.9995189995189995,0.9992777175875768,0.9987366901281357,1.215827568165546,0.8412698412698413,0.9259259259259259,0.7777777777777778,0.7575757575757576,0.8333333333333334
472,0.0014791582566996812,0.9994557823129252,1.0,0.9991928974979822,0.9983319432860718,0.9991652754590985,1.1029865793691622,0.8253968253968254,0.9259259259259259,0.75,0.7352941176470589,0.819672131147541
473,0.0006917209586806296,0.9997278911564625,0.9991645781119465,1.0,1.0,0.9995821145006268,0.9275501893070113,0.873015873015873,0.9259259259259259,0.8333333333333334,0.8064516129032258,0.8620689655172413
474,0.0005672476760809623,0.9997278911564625,0.9991645781119465,1.0,1.0,0.9995821145006268,1.6184243304224866,0.7777777777777778,0.9259259259259259,0.6666666666666666,0.6756756756756757,0.78125
475,0.008885643808709659,0.9971139971139971,0.9967532467532467,0.9973544973544973,0.9960346070656092,0.99639379733141,0.9233872742188973,0.8571428571428571,0.9259259259259259,0.8055555555555556,0.78125,0.847457627118644
476,0.0007728253755622249,0.9997278911564625,1.0,0.9995964487489911,0.9991652754590985,0.9995824634655532,0.8851603975921795,0.873015873015873,0.9259259259259259,0.8333333333333334,0.8064516129032258,0.8620689655172413
477,0.0002069471804926023,1.0,1.0,1.0,1.0,1.0,0.9829258965983749,0.8571428571428571,0.9259259259259259,0.8055555555555556,0.78125,0.847457627118644
478,0.005146072137148206,0.9981240981240981,0.9974747474747475,0.9985569985569985,0.9978347167087694,0.9976546996211438,0.9852131081681132,0.8571428571428571,0.9259259259259259,0.8055555555555556,0.78125,0.847457627118644
479,0.00015032017472252365,1.0,1.0,1.0,1.0,1.0,0.8764715436358067,0.873015873015873,0.9259259259259259,0.8333333333333334,0.8064516129032258,0.8620689655172413
480,0.005904768257989515,0.9978354978354979,0.9978354978354979,0.9978354978354979,0.9967567567567568,0.9972958355868037,1.002900855321925,0.8412698412698413,0.9259259259259259,0.7777777777777778,0.7575757575757576,0.8333333333333334
481,0.00043961383673587345,1.0,1.0,1.0,1.0,1.0,0.8522989595568062,0.8888888888888888,0.9259259259259259,0.8611111111111112,0.8333333333333334,0.8771929824561403
482,8.856871863530131e-05,1.0,1.0,1.0,1.0,1.0,0.8974035763861298,0.873015873015873,0.9259259259259259,0.8333333333333334,0.8064516129032258,0.8620689655172413
483,9.458385276907919e-05,1.0,1.0,1.0,1.0,1.0,0.9275447889109879,0.873015873015873,0.9259259259259259,0.8333333333333334,0.8064516129032258,0.8620689655172413
484,0.00011266803540925727,1.0,1.0,1.0,1.0,1.0,0.9344685676858515,0.873015873015873,0.9259259259259259,0.8333333333333334,0.8064516129032258,0.8620689655172413
485,0.0019373948493427763,0.9997278911564625,0.9991645781119465,1.0,1.0,0.9995821145006268,0.7818791773866646,0.8571428571428571,0.9259259259259259,0.8055555555555556,0.78125,0.847457627118644
486,0.0007494540029641147,0.9997278911564625,1.0,0.9995964487489911,0.9991652754590985,0.9995824634655532,1.2258842862917976,0.8412698412698413,0.9259259259259259,0.7777777777777778,0.7575757575757576,0.8333333333333334
487,0.00845694601678576,0.9976911976911977,0.9971139971139971,0.9980759980759981,0.9971139971139971,0.9971139971139971,0.7222430493644741,0.8888888888888888,0.9259259259259259,0.8611111111111112,0.8333333333333334,0.8771929824561403
488,0.0008821322570693897,0.9997278911564625,0.9991645781119465,1.0,1.0,0.9995821145006268,0.8564496782680165,0.873015873015873,0.9629629629629629,0.8055555555555556,0.7878787878787878,0.8666666666666667
489,0.00010820883841674635,1.0,1.0,1.0,1.0,1.0,0.886467392057562,0.8571428571428571,0.9259259259259259,0.8055555555555556,0.78125,0.847457627118644
490,0.00020068679817043068,1.0,1.0,1.0,1.0,1.0,0.9960288970575516,0.8571428571428571,0.9629629629629629,0.7777777777777778,0.7647058823529411,0.8524590163934426
491,0.0069716646646470395,0.9978354978354979,0.9974747474747475,0.9980759980759981,0.997115037865128,0.9972948602344455,0.8796973266197177,0.873015873015873,0.9259259259259259,0.8333333333333334,0.8064516129032258,0.8620689655172413
492,0.0013175846639750161,0.9994557823129252,0.9991645781119465,0.9995964487489911,0.9991645781119465,0.9991645781119465,0.9805558229048666,0.8253968253968254,0.9259259259259259,0.75,0.7352941176470589,0.819672131147541
493,0.009146028945974157,0.9968253968253968,0.9967532467532467,0.9968734968734969,0.9953170028818443,0.9960346070656092,0.9905681146729399,0.873015873015873,0.9259259259259259,0.8333333333333334,0.8064516129032258,0.8620689655172413
494,0.0012192631823136398,0.9997113997113997,0.9992784992784993,1.0,1.0,0.9996391194514616,1.0924719936157334,0.873015873015873,0.9259259259259259,0.8333333333333334,0.8064516129032258,0.8620689655172413
495,0.0001978814093472094,1.0,1.0,1.0,1.0,1.0,1.0022910955703415,0.873015873015873,0.9259259259259259,0.8333333333333334,0.8064516129032258,0.8620689655172413
496,0.0004889648583360083,1.0,1.0,1.0,1.0,1.0,1.142393169914569,0.8412698412698413,0.9259259259259259,0.7777777777777778,0.7575757575757576,0.8333333333333334
497,0.006725882701064024,0.997979797979798,0.9971139971139971,0.9985569985569985,0.9978339350180505,0.997473836160231,0.7229482203750642,0.9047619047619048,0.9259259259259259,0.8888888888888888,0.8620689655172413,0.8928571428571429
498,0.0022402563400378095,0.9994557823129252,0.9991645781119465,0.9995964487489911,0.9991645781119465,0.9991645781119465,0.7848385215689805,0.9047619047619048,0.9259259259259259,0.8888888888888888,0.8620689655172413,0.8928571428571429
499,0.00039558873339504684,0.9997278911564625,0.9991645781119465,1.0,1.0,0.9995821145006268,0.8648373128655495,0.8888888888888888,0.9259259259259259,0.8611111111111112,0.8333333333333334,0.8771929824561403
500,8.84994707164532e-05,1.0,1.0,1.0,1.0,1.0,0.9779027175076956,0.873015873015873,0.9259259259259259,0.8333333333333334,0.8064516129032258,0.8620689655172413
501,0.004061025712776906,0.9984126984126984,0.9981962481962482,0.9985569985569985,0.997836278398846,0.9980162308385934,0.9700328828875793,0.873015873015873,0.9259259259259259,0.8333333333333334,0.8064516129032258,0.8620689655172413
502,0.0025604368829650753,0.9994227994227994,0.9989177489177489,0.9997594997594997,0.9996389891696751,0.9992782389029231,0.9052946423830618,0.8888888888888888,0.9259259259259259,0.8611111111111112,0.8333333333333334,0.8771929824561403
503,0.005810086167753169,0.9982683982683983,0.9981962481962482,0.9983164983164983,0.9974765681326604,0.997836278398846,0.776417841442116,0.873015873015873,0.9259259259259259,0.8333333333333334,0.8064516129032258,0.8620689655172413
504,0.0026184922625541074,0.9991836734693877,0.9991645781119465,0.9991928974979822,0.998330550918197,0.9987473903966597,0.654857397987692,0.8412698412698413,0.9259259259259259,0.7777777777777778,0.7575757575757576,0.8333333333333334
505,0.007519002649053475,0.9978354978354979,0.9967532467532467,0.9985569985569985,0.9978331527627302,0.9972929074174337,0.7230344709701418,0.8888888888888888,0.9259259259259259,0.8611111111111112,0.8333333333333334,0.8771929824561403
506,0.0018841771559211817,0.9991341991341991,0.9989177489177489,0.9992784992784993,0.9989177489177489,0.9989177489177489,1.199185661853212,0.8253968253968254,0.9259259259259259,0.75,0.7352941176470589,0.819672131147541
507,0.0059491421242787584,0.9978354978354979,0.9967532467532467,0.9985569985569985,0.9978331527627302,0.9972929074174337,1.1501200577524344,0.8095238095238095,0.9259259259259259,0.7222222222222222,0.7142857142857143,0.8064516129032258
508,0.0013329005592570815,0.9995670995670995,0.9996392496392497,0.9995189995189995,0.999278759466282,0.999458972046889,0.8610500158728327,0.8571428571428571,0.9259259259259259,0.8055555555555556,0.78125,0.847457627118644
509,0.004926962924964939,0.9985569985569985,0.9981962481962482,0.9987974987974988,0.9981962481962482,0.9981962481962482,0.9228042737468924,0.8571428571428571,0.8888888888888888,0.8333333333333334,0.8,0.8421052631578947
510,0.0034241928248566695,0.9991341991341991,0.9985569985569985,0.9995189995189995,0.9992779783393502,0.9989173583543847,1.0766696956486577,0.8253968253968254,0.8888888888888888,0.7777777777777778,0.75,0.8135593220338984
511,0.0017012077288794608,0.9995670995670995,0.9996392496392497,0.9995189995189995,0.999278759466282,0.999458972046889,0.9139963324543339,0.8888888888888888,0.8888888888888888,0.8888888888888888,0.8571428571428571,0.8727272727272727
512,0.0013024488258917303,0.9994557823129252,0.9991645781119465,0.9995964487489911,0.9991645781119465,0.9991645781119465,0.7937950224279322,0.8888888888888888,0.8888888888888888,0.8888888888888888,0.8571428571428571,0.8727272727272727
513,0.005474429636685979,0.997979797979798,0.9974747474747475,0.9983164983164983,0.9974747474747475,0.9974747474747475,1.0115017901552208,0.8412698412698413,0.8888888888888888,0.8055555555555556,0.7741935483870968,0.8275862068965517
514,0.002381674957877403,0.9988455988455989,0.9992784992784993,0.9985569985569985,0.9978386167146974,0.9985580389329488,0.778315933035051,0.8888888888888888,0.9259259259259259,0.8611111111111112,0.8333333333333334,0.8771929824561403
515,0.0011563480934490362,0.9997113997113997,0.9996392496392497,0.9997594997594997,0.9996392496392497,0.9996392496392497,1.0854865650796586,0.8571428571428571,0.9259259259259259,0.8055555555555556,0.78125,0.847457627118644
516,0.00032624491595957875,1.0,1.0,1.0,1.0,1.0,1.2148249934577637,0.8571428571428571,0.9259259259259259,0.8055555555555556,0.78125,0.847457627118644
517,0.007429785264382411,0.9975468975468975,0.9967532467532467,0.9980759980759981,0.9971129556116926,0.9969330687353418,0.9645095673741519,0.8412698412698413,0.8888888888888888,0.8055555555555556,0.7741935483870968,0.8275862068965517
518,0.004047841521911785,0.9985569985569985,0.9978354978354979,0.9990379990379991,0.9985559566787003,0.9981955972573078,0.8622083594070448,0.8888888888888888,0.9259259259259259,0.8611111111111112,0.8333333333333334,0.8771929824561403
519,0.0002377550581133191,1.0,1.0,1.0,1.0,1.0,0.9315064354011864,0.8888888888888888,0.9259259259259259,0.8611111111111112,0.8333333333333334,0.8771929824561403
520,0.006420369658487275,0.9978354978354979,0.9971139971139971,0.9983164983164983,0.997473836160231,0.9972938841782428,0.9865612103793764,0.8253968253968254,0.8888888888888888,0.7777777777777778,0.75,0.8135593220338984
521,0.0011297632888315656,0.9995670995670995,0.9996392496392497,0.9995189995189995,0.999278759466282,0.999458972046889,1.0426687910438353,0.8412698412698413,0.8888888888888888,0.8055555555555556,0.7741935483870968,0.8275862068965517
522,0.0007623954120286728,0.9997113997113997,0.9996392496392497,0.9997594997594997,0.9996392496392497,0.9996392496392497,1.0535500167851073,0.8253968253968254,0.8888888888888888,0.7777777777777778,0.75,0.8135593220338984
523,0.00598613599525774,0.9978354978354979,0.9974747474747475,0.9980759980759981,0.997115037865128,0.9972948602344455,1.0930934721011634,0.8571428571428571,0.8888888888888888,0.8333333333333334,0.8,0.8421052631578947
524,0.0015468997354180967,0.9992784992784993,0.9992784992784993,0.9992784992784993,0.998918139199423,0.9990982867448152,1.1224794769303348,0.873015873015873,0.9259259259259259,0.8333333333333334,0.8064516129032258,0.8620689655172413
525,0.0002922565639414413,1.0,1.0,1.0,1.0,1.0,1.0857006451883897,0.873015873015873,0.9259259259259259,0.8333333333333334,0.8064516129032258,0.8620689655172413
526,0.0022933799082091705,0.9985569985569985,0.9981962481962482,0.9987974987974988,0.9981962481962482,0.9981962481962482,1.122318889653841,0.8888888888888888,0.9259259259259259,0.8611111111111112,0.8333333333333334,0.8771929824561403
527,0.008414806415710052,0.9978354978354979,0.9978354978354979,0.9978354978354979,0.9967567567567568,0.9972958355868037,0.7746516724557353,0.9206349206349206,0.9259259259259259,0.9166666666666666,0.8928571428571429,0.9090909090909091
528,0.0024768277025571544,0.9991341991341991,0.9985569985569985,0.9995189995189995,0.9992779783393502,0.9989173583543847,0.8537500557468443,0.8888888888888888,0.9259259259259259,0.8611111111111112,0.8333333333333334,0.8771929824561403
529,0.0006112828863912174,0.9998556998556999,0.9996392496392497,1.0,1.0,0.9998195922785496,0.8981360395844112,0.8888888888888888,0.9259259259259259,0.8611111111111112,0.8333333333333334,0.8771929824561403
530,0.004176927644815251,0.998989898989899,0.9985569985569985,0.9992784992784993,0.9989173583543847,0.9987371459498466,1.1297920527789727,0.8571428571428571,0.9259259259259259,0.8055555555555556,0.78125,0.847457627118644
531,0.005478898265326405,0.9982683982683983,0.9981962481962482,0.9983164983164983,0.9974765681326604,0.997836278398846,1.0335814035093387,0.8095238095238095,0.9259259259259259,0.7222222222222222,0.7142857142857143,0.8064516129032258
532,0.004907271945487678,0.9988455988455989,0.9985569985569985,0.9990379990379991,0.9985569985569985,0.9985569985569985,1.1483945335361538,0.8253968253968254,0.9259259259259259,0.75,0.7352941176470589,0.819672131147541
533,0.002604594491675365,0.9995670995670995,0.9996392496392497,0.9995189995189995,0.999278759466282,0.999458972046889,0.9468975649670317,0.8095238095238095,0.8888888888888888,0.75,0.7272727272727273,0.8
534,0.0023048326406151817,0.9992784992784993,0.9996392496392497,0.9990379990379991,0.9985585585585586,0.9990986118622679,0.8988613944989444,0.8412698412698413,0.8888888888888888,0.8055555555555556,0.7741935483870968,0.8275862068965517
535,0.0006758836752211041,0.9997113997113997,0.9996392496392497,0.9997594997594997,0.9996392496392497,0.9996392496392497,0.8534076964910676,0.8888888888888888,0.9259259259259259,0.8611111111111112,0.8333333333333334,0.8771929824561403
536,0.0005199590609160923,1.0,1.0,1.0,1.0,1.0,1.175410571509813,0.8571428571428571,0.9259259259259259,0.8055555555555556,0.78125,0.847457627118644
537,0.00011487027720366702,1.0,1.0,1.0,1.0,1.0,1.1137119697902982,0.873015873015873,0.9259259259259259,0.8333333333333334,0.8064516129032258,0.8620689655172413
538,0.007316368131324803,0.9984126984126984,0.9974747474747475,0.9990379990379991,0.9985554351751534,0.9980147987727847,0.9580928677741978,0.8571428571428571,0.8888888888888888,0.8333333333333334,0.8,0.8421052631578947
539,0.0023973034527296827,0.9991341991341991,0.9985569985569985,0.9995189995189995,0.9992779783393502,0.9989173583543847,1.0436527005798462,0.8095238095238095,0.8888888888888888,0.75,0.7272727272727273,0.8
540,0.002668402672690828,0.998989898989899,0.9981962481962482,0.9995189995189995,0.9992777175875768,0.9987366901281357,0.9493809279700232,0.8571428571428571,0.8888888888888888,0.8333333333333334,0.8,0.8421052631578947
541,0.000754062052112117,0.9995670995670995,0.9992784992784993,0.9997594997594997,0.9996391194514616,0.9994587768356485,1.1120739032824256,0.8253968253968254,0.8888888888888888,0.7777777777777778,0.75,0.8135593220338984
542,0.0014813566590246633,0.9997113997113997,0.9996392496392497,0.9997594997594997,0.9996392496392497,0.9996392496392497,1.0046666933881097,0.8571428571428571,0.8888888888888888,0.8333333333333334,0.8,0.8421052631578947
543,0.00543509087768932,0.9975468975468975,0.9974747474747475,0.9975949975949976,0.9963963963963964,0.9969352803317109,0.7583952549370051,0.8888888888888888,0.9629629629629629,0.8333333333333334,0.8125,0.8813559322033898
544,0.004849619472321587,0.998989898989899,0.9989177489177489,0.9990379990379991,0.9985575189325641,0.9987376014427413,1.013894104205512,0.8571428571428571,0.8888888888888888,0.8333333333333334,0.8,0.8421052631578947
545,0.0004897671133539195,0.9998556998556999,0.9996392496392497,1.0,1.0,0.9998195922785496,1.1196042096656287,0.8412698412698413,0.8888888888888888,0.8055555555555556,0.7741935483870968,0.8275862068965517
546,0.002052440390978762,0.9995670995670995,0.9996392496392497,0.9995189995189995,0.999278759466282,0.999458972046889,1.0616753290528396,0.8412698412698413,0.8888888888888888,0.8055555555555556,0.7741935483870968,0.8275862068965517
547,0.006609586259451246,0.9981240981240981,0.9978354978354979,0.9983164983164983,0.997475658131987,0.9976555455365194,1.1618317708487176,0.8571428571428571,0.8888888888888888,0.8333333333333334,0.8,0.8421052631578947
548,0.004375560064687952,0.9987012987012988,0.9981962481962482,0.9990379990379991,0.9985564778058462,0.9983763305069457,1.0896704716447165,0.8412698412698413,0.8888888888888888,0.8055555555555556,0.7741935483870968,0.8275862068965517
549,0.0024290978167525058,0.998989898989899,0.9985569985569985,0.9992784992784993,0.9989173583543847,0.9987371459498466,1.0714911656451434,0.8412698412698413,0.8888888888888888,0.8055555555555556,0.7741935483870968,0.8275862068965517
550,0.0023999516408293124,0.9994227994227994,0.9992784992784993,0.9995189995189995,0.9992784992784993,0.9992784992784993,0.9635670044817888,0.8412698412698413,0.8888888888888888,0.8055555555555556,0.7741935483870968,0.8275862068965517
551,0.0013313707036247513,0.9997113997113997,0.9996392496392497,0.9997594997594997,0.9996392496392497,0.9996392496392497,1.2148854557391522,0.8412698412698413,0.9259259259259259,0.7777777777777778,0.7575757575757576,0.8333333333333334
552,0.0013527335791478734,0.9995670995670995,0.9996392496392497,0.9995189995189995,0.999278759466282,0.999458972046889,1.0894039700408664,0.8571428571428571,0.8888888888888888,0.8333333333333334,0.8,0.8421052631578947
553,0.006206030758094501,0.998639455782313,0.9983291562238931,0.9987893462469734,0.9974958263772955,0.9979123173277662,0.7922265625545859,0.8412698412698413,0.8888888888888888,0.8055555555555556,0.7741935483870968,0.8275862068965517
554,0.0029200904822539527,0.9991341991341991,0.9985569985569985,0.9995189995189995,0.9992779783393502,0.9989173583543847,1.013688629162581,0.8412698412698413,0.8888888888888888,0.8055555555555556,0.7741935483870968,0.8275862068965517
555,0.0017680041481083195,0.9992784992784993,0.9992784992784993,0.9992784992784993,0.998918139199423,0.9990982867448152,0.8452396953858653,0.9047619047619048,0.9259259259259259,0.8888888888888888,0.8620689655172413,0.8928571428571429
556,0.002689194790223857,0.9992784992784993,0.9989177489177489,0.9995189995189995,0.9992782389029231,0.9990979613927476,1.0646894515929965,0.8571428571428571,0.9259259259259259,0.8055555555555556,0.78125,0.847457627118644
557,0.0006066262786865109,0.9997113997113997,0.9996392496392497,0.9997594997594997,0.9996392496392497,0.9996392496392497,1.2369773794717254,0.8412698412698413,0.8888888888888888,0.8055555555555556,0.7741935483870968,0.8275862068965517
558,0.0033660917028346233,0.9985569985569985,0.9978354978354979,0.9990379990379991,0.9985559566787003,0.9981955972573078,1.2462327934402324,0.8571428571428571,0.9259259259259259,0.8055555555555556,0.78125,0.847457627118644
559,0.0065211442090449614,0.9974025974025974,0.9971139971139971,0.9975949975949976,0.996395097332372,0.996754417598269,1.0216445260079963,0.8253968253968254,0.8888888888888888,0.7777777777777778,0.75,0.8135593220338984
560,0.00040504901391789976,1.0,1.0,1.0,1.0,1.0,1.1426134790678864,0.8412698412698413,0.8888888888888888,0.8055555555555556,0.7741935483870968,0.8275862068965517
561,0.0009265323420141818,0.9997113997113997,0.9996392496392497,0.9997594997594997,0.9996392496392497,0.9996392496392497,1.057497598822003,0.8571428571428571,0.8888888888888888,0.8333333333333334,0.8,0.8421052631578947
562,0.0005575089318386735,0.9998556998556999,0.9996392496392497,1.0,1.0,0.9998195922785496,1.1792190046529838,0.8253968253968254,0.8888888888888888,0.7777777777777778,0.75,0.8135593220338984
563,0.004507645679175026,0.9985569985569985,0.9981962481962482,0.9987974987974988,0.9981962481962482,0.9981962481962482,0.9865740286916244,0.8412698412698413,0.9259259259259259,0.7777777777777778,0.7575757575757576,0.8333333333333334
564,0.003190139475011708,0.9988455988455989,0.9985569985569985,0.9990379990379991,0.9985569985569985,0.9985569985569985,0.8658805827467188,0.8571428571428571,0.8888888888888888,0.8333333333333334,0.8,0.8421052631578947
565,0.0005822831251196838,0.9998556998556999,0.9996392496392497,1.0,1.0,0.9998195922785496,0.8715233269404485,0.8571428571428571,0.8888888888888888,0.8333333333333334,0.8,0.8421052631578947
566,0.0031793705625009347,0.9994227994227994,0.9996392496392497,0.9992784992784993,0.9989185291997116,0.999278759466282,0.9600451994258095,0.873015873015873,0.8888888888888888,0.8611111111111112,0.8275862068965517,0.8571428571428571
567,0.001324746851122632,0.9994227994227994,0.9992784992784993,0.9995189995189995,0.9992784992784993,0.9992784992784993,0.9782002837848036,0.8571428571428571,0.8888888888888888,0.8333333333333334,0.8,0.8421052631578947
568,0.006720059089981119,0.9976911976911977,0.9971139971139971,0.9980759980759981,0.9971139971139971,0.9971139971139971,0.9427190148554574,0.8412698412698413,0.9259259259259259,0.7777777777777778,0.7575757575757576,0.8333333333333334
569,0.00208108012876538,0.9992784992784993,0.9992784992784993,0.9992784992784993,0.998918139199423,0.9990982867448152,0.896496039057277,0.8571428571428571,0.8888888888888888,0.8333333333333334,0.8,0.8421052631578947
570,0.0020761001823983785,0.998989898989899,0.9981962481962482,0.9995189995189995,0.9992777175875768,0.9987366901281357,0.9458009326208701,0.8571428571428571,0.8888888888888888,0.8333333333333334,0.8,0.8421052631578947
571,0.001226416110890059,0.9992784992784993,0.9992784992784993,0.9992784992784993,0.998918139199423,0.9990982867448152,0.9603679417731843,0.8412698412698413,0.8518518518518519,0.8333333333333334,0.7931034482758621,0.8214285714285714
572,0.0022817657057600835,0.9991341991341991,0.9989177489177489,0.9992784992784993,0.9989177489177489,0.9989177489177489,1.1099911824096615,0.8253968253968254,0.8888888888888888,0.7777777777777778,0.75,0.8135593220338984
573,0.002419084794915633,0.9995670995670995,0.9996392496392497,0.9995189995189995,0.999278759466282,0.999458972046889,0.7088435987659197,0.9047619047619048,0.8888888888888888,0.9166666666666666,0.8888888888888888,0.8888888888888888
574,0.001564921667706808,0.9991836734693877,0.9991645781119465,0.9991928974979822,0.998330550918197,0.9987473903966597,0.7795482659556521,0.8888888888888888,0.9259259259259259,0.8611111111111112,0.8333333333333334,0.8771929824561403
575,0.007834445835766073,0.996969696969697,0.9963924963924964,0.9973544973544973,0.9960331770645511,0.9962128043282237,0.7534421622125563,0.9206349206349206,0.9259259259259259,0.9166666666666666,0.8928571428571429,0.9090909090909091
576,0.0024758461319079536,0.9992784992784993,0.9992784992784993,0.9992784992784993,0.998918139199423,0.9990982867448152,0.8311572202282915,0.9206349206349206,0.9259259259259259,0.9166666666666666,0.8928571428571429,0.9090909090909091
577,0.005341109747318151,0.9991341991341991,0.9989177489177489,0.9992784992784993,0.9989177489177489,0.9989177489177489,0.7409967426385033,0.8888888888888888,0.9259259259259259,0.8611111111111112,0.8333333333333334,0.8771929824561403
578,0.002861866240757034,0.998989898989899,0.9985569985569985,0.9992784992784993,0.9989173583543847,0.9987371459498466,0.9549238852057551,0.873015873015873,0.9259259259259259,0.8333333333333334,0.8064516129032258,0.8620689655172413
579,0.0010357883508399863,0.9997113997113997,0.9996392496392497,0.9997594997594997,0.9996392496392497,0.9996392496392497,0.8950473477500112,0.9047619047619048,0.9259259259259259,0.8888888888888888,0.8620689655172413,0.8928571428571429
580,0.0010847424194036562,0.9995670995670995,0.9992784992784993,0.9997594997594997,0.9996391194514616,0.9994587768356485,1.0299823680326794,0.8571428571428571,0.9259259259259259,0.8055555555555556,0.78125,0.847457627118644
581,0.0006085051250277438,1.0,1.0,1.0,1.0,1.0,0.9926567878495599,0.8888888888888888,0.9259259259259259,0.8611111111111112,0.8333333333333334,0.8771929824561403
582,0.006009518274436265,0.9988455988455989,0.9985569985569985,0.9990379990379991,0.9985569985569985,0.9985569985569985,1.1454999197012512,0.8412698412698413,0.9259259259259259,0.7777777777777778,0.7575757575757576,0.8333333333333334
583,0.0041298777252090635,0.9985569985569985,0.9981962481962482,0.9987974987974988,0.9981962481962482,0.9981962481962482,0.8700815428495093,0.9047619047619048,0.9259259259259259,0.8888888888888888,0.8620689655172413,0.8928571428571429
584,0.0014839406226612173,0.9997113997113997,0.9996392496392497,0.9997594997594997,0.9996392496392497,0.9996392496392497,0.8520896840400671,0.873015873015873,0.9259259259259259,0.8333333333333334,0.8064516129032258,0.8620689655172413
585,0.0022810804841248387,0.9995670995670995,1.0,0.9992784992784993,0.9989189189189189,0.9994591671173607,0.6957157098423479,0.9047619047619048,0.9259259259259259,0.8888888888888888,0.8620689655172413,0.8928571428571429
586,0.002847199512728105,0.9994227994227994,0.9992784992784993,0.9995189995189995,0.9992784992784993,0.9992784992784993,0.7340445461330034,0.8888888888888888,0.9259259259259259,0.8611111111111112,0.8333333333333334,0.8771929824561403
587,0.0003455699626095143,1.0,1.0,1.0,1.0,1.0,0.877654155802803,0.8888888888888888,0.9259259259259259,0.8611111111111112,0.8333333333333334,0.8771929824561403
588,0.0001862665675762558,1.0,1.0,1.0,1.0,1.0,0.8562192433537059,0.8888888888888888,0.9259259259259259,0.8611111111111112,0.8333333333333334,0.8771929824561403
589,9.79274625056928e-05,1.0,1.0,1.0,1.0,1.0,0.9232874996400174,0.8888888888888888,0.9259259259259259,0.8611111111111112,0.8333333333333334,0.8771929824561403
590,6.527467027863063e-05,1.0,1.0,1.0,1.0,1.0,1.0043688322848972,0.8888888888888888,0.9259259259259259,0.8611111111111112,0.8333333333333334,0.8771929824561403
591,5.134322407859728e-05,1.0,1.0,1.0,1.0,1.0,1.0063107272106873,0.8888888888888888,0.9259259259259259,0.8611111111111112,0.8333333333333334,0.8771929824561403
592,3.423035698033293e-05,1.0,1.0,1.0,1.0,1.0,1.1304192967682174,0.873015873015873,0.9259259259259259,0.8333333333333334,0.8064516129032258,0.8620689655172413
593,4.962230293267632e-05,1.0,1.0,1.0,1.0,1.0,1.117460996725568,0.8888888888888888,0.9259259259259259,0.8611111111111112,0.8333333333333334,0.8771929824561403
594,0.004706825882765476,0.998989898989899,0.9981962481962482,0.9995189995189995,0.9992777175875768,0.9987366901281357,1.262945028523684,0.8412698412698413,0.9259259259259259,0.7777777777777778,0.7575757575757576,0.8333333333333334
595,0.004358670010279348,0.998639455782313,0.9983291562238931,0.9987893462469734,0.9974958263772955,0.9979123173277662,0.7309266394265236,0.873015873015873,0.9259259259259259,0.8333333333333334,0.8064516129032258,0.8620689655172413
596,0.00652050032273519,0.9975468975468975,0.9971139971139971,0.9978354978354979,0.996754417598269,0.9969341749323715,0.7039754845452354,0.9047619047619048,0.9259259259259259,0.8888888888888888,0.8620689655172413,0.8928571428571429
597,0.0016465861609744087,0.9995670995670995,0.9996392496392497,0.9995189995189995,0.999278759466282,0.999458972046889,0.7622834951329828,0.8888888888888888,0.9259259259259259,0.8611111111111112,0.8333333333333334,0.8771929824561403
598,0.0002705915358610569,1.0,1.0,1.0,1.0,1.0,0.8166720746757785,0.9047619047619048,0.9259259259259259,0.8888888888888888,0.8620689655172413,0.8928571428571429
599,0.00384603098547819,0.998989898989899,0.9985569985569985,0.9992784992784993,0.9989173583543847,0.9987371459498466,0.87998939973523,0.8888888888888888,0.9259259259259259,0.8611111111111112,0.8333333333333334,0.8771929824561403
600,0.004899211076342877,0.9981240981240981,0.9971139971139971,0.9987974987974988,0.9981942939689419,0.9976538530951092,0.9675605188507083,0.8571428571428571,0.9259259259259259,0.8055555555555556,0.78125,0.847457627118644
601,0.003109861052550814,0.9991341991341991,0.9989177489177489,0.9992784992784993,0.9989177489177489,0.9989177489177489,0.7691724469657365,0.873015873015873,0.8888888888888888,0.8611111111111112,0.8275862068965517,0.8571428571428571
602,0.0009695636016603561,0.9997113997113997,0.9992784992784993,1.0,1.0,0.9996391194514616,0.8299166297133308,0.873015873015873,0.8888888888888888,0.8611111111111112,0.8275862068965517,0.8571428571428571
603,0.0016530063204537495,0.9997113997113997,0.9996392496392497,0.9997594997594997,0.9996392496392497,0.9996392496392497,0.8416955485296808,0.9047619047619048,0.8888888888888888,0.9166666666666666,0.8888888888888888,0.8888888888888888
604,0.00515863502542217,0.9989115646258503,0.9983291562238931,0.9991928974979822,0.9983291562238931,0.9983291562238931,0.7650763577851375,0.8412698412698413,0.9259259259259259,0.7777777777777778,0.7575757575757576,0.8333333333333334
605,0.003648747374811339,0.9982683982683983,0.9981962481962482,0.9983164983164983,0.9974765681326604,0.997836278398846,0.7417262035334484,0.9047619047619048,0.8888888888888888,0.9166666666666666,0.8888888888888888,0.8888888888888888
606,0.0015679693946997432,0.9995670995670995,0.9996392496392497,0.9995189995189995,0.999278759466282,0.999458972046889,0.7195382526760878,0.8888888888888888,0.8888888888888888,0.8888888888888888,0.8571428571428571,0.8727272727272727
607,0.0019161934865579546,0.9991341991341991,0.9989177489177489,0.9992784992784993,0.9989177489177489,0.9989177489177489,0.8481275848872241,0.8888888888888888,0.8888888888888888,0.8888888888888888,0.8571428571428571,0.8727272727272727
608,0.0005556718275565564,1.0,1.0,1.0,1.0,1.0,0.8233791771279011,0.8888888888888888,0.8888888888888888,0.8888888888888888,0.8571428571428571,0.8727272727272727
609,0.004158923336564937,0.998989898989899,0.9985569985569985,0.9992784992784993,0.9989173583543847,0.9987371459498466,0.6906663577539716,0.9206349206349206,0.9259259259259259,0.9166666666666666,0.8928571428571429,0.9090909090909091
610,0.0046322774124162485,0.9987012987012988,0.9989177489177489,0.9985569985569985,0.9978378378378379,0.9983775013520823,0.666237447449165,0.8888888888888888,0.9629629629629629,0.8333333333333334,0.8125,0.8813559322033898
611,0.003881360746460387,0.998639455782313,0.9983291562238931,0.9987893462469734,0.9974958263772955,0.9979123173277662,0.5425073742378681,0.9206349206349206,0.9629629629629629,0.8888888888888888,0.8666666666666667,0.9122807017543859
612,0.005740850606612926,0.9992784992784993,0.9985569985569985,0.9997594997594997,0.9996388587937883,0.9990976358058112,0.5974925479464536,0.9047619047619048,0.9259259259259259,0.8888888888888888,0.8620689655172413,0.8928571428571429
613,0.0009082267441367529,0.9998556998556999,1.0,0.9997594997594997,0.999639379733141,0.999819657348963,0.7586251624920733,0.8888888888888888,0.9629629629629629,0.8333333333333334,0.8125,0.8813559322033898
614,0.0003329296755576791,1.0,1.0,1.0,1.0,1.0,0.7169036286911236,0.8888888888888888,0.9259259259259259,0.8611111111111112,0.8333333333333334,0.8771929824561403
615,0.00025761439117226,1.0,1.0,1.0,1.0,1.0,0.9005822959881611,0.8571428571428571,0.9259259259259259,0.8055555555555556,0.78125,0.847457627118644
616,0.003153349501533931,0.9991341991341991,0.9989177489177489,0.9992784992784993,0.9989177489177489,0.9989177489177489,0.8203934437699482,0.9047619047619048,0.9629629629629629,0.8611111111111112,0.8387096774193549,0.896551724137931
617,0.004335333758952147,0.9978354978354979,0.9974747474747475,0.9980759980759981,0.997115037865128,0.9972948602344455,0.9376808430713445,0.8571428571428571,0.9629629629629629,0.7777777777777778,0.7647058823529411,0.8524590163934426
618,0.002966189496071329,0.9995670995670995,0.9996392496392497,0.9995189995189995,0.999278759466282,0.999458972046889,0.8380615446004658,0.8888888888888888,0.9259259259259259,0.8611111111111112,0.8333333333333334,0.8771929824561403
619,0.0008221132385654515,0.9998556998556999,0.9996392496392497,1.0,1.0,0.9998195922785496,1.034054822433713,0.873015873015873,0.9629629629629629,0.8055555555555556,0.7878787878787878,0.8666666666666667
620,0.0047311490969836716,0.9988455988455989,0.9985569985569985,0.9990379990379991,0.9985569985569985,0.9985569985569985,0.6250867277764002,0.8888888888888888,0.9259259259259259,0.8611111111111112,0.8333333333333334,0.8771929824561403
621,0.0015798442823864273,0.9995670995670995,0.9996392496392497,0.9995189995189995,0.999278759466282,0.999458972046889,0.7281943837029209,0.8888888888888888,0.9259259259259259,0.8611111111111112,0.8333333333333334,0.8771929824561403
622,0.0024733751874940146,0.9991836734693877,0.9983291562238931,0.9995964487489911,0.9991638795986622,0.9987463435018805,1.0958578043907423,0.8412698412698413,0.9629629629629629,0.75,0.7428571428571429,0.8387096774193549
623,0.004013251782192773,0.9987012987012988,0.9985569985569985,0.9987974987974988,0.998196898665705,0.9983769161406673,0.8610072981293978,0.873015873015873,0.9259259259259259,0.8333333333333334,0.8064516129032258,0.8620689655172413
624,0.002429384347400271,0.9992784992784993,0.9985569985569985,0.9997594997594997,0.9996388587937883,0.9990976358058112,1.0424149815046961,0.8571428571428571,0.9629629629629629,0.7777777777777778,0.7647058823529411,0.8524590163934426
625,0.003108817155786735,0.998989898989899,0.9989177489177489,0.9990379990379991,0.9985575189325641,0.9987376014427413,1.0508484488460195,0.8888888888888888,0.9629629629629629,0.8333333333333334,0.8125,0.8813559322033898
626,0.011446105491389365,0.9964625850340136,0.9958228905597326,0.9967715899919289,0.9933333333333333,0.9945765540258656,0.5599904263499267,0.9206349206349206,0.9629629629629629,0.8888888888888888,0.8666666666666667,0.9122807017543859
627,0.003424574217232348,0.9991341991341991,0.9992784992784993,0.9990379990379991,0.9985580389329488,0.998918139199423,0.7784404120341476,0.873015873015873,0.9259259259259259,0.8333333333333334,0.8064516129032258,0.8620689655172413
628,0.0011767480850515722,0.9997113997113997,0.9996392496392497,0.9997594997594997,0.9996392496392497,0.9996392496392497,0.971154826410283,0.8888888888888888,0.9259259259259259,0.8611111111111112,0.8333333333333334,0.8771929824561403
629,0.0007570318560268903,0.9998556998556999,1.0,0.9997594997594997,0.999639379733141,0.999819657348963,0.9092680009967548,0.873015873015873,0.8888888888888888,0.8611111111111112,0.8275862068965517,0.8571428571428571
630,0.0001938044319634148,1.0,1.0,1.0,1.0,1.0,1.10052083261034,0.8888888888888888,0.9259259259259259,0.8611111111111112,0.8333333333333334,0.8771929824561403
631,0.001189840801922679,0.9997113997113997,0.9996392496392497,0.9997594997594997,0.9996392496392497,0.9996392496392497,1.2202858335143583,0.8412698412698413,0.9259259259259259,0.7777777777777778,0.7575757575757576,0.8333333333333334
632,0.002930901394405603,0.998989898989899,0.9985569985569985,0.9992784992784993,0.9989173583543847,0.9987371459498466,0.9540708024135147,0.873015873015873,0.9259259259259259,0.8333333333333334,0.8064516129032258,0.8620689655172413
633,0.0022544588869608754,0.9994227994227994,0.9992784992784993,0.9995189995189995,0.9992784992784993,0.9992784992784993,0.9062934018474484,0.873015873015873,0.9629629629629629,0.8055555555555556,0.7878787878787878,0.8666666666666667
634,0.004109599592137084,0.998639455782313,0.9983291562238931,0.9987893462469734,0.9974958263772955,0.9979123173277662,0.800864078049984,0.8412698412698413,0.9629629629629629,0.75,0.7428571428571429,0.8387096774193549
635,0.0023201195166962117,0.9991341991341991,0.9989177489177489,0.9992784992784993,0.9989177489177489,0.9989177489177489,0.7333576633998689,0.873015873015873,0.9629629629629629,0.8055555555555556,0.7878787878787878,0.8666666666666667
636,0.0025147768435186063,0.9991341991341991,0.9989177489177489,0.9992784992784993,0.9989177489177489,0.9989177489177489,0.8709531112265448,0.8412698412698413,0.9259259259259259,0.7777777777777778,0.7575757575757576,0.8333333333333334
637,0.0009895731369935338,0.9997113997113997,0.9996392496392497,0.9997594997594997,0.9996392496392497,0.9996392496392497,0.9729405605149435,0.8571428571428571,0.9259259259259259,0.8055555555555556,0.78125,0.847457627118644
638,0.002628026923886935,0.9995670995670995,0.9996392496392497,0.9995189995189995,0.999278759466282,0.999458972046889,1.2090998724677429,0.873015873015873,0.9629629629629629,0.8055555555555556,0.7878787878787878,0.8666666666666667
639,0.0034966817145508458,0.9987012987012988,0.9985569985569985,0.9987974987974988,0.998196898665705,0.9983769161406673,0.8434494300155266,0.8888888888888888,0.9629629629629629,0.8333333333333334,0.8125,0.8813559322033898
640,0.0017128595787800455,0.9994227994227994,0.9992784992784993,0.9995189995189995,0.9992784992784993,0.9992784992784993,0.8233481391290542,0.873015873015873,0.9259259259259259,0.8333333333333334,0.8064516129032258,0.8620689655172413
641,0.0021724415365939687,0.9991341991341991,0.9985569985569985,0.9995189995189995,0.9992779783393502,0.9989173583543847,1.115045438470516,0.8412698412698413,0.9259259259259259,0.7777777777777778,0.7575757575757576,0.8333333333333334
642,0.005162994730116701,0.9982683982683983,0.9974747474747475,0.9987974987974988,0.9981949458483754,0.9978347167087694,0.7665001145001115,0.873015873015873,0.9629629629629629,0.8055555555555556,0.7878787878787878,0.8666666666666667
643,0.0012629275272603839,0.9994227994227994,0.9992784992784993,0.9995189995189995,0.9992784992784993,0.9992784992784993,1.0190635897954399,0.8412698412698413,0.9259259259259259,0.7777777777777778,0.7575757575757576,0.8333333333333334
644,0.0027849082313619626,0.9987012987012988,0.9985569985569985,0.9987974987974988,0.998196898665705,0.9983769161406673,0.9468677626868561,0.8888888888888888,0.8888888888888888,0.8888888888888888,0.8571428571428571,0.8727272727272727
645,0.00562548239015971,0.997979797979798,0.9963924963924964,0.9990379990379991,0.9985538684020245,0.9974720115565185,0.8970456602842277,0.8571428571428571,0.9259259259259259,0.8055555555555556,0.78125,0.847457627118644
646,0.0007775358387850337,0.9998556998556999,1.0,0.9997594997594997,0.999639379733141,0.999819657348963,1.1012814302021214,0.8253968253968254,0.9259259259259259,0.75,0.7352941176470589,0.819672131147541
647,0.0012271055551576445,0.9991836734693877,0.9983291562238931,0.9995964487489911,0.9991638795986622,0.9987463435018805,0.9106643265354611,0.8095238095238095,0.9259259259259259,0.7222222222222222,0.7142857142857143,0.8064516129032258
648,0.005255819052724552,0.9987012987012988,0.9985569985569985,0.9987974987974988,0.998196898665705,0.9983769161406673,1.0272029553497781,0.8571428571428571,0.9259259259259259,0.8055555555555556,0.78125,0.847457627118644
649,0.0002610532939401504,1.0,1.0,1.0,1.0,1.0,1.0729483665485213,0.8571428571428571,0.9259259259259259,0.8055555555555556,0.78125,0.847457627118644
650,0.0033593571254829247,0.9992784992784993,0.9989177489177489,0.9995189995189995,0.9992782389029231,0.9990979613927476,0.9454782365374408,0.8412698412698413,0.9259259259259259,0.7777777777777778,0.7575757575757576,0.8333333333333334
651,0.0002413886233145478,1.0,1.0,1.0,1.0,1.0,0.9543310268343211,0.8571428571428571,0.9259259259259259,0.8055555555555556,0.78125,0.847457627118644
652,0.0001865746431701232,1.0,1.0,1.0,1.0,1.0,1.100249669883808,0.8412698412698413,0.9259259259259259,0.7777777777777778,0.7575757575757576,0.8333333333333334
653,0.0011524284822938514,0.9997113997113997,0.9996392496392497,0.9997594997594997,0.9996392496392497,0.9996392496392497,1.0519162349981575,0.8571428571428571,0.9259259259259259,0.8055555555555556,0.78125,0.847457627118644
654,0.004509262267888838,0.9988455988455989,0.9985569985569985,0.9990379990379991,0.9985569985569985,0.9985569985569985,0.9552593089274379,0.8253968253968254,0.9259259259259259,0.75,0.7352941176470589,0.819672131147541
655,0.004442238959106859,0.9985569985569985,0.9985569985569985,0.9985569985569985,0.9978370583994232,0.998196898665705,0.7529533353921983,0.8571428571428571,0.9259259259259259,0.8055555555555556,0.78125,0.847457627118644
656,0.0012681967094847226,0.9995670995670995,0.9992784992784993,0.9997594997594997,0.9996391194514616,0.9994587768356485,1.0595124751788616,0.8095238095238095,0.9259259259259259,0.7222222222222222,0.7142857142857143,0.8064516129032258
657,0.002084596373040565,0.9992784992784993,0.9992784992784993,0.9992784992784993,0.998918139199423,0.9990982867448152,1.0372175138948636,0.8253968253968254,0.8888888888888888,0.7777777777777778,0.75,0.8135593220338984
658,0.0025500879279303974,0.9994227994227994,0.9992784992784993,0.9995189995189995,0.9992784992784993,0.9992784992784993,0.7991310750627553,0.8571428571428571,0.9259259259259259,0.8055555555555556,0.78125,0.847457627118644
659,0.0021767514672009795,0.998989898989899,0.9989177489177489,0.9990379990379991,0.9985575189325641,0.9987376014427413,0.7916626953888443,0.873015873015873,0.8518518518518519,0.8888888888888888,0.8518518518518519,0.8518518518518519
660,0.0003246687902605338,1.0,1.0,1.0,1.0,1.0,1.0023686105283156,0.8253968253968254,0.8888888888888888,0.7777777777777778,0.75,0.8135593220338984
661,0.0019608762572797603,0.9991836734693877,0.9991645781119465,0.9991928974979822,0.998330550918197,0.9987473903966597,0.8472562640412405,0.873015873015873,0.8888888888888888,0.8611111111111112,0.8275862068965517,0.8571428571428571
662,0.0023863068842903813,0.9991341991341991,0.9989177489177489,0.9992784992784993,0.9989177489177489,0.9989177489177489,1.2091447796095067,0.8095238095238095,0.8518518518518519,0.7777777777777778,0.7419354838709677,0.7931034482758621
663,0.0034083249617028353,0.9987012987012988,0.9981962481962482,0.9990379990379991,0.9985564778058462,0.9983763305069457,0.8774024922513346,0.8571428571428571,0.9259259259259259,0.8055555555555556,0.78125,0.847457627118644
664,0.0033831016898730644,0.9991341991341991,0.9985569985569985,0.9995189995189995,0.9992779783393502,0.9989173583543847,0.8602590352763241,0.8571428571428571,0.9259259259259259,0.8055555555555556,0.78125,0.847457627118644
665,0.0013952692208385078,0.9995670995670995,0.9996392496392497,0.9995189995189995,0.999278759466282,0.999458972046889,0.7873269408818098,0.8571428571428571,0.8888888888888888,0.8333333333333334,0.8,0.8421052631578947
666,0.00017436223505175403,1.0,1.0,1.0,1.0,1.0,0.8113624577716341,0.8571428571428571,0.8888888888888888,0.8333333333333334,0.8,0.8421052631578947
667,0.0024836611409693675,0.9994227994227994,0.9989177489177489,0.9997594997594997,0.9996389891696751,0.9992782389029231,0.9912486118928788,0.8412698412698413,0.9259259259259259,0.7777777777777778,0.7575757575757576,0.8333333333333334
668,0.0038820503639888093,0.9988455988455989,0.9985569985569985,0.9990379990379991,0.9985569985569985,0.9985569985569985,0.9289225164855683,0.873015873015873,0.8888888888888888,0.8611111111111112,0.8275862068965517,0.8571428571428571
669,0.0048580879168245395,0.998639455782313,0.9974937343358395,0.9991928974979822,0.9983277591973244,0.9979105725031342,0.790869958170261,0.8571428571428571,0.9259259259259259,0.8055555555555556,0.78125,0.847457627118644
670,0.004531704236766756,0.9984126984126984,0.9978354978354979,0.9987974987974988,0.9981955972573078,0.9980155150640447,1.1099601132501982,0.8253968253968254,0.8888888888888888,0.7777777777777778,0.75,0.8135593220338984
671,0.0008820517600445455,0.9997113997113997,0.9996392496392497,0.9997594997594997,0.9996392496392497,0.9996392496392497,1.3603184866522728,0.8095238095238095,0.9259259259259259,0.7222222222222222,0.7142857142857143,0.8064516129032258
672,0.002870540331382321,0.9985569985569985,0.9985569985569985,0.9985569985569985,0.9978370583994232,0.998196898665705,0.8613503721971271,0.8888888888888888,0.8888888888888888,0.8888888888888888,0.8571428571428571,0.8727272727272727
673,0.0017442829273699853,0.9995670995670995,0.9996392496392497,0.9995189995189995,0.999278759466282,0.999458972046889,1.0854366156768915,0.8571428571428571,0.9259259259259259,0.8055555555555556,0.78125,0.847457627118644
674,0.002420591422074541,0.998989898989899,0.9989177489177489,0.9990379990379991,0.9985575189325641,0.9987376014427413,1.1816963704804804,0.8095238095238095,0.8888888888888888,0.75,0.7272727272727273,0.8
675,0.0023772564386577177,0.9994227994227994,0.9992784992784993,0.9995189995189995,0.9992784992784993,0.9992784992784993,1.076201511747116,0.8095238095238095,0.8888888888888888,0.75,0.7272727272727273,0.8
676,0.0008332309464257316,0.9997113997113997,0.9996392496392497,0.9997594997594997,0.9996392496392497,0.9996392496392497,1.073557429842497,0.8253968253968254,0.8888888888888888,0.7777777777777778,0.75,0.8135593220338984
677,0.0020298054554706425,0.9992784992784993,0.9989177489177489,0.9995189995189995,0.9992782389029231,0.9990979613927476,1.1169861933523197,0.8253968253968254,0.8518518518518519,0.8055555555555556,0.7666666666666667,0.8070175438596491
678,0.001550698647193597,0.9995670995670995,0.9996392496392497,0.9995189995189995,0.999278759466282,0.999458972046889,0.9277853232523205,0.8253968253968254,0.9259259259259259,0.75,0.7352941176470589,0.819672131147541
679,0.00012718460813714366,1.0,1.0,1.0,1.0,1.0,0.946994426231247,0.873015873015873,0.8888888888888888,0.8611111111111112,0.8275862068965517,0.8571428571428571
680,0.0001981416159965081,1.0,1.0,1.0,1.0,1.0,0.9321316955832204,0.8888888888888888,0.8888888888888888,0.8888888888888888,0.8571428571428571,0.8727272727272727
681,0.0041041399390347585,0.998989898989899,0.9985569985569985,0.9992784992784993,0.9989173583543847,0.9987371459498466,1.2615659918091484,0.8412698412698413,0.8888888888888888,0.8055555555555556,0.7741935483870968,0.8275862068965517
682,0.004704631697379697,0.9989115646258503,0.9974937343358395,0.9995964487489911,0.999163179916318,0.9983277591973244,1.1357142243452096,0.8253968253968254,0.9629629629629629,0.7222222222222222,0.7222222222222222,0.8253968253968254
683,0.005097126019574105,0.998989898989899,0.9989177489177489,0.9990379990379991,0.9985575189325641,0.9987376014427413,0.7565315564435358,0.8888888888888888,0.9259259259259259,0.8611111111111112,0.8333333333333334,0.8771929824561403
684,0.0003191768467522011,1.0,1.0,1.0,1.0,1.0,0.8242088064603411,0.9206349206349206,0.9259259259259259,0.9166666666666666,0.8928571428571429,0.9090909090909091
685,0.0015051310064853663,0.9997113997113997,0.9996392496392497,0.9997594997594997,0.9996392496392497,0.9996392496392497,0.9824123287954492,0.8888888888888888,0.9259259259259259,0.8611111111111112,0.8333333333333334,0.8771929824561403
686,0.0016352948747215537,0.9992784992784993,0.9992784992784993,0.9992784992784993,0.998918139199423,0.9990982867448152,0.9740835197615467,0.8888888888888888,0.9629629629629629,0.8333333333333334,0.8125,0.8813559322033898
687,0.007744236770485381,0.9976911976911977,0.9967532467532467,0.9983164983164983,0.9974729241877256,0.9971129556116926,0.7237013619904045,0.9365079365079365,0.9629629629629629,0.9166666666666666,0.896551724137931,0.9285714285714286
688,0.00045276059299401004,1.0,1.0,1.0,1.0,1.0,0.7506608392861727,0.9206349206349206,0.9629629629629629,0.8888888888888888,0.8666666666666667,0.9122807017543859
689,0.0016803435043095838,0.9991836734693877,0.9991645781119465,0.9991928974979822,0.998330550918197,0.9987473903966597,0.8448410949701307,0.9047619047619048,0.9259259259259259,0.8888888888888888,0.8620689655172413,0.8928571428571429
690,0.003562456619474845,0.9988455988455989,0.9981962481962482,0.9992784992784993,0.9989169675090253,0.9985564778058462,0.8923649444181109,0.8888888888888888,0.9259259259259259,0.8611111111111112,0.8333333333333334,0.8771929824561403
691,0.00259227892880966,0.9994227994227994,0.9989177489177489,0.9997594997594997,0.9996389891696751,0.9992782389029231,0.847238858417739,0.873015873015873,0.8888888888888888,0.8611111111111112,0.8275862068965517,0.8571428571428571
692,0.002251928786591853,0.9992784992784993,0.9996392496392497,0.9990379990379991,0.9985585585585586,0.9990986118622679,0.8728944602903322,0.9047619047619048,0.8888888888888888,0.9166666666666666,0.8888888888888888,0.8888888888888888
693,0.0006126794179069606,0.9998556998556999,0.9996392496392497,1.0,1.0,0.9998195922785496,0.8097583104983122,0.8888888888888888,0.8888888888888888,0.8888888888888888,0.8571428571428571,0.8727272727272727
694,0.0004114899969764386,0.9998556998556999,0.9996392496392497,1.0,1.0,0.9998195922785496,0.9857382168531966,0.873015873015873,0.8888888888888888,0.8611111111111112,0.8275862068965517,0.8571428571428571
695,0.0028478259328510863,0.9992784992784993,0.9992784992784993,0.9992784992784993,0.998918139199423,0.9990982867448152,1.040793903970271,0.8571428571428571,0.8888888888888888,0.8333333333333334,0.8,0.8421052631578947
696,0.002096719290575217,0.9997113997113997,0.9996392496392497,0.9997594997594997,0.9996392496392497,0.9996392496392497,0.9332713389788599,0.8888888888888888,0.9259259259259259,0.8611111111111112,0.8333333333333334,0.8771929824561403
697,0.00023596183262396633,1.0,1.0,1.0,1.0,1.0,1.11313740524366,0.8888888888888888,0.9259259259259259,0.8611111111111112,0.8333333333333334,0.8771929824561403
698,0.005708541897859375,0.9989115646258503,1.0,0.9983857949959645,0.9966694421315571,0.9983319432860718,0.7282795408379844,0.9047619047619048,0.9259259259259259,0.8888888888888888,0.8620689655172413,0.8928571428571429
699,0.003814256667021496,0.9985569985569985,0.9985569985569985,0.9985569985569985,0.9978370583994232,0.998196898665705,0.8926391068052331,0.8888888888888888,0.9259259259259259,0.8611111111111112,0.8333333333333334,0.8771929824561403
700,0.00206949688916547,0.9991341991341991,0.9985569985569985,0.9995189995189995,0.9992779783393502,0.9989173583543847,0.8415663883252631,0.873015873015873,0.8888888888888888,0.8611111111111112,0.8275862068965517,0.8571428571428571
