Epoch,Loss,Accuracy,Sensitivity,Specificity,Precision,F1,Validation Loss,Validation Accuracy,Validation Sensitivity,Validation Specificity,Validation Precision,Validation F1
1,0.012643497198923858,0.9961904761904762,0.9949874686716792,0.9967715899919289,0.9933277731442869,0.9941569282136895,0.7865857504722145,0.8412698412698413,0.9629629629629629,0.75,0.7428571428571429,0.8387096774193549
2,0.009533819516187812,0.9975510204081632,0.9966583124477861,0.9979822437449556,0.9958263772954925,0.9962421711899792,0.8688404531114631,0.7777777777777778,0.8888888888888888,0.6944444444444444,0.6857142857142857,0.7741935483870968
3,0.004872500642510068,0.9989115646258503,0.9983291562238931,0.9991928974979822,0.9983291562238931,0.9983291562238931,0.9041658911321845,0.7936507936507936,0.9259259259259259,0.6944444444444444,0.6944444444444444,0.7936507936507936
4,0.0006848464231006802,1.0,1.0,1.0,1.0,1.0,1.158280916667233,0.7936507936507936,0.9259259259259259,0.6944444444444444,0.6944444444444444,0.7936507936507936
5,0.00033900939624243397,1.0,1.0,1.0,1.0,1.0,1.0513411457354704,0.8095238095238095,0.9259259259259259,0.7222222222222222,0.7142857142857143,0.8064516129032258
6,0.011761207128019662,0.996734693877551,0.9949874686716792,0.9975786924939467,0.9949874686716792,0.9949874686716792,0.506567479155603,0.8095238095238095,0.9259259259259259,0.7222222222222222,0.7142857142857143,0.8064516129032258
7,0.1672758861074646,0.9352092352092352,0.9108946608946609,0.9514189514189514,0.9259259259259259,0.9183487906892163,0.4198657383935319,0.8412698412698413,0.8888888888888888,0.8055555555555556,0.7741935483870968,0.8275862068965517
8,0.00675222000377617,0.9983673469387755,0.9966583124477861,0.9991928974979822,0.998326359832636,0.9974916387959866,0.6638599999160284,0.8253968253968254,0.9259259259259259,0.75,0.7352941176470589,0.819672131147541
9,0.005146635678053523,0.9983673469387755,0.9958228905597326,0.9995964487489911,0.9991617770326907,0.9974895397489539,1.0753799471560688,0.7619047619047619,0.9259259259259259,0.6388888888888888,0.6578947368421053,0.7692307692307693
10,0.0014764403592285123,1.0,1.0,1.0,1.0,1.0,0.6084259536693848,0.8412698412698413,0.8888888888888888,0.8055555555555556,0.7741935483870968,0.8275862068965517
11,0.007625673378597577,0.9989115646258503,0.9991645781119465,0.9987893462469734,0.9974979149291076,0.998330550918197,0.5628835570052384,0.7777777777777778,0.8518518518518519,0.7222222222222222,0.696969696969697,0.7666666666666667
12,0.004015301574167295,0.9991836734693877,0.9991645781119465,0.9991928974979822,0.998330550918197,0.9987473903966597,0.771069346287746,0.8095238095238095,0.9259259259259259,0.7222222222222222,0.7142857142857143,0.8064516129032258
13,0.0005236062931520928,1.0,1.0,1.0,1.0,1.0,0.8642763923299277,0.8095238095238095,0.9259259259259259,0.7222222222222222,0.7142857142857143,0.8064516129032258
14,0.0004501680858024605,1.0,1.0,1.0,1.0,1.0,0.8560069876941039,0.7936507936507936,0.8888888888888888,0.7222222222222222,0.7058823529411765,0.7868852459016393
15,0.00027516079335798173,1.0,1.0,1.0,1.0,1.0,1.0532343744924884,0.7936507936507936,0.8888888888888888,0.7222222222222222,0.7058823529411765,0.7868852459016393
16,0.0001740415749768885,1.0,1.0,1.0,1.0,1.0,1.2201273834354998,0.7777777777777778,0.8888888888888888,0.6944444444444444,0.6857142857142857,0.7741935483870968
17,0.008440952002748746,0.9975510204081632,0.9958228905597326,0.9983857949959645,0.9966555183946488,0.9962390305056414,0.9819784350693226,0.7619047619047619,0.9259259259259259,0.6388888888888888,0.6578947368421053,0.7692307692307693
18,0.0008224758010184975,1.0,1.0,1.0,1.0,1.0,2.078027460310194,0.6666666666666666,0.8888888888888888,0.5,0.5714285714285714,0.6956521739130435
19,0.0029415103836502995,0.9991836734693877,0.9991645781119465,0.9991928974979822,0.998330550918197,0.9987473903966597,1.1351264480700982,0.8095238095238095,0.9629629629629629,0.6944444444444444,0.7027027027027027,0.8125
20,0.0009889202479781507,0.9994557823129252,0.9991645781119465,0.9995964487489911,0.9991645781119465,0.9991645781119465,1.448570577398179,0.746031746031746,0.7777777777777778,0.7222222222222222,0.6774193548387096,0.7241379310344828
21,0.001736705441453152,0.9997278911564625,0.9991645781119465,1.0,1.0,0.9995821145006268,1.0920288015216115,0.7936507936507936,0.9259259259259259,0.6944444444444444,0.6944444444444444,0.7936507936507936
22,0.00015430839506388154,1.0,1.0,1.0,1.0,1.0,1.476392977813717,0.7777777777777778,0.9259259259259259,0.6666666666666666,0.6756756756756757,0.78125
23,0.00012207920577529135,1.0,1.0,1.0,1.0,1.0,1.3473738145123841,0.7619047619047619,0.8888888888888888,0.6666666666666666,0.6666666666666666,0.7619047619047619
24,0.005295705431797082,0.998639455782313,0.9974937343358395,0.9991928974979822,0.9983277591973244,0.9979105725031342,1.58653291303014,0.746031746031746,0.8888888888888888,0.6388888888888888,0.6486486486486487,0.75
25,0.000284502710234358,1.0,1.0,1.0,1.0,1.0,1.882888536604624,0.746031746031746,0.9259259259259259,0.6111111111111112,0.6410256410256411,0.7575757575757576
26,0.0008520954024637844,0.9997278911564625,0.9991645781119465,1.0,1.0,0.9995821145006268,1.8976520640509469,0.746031746031746,0.9259259259259259,0.6111111111111112,0.6410256410256411,0.7575757575757576
27,7.961342857114545e-05,1.0,1.0,1.0,1.0,1.0,1.9724797568623982,0.7619047619047619,0.9629629629629629,0.6111111111111112,0.65,0.7761194029850746
28,0.20446957201141902,0.9222222222222223,0.8957431457431457,0.9398749398749399,0.9085254299304794,0.9020890099909173,0.32700557888500276,0.873015873015873,0.9629629629629629,0.8055555555555556,0.7878787878787878,0.8666666666666667
29,0.006286730214828296,0.9991836734693877,0.9983291562238931,0.9995964487489911,0.9991638795986622,0.9987463435018805,0.5095508358189984,0.8888888888888888,0.9629629629629629,0.8333333333333334,0.8125,0.8813559322033898
30,0.0016646082897600876,0.9997278911564625,1.0,0.9995964487489911,0.9991652754590985,0.9995824634655532,0.7624725150387912,0.8095238095238095,0.9629629629629629,0.6944444444444444,0.7027027027027027,0.8125
31,0.0008499719739771213,1.0,1.0,1.0,1.0,1.0,0.7636402597916978,0.8412698412698413,0.9629629629629629,0.75,0.7428571428571429,0.8387096774193549
32,0.00035625291317479597,1.0,1.0,1.0,1.0,1.0,0.7554514211868602,0.8571428571428571,0.9629629629629629,0.7777777777777778,0.7647058823529411,0.8524590163934426
33,0.0002579791511671909,1.0,1.0,1.0,1.0,1.0,0.819478107433367,0.8253968253968254,0.9629629629629629,0.7222222222222222,0.7222222222222222,0.8253968253968254
34,0.00020846836336216808,1.0,1.0,1.0,1.0,1.0,0.751118622499422,0.8888888888888888,0.9629629629629629,0.8333333333333334,0.8125,0.8813559322033898
35,0.0042164634947497144,0.9989115646258503,0.9974937343358395,0.9995964487489911,0.999163179916318,0.9983277591973244,0.6955585353638208,0.8571428571428571,0.8888888888888888,0.8333333333333334,0.8,0.8421052631578947
36,0.00491128349278382,0.9983673469387755,0.9991645781119465,0.9979822437449556,0.9958368026644463,0.9974979149291076,0.981736254035717,0.7777777777777778,0.9259259259259259,0.6666666666666666,0.6756756756756757,0.78125
37,0.0006318711851237241,1.0,1.0,1.0,1.0,1.0,1.3466952831026107,0.7301587301587301,0.8518518518518519,0.6388888888888888,0.6388888888888888,0.7301587301587301
38,0.00041038893734589597,1.0,1.0,1.0,1.0,1.0,1.4897945009999805,0.7619047619047619,0.9259259259259259,0.6388888888888888,0.6578947368421053,0.7692307692307693
39,0.00027455352850022354,1.0,1.0,1.0,1.0,1.0,1.0625089980506648,0.8412698412698413,0.9259259259259259,0.7777777777777778,0.7575757575757576,0.8333333333333334
40,0.00011842155256795658,1.0,1.0,1.0,1.0,1.0,1.1974112231613299,0.8095238095238095,0.9259259259259259,0.7222222222222222,0.7142857142857143,0.8064516129032258
41,0.006488591452654044,0.9980952380952381,0.9966583124477861,0.9987893462469734,0.9974916387959866,0.9970748015043878,0.9338846054696848,0.7777777777777778,0.8888888888888888,0.6944444444444444,0.6857142857142857,0.7741935483870968
42,0.0020934201892188965,0.9994557823129252,0.9991645781119465,0.9995964487489911,0.9991645781119465,0.9991645781119465,0.9878074684815984,0.7777777777777778,0.8888888888888888,0.6944444444444444,0.6857142857142857,0.7741935483870968
43,0.00021808503436022256,1.0,1.0,1.0,1.0,1.0,1.205198426124832,0.7619047619047619,0.8888888888888888,0.6666666666666666,0.6666666666666666,0.7619047619047619
44,0.00022391402788244846,1.0,1.0,1.0,1.0,1.0,1.1518512607906901,0.7936507936507936,0.9259259259259259,0.6944444444444444,0.6944444444444444,0.7936507936507936
45,0.00011050569228839832,1.0,1.0,1.0,1.0,1.0,1.2512696804367893,0.7777777777777778,0.8888888888888888,0.6944444444444444,0.6857142857142857,0.7741935483870968
46,6.641756588566199e-05,1.0,1.0,1.0,1.0,1.0,1.2743549685821765,0.7936507936507936,0.9259259259259259,0.6944444444444444,0.6944444444444444,0.7936507936507936
47,5.266672114811051e-05,1.0,1.0,1.0,1.0,1.0,1.378633135427085,0.7777777777777778,0.9259259259259259,0.6666666666666666,0.6756756756756757,0.78125
48,0.18593847033222344,0.9275613275613276,0.8993506493506493,0.9463684463684464,0.9178939617083947,0.9085276967930029,0.3106509984012634,0.8888888888888888,0.8148148148148148,0.9444444444444444,0.9166666666666666,0.8627450980392157
49,0.007519810986024055,0.998639455782313,0.9974937343358395,0.9991928974979822,0.9983277591973244,0.9979105725031342,0.4734124610762274,0.8888888888888888,0.8888888888888888,0.8888888888888888,0.8571428571428571,0.8727272727272727
50,0.0009569965790938206,1.0,1.0,1.0,1.0,1.0,0.5426832604118519,0.873015873015873,0.8888888888888888,0.8611111111111112,0.8275862068965517,0.8571428571428571
51,0.0005037620604168117,1.0,1.0,1.0,1.0,1.0,0.6164881110871359,0.873015873015873,0.8888888888888888,0.8611111111111112,0.8275862068965517,0.8571428571428571
52,0.0003440576286109,1.0,1.0,1.0,1.0,1.0,0.6416157034580552,0.873015873015873,0.8518518518518519,0.8888888888888888,0.8518518518518519,0.8518518518518519
53,0.09643497085366748,0.9637806637806637,0.9531024531024531,0.9708994708994709,0.9562070213536011,0.9546522131887986,0.35741843478310675,0.8888888888888888,0.8888888888888888,0.8888888888888888,0.8571428571428571,0.8727272727272727
54,0.00440534369991918,0.9983673469387755,0.9983291562238931,0.9983857949959645,0.9966638865721434,0.9974958263772955,0.49379286804192124,0.873015873015873,0.9259259259259259,0.8333333333333334,0.8064516129032258,0.8620689655172413
55,0.0008063695730711175,1.0,1.0,1.0,1.0,1.0,0.5066144742988168,0.8571428571428571,0.8888888888888888,0.8333333333333334,0.8,0.8421052631578947
56,0.0004478942597329262,1.0,1.0,1.0,1.0,1.0,0.5628077853138426,0.873015873015873,0.9259259259259259,0.8333333333333334,0.8064516129032258,0.8620689655172413
57,0.00028604299071970313,1.0,1.0,1.0,1.0,1.0,0.6371365969682793,0.8571428571428571,0.9259259259259259,0.8055555555555556,0.78125,0.847457627118644
58,0.0002418263160368605,1.0,1.0,1.0,1.0,1.0,0.6997388895944736,0.8412698412698413,0.9259259259259259,0.7777777777777778,0.7575757575757576,0.8333333333333334
59,0.00018730650380676292,1.0,1.0,1.0,1.0,1.0,0.709202746967859,0.8412698412698413,0.9259259259259259,0.7777777777777778,0.7575757575757576,0.8333333333333334
60,0.00016234244976262403,1.0,1.0,1.0,1.0,1.0,0.795175802997417,0.8412698412698413,0.9259259259259259,0.7777777777777778,0.7575757575757576,0.8333333333333334
61,0.00012973610280662916,1.0,1.0,1.0,1.0,1.0,0.8050107887376927,0.8412698412698413,0.9259259259259259,0.7777777777777778,0.7575757575757576,0.8333333333333334
62,0.09811488605852939,0.9642135642135642,0.9531024531024531,0.9716209716209716,0.9572463768115942,0.9551699204627621,0.39681042251842363,0.8888888888888888,0.9259259259259259,0.8611111111111112,0.8333333333333334,0.8771929824561403
63,0.003541701130100152,0.9994557823129252,0.9983291562238931,1.0,1.0,0.9991638795986622,0.592931913596297,0.8571428571428571,0.9259259259259259,0.8055555555555556,0.78125,0.847457627118644
64,0.002123716393086527,0.9994557823129252,0.9991645781119465,0.9995964487489911,0.9991645781119465,0.9991645781119465,0.5654863229036213,0.8571428571428571,0.9259259259259259,0.8055555555555556,0.78125,0.847457627118644
65,0.0017924038675886129,0.9991836734693877,0.9983291562238931,0.9995964487489911,0.9991638795986622,0.9987463435018805,0.8590715673367774,0.8095238095238095,0.8888888888888888,0.75,0.7272727272727273,0.8
66,0.003135591543201978,0.9991836734693877,0.9991645781119465,0.9991928974979822,0.998330550918197,0.9987473903966597,0.6889367554030041,0.7936507936507936,0.8518518518518519,0.75,0.71875,0.7796610169491526
67,0.0017045910392894225,0.9991836734693877,0.9991645781119465,0.9991928974979822,0.998330550918197,0.9987473903966597,0.8764647174338323,0.8253968253968254,0.8888888888888888,0.7777777777777778,0.75,0.8135593220338984
68,0.0003221447257005109,1.0,1.0,1.0,1.0,1.0,1.0005518790003696,0.8253968253968254,0.8888888888888888,0.7777777777777778,0.75,0.8135593220338984
69,0.0002496014002530018,1.0,1.0,1.0,1.0,1.0,0.9092204920635263,0.8095238095238095,0.8518518518518519,0.7777777777777778,0.7419354838709677,0.7931034482758621
70,0.07163138719321623,0.9738816738816739,0.965007215007215,0.9797979797979798,0.9695541862993838,0.967275357078286,0.35526608686066335,0.8412698412698413,0.8888888888888888,0.8055555555555556,0.7741935483870968,0.8275862068965517
71,0.0035465165452404444,0.9989115646258503,0.9991645781119465,0.9987893462469734,0.9974979149291076,0.998330550918197,0.5160824043883218,0.8571428571428571,0.8888888888888888,0.8333333333333334,0.8,0.8421052631578947
72,0.0005127295847114201,1.0,1.0,1.0,1.0,1.0,0.6232349800005083,0.8571428571428571,0.9259259259259259,0.8055555555555556,0.78125,0.847457627118644
73,0.0003921260497790958,1.0,1.0,1.0,1.0,1.0,0.5978381735002918,0.8888888888888888,0.9629629629629629,0.8333333333333334,0.8125,0.8813559322033898
74,0.0490328008559812,0.9809523809523809,0.9751082251082251,0.9848484848484849,0.9772234273318872,0.9761646803900325,0.38555736124279005,0.8571428571428571,0.8888888888888888,0.8333333333333334,0.8,0.8421052631578947
75,0.004587265760012186,0.9989115646258503,0.9983291562238931,0.9991928974979822,0.9983291562238931,0.9983291562238931,0.6093485552507142,0.8412698412698413,0.9629629629629629,0.75,0.7428571428571429,0.8387096774193549
76,0.0006078582302331418,1.0,1.0,1.0,1.0,1.0,0.4674780074994834,0.9047619047619048,0.9629629629629629,0.8611111111111112,0.8387096774193549,0.896551724137931
77,0.002818615040282535,0.9991836734693877,0.9991645781119465,0.9991928974979822,0.998330550918197,0.9987473903966597,0.6324073331216202,0.873015873015873,0.8518518518518519,0.8888888888888888,0.8518518518518519,0.8518518518518519
78,0.0014961403562547956,0.9997278911564625,0.9991645781119465,1.0,1.0,0.9995821145006268,0.5794180189185436,0.873015873015873,0.9259259259259259,0.8333333333333334,0.8064516129032258,0.8620689655172413
79,0.000279001578494398,1.0,1.0,1.0,1.0,1.0,0.625391887086961,0.8571428571428571,0.9259259259259259,0.8055555555555556,0.78125,0.847457627118644
80,0.00017240752138159409,1.0,1.0,1.0,1.0,1.0,0.6614274319662299,0.8571428571428571,0.9259259259259259,0.8055555555555556,0.78125,0.847457627118644
81,0.0002486949773595611,1.0,1.0,1.0,1.0,1.0,0.7983789996092489,0.8412698412698413,0.8888888888888888,0.8055555555555556,0.7741935483870968,0.8275862068965517
82,0.0001119453976640389,1.0,1.0,1.0,1.0,1.0,0.8628636171509113,0.8412698412698413,0.8888888888888888,0.8055555555555556,0.7741935483870968,0.8275862068965517
83,8.109693503653022e-05,1.0,1.0,1.0,1.0,1.0,0.9147815344927256,0.8571428571428571,0.8888888888888888,0.8333333333333334,0.8,0.8421052631578947
84,0.009708217741177317,0.9970068027210884,0.9941520467836257,0.9983857949959645,0.9966499162479062,0.9953994144709327,0.8372120806607344,0.7936507936507936,0.9259259259259259,0.6944444444444444,0.6944444444444444,0.7936507936507936
85,0.005493600043930671,0.9983673469387755,0.9983291562238931,0.9983857949959645,0.9966638865721434,0.9974958263772955,0.5689887353791929,0.9047619047619048,0.8888888888888888,0.9166666666666666,0.8888888888888888,0.8888888888888888
86,0.00036876767361576217,1.0,1.0,1.0,1.0,1.0,0.7010453583983084,0.8571428571428571,0.8888888888888888,0.8333333333333334,0.8,0.8421052631578947
87,0.00019260750757213555,1.0,1.0,1.0,1.0,1.0,0.7753251894083362,0.8412698412698413,0.8888888888888888,0.8055555555555556,0.7741935483870968,0.8275862068965517
88,0.07692687670511435,0.96998556998557,0.9632034632034632,0.9745069745069745,0.9618155619596542,0.9625090122566691,0.34089905460039893,0.9047619047619048,0.9629629629629629,0.8611111111111112,0.8387096774193549,0.896551724137931
89,0.002252877071495073,0.9997278911564625,1.0,0.9995964487489911,0.9991652754590985,0.9995824634655532,0.42844183885654996,0.873015873015873,0.9259259259259259,0.8333333333333334,0.8064516129032258,0.8620689655172413
90,0.0005737534576003776,1.0,1.0,1.0,1.0,1.0,0.5927164548276258,0.8888888888888888,0.9259259259259259,0.8611111111111112,0.8333333333333334,0.8771929824561403
91,0.00034475065083528053,1.0,1.0,1.0,1.0,1.0,0.5912651073017586,0.873015873015873,0.9259259259259259,0.8333333333333334,0.8064516129032258,0.8620689655172413
92,0.0003290892661973631,1.0,1.0,1.0,1.0,1.0,0.6014338159741509,0.873015873015873,0.9259259259259259,0.8333333333333334,0.8064516129032258,0.8620689655172413
93,0.0001748507622816302,1.0,1.0,1.0,1.0,1.0,0.6092127822053116,0.873015873015873,0.9259259259259259,0.8333333333333334,0.8064516129032258,0.8620689655172413
94,0.04832273789827307,0.9816738816738817,0.9776334776334776,0.9843674843674843,0.9765765765765766,0.9771047413016045,0.3886300003717816,0.8888888888888888,0.9629629629629629,0.8333333333333334,0.8125,0.8813559322033898
95,0.003949152085662631,0.9989115646258503,0.9983291562238931,0.9991928974979822,0.9983291562238931,0.9983291562238931,0.606101871209426,0.8571428571428571,0.9259259259259259,0.8055555555555556,0.78125,0.847457627118644
96,0.00041498102308100497,1.0,1.0,1.0,1.0,1.0,0.5288319747030202,0.873015873015873,0.9629629629629629,0.8055555555555556,0.7878787878787878,0.8666666666666667
97,0.00044448277898779024,1.0,1.0,1.0,1.0,1.0,0.48279927722695803,0.873015873015873,0.9629629629629629,0.8055555555555556,0.7878787878787878,0.8666666666666667
98,0.03562331337758581,0.9873015873015873,0.9844877344877345,0.9891774891774892,0.9837779379956741,0.9841327082582041,0.4604936694645042,0.873015873015873,0.9259259259259259,0.8333333333333334,0.8064516129032258,0.8620689655172413
99,0.01681802428487425,0.9949494949494949,0.9927849927849928,0.9963924963924964,0.9945789663895916,0.9936811698862611,0.3975348801403824,0.9206349206349206,0.9259259259259259,0.9166666666666666,0.8928571428571429,0.9090909090909091
100,0.0010031210708425565,1.0,1.0,1.0,1.0,1.0,0.48158265242079595,0.9047619047619048,0.9259259259259259,0.8888888888888888,0.8620689655172413,0.8928571428571429
101,0.0008768452954839687,0.9997278911564625,1.0,0.9995964487489911,0.9991652754590985,0.9995824634655532,0.5914797654656309,0.8571428571428571,0.8888888888888888,0.8333333333333334,0.8,0.8421052631578947
102,0.0013801605724745435,0.9997278911564625,0.9991645781119465,1.0,1.0,0.9995821145006268,0.690909327024461,0.8412698412698413,0.9629629629629629,0.75,0.7428571428571429,0.8387096774193549
103,0.00022288700700177238,1.0,1.0,1.0,1.0,1.0,0.6533803424080982,0.8571428571428571,0.9629629629629629,0.7777777777777778,0.7647058823529411,0.8524590163934426
104,0.000130846913402851,1.0,1.0,1.0,1.0,1.0,0.7008418191080203,0.8571428571428571,0.9629629629629629,0.7777777777777778,0.7647058823529411,0.8524590163934426
105,9.792379854361013e-05,1.0,1.0,1.0,1.0,1.0,0.644964597903983,0.8412698412698413,0.9629629629629629,0.75,0.7428571428571429,0.8387096774193549
106,8.621271242123085e-05,1.0,1.0,1.0,1.0,1.0,0.6956353649817636,0.873015873015873,0.9629629629629629,0.8055555555555556,0.7878787878787878,0.8666666666666667
107,0.043026977384507975,0.9871572871572871,0.9848484848484849,0.9886964886964887,0.9830752610731005,0.9839610740673995,0.3951273693089625,0.9047619047619048,0.9259259259259259,0.8888888888888888,0.8620689655172413,0.8928571428571429
108,0.002133043796638958,0.9994557823129252,0.9983291562238931,1.0,1.0,0.9991638795986622,0.4663097555712161,0.9047619047619048,0.9629629629629629,0.8611111111111112,0.8387096774193549,0.896551724137931
109,0.019106585577212294,0.9935064935064936,0.9927849927849928,0.993987493987494,0.9909974792942023,0.9918904307082357,0.38965048012878034,0.873015873015873,0.8888888888888888,0.8611111111111112,0.8275862068965517,0.8571428571428571
110,0.0017766432819743862,0.9997278911564625,0.9991645781119465,1.0,1.0,0.9995821145006268,0.5158402216223453,0.8888888888888888,0.9629629629629629,0.8333333333333334,0.8125,0.8813559322033898
111,0.014743325077679309,0.9953823953823954,0.9949494949494949,0.9956709956709957,0.9935158501440923,0.9942321557317952,0.47569672977330074,0.873015873015873,0.9259259259259259,0.8333333333333334,0.8064516129032258,0.8620689655172413
112,0.0029750196659045773,0.9991836734693877,0.9991645781119465,0.9991928974979822,0.998330550918197,0.9987473903966597,0.7085074621783052,0.873015873015873,0.9629629629629629,0.8055555555555556,0.7878787878787878,0.8666666666666667
113,0.0015729059396924602,0.9997278911564625,1.0,0.9995964487489911,0.9991652754590985,0.9995824634655532,0.6232265606467124,0.873015873015873,0.9259259259259259,0.8333333333333334,0.8064516129032258,0.8620689655172413
114,0.0002647781101345294,1.0,1.0,1.0,1.0,1.0,0.7069831407556887,0.873015873015873,0.9259259259259259,0.8333333333333334,0.8064516129032258,0.8620689655172413
115,0.0001588555057509327,1.0,1.0,1.0,1.0,1.0,0.720340402616698,0.8571428571428571,0.9259259259259259,0.8055555555555556,0.78125,0.847457627118644
116,0.0001288672485382876,1.0,1.0,1.0,1.0,1.0,0.7365654964105777,0.8571428571428571,0.9259259259259259,0.8055555555555556,0.78125,0.847457627118644
117,0.00010338430776483328,1.0,1.0,1.0,1.0,1.0,0.8367070292308835,0.8412698412698413,0.9259259259259259,0.7777777777777778,0.7575757575757576,0.8333333333333334
118,6.296528446971958e-05,1.0,1.0,1.0,1.0,1.0,0.8187414690790262,0.8412698412698413,0.9259259259259259,0.7777777777777778,0.7575757575757576,0.8333333333333334
119,6.521921986488303e-05,1.0,1.0,1.0,1.0,1.0,0.8593788453096446,0.8253968253968254,0.9259259259259259,0.75,0.7352941176470589,0.819672131147541
120,6.502012300931097e-05,1.0,1.0,1.0,1.0,1.0,0.8222065417844172,0.8571428571428571,0.9259259259259259,0.8055555555555556,0.78125,0.847457627118644
121,4.2596046906590743e-05,1.0,1.0,1.0,1.0,1.0,0.8796454336908128,0.8571428571428571,0.9259259259259259,0.8055555555555556,0.78125,0.847457627118644
122,3.0364607692736544e-05,1.0,1.0,1.0,1.0,1.0,0.9157364567286023,0.8412698412698413,0.9259259259259259,0.7777777777777778,0.7575757575757576,0.8333333333333334
123,0.04481597335923555,0.9854256854256854,0.9801587301587301,0.9889369889369889,0.9833514296055013,0.9817524841915086,0.5476171215257001,0.8571428571428571,0.8148148148148148,0.8888888888888888,0.8461538461538461,0.8301886792452831
124,0.0021278240334172893,0.9991836734693877,1.0,0.9987893462469734,0.9975,0.9987484355444305,0.4051316999312904,0.8888888888888888,0.8518518518518519,0.9166666666666666,0.8846153846153846,0.8679245283018868
125,0.00027136220356376625,1.0,1.0,1.0,1.0,1.0,0.41244579742233906,0.9206349206349206,0.9259259259259259,0.9166666666666666,0.8928571428571429,0.9090909090909091
126,0.00021059174888108406,1.0,1.0,1.0,1.0,1.0,0.4357669736805653,0.873015873015873,0.8888888888888888,0.8611111111111112,0.8275862068965517,0.8571428571428571
127,0.00015787527787967958,1.0,1.0,1.0,1.0,1.0,0.45197208834043334,0.9206349206349206,0.9259259259259259,0.9166666666666666,0.8928571428571429,0.9090909090909091
128,0.00010317669105541823,1.0,1.0,1.0,1.0,1.0,0.518229626357511,0.8888888888888888,0.8518518518518519,0.9166666666666666,0.8846153846153846,0.8679245283018868
129,0.00018529579514914966,1.0,1.0,1.0,1.0,1.0,0.7991989350485955,0.8253968253968254,0.9629629629629629,0.7222222222222222,0.7222222222222222,0.8253968253968254
130,0.005080984264329475,0.998639455782313,0.9983291562238931,0.9987893462469734,0.9974958263772955,0.9979123173277662,0.6689690665031472,0.8253968253968254,0.9259259259259259,0.75,0.7352941176470589,0.819672131147541
131,0.00019217858932335025,1.0,1.0,1.0,1.0,1.0,0.5507021908175259,0.873015873015873,0.9629629629629629,0.8055555555555556,0.7878787878787878,0.8666666666666667
132,0.00012291146023728572,1.0,1.0,1.0,1.0,1.0,0.7056608494308348,0.8571428571428571,0.9629629629629629,0.7777777777777778,0.7647058823529411,0.8524590163934426
133,0.00011666404897238992,1.0,1.0,1.0,1.0,1.0,0.7673483720374485,0.8253968253968254,0.9259259259259259,0.75,0.7352941176470589,0.819672131147541
134,0.0033145311671795427,0.9997278911564625,1.0,0.9995964487489911,0.9991652754590985,0.9995824634655532,0.592164318683365,0.8253968253968254,0.8518518518518519,0.8055555555555556,0.7666666666666667,0.8070175438596491
135,0.00030678318174742796,1.0,1.0,1.0,1.0,1.0,0.9556603329551835,0.7936507936507936,0.9629629629629629,0.6666666666666666,0.6842105263157895,0.8
136,9.287675410045032e-05,1.0,1.0,1.0,1.0,1.0,0.9139334507737427,0.8095238095238095,0.9629629629629629,0.6944444444444444,0.7027027027027027,0.8125
137,5.933573540992287e-05,1.0,1.0,1.0,1.0,1.0,0.9312215453819446,0.8095238095238095,0.9629629629629629,0.6944444444444444,0.7027027027027027,0.8125
138,0.005528136110729158,0.998639455782313,0.9983291562238931,0.9987893462469734,0.9974958263772955,0.9979123173277662,1.1239300606742737,0.7777777777777778,0.8888888888888888,0.6944444444444444,0.6857142857142857,0.7741935483870968
139,0.0065915629637984365,0.9989115646258503,0.9983291562238931,0.9991928974979822,0.9983291562238931,0.9983291562238931,0.8394818454241705,0.8095238095238095,0.8888888888888888,0.75,0.7272727272727273,0.8
140,0.0003881726281829875,1.0,1.0,1.0,1.0,1.0,0.843276387686649,0.7777777777777778,0.8888888888888888,0.6944444444444444,0.6857142857142857,0.7741935483870968
141,0.0011034128313577658,0.9997278911564625,1.0,0.9995964487489911,0.9991652754590985,0.9995824634655532,0.9254325272308456,0.8412698412698413,0.7777777777777778,0.8888888888888888,0.84,0.8076923076923077
142,0.0004940655225290771,1.0,1.0,1.0,1.0,1.0,1.523297366745297,0.7301587301587301,0.9629629629629629,0.5555555555555556,0.6190476190476191,0.7536231884057971
143,0.00012617624077021752,1.0,1.0,1.0,1.0,1.0,1.5781409515747948,0.7777777777777778,0.9259259259259259,0.6666666666666666,0.6756756756756757,0.78125
144,0.0005955955333109184,0.9997278911564625,0.9991645781119465,1.0,1.0,0.9995821145006268,1.4629277696478225,0.7777777777777778,0.9629629629629629,0.6388888888888888,0.6666666666666666,0.7878787878787878
145,0.0002324447337321012,1.0,1.0,1.0,1.0,1.0,1.5000793907961378,0.7619047619047619,0.9259259259259259,0.6388888888888888,0.6578947368421053,0.7692307692307693
146,5.6494739109791916e-05,1.0,1.0,1.0,1.0,1.0,1.4814019287892042,0.7936507936507936,0.9259259259259259,0.6944444444444444,0.6944444444444444,0.7936507936507936
147,4.259624363883285e-05,1.0,1.0,1.0,1.0,1.0,1.648585394102459,0.7936507936507936,0.9629629629629629,0.6666666666666666,0.6842105263157895,0.8
148,3.681928847715865e-05,1.0,1.0,1.0,1.0,1.0,1.131673478758857,0.7936507936507936,0.8888888888888888,0.7222222222222222,0.7058823529411765,0.7868852459016393
149,4.8186332889451236e-05,1.0,1.0,1.0,1.0,1.0,1.2059287245450947,0.8095238095238095,0.9259259259259259,0.7222222222222222,0.7142857142857143,0.8064516129032258
150,2.25355513406748e-05,1.0,1.0,1.0,1.0,1.0,1.3106790711735523,0.8095238095238095,0.9259259259259259,0.7222222222222222,0.7142857142857143,0.8064516129032258
151,2.0828004821510922e-05,1.0,1.0,1.0,1.0,1.0,1.314349707905739,0.8095238095238095,0.9259259259259259,0.7222222222222222,0.7142857142857143,0.8064516129032258
152,1.4756361684598554e-05,1.0,1.0,1.0,1.0,1.0,1.4866496017382902,0.8253968253968254,0.9629629629629629,0.7222222222222222,0.7222222222222222,0.8253968253968254
153,1.2481386346654804e-05,1.0,1.0,1.0,1.0,1.0,1.591505596941773,0.8095238095238095,0.9259259259259259,0.7222222222222222,0.7142857142857143,0.8064516129032258
154,9.058448387532445e-06,1.0,1.0,1.0,1.0,1.0,1.558909713569197,0.8095238095238095,0.9259259259259259,0.7222222222222222,0.7142857142857143,0.8064516129032258
155,1.7135364436968167e-05,1.0,1.0,1.0,1.0,1.0,1.8627268157909542,0.8253968253968254,0.9629629629629629,0.7222222222222222,0.7222222222222222,0.8253968253968254
156,6.025552643191974e-06,1.0,1.0,1.0,1.0,1.0,1.7121229548268722,0.8095238095238095,0.9259259259259259,0.7222222222222222,0.7142857142857143,0.8064516129032258
157,6.461486373711746e-06,1.0,1.0,1.0,1.0,1.0,1.7336064851287307,0.8253968253968254,0.9629629629629629,0.7222222222222222,0.7222222222222222,0.8253968253968254
158,6.172417114230422e-06,1.0,1.0,1.0,1.0,1.0,1.6849051604213379,0.8095238095238095,0.9259259259259259,0.7222222222222222,0.7142857142857143,0.8064516129032258
159,4.448713818479816e-06,1.0,1.0,1.0,1.0,1.0,1.8174914536299647,0.8253968253968254,0.9629629629629629,0.7222222222222222,0.7222222222222222,0.8253968253968254
160,3.3594951415258273e-06,1.0,1.0,1.0,1.0,1.0,1.7413407138129904,0.8095238095238095,0.9259259259259259,0.7222222222222222,0.7142857142857143,0.8064516129032258
161,5.132510832477918e-06,1.0,1.0,1.0,1.0,1.0,2.024014746308759,0.7936507936507936,0.9259259259259259,0.6944444444444444,0.6944444444444444,0.7936507936507936
162,2.9769635108613216e-06,1.0,1.0,1.0,1.0,1.0,2.004237395597022,0.7936507936507936,0.9259259259259259,0.6944444444444444,0.6944444444444444,0.7936507936507936
163,2.3065525825821626e-06,1.0,1.0,1.0,1.0,1.0,1.9063797213009475,0.8253968253968254,0.9629629629629629,0.7222222222222222,0.7222222222222222,0.8253968253968254
164,2.88385424251986e-06,1.0,1.0,1.0,1.0,1.0,1.9111385849229254,0.8253968253968254,0.9629629629629629,0.7222222222222222,0.7222222222222222,0.8253968253968254
165,1.752138399458746e-06,1.0,1.0,1.0,1.0,1.0,1.949413413151339,0.8253968253968254,0.9629629629629629,0.7222222222222222,0.7222222222222222,0.8253968253968254
166,1.5856979584424419e-06,1.0,1.0,1.0,1.0,1.0,1.901445045919351,0.8095238095238095,0.9629629629629629,0.6944444444444444,0.7027027027027027,0.8125
167,1.107149097694231e-06,1.0,1.0,1.0,1.0,1.0,2.1018733883657474,0.8095238095238095,0.9629629629629629,0.6944444444444444,0.7027027027027027,0.8125
168,9.262249102197201e-07,1.0,1.0,1.0,1.0,1.0,1.9904729836870183,0.8253968253968254,0.9629629629629629,0.7222222222222222,0.7222222222222222,0.8253968253968254
169,7.648823121551803e-07,1.0,1.0,1.0,1.0,1.0,2.251761337593572,0.8095238095238095,0.9629629629629629,0.6944444444444444,0.7027027027027027,0.8125
170,7.265709312727589e-07,1.0,1.0,1.0,1.0,1.0,2.2383221853817363,0.8095238095238095,0.9629629629629629,0.6944444444444444,0.7027027027027027,0.8125
171,4.768995385615397e-07,1.0,1.0,1.0,1.0,1.0,2.007999729305968,0.8095238095238095,0.9629629629629629,0.6944444444444444,0.7027027027027027,0.8125
172,0.0048340179968635625,0.9991836734693877,0.9983291562238931,0.9995964487489911,0.9991638795986622,0.9987463435018805,1.8907594885085783,0.6984126984126984,0.9629629629629629,0.5,0.5909090909090909,0.7323943661971831
173,8.412233687070876e-05,1.0,1.0,1.0,1.0,1.0,2.056796132099061,0.7142857142857143,0.9629629629629629,0.5277777777777778,0.6046511627906976,0.7428571428571429
174,0.0026730377232230414,0.9989115646258503,0.9983291562238931,0.9991928974979822,0.9983291562238931,0.9983291562238931,1.0932611835887656,0.8412698412698413,0.9259259259259259,0.7777777777777778,0.7575757575757576,0.8333333333333334
175,0.0035541227639994907,0.9989115646258503,0.9983291562238931,0.9991928974979822,0.9983291562238931,0.9983291562238931,0.8848605724421167,0.7777777777777778,0.8888888888888888,0.6944444444444444,0.6857142857142857,0.7741935483870968
176,0.0020258914538699544,0.9994557823129252,0.9991645781119465,0.9995964487489911,0.9991645781119465,0.9991645781119465,1.07807358068281,0.7619047619047619,0.8888888888888888,0.6666666666666666,0.6666666666666666,0.7619047619047619
177,7.367344201274365e-05,1.0,1.0,1.0,1.0,1.0,1.1007756333583818,0.7777777777777778,0.8888888888888888,0.6944444444444444,0.6857142857142857,0.7741935483870968
178,0.003164755214002937,0.9991836734693877,0.9983291562238931,0.9995964487489911,0.9991638795986622,0.9987463435018805,0.79862414911345,0.8412698412698413,0.8518518518518519,0.8333333333333334,0.7931034482758621,0.8214285714285714
179,0.0008029279632843891,0.9994557823129252,0.9991645781119465,0.9995964487489911,0.9991645781119465,0.9991645781119465,0.8320930183473383,0.8571428571428571,0.8888888888888888,0.8333333333333334,0.8,0.8421052631578947
180,0.0002792095450511587,0.9997278911564625,0.9991645781119465,1.0,1.0,0.9995821145006268,0.9458994367698093,0.8253968253968254,0.8888888888888888,0.7777777777777778,0.75,0.8135593220338984
181,5.435026064104294e-05,1.0,1.0,1.0,1.0,1.0,0.9725051919619242,0.8571428571428571,0.9259259259259259,0.8055555555555556,0.78125,0.847457627118644
182,0.0001135163078003711,1.0,1.0,1.0,1.0,1.0,1.032324832379042,0.8412698412698413,0.8888888888888888,0.8055555555555556,0.7741935483870968,0.8275862068965517
183,3.252069283298377e-05,1.0,1.0,1.0,1.0,1.0,1.0637479269695063,0.8571428571428571,0.9259259259259259,0.8055555555555556,0.78125,0.847457627118644
184,9.464999371958168e-06,1.0,1.0,1.0,1.0,1.0,1.101702696974999,0.8571428571428571,0.9259259259259259,0.8055555555555556,0.78125,0.847457627118644
185,0.09846081971914895,0.963924963924964,0.9502164502164502,0.9730639730639731,0.9592134013109979,0.9546937296121784,0.41756793090866673,0.8888888888888888,0.8518518518518519,0.9166666666666666,0.8846153846153846,0.8679245283018868
186,0.0028228929434621036,0.9994557823129252,0.9991645781119465,0.9995964487489911,0.9991645781119465,0.9991645781119465,0.485730244290261,0.873015873015873,0.9259259259259259,0.8333333333333334,0.8064516129032258,0.8620689655172413
187,0.0003013761533498701,1.0,1.0,1.0,1.0,1.0,0.5361461848138817,0.873015873015873,0.9259259259259259,0.8333333333333334,0.8064516129032258,0.8620689655172413
188,0.00016740545904466591,1.0,1.0,1.0,1.0,1.0,0.5698088224356374,0.873015873015873,0.9259259259259259,0.8333333333333334,0.8064516129032258,0.8620689655172413
189,0.000141667104803333,1.0,1.0,1.0,1.0,1.0,0.5955947967955754,0.873015873015873,0.9259259259259259,0.8333333333333334,0.8064516129032258,0.8620689655172413
190,9.14257501151914e-05,1.0,1.0,1.0,1.0,1.0,0.5973925735683195,0.873015873015873,0.9259259259259259,0.8333333333333334,0.8064516129032258,0.8620689655172413
191,6.94031546210718e-05,1.0,1.0,1.0,1.0,1.0,0.6431054976687486,0.873015873015873,0.9259259259259259,0.8333333333333334,0.8064516129032258,0.8620689655172413
192,0.03577830137309993,0.986002886002886,0.9819624819624819,0.9886964886964887,0.9830263633080535,0.9824941346327378,0.5618027776243195,0.9047619047619048,0.8888888888888888,0.9166666666666666,0.8888888888888888,0.8888888888888888
193,0.011766069285321323,0.9970068027210884,0.9966583124477861,0.9971751412429378,0.9941666666666666,0.9954109303295786,0.3096648807584729,0.9206349206349206,0.9259259259259259,0.9166666666666666,0.8928571428571429,0.9090909090909091
194,0.0005924854284125858,1.0,1.0,1.0,1.0,1.0,0.3444179602825205,0.9206349206349206,0.8888888888888888,0.9444444444444444,0.9230769230769231,0.9056603773584906
195,0.0002523182038111663,1.0,1.0,1.0,1.0,1.0,0.37285168284027365,0.9206349206349206,0.8888888888888888,0.9444444444444444,0.9230769230769231,0.9056603773584906
196,0.0001910636452605574,1.0,1.0,1.0,1.0,1.0,0.39785577931823873,0.9365079365079365,0.9259259259259259,0.9444444444444444,0.9259259259259259,0.9259259259259259
197,0.0009680395846963515,0.9997278911564625,0.9991645781119465,1.0,1.0,0.9995821145006268,0.4206505048990486,0.9206349206349206,0.9259259259259259,0.9166666666666666,0.8928571428571429,0.9090909090909091
198,0.029713475478317153,0.9894660894660895,0.9895382395382395,0.9894179894179894,0.9842124147829207,0.9868681417521137,0.3340359140069239,0.9206349206349206,0.8888888888888888,0.9444444444444444,0.9230769230769231,0.9056603773584906
199,0.002385026750132619,0.9997278911564625,1.0,0.9995964487489911,0.9991652754590985,0.9995824634655532,0.42346118228317847,0.8888888888888888,0.8888888888888888,0.8888888888888888,0.8571428571428571,0.8727272727272727
200,0.0018825202095670765,0.9997278911564625,0.9991645781119465,1.0,1.0,0.9995821145006268,0.4567214949795651,0.8888888888888888,0.8888888888888888,0.8888888888888888,0.8571428571428571,0.8727272727272727
201,0.00017985413112910463,1.0,1.0,1.0,1.0,1.0,0.4881988273774614,0.9047619047619048,0.9259259259259259,0.8888888888888888,0.8620689655172413,0.8928571428571429
202,0.00011488087008054666,1.0,1.0,1.0,1.0,1.0,0.5059260999588,0.8888888888888888,0.8888888888888888,0.8888888888888888,0.8571428571428571,0.8727272727272727
203,0.02126366064422559,0.9924963924963925,0.990981240981241,0.9935064935064936,0.9902667627974044,0.9906238730616661,0.41841480913498097,0.8888888888888888,0.8888888888888888,0.8888888888888888,0.8571428571428571,0.8727272727272727
204,0.0012766691296966033,0.9994557823129252,0.9991645781119465,0.9995964487489911,0.9991645781119465,0.9991645781119465,0.3604363057418682,0.9206349206349206,0.9629629629629629,0.8888888888888888,0.8666666666666667,0.9122807017543859
205,0.0002590398160471671,1.0,1.0,1.0,1.0,1.0,0.5189779614951159,0.9047619047619048,0.9259259259259259,0.8888888888888888,0.8620689655172413,0.8928571428571429
206,0.016456724198341564,0.9935064935064936,0.9917027417027418,0.9947089947089947,0.9920606279321544,0.9918816525347285,0.6053540180437267,0.8412698412698413,0.8518518518518519,0.8333333333333334,0.7931034482758621,0.8214285714285714
207,0.0014744546717593285,0.9997278911564625,1.0,0.9995964487489911,0.9991652754590985,0.9995824634655532,0.6415899814825342,0.873015873015873,0.9259259259259259,0.8333333333333334,0.8064516129032258,0.8620689655172413
208,0.01310351865087998,0.9956709956709957,0.9938672438672439,0.9968734968734969,0.9953034682080925,0.9945848375451264,0.4767797411020313,0.8888888888888888,0.8518518518518519,0.9166666666666666,0.8846153846153846,0.8679245283018868
209,0.0006499944432608591,0.9997278911564625,0.9991645781119465,1.0,1.0,0.9995821145006268,0.44533182257723564,0.9047619047619048,0.8888888888888888,0.9166666666666666,0.8888888888888888,0.8888888888888888
210,0.0001257885021384652,1.0,1.0,1.0,1.0,1.0,0.5065912610180454,0.9047619047619048,0.9259259259259259,0.8888888888888888,0.8620689655172413,0.8928571428571429
211,0.013897613135645146,0.9949494949494949,0.9931457431457431,0.9961519961519961,0.994221740700614,0.9936834506406785,0.44563297646504546,0.8571428571428571,0.9259259259259259,0.8055555555555556,0.78125,0.847457627118644
212,0.0018564104799044217,0.9994557823129252,1.0,0.9991928974979822,0.9983319432860718,0.9991652754590985,0.44108685191779856,0.8571428571428571,0.8888888888888888,0.8333333333333334,0.8,0.8421052631578947
213,0.012409907199902589,0.9958152958152958,0.9945887445887446,0.9966329966329966,0.9949476723204619,0.9947681760779361,0.42153810288402294,0.9047619047619048,0.9629629629629629,0.8611111111111112,0.8387096774193549,0.896551724137931
214,0.007551151340646172,0.9982683982683983,0.9978354978354979,0.9985569985569985,0.9978354978354979,0.9978354978354979,0.41228250898642554,0.8888888888888888,0.8888888888888888,0.8888888888888888,0.8571428571428571,0.8727272727272727
215,0.0020065903061710624,0.9991836734693877,0.9991645781119465,0.9991928974979822,0.998330550918197,0.9987473903966597,0.7542097909849078,0.873015873015873,0.9629629629629629,0.8055555555555556,0.7878787878787878,0.8666666666666667
216,0.013690302984375428,0.9949494949494949,0.9935064935064936,0.9959114959114959,0.9938650306748467,0.9936857297492333,0.481347762846521,0.9047619047619048,0.8148148148148148,0.9722222222222222,0.9565217391304348,0.88
217,0.001657817214026534,0.9994557823129252,0.9983291562238931,1.0,1.0,0.9991638795986622,0.5384754668773403,0.8571428571428571,0.9259259259259259,0.8055555555555556,0.78125,0.847457627118644
218,0.01013295615092676,0.9961038961038962,0.9945887445887446,0.9971139971139971,0.9956663055254604,0.9951272333513806,0.42166457997841966,0.9047619047619048,0.9259259259259259,0.8888888888888888,0.8620689655172413,0.8928571428571429
219,0.004776372433292581,0.9985569985569985,0.9978354978354979,0.9990379990379991,0.9985559566787003,0.9981955972573078,0.5934106963575774,0.8412698412698413,0.8888888888888888,0.8055555555555556,0.7741935483870968,0.8275862068965517
220,0.0007077476442344075,0.9997278911564625,1.0,0.9995964487489911,0.9991652754590985,0.9995824634655532,0.5617048424624261,0.8888888888888888,0.9259259259259259,0.8611111111111112,0.8333333333333334,0.8771929824561403
221,0.006823752502235316,0.9984126984126984,0.9974747474747475,0.9990379990379991,0.9985554351751534,0.9980147987727847,0.5100501050714344,0.8888888888888888,0.9259259259259259,0.8611111111111112,0.8333333333333334,0.8771929824561403
222,0.0025421688092769944,0.9997278911564625,1.0,0.9995964487489911,0.9991652754590985,0.9995824634655532,0.5300557826542192,0.8888888888888888,0.9259259259259259,0.8611111111111112,0.8333333333333334,0.8771929824561403
223,0.013297582836521398,0.9961038961038962,0.9956709956709957,0.9963924963924964,0.9945945945945946,0.9951325040562466,0.39253014216702137,0.9365079365079365,0.9259259259259259,0.9444444444444444,0.9259259259259259,0.9259259259259259
224,0.008001271029606712,0.9972582972582973,0.9967532467532467,0.9975949975949976,0.99639379733141,0.9965734896302976,0.424677746045211,0.8888888888888888,0.9259259259259259,0.8611111111111112,0.8333333333333334,0.8771929824561403
225,0.0020500896046863576,0.9994227994227994,0.9996392496392497,0.9992784992784993,0.9989185291997116,0.999278759466282,0.536544173262969,0.873015873015873,0.8518518518518519,0.8888888888888888,0.8518518518518519,0.8518518518518519
226,0.007208850705949707,0.9975468975468975,0.9971139971139971,0.9978354978354979,0.996754417598269,0.9969341749323715,0.5145825210659366,0.873015873015873,0.8148148148148148,0.9166666666666666,0.88,0.8461538461538461
227,0.005014352300031729,0.9987012987012988,0.9985569985569985,0.9987974987974988,0.998196898665705,0.9983769161406673,0.5653770601022101,0.8888888888888888,0.9259259259259259,0.8611111111111112,0.8333333333333334,0.8771929824561403
228,0.0023897385122190642,0.9994557823129252,0.9991645781119465,0.9995964487489911,0.9991645781119465,0.9991645781119465,0.373808225840404,0.8888888888888888,0.9259259259259259,0.8611111111111112,0.8333333333333334,0.8771929824561403
229,0.010800535092867873,0.9963924963924964,0.996031746031746,0.9966329966329966,0.994954954954955,0.9954930593113395,0.41315065052670735,0.9047619047619048,0.9259259259259259,0.8888888888888888,0.8620689655172413,0.8928571428571429
230,0.004308883682505495,0.9988455988455989,0.9981962481962482,0.9992784992784993,0.9989169675090253,0.9985564778058462,0.3495197318095182,0.9365079365079365,0.9259259259259259,0.9444444444444444,0.9259259259259259,0.9259259259259259
231,0.007622478799838176,0.9981240981240981,0.9981962481962482,0.9980759980759981,0.9971171171171171,0.9976563908418965,0.39545195183110615,0.9206349206349206,0.8518518518518519,0.9722222222222222,0.9583333333333334,0.9019607843137255
232,0.007121154705617203,0.9974025974025974,0.9953102453102453,0.9987974987974988,0.998191027496382,0.9967485549132948,0.4809606919686,0.8888888888888888,0.9259259259259259,0.8611111111111112,0.8333333333333334,0.8771929824561403
233,0.002666920745765418,0.9994227994227994,0.9996392496392497,0.9992784992784993,0.9989185291997116,0.999278759466282,0.5782441465250615,0.873015873015873,0.9259259259259259,0.8333333333333334,0.8064516129032258,0.8620689655172413
234,0.00772513943667649,0.9974025974025974,0.996031746031746,0.9983164983164983,0.997471098265896,0.9967509025270758,0.43028602639715824,0.8888888888888888,0.8888888888888888,0.8888888888888888,0.8571428571428571,0.8727272727272727
235,0.0016484135474844016,0.9994557823129252,0.9991645781119465,0.9995964487489911,0.9991645781119465,0.9991645781119465,0.5847018316669005,0.873015873015873,0.9259259259259259,0.8333333333333334,0.8064516129032258,0.8620689655172413
236,0.00010006066849380003,1.0,1.0,1.0,1.0,1.0,0.5826330097680468,0.873015873015873,0.9259259259259259,0.8333333333333334,0.8064516129032258,0.8620689655172413
237,0.006784313725635411,0.9974025974025974,0.996031746031746,0.9983164983164983,0.997471098265896,0.9967509025270758,0.4950966840103594,0.873015873015873,0.8888888888888888,0.8611111111111112,0.8275862068965517,0.8571428571428571
238,0.006256716120676094,0.9978354978354979,0.9974747474747475,0.9980759980759981,0.997115037865128,0.9972948602344455,0.4811675041998988,0.8888888888888888,0.9259259259259259,0.8611111111111112,0.8333333333333334,0.8771929824561403
239,0.0025240754727829796,0.9992784992784993,0.9992784992784993,0.9992784992784993,0.998918139199423,0.9990982867448152,0.4743864446345325,0.9206349206349206,0.9259259259259259,0.9166666666666666,0.8928571428571429,0.9090909090909091
240,0.007112810905603616,0.9976911976911977,0.9974747474747475,0.9978354978354979,0.9967555875991349,0.997115037865128,0.6340086794650507,0.8571428571428571,0.8518518518518519,0.8611111111111112,0.8214285714285714,0.8363636363636363
241,0.0007644695087843242,0.9997278911564625,0.9991645781119465,1.0,1.0,0.9995821145006268,0.6670843069367702,0.8571428571428571,0.9259259259259259,0.8055555555555556,0.78125,0.847457627118644
242,0.000264226230118314,1.0,1.0,1.0,1.0,1.0,0.6363812174725657,0.873015873015873,0.9259259259259259,0.8333333333333334,0.8064516129032258,0.8620689655172413
243,0.014508358211769597,0.9952380952380953,0.9931457431457431,0.9966329966329966,0.9949403686302855,0.9940422458927605,0.7333669423408408,0.8571428571428571,0.9259259259259259,0.8055555555555556,0.78125,0.847457627118644
244,0.0037769091411950307,0.9985569985569985,0.9981962481962482,0.9987974987974988,0.9981962481962482,0.9981962481962482,0.5927289898986817,0.8412698412698413,0.8888888888888888,0.8055555555555556,0.7741935483870968,0.8275862068965517
245,0.0008119135709109417,0.9994557823129252,0.9991645781119465,0.9995964487489911,0.9991645781119465,0.9991645781119465,0.6272561848329913,0.873015873015873,0.9259259259259259,0.8333333333333334,0.8064516129032258,0.8620689655172413
246,0.00012573954957136632,1.0,1.0,1.0,1.0,1.0,0.6282805512240711,0.8888888888888888,0.9259259259259259,0.8611111111111112,0.8333333333333334,0.8771929824561403
247,0.010222434607301899,0.9965367965367965,0.9956709956709957,0.9971139971139971,0.9956709956709957,0.9956709956709957,0.4691114056678045,0.873015873015873,0.8518518518518519,0.8888888888888888,0.8518518518518519,0.8518518518518519
248,0.0023061873442779797,0.9998556998556999,0.9996392496392497,1.0,1.0,0.9998195922785496,0.45682232165783054,0.9047619047619048,0.8888888888888888,0.9166666666666666,0.8888888888888888,0.8888888888888888
249,0.005612115127308179,0.9981240981240981,0.9978354978354979,0.9983164983164983,0.997475658131987,0.9976555455365194,0.6330850992484817,0.8571428571428571,0.8888888888888888,0.8333333333333334,0.8,0.8421052631578947
250,0.001971943630276204,0.9992784992784993,0.9992784992784993,0.9992784992784993,0.998918139199423,0.9990982867448152,0.8668119804776598,0.8888888888888888,0.7777777777777778,0.9722222222222222,0.9545454545454546,0.8571428571428571
251,0.0056671472169487385,0.997979797979798,0.9971139971139971,0.9985569985569985,0.9978339350180505,0.997473836160231,0.46166592182975913,0.9365079365079365,0.8888888888888888,0.9722222222222222,0.96,0.9230769230769231
252,0.0010310331799065885,1.0,1.0,1.0,1.0,1.0,0.7137606451879182,0.873015873015873,0.8888888888888888,0.8611111111111112,0.8275862068965517,0.8571428571428571
253,0.002815893077646734,0.9991836734693877,0.9991645781119465,0.9991928974979822,0.998330550918197,0.9987473903966597,0.5676539776891115,0.9206349206349206,0.9629629629629629,0.8888888888888888,0.8666666666666667,0.9122807017543859
254,0.011306738288905374,0.9966810966810967,0.9956709956709957,0.9973544973544973,0.9960303139660772,0.995850622406639,0.6136033665453497,0.8571428571428571,0.8888888888888888,0.8333333333333334,0.8,0.8421052631578947
255,0.0024018331403411657,0.9997278911564625,1.0,0.9995964487489911,0.9991652754590985,0.9995824634655532,0.6064122934633541,0.873015873015873,0.8888888888888888,0.8611111111111112,0.8275862068965517,0.8571428571428571
256,0.00014267205608059133,1.0,1.0,1.0,1.0,1.0,0.660051792217899,0.873015873015873,0.8888888888888888,0.8611111111111112,0.8275862068965517,0.8571428571428571
257,0.00014087365548994367,1.0,1.0,1.0,1.0,1.0,0.6850142794576223,0.873015873015873,0.8888888888888888,0.8611111111111112,0.8275862068965517,0.8571428571428571
258,0.007902243408107766,0.9975468975468975,0.9978354978354979,0.9973544973544973,0.9960388908894491,0.9969363849342224,0.7981431893690208,0.8888888888888888,0.8148148148148148,0.9444444444444444,0.9166666666666666,0.8627450980392157
259,0.009830959863135463,0.9975468975468975,0.9971139971139971,0.9978354978354979,0.996754417598269,0.9969341749323715,0.6176735497623062,0.8571428571428571,0.8518518518518519,0.8611111111111112,0.8214285714285714,0.8363636363636363
260,0.003774660175572686,0.9992784992784993,0.9989177489177489,0.9995189995189995,0.9992782389029231,0.9990979613927476,0.7014391762232186,0.873015873015873,0.8888888888888888,0.8611111111111112,0.8275862068965517,0.8571428571428571
261,0.0024410971393170372,0.9992784992784993,0.9989177489177489,0.9995189995189995,0.9992782389029231,0.9990979613927476,0.6776152472529147,0.9047619047619048,0.9629629629629629,0.8611111111111112,0.8387096774193549,0.896551724137931
262,0.0006435924582767418,0.9997278911564625,0.9991645781119465,1.0,1.0,0.9995821145006268,0.6911187102054505,0.873015873015873,0.9629629629629629,0.8055555555555556,0.7878787878787878,0.8666666666666667
263,0.007626522794190714,0.9974025974025974,0.9963924963924964,0.9980759980759981,0.9971119133574007,0.9967520750631541,0.6965471719371318,0.873015873015873,0.8518518518518519,0.8888888888888888,0.8518518518518519,0.8518518518518519
264,0.003449934601240544,0.9992784992784993,0.9989177489177489,0.9995189995189995,0.9992782389029231,0.9990979613927476,0.5867044997476836,0.9047619047619048,0.8518518518518519,0.9444444444444444,0.92,0.8846153846153846
265,0.0018218513067657304,0.9995670995670995,0.9992784992784993,0.9997594997594997,0.9996391194514616,0.9994587768356485,0.6636201896499621,0.8888888888888888,0.8518518518518519,0.9166666666666666,0.8846153846153846,0.8679245283018868
266,0.0015711925798457581,0.9994557823129252,0.9991645781119465,0.9995964487489911,0.9991645781119465,0.9991645781119465,0.7901042263090078,0.873015873015873,0.8518518518518519,0.8888888888888888,0.8518518518518519,0.8518518518518519
267,0.009261789370299336,0.9975468975468975,0.996031746031746,0.9985569985569985,0.9978315865558366,0.9969308539447553,0.623644070833781,0.8571428571428571,0.8148148148148148,0.8888888888888888,0.8461538461538461,0.8301886792452831
268,0.006596760069874666,0.997979797979798,0.9978354978354979,0.9980759980759981,0.9971160778658976,0.997475658131987,0.5204934602218036,0.8888888888888888,0.8888888888888888,0.8888888888888888,0.8571428571428571,0.8727272727272727
269,0.0009035058108712852,1.0,1.0,1.0,1.0,1.0,0.7466492298761815,0.8571428571428571,0.8518518518518519,0.8611111111111112,0.8214285714285714,0.8363636363636363
270,0.0011068181940946382,0.9991836734693877,0.9991645781119465,0.9991928974979822,0.998330550918197,0.9987473903966597,0.7132931390633097,0.8571428571428571,0.8888888888888888,0.8333333333333334,0.8,0.8421052631578947
271,0.0002047692280468539,1.0,1.0,1.0,1.0,1.0,0.8663121366093586,0.8571428571428571,0.9259259259259259,0.8055555555555556,0.78125,0.847457627118644
272,6.948274390698335e-05,1.0,1.0,1.0,1.0,1.0,0.8317353058225726,0.8571428571428571,0.9259259259259259,0.8055555555555556,0.78125,0.847457627118644
273,0.0006306248573153944,0.9997278911564625,1.0,0.9995964487489911,0.9991652754590985,0.9995824634655532,0.8761861372992233,0.8571428571428571,0.8888888888888888,0.8333333333333334,0.8,0.8421052631578947
274,0.0008780692972356278,0.9997278911564625,0.9991645781119465,1.0,1.0,0.9995821145006268,0.9664966931348549,0.873015873015873,0.9629629629629629,0.8055555555555556,0.7878787878787878,0.8666666666666667
275,6.35432322238545e-05,1.0,1.0,1.0,1.0,1.0,0.957896392191908,0.8888888888888888,0.9629629629629629,0.8333333333333334,0.8125,0.8813559322033898
276,6.838079988477328e-05,1.0,1.0,1.0,1.0,1.0,0.9680923731135581,0.8888888888888888,0.9629629629629629,0.8333333333333334,0.8125,0.8813559322033898
277,5.095078459316009e-05,1.0,1.0,1.0,1.0,1.0,0.9937808874810654,0.8571428571428571,0.8888888888888888,0.8333333333333334,0.8,0.8421052631578947
278,2.210372223343176e-05,1.0,1.0,1.0,1.0,1.0,0.966394606323096,0.873015873015873,0.9259259259259259,0.8333333333333334,0.8064516129032258,0.8620689655172413
279,0.013881953030078461,0.9965367965367965,0.9949494949494949,0.9975949975949976,0.9963872832369942,0.9956678700361011,0.5606325723864656,0.8888888888888888,0.8888888888888888,0.8888888888888888,0.8571428571428571,0.8727272727272727
280,0.0044316202686402175,0.997979797979798,0.9978354978354979,0.9980759980759981,0.9971160778658976,0.997475658131987,0.8016803602554968,0.8571428571428571,0.8888888888888888,0.8333333333333334,0.8,0.8421052631578947
281,0.004364130258361368,0.9987012987012988,0.9981962481962482,0.9990379990379991,0.9985564778058462,0.9983763305069457,0.6448414787291623,0.873015873015873,0.8148148148148148,0.9166666666666666,0.88,0.8461538461538461
282,0.001521897370923508,0.9994227994227994,0.9992784992784993,0.9995189995189995,0.9992784992784993,0.9992784992784993,0.6342647246739712,0.8888888888888888,0.8888888888888888,0.8888888888888888,0.8571428571428571,0.8727272727272727
283,0.002090451251576213,0.9997278911564625,1.0,0.9995964487489911,0.9991652754590985,0.9995824634655532,0.6374487690553661,0.873015873015873,0.8518518518518519,0.8888888888888888,0.8518518518518519,0.8518518518518519
284,0.004043571101072796,0.998989898989899,0.9989177489177489,0.9990379990379991,0.9985575189325641,0.9987376014427413,0.44837925928951583,0.9047619047619048,0.8888888888888888,0.9166666666666666,0.8888888888888888,0.8888888888888888
285,0.003929764637148865,0.9988455988455989,0.9981962481962482,0.9992784992784993,0.9989169675090253,0.9985564778058462,0.5634462473773589,0.9206349206349206,0.9259259259259259,0.9166666666666666,0.8928571428571429,0.9090909090909091
286,0.0011204077695568843,0.9997278911564625,1.0,0.9995964487489911,0.9991652754590985,0.9995824634655532,0.5143326222637875,0.8888888888888888,0.9259259259259259,0.8611111111111112,0.8333333333333334,0.8771929824561403
287,6.896301443517513e-05,1.0,1.0,1.0,1.0,1.0,0.4903541191237136,0.9047619047619048,0.9259259259259259,0.8888888888888888,0.8620689655172413,0.8928571428571429
288,0.008864685677615888,0.9975468975468975,0.9974747474747475,0.9975949975949976,0.9963963963963964,0.9969352803317109,0.589270684080908,0.873015873015873,0.8888888888888888,0.8611111111111112,0.8275862068965517,0.8571428571428571
289,0.003003128861783145,0.9989115646258503,0.9983291562238931,0.9991928974979822,0.9983291562238931,0.9983291562238931,0.714790696875074,0.8888888888888888,0.9629629629629629,0.8333333333333334,0.8125,0.8813559322033898
290,0.0001942855101223278,1.0,1.0,1.0,1.0,1.0,0.5673207772335791,0.9047619047619048,0.9629629629629629,0.8611111111111112,0.8387096774193549,0.896551724137931
291,6.350337388904664e-05,1.0,1.0,1.0,1.0,1.0,0.5364998266283821,0.9047619047619048,0.9259259259259259,0.8888888888888888,0.8620689655172413,0.8928571428571429
292,0.0020303557558154182,0.9994227994227994,0.9992784992784993,0.9995189995189995,0.9992784992784993,0.9992784992784993,0.6267084922606406,0.8888888888888888,0.9629629629629629,0.8333333333333334,0.8125,0.8813559322033898
293,0.0001619719395924277,1.0,1.0,1.0,1.0,1.0,0.5860599949013531,0.8888888888888888,0.8518518518518519,0.9166666666666666,0.8846153846153846,0.8679245283018868
294,4.037485791648541e-05,1.0,1.0,1.0,1.0,1.0,0.5507870597789334,0.9047619047619048,0.8888888888888888,0.9166666666666666,0.8888888888888888,0.8888888888888888
295,0.010766154881703042,0.9962481962481963,0.9945887445887446,0.9973544973544973,0.9960260115606936,0.9953068592057762,0.47232735625261235,0.9206349206349206,0.9259259259259259,0.9166666666666666,0.8928571428571429,0.9090909090909091
296,0.0014552961633981008,0.9997278911564625,1.0,0.9995964487489911,0.9991652754590985,0.9995824634655532,0.4523170392439213,0.8888888888888888,0.8518518518518519,0.9166666666666666,0.8846153846153846,0.8679245283018868
297,0.004150146390141123,0.9988455988455989,0.9978354978354979,0.9995189995189995,0.9992774566473989,0.9985559566787003,0.6150523659884967,0.8888888888888888,0.8888888888888888,0.8888888888888888,0.8571428571428571,0.8727272727272727
298,0.004448639750009342,0.9985569985569985,0.9981962481962482,0.9987974987974988,0.9981962481962482,0.9981962481962482,0.6945115980250569,0.873015873015873,0.8518518518518519,0.8888888888888888,0.8518518518518519,0.8518518518518519
299,0.0025369142757387764,0.9997278911564625,1.0,0.9995964487489911,0.9991652754590985,0.9995824634655532,0.5344396717328992,0.8888888888888888,0.8888888888888888,0.8888888888888888,0.8571428571428571,0.8727272727272727
300,0.0014567873978148323,0.9994227994227994,0.9989177489177489,0.9997594997594997,0.9996389891696751,0.9992782389029231,0.631650124040861,0.873015873015873,0.8518518518518519,0.8888888888888888,0.8518518518518519,0.8518518518518519
301,0.0020193831472111075,0.9997113997113997,0.9996392496392497,0.9997594997594997,0.9996392496392497,0.9996392496392497,0.5960154726672622,0.8888888888888888,0.8518518518518519,0.9166666666666666,0.8846153846153846,0.8679245283018868
302,0.00033335893687664025,0.9997278911564625,0.9991645781119465,1.0,1.0,0.9995821145006268,0.49928940252201365,0.8888888888888888,0.8888888888888888,0.8888888888888888,0.8571428571428571,0.8727272727272727
303,5.098298702553924e-05,1.0,1.0,1.0,1.0,1.0,0.47074784898376537,0.9206349206349206,0.9259259259259259,0.9166666666666666,0.8928571428571429,0.9090909090909091
304,0.004629237191127484,0.9985569985569985,0.9981962481962482,0.9987974987974988,0.9981962481962482,0.9981962481962482,0.6547822190393436,0.9047619047619048,0.8518518518518519,0.9444444444444444,0.92,0.8846153846153846
305,0.00476390285973833,0.9984126984126984,0.9981962481962482,0.9985569985569985,0.997836278398846,0.9980162308385934,0.5766781813588404,0.9047619047619048,0.9259259259259259,0.8888888888888888,0.8620689655172413,0.8928571428571429
306,0.0006175985442754856,1.0,1.0,1.0,1.0,1.0,0.6099272096493339,0.9047619047619048,0.8518518518518519,0.9444444444444444,0.92,0.8846153846153846
307,0.004030358115416956,0.9984126984126984,0.9974747474747475,0.9990379990379991,0.9985554351751534,0.9980147987727847,0.5043961676946354,0.9365079365079365,0.9629629629629629,0.9166666666666666,0.896551724137931,0.9285714285714286
308,0.004188400501622866,0.9982683982683983,0.9974747474747475,0.9987974987974988,0.9981949458483754,0.9978347167087694,0.6320196684327029,0.9206349206349206,0.8888888888888888,0.9444444444444444,0.9230769230769231,0.9056603773584906
309,0.003322596306688432,0.9987012987012988,0.9985569985569985,0.9987974987974988,0.998196898665705,0.9983769161406673,0.6216609728151179,0.9365079365079365,0.9259259259259259,0.9444444444444444,0.9259259259259259,0.9259259259259259
310,0.0013695996197256922,0.9994557823129252,0.9991645781119465,0.9995964487489911,0.9991645781119465,0.9991645781119465,0.5570866531500268,0.9206349206349206,0.8888888888888888,0.9444444444444444,0.9230769230769231,0.9056603773584906
311,0.005850379362669486,0.9982683982683983,0.9978354978354979,0.9985569985569985,0.9978354978354979,0.9978354978354979,0.6321856587374997,0.8888888888888888,0.8518518518518519,0.9166666666666666,0.8846153846153846,0.8679245283018868
312,0.0004772941942228128,1.0,1.0,1.0,1.0,1.0,0.6569512692069457,0.8888888888888888,0.8518518518518519,0.9166666666666666,0.8846153846153846,0.8679245283018868
313,0.0006729075927082186,0.9998556998556999,0.9996392496392497,1.0,1.0,0.9998195922785496,0.6212196005064816,0.9047619047619048,0.8888888888888888,0.9166666666666666,0.8888888888888888,0.8888888888888888
314,0.006790016280931149,0.9985569985569985,0.9981962481962482,0.9987974987974988,0.9981962481962482,0.9981962481962482,0.561510703168876,0.9047619047619048,0.8888888888888888,0.9166666666666666,0.8888888888888888,0.8888888888888888
315,0.00531142507591987,0.9988455988455989,0.9981962481962482,0.9992784992784993,0.9989169675090253,0.9985564778058462,0.43066834846311913,0.9047619047619048,0.8888888888888888,0.9166666666666666,0.8888888888888888,0.8888888888888888
316,0.00045858069869863274,1.0,1.0,1.0,1.0,1.0,0.49693048476991764,0.9047619047619048,0.8888888888888888,0.9166666666666666,0.8888888888888888,0.8888888888888888
317,0.00011378451467188373,1.0,1.0,1.0,1.0,1.0,0.5249791529439833,0.8888888888888888,0.8518518518518519,0.9166666666666666,0.8846153846153846,0.8679245283018868
318,7.74693679214783e-05,1.0,1.0,1.0,1.0,1.0,0.5738863953264959,0.873015873015873,0.8518518518518519,0.8888888888888888,0.8518518518518519,0.8518518518518519
319,0.002316183893253641,0.9997278911564625,0.9991645781119465,1.0,1.0,0.9995821145006268,0.5510916916472424,0.873015873015873,0.9259259259259259,0.8333333333333334,0.8064516129032258,0.8620689655172413
320,0.006965050634997427,0.9978354978354979,0.9974747474747475,0.9980759980759981,0.997115037865128,0.9972948602344455,0.6462956567711589,0.8888888888888888,0.8888888888888888,0.8888888888888888,0.8571428571428571,0.8727272727272727
321,0.0010040106896376775,0.9997278911564625,1.0,0.9995964487489911,0.9991652754590985,0.9995824634655532,0.56003366610209,0.8888888888888888,0.8148148148148148,0.9444444444444444,0.9166666666666666,0.8627450980392157
322,0.007989565594394416,0.9975468975468975,0.9971139971139971,0.9978354978354979,0.996754417598269,0.9969341749323715,0.592109266240778,0.9047619047619048,0.8888888888888888,0.9166666666666666,0.8888888888888888,0.8888888888888888
323,0.005089391633060576,0.9984126984126984,0.9981962481962482,0.9985569985569985,0.997836278398846,0.9980162308385934,0.5849175625887241,0.8888888888888888,0.8518518518518519,0.9166666666666666,0.8846153846153846,0.8679245283018868
324,0.0009851662390781078,0.9997113997113997,1.0,0.9995189995189995,0.9992790194664743,0.999639379733141,0.6787736306106948,0.873015873015873,0.8888888888888888,0.8611111111111112,0.8275862068965517,0.8571428571428571
325,0.0024065140392297685,0.9994557823129252,0.9991645781119465,0.9995964487489911,0.9991645781119465,0.9991645781119465,0.7422898569389612,0.8571428571428571,0.8888888888888888,0.8333333333333334,0.8,0.8421052631578947
326,6.34769779245122e-05,1.0,1.0,1.0,1.0,1.0,0.7560403882297189,0.873015873015873,0.8888888888888888,0.8611111111111112,0.8275862068965517,0.8571428571428571
327,5.032088584694746e-05,1.0,1.0,1.0,1.0,1.0,0.7734482112772105,0.8571428571428571,0.8888888888888888,0.8333333333333334,0.8,0.8421052631578947
328,5.0984388246037836e-05,1.0,1.0,1.0,1.0,1.0,0.798503986817354,0.873015873015873,0.8888888888888888,0.8611111111111112,0.8275862068965517,0.8571428571428571
329,3.062859647086668e-05,1.0,1.0,1.0,1.0,1.0,0.8232934418601439,0.8571428571428571,0.8888888888888888,0.8333333333333334,0.8,0.8421052631578947
330,3.285426793351324e-05,1.0,1.0,1.0,1.0,1.0,0.8580594596690693,0.8571428571428571,0.8888888888888888,0.8333333333333334,0.8,0.8421052631578947
331,2.7318429363941772e-05,1.0,1.0,1.0,1.0,1.0,0.7915537253479309,0.873015873015873,0.8888888888888888,0.8611111111111112,0.8275862068965517,0.8571428571428571
332,0.011879907374645586,0.9953823953823954,0.9942279942279942,0.9961519961519961,0.9942279942279942,0.9942279942279942,0.6459089035301336,0.873015873015873,0.8888888888888888,0.8611111111111112,0.8275862068965517,0.8571428571428571
333,0.0008848571237116272,1.0,1.0,1.0,1.0,1.0,0.5692481862063269,0.9047619047619048,0.9629629629629629,0.8611111111111112,0.8387096774193549,0.896551724137931
334,0.00011740694607452701,1.0,1.0,1.0,1.0,1.0,0.5406129478776295,0.8888888888888888,0.9259259259259259,0.8611111111111112,0.8333333333333334,0.8771929824561403
335,0.004406957887827566,0.9987012987012988,0.9978354978354979,0.9992784992784993,0.9989165763813651,0.9983757444504602,0.6566249723592403,0.8888888888888888,0.8518518518518519,0.9166666666666666,0.8846153846153846,0.8679245283018868
336,0.0008987507696749818,0.9997278911564625,1.0,0.9995964487489911,0.9991652754590985,0.9995824634655532,0.6638019181615192,0.8888888888888888,0.8888888888888888,0.8888888888888888,0.8571428571428571,0.8727272727272727
337,0.0009348048942052121,0.9997278911564625,0.9991645781119465,1.0,1.0,0.9995821145006268,0.48131111682769623,0.9206349206349206,0.9259259259259259,0.9166666666666666,0.8928571428571429,0.9090909090909091
338,0.004779738359481518,0.9978354978354979,0.9978354978354979,0.9978354978354979,0.9967567567567568,0.9972958355868037,0.9672325218469644,0.8412698412698413,0.9259259259259259,0.7777777777777778,0.7575757575757576,0.8333333333333334
339,0.0006728583436529489,0.9997278911564625,1.0,0.9995964487489911,0.9991652754590985,0.9995824634655532,0.5536522091078084,0.8888888888888888,0.8518518518518519,0.9166666666666666,0.8846153846153846,0.8679245283018868
340,9.244326790202754e-05,1.0,1.0,1.0,1.0,1.0,0.566254212098318,0.9047619047619048,0.8888888888888888,0.9166666666666666,0.8888888888888888,0.8888888888888888
341,6.680287253749113e-05,1.0,1.0,1.0,1.0,1.0,0.5572659437140886,0.9047619047619048,0.8888888888888888,0.9166666666666666,0.8888888888888888,0.8888888888888888
342,0.002787329197355738,0.9991341991341991,0.9989177489177489,0.9992784992784993,0.9989177489177489,0.9989177489177489,0.987620806103454,0.873015873015873,0.8888888888888888,0.8611111111111112,0.8275862068965517,0.8571428571428571
343,0.0007691176475138961,0.9997278911564625,1.0,0.9995964487489911,0.9991652754590985,0.9995824634655532,0.7605431712543664,0.873015873015873,0.9259259259259259,0.8333333333333334,0.8064516129032258,0.8620689655172413
344,0.00010613791269941826,1.0,1.0,1.0,1.0,1.0,0.7937707479816579,0.8888888888888888,0.9629629629629629,0.8333333333333334,0.8125,0.8813559322033898
345,5.510717460468613e-05,1.0,1.0,1.0,1.0,1.0,0.7457594726766974,0.873015873015873,0.9259259259259259,0.8333333333333334,0.8064516129032258,0.8620689655172413
346,0.004846068671600709,0.9987012987012988,0.9978354978354979,0.9992784992784993,0.9989165763813651,0.9983757444504602,0.6916007043982972,0.9206349206349206,0.8888888888888888,0.9444444444444444,0.9230769230769231,0.9056603773584906
347,0.000886345410832712,0.9997278911564625,1.0,0.9995964487489911,0.9991652754590985,0.9995824634655532,0.63008086095492,0.9206349206349206,0.8888888888888888,0.9444444444444444,0.9230769230769231,0.9056603773584906
348,9.778463526450328e-05,1.0,1.0,1.0,1.0,1.0,0.6538424061485179,0.9047619047619048,0.8888888888888888,0.9166666666666666,0.8888888888888888,0.8888888888888888
349,4.583938979125947e-05,1.0,1.0,1.0,1.0,1.0,0.6423060759597796,0.9206349206349206,0.9259259259259259,0.9166666666666666,0.8928571428571429,0.9090909090909091
350,0.0075683275489466465,0.9976911976911977,0.9971139971139971,0.9980759980759981,0.9971139971139971,0.9971139971139971,0.4163099466236345,0.9206349206349206,0.8888888888888888,0.9444444444444444,0.9230769230769231,0.9056603773584906
351,0.005673291001050114,0.9984126984126984,0.9985569985569985,0.9983164983164983,0.9974774774774775,0.9980169460969893,0.4757751085798234,0.8888888888888888,0.8518518518518519,0.9166666666666666,0.8846153846153846,0.8679245283018868
352,0.0008562003921781602,0.9997278911564625,1.0,0.9995964487489911,0.9991652754590985,0.9995824634655532,0.4648676639517939,0.9047619047619048,0.8518518518518519,0.9444444444444444,0.92,0.8846153846153846
353,8.210569658937554e-05,1.0,1.0,1.0,1.0,1.0,0.5050704761838821,0.8888888888888888,0.8518518518518519,0.9166666666666666,0.8846153846153846,0.8679245283018868
354,8.50103385273913e-05,1.0,1.0,1.0,1.0,1.0,0.5421292327246481,0.8888888888888888,0.8518518518518519,0.9166666666666666,0.8846153846153846,0.8679245283018868
355,0.008420071918470945,0.996969696969697,0.9967532467532467,0.9971139971139971,0.9956756756756757,0.9962141698215251,0.5139323164873372,0.9047619047619048,0.8148148148148148,0.9722222222222222,0.9565217391304348,0.88
356,0.0011070929371421246,0.9994227994227994,0.9992784992784993,0.9995189995189995,0.9992784992784993,0.9992784992784993,0.5540871507986421,0.9047619047619048,0.8888888888888888,0.9166666666666666,0.8888888888888888,0.8888888888888888
357,0.00020989809789715436,1.0,1.0,1.0,1.0,1.0,0.4178713149624869,0.9365079365079365,0.8888888888888888,0.9722222222222222,0.96,0.9230769230769231
358,0.00013355398672440036,1.0,1.0,1.0,1.0,1.0,0.46148471638771876,0.8888888888888888,0.8888888888888888,0.8888888888888888,0.8571428571428571,0.8727272727272727
359,5.841249800710875e-05,1.0,1.0,1.0,1.0,1.0,0.4663736099718667,0.8888888888888888,0.8888888888888888,0.8888888888888888,0.8571428571428571,0.8727272727272727
360,3.336269707125168e-05,1.0,1.0,1.0,1.0,1.0,0.4298415413042734,0.9047619047619048,0.8888888888888888,0.9166666666666666,0.8888888888888888,0.8888888888888888
361,7.292175210032732e-05,1.0,1.0,1.0,1.0,1.0,0.5255820521182152,0.9047619047619048,0.8888888888888888,0.9166666666666666,0.8888888888888888,0.8888888888888888
362,2.6094598808140908e-05,1.0,1.0,1.0,1.0,1.0,0.5390491591650293,0.9047619047619048,0.8888888888888888,0.9166666666666666,0.8888888888888888,0.8888888888888888
363,0.006400510698856096,0.9978354978354979,0.9971139971139971,0.9983164983164983,0.997473836160231,0.9972938841782428,0.4802212126761867,0.9047619047619048,0.8518518518518519,0.9444444444444444,0.92,0.8846153846153846
364,0.0034639997852492286,0.998989898989899,0.9981962481962482,0.9995189995189995,0.9992777175875768,0.9987366901281357,0.5713905831494014,0.9047619047619048,0.8518518518518519,0.9444444444444444,0.92,0.8846153846153846
365,0.0005778049724054735,1.0,1.0,1.0,1.0,1.0,0.5703044073346223,0.9047619047619048,0.8888888888888888,0.9166666666666666,0.8888888888888888,0.8888888888888888
366,0.00024213824106271848,1.0,1.0,1.0,1.0,1.0,0.6648575329158958,0.8888888888888888,0.8148148148148148,0.9444444444444444,0.9166666666666666,0.8627450980392157
367,0.004641095684743013,0.9985569985569985,0.9981962481962482,0.9987974987974988,0.9981962481962482,0.9981962481962482,0.5085944866554605,0.9047619047619048,0.8888888888888888,0.9166666666666666,0.8888888888888888,0.8888888888888888
368,0.0018455791859153016,0.9997278911564625,1.0,0.9995964487489911,0.9991652754590985,0.9995824634655532,0.6612215203021483,0.873015873015873,0.9259259259259259,0.8333333333333334,0.8064516129032258,0.8620689655172413
369,0.007362306139228293,0.9982683982683983,0.9978354978354979,0.9985569985569985,0.9978354978354979,0.9978354978354979,0.4494998322500448,0.9047619047619048,0.8518518518518519,0.9444444444444444,0.92,0.8846153846153846
370,0.0005031148364451532,1.0,1.0,1.0,1.0,1.0,0.468385215638259,0.8888888888888888,0.8518518518518519,0.9166666666666666,0.8846153846153846,0.8679245283018868
371,0.001048748234586993,0.9997113997113997,0.9996392496392497,0.9997594997594997,0.9996392496392497,0.9996392496392497,0.6788374047411332,0.873015873015873,0.8518518518518519,0.8888888888888888,0.8518518518518519,0.8518518518518519
372,0.005799597478587188,0.997979797979798,0.9981962481962482,0.9978354978354979,0.9967579250720461,0.9974765681326604,0.39256703262198867,0.9365079365079365,0.8888888888888888,0.9722222222222222,0.96,0.9230769230769231
373,0.00032439040846053154,1.0,1.0,1.0,1.0,1.0,0.40077974278219264,0.9365079365079365,0.8888888888888888,0.9722222222222222,0.96,0.9230769230769231
374,0.00018154210851752068,1.0,1.0,1.0,1.0,1.0,0.39236453227284884,0.9365079365079365,0.8888888888888888,0.9722222222222222,0.96,0.9230769230769231
375,0.0018888950878053776,0.9992784992784993,0.9989177489177489,0.9995189995189995,0.9992782389029231,0.9990979613927476,0.6130554206271578,0.873015873015873,0.8518518518518519,0.8888888888888888,0.8518518518518519,0.8518518518518519
376,0.0007004623140815644,0.9997278911564625,1.0,0.9995964487489911,0.9991652754590985,0.9995824634655532,0.6345344409489789,0.9047619047619048,0.8518518518518519,0.9444444444444444,0.92,0.8846153846153846
377,0.0019235783582979536,0.9995670995670995,0.9992784992784993,0.9997594997594997,0.9996391194514616,0.9994587768356485,0.5263116609455051,0.8888888888888888,0.8518518518518519,0.9166666666666666,0.8846153846153846,0.8679245283018868
378,0.0010377689901855973,0.9997278911564625,1.0,0.9995964487489911,0.9991652754590985,0.9995824634655532,0.5076073138860964,0.9047619047619048,0.8518518518518519,0.9444444444444444,0.92,0.8846153846153846
379,6.657613695882852e-05,1.0,1.0,1.0,1.0,1.0,0.5020324054004583,0.9047619047619048,0.8518518518518519,0.9444444444444444,0.92,0.8846153846153846
380,6.194155126662376e-05,1.0,1.0,1.0,1.0,1.0,0.4753721626132444,0.9047619047619048,0.8518518518518519,0.9444444444444444,0.92,0.8846153846153846
381,0.009872205864895027,0.9966810966810967,0.9956709956709957,0.9973544973544973,0.9960303139660772,0.995850622406639,0.40894270827116014,0.9047619047619048,0.8888888888888888,0.9166666666666666,0.8888888888888888,0.8888888888888888
382,0.00023974014107881552,1.0,1.0,1.0,1.0,1.0,0.42711399876007194,0.9206349206349206,0.8888888888888888,0.9444444444444444,0.9230769230769231,0.9056603773584906
383,0.00016244826225906794,1.0,1.0,1.0,1.0,1.0,0.3894788722384311,0.9365079365079365,0.8888888888888888,0.9722222222222222,0.96,0.9230769230769231
384,0.002854231442864477,0.998989898989899,0.9985569985569985,0.9992784992784993,0.9989173583543847,0.9987371459498466,0.524026790139379,0.9047619047619048,0.8518518518518519,0.9444444444444444,0.92,0.8846153846153846
385,0.004541223469627235,0.9987012987012988,0.9981962481962482,0.9990379990379991,0.9985564778058462,0.9983763305069457,0.4955432476565456,0.8888888888888888,0.8518518518518519,0.9166666666666666,0.8846153846153846,0.8679245283018868
386,0.00013576920465589975,1.0,1.0,1.0,1.0,1.0,0.47722855243242407,0.9047619047619048,0.8518518518518519,0.9444444444444444,0.92,0.8846153846153846
387,0.002498559509466159,0.9991341991341991,0.9985569985569985,0.9995189995189995,0.9992779783393502,0.9989173583543847,0.6103995560505797,0.873015873015873,0.8888888888888888,0.8611111111111112,0.8275862068965517,0.8571428571428571
388,0.0002683359664893744,1.0,1.0,1.0,1.0,1.0,0.640286832811687,0.8888888888888888,0.8888888888888888,0.8888888888888888,0.8571428571428571,0.8727272727272727
389,0.004970256887359875,0.9985569985569985,0.9981962481962482,0.9987974987974988,0.9981962481962482,0.9981962481962482,0.4921261975070506,0.8888888888888888,0.8888888888888888,0.8888888888888888,0.8571428571428571,0.8727272727272727
390,0.001373948586662157,0.9994227994227994,0.9992784992784993,0.9995189995189995,0.9992784992784993,0.9992784992784993,0.4377130241504462,0.8888888888888888,0.8888888888888888,0.8888888888888888,0.8571428571428571,0.8727272727272727
391,0.006002837216970536,0.9984126984126984,0.9981962481962482,0.9985569985569985,0.997836278398846,0.9980162308385934,0.502097878260732,0.8888888888888888,0.8518518518518519,0.9166666666666666,0.8846153846153846,0.8679245283018868
392,0.00025115745115918695,1.0,1.0,1.0,1.0,1.0,0.5417604839700895,0.9047619047619048,0.8888888888888888,0.9166666666666666,0.8888888888888888,0.8888888888888888
393,0.0020332108803282904,0.9994557823129252,0.9991645781119465,0.9995964487489911,0.9991645781119465,0.9991645781119465,0.5184857086721986,0.873015873015873,0.8888888888888888,0.8611111111111112,0.8275862068965517,0.8571428571428571
394,0.004269494368415086,0.9987012987012988,0.9981962481962482,0.9990379990379991,0.9985564778058462,0.9983763305069457,0.5082102207134807,0.8888888888888888,0.8888888888888888,0.8888888888888888,0.8571428571428571,0.8727272727272727
395,7.641297699802901e-05,1.0,1.0,1.0,1.0,1.0,0.4794383138787308,0.873015873015873,0.8888888888888888,0.8611111111111112,0.8275862068965517,0.8571428571428571
396,6.0059510974342566e-05,1.0,1.0,1.0,1.0,1.0,0.43227854627877516,0.9206349206349206,0.8888888888888888,0.9444444444444444,0.9230769230769231,0.9056603773584906
397,0.007561395111577067,0.9968253968253968,0.9967532467532467,0.9968734968734969,0.9953170028818443,0.9960346070656092,0.6926900999316121,0.873015873015873,0.8518518518518519,0.8888888888888888,0.8518518518518519,0.8518518518518519
398,0.0014089960220723971,0.9994227994227994,0.9989177489177489,0.9997594997594997,0.9996389891696751,0.9992782389029231,0.6671953106858945,0.8888888888888888,0.8518518518518519,0.9166666666666666,0.8846153846153846,0.8679245283018868
399,0.0023868093534034954,0.9991341991341991,0.9989177489177489,0.9992784992784993,0.9989177489177489,0.9989177489177489,0.6683831242286639,0.8888888888888888,0.8518518518518519,0.9166666666666666,0.8846153846153846,0.8679245283018868
400,0.00025325158785433034,1.0,1.0,1.0,1.0,1.0,0.6401367556985832,0.8888888888888888,0.8518518518518519,0.9166666666666666,0.8846153846153846,0.8679245283018868
401,0.0018602474869398589,0.9997113997113997,0.9996392496392497,0.9997594997594997,0.9996392496392497,0.9996392496392497,0.6048074097426641,0.8888888888888888,0.8518518518518519,0.9166666666666666,0.8846153846153846,0.8679245283018868
402,0.003919253496656695,0.9989115646258503,0.9983291562238931,0.9991928974979822,0.9983291562238931,0.9983291562238931,0.490893527125341,0.9047619047619048,0.8888888888888888,0.9166666666666666,0.8888888888888888,0.8888888888888888
403,0.00010705474541870225,1.0,1.0,1.0,1.0,1.0,0.5000148230100177,0.9047619047619048,0.8888888888888888,0.9166666666666666,0.8888888888888888,0.8888888888888888
404,0.006279596140709446,0.9982683982683983,0.9981962481962482,0.9983164983164983,0.9974765681326604,0.997836278398846,0.6386224410237028,0.8888888888888888,0.8518518518518519,0.9166666666666666,0.8846153846153846,0.8679245283018868
405,0.0008783874671661097,0.9998556998556999,1.0,0.9997594997594997,0.999639379733141,0.999819657348963,0.6362709596976076,0.8888888888888888,0.8518518518518519,0.9166666666666666,0.8846153846153846,0.8679245283018868
406,0.0007346128199171698,0.9997278911564625,0.9991645781119465,1.0,1.0,0.9995821145006268,0.6481997791602875,0.873015873015873,0.8888888888888888,0.8611111111111112,0.8275862068965517,0.8571428571428571
407,0.003711469824332528,0.9985569985569985,0.9981962481962482,0.9987974987974988,0.9981962481962482,0.9981962481962482,0.6131909283003696,0.8888888888888888,0.8518518518518519,0.9166666666666666,0.8846153846153846,0.8679245283018868
408,0.0015148381700092447,0.9991836734693877,0.9983291562238931,0.9995964487489911,0.9991638795986622,0.9987463435018805,0.6356205419352692,0.873015873015873,0.8888888888888888,0.8611111111111112,0.8275862068965517,0.8571428571428571
409,0.0029764518666635206,0.998989898989899,0.9985569985569985,0.9992784992784993,0.9989173583543847,0.9987371459498466,0.6351375364867549,0.8888888888888888,0.8888888888888888,0.8888888888888888,0.8571428571428571,0.8727272727272727
410,0.0009857163314602921,0.9997113997113997,0.9996392496392497,0.9997594997594997,0.9996392496392497,0.9996392496392497,0.7486888824772443,0.8888888888888888,0.8518518518518519,0.9166666666666666,0.8846153846153846,0.8679245283018868
411,7.110978913978321e-05,1.0,1.0,1.0,1.0,1.0,0.6912614335467677,0.873015873015873,0.8518518518518519,0.8888888888888888,0.8518518518518519,0.8518518518518519
412,4.087669033855936e-05,1.0,1.0,1.0,1.0,1.0,0.6793166830827272,0.8888888888888888,0.8518518518518519,0.9166666666666666,0.8846153846153846,0.8679245283018868
413,0.003900235592317104,0.9985569985569985,0.9985569985569985,0.9985569985569985,0.9978370583994232,0.998196898665705,0.7505818747087023,0.8571428571428571,0.8148148148148148,0.8888888888888888,0.8461538461538461,0.8301886792452831
414,0.0026193657017733268,0.9991836734693877,0.9991645781119465,0.9991928974979822,0.998330550918197,0.9987473903966597,0.7544103733868853,0.8888888888888888,0.8888888888888888,0.8888888888888888,0.8571428571428571,0.8727272727272727
415,0.003548104091113434,0.998989898989899,0.9989177489177489,0.9990379990379991,0.9985575189325641,0.9987376014427413,0.5790728459517321,0.8888888888888888,0.8518518518518519,0.9166666666666666,0.8846153846153846,0.8679245283018868
416,0.0003307890794604471,1.0,1.0,1.0,1.0,1.0,0.635023080988922,0.9047619047619048,0.8518518518518519,0.9444444444444444,0.92,0.8846153846153846
417,0.0006386824614070115,0.9997278911564625,0.9991645781119465,1.0,1.0,0.9995821145006268,0.621222183032683,0.8888888888888888,0.9629629629629629,0.8333333333333334,0.8125,0.8813559322033898
418,0.00022662401934571386,1.0,1.0,1.0,1.0,1.0,0.5531125345746876,0.9206349206349206,0.8888888888888888,0.9444444444444444,0.9230769230769231,0.9056603773584906
419,2.072876052595354e-05,1.0,1.0,1.0,1.0,1.0,0.5536389891017784,0.9206349206349206,0.8888888888888888,0.9444444444444444,0.9230769230769231,0.9056603773584906
420,2.007418177081676e-05,1.0,1.0,1.0,1.0,1.0,0.5508567431807312,0.9206349206349206,0.8888888888888888,0.9444444444444444,0.9230769230769231,0.9056603773584906
421,0.004208085312861387,0.9981240981240981,0.9978354978354979,0.9983164983164983,0.997475658131987,0.9976555455365194,0.7342945679089993,0.873015873015873,0.8518518518518519,0.8888888888888888,0.8518518518518519,0.8518518518518519
422,0.002103779622520278,0.9992784992784993,0.9989177489177489,0.9995189995189995,0.9992782389029231,0.9990979613927476,0.7259629457387616,0.8888888888888888,0.8518518518518519,0.9166666666666666,0.8846153846153846,0.8679245283018868
423,0.00011733459350697787,1.0,1.0,1.0,1.0,1.0,0.7333049202051558,0.8888888888888888,0.8518518518518519,0.9166666666666666,0.8846153846153846,0.8679245283018868
424,0.00035914901674906417,1.0,1.0,1.0,1.0,1.0,0.7256630627548258,0.8888888888888888,0.8518518518518519,0.9166666666666666,0.8846153846153846,0.8679245283018868
425,0.0001999183348766138,1.0,1.0,1.0,1.0,1.0,0.7676034678180936,0.8888888888888888,0.8518518518518519,0.9166666666666666,0.8846153846153846,0.8679245283018868
426,4.976910090632299e-05,1.0,1.0,1.0,1.0,1.0,0.6744696047847659,0.9047619047619048,0.8518518518518519,0.9444444444444444,0.92,0.8846153846153846
427,1.797061391297278e-05,1.0,1.0,1.0,1.0,1.0,0.7148533879364751,0.9047619047619048,0.8518518518518519,0.9444444444444444,0.92,0.8846153846153846
428,2.016622557184004e-05,1.0,1.0,1.0,1.0,1.0,0.7179055626831021,0.9047619047619048,0.8518518518518519,0.9444444444444444,0.92,0.8846153846153846
429,7.685784450152248e-05,1.0,1.0,1.0,1.0,1.0,0.8145285765414074,0.873015873015873,0.8518518518518519,0.8888888888888888,0.8518518518518519,0.8518518518518519
430,1.1713320676354131e-05,1.0,1.0,1.0,1.0,1.0,0.725495281486849,0.8888888888888888,0.8518518518518519,0.9166666666666666,0.8846153846153846,0.8679245283018868
431,9.05722512817149e-06,1.0,1.0,1.0,1.0,1.0,0.794167316657689,0.8888888888888888,0.8518518518518519,0.9166666666666666,0.8846153846153846,0.8679245283018868
432,1.273456332502083e-05,1.0,1.0,1.0,1.0,1.0,0.7419740329697662,0.873015873015873,0.8518518518518519,0.8888888888888888,0.8518518518518519,0.8518518518518519
433,1.762633309109104e-05,1.0,1.0,1.0,1.0,1.0,0.8408960546400651,0.873015873015873,0.8888888888888888,0.8611111111111112,0.8275862068965517,0.8571428571428571
434,0.002041654807313491,0.9994557823129252,0.9991645781119465,0.9995964487489911,0.9991645781119465,0.9991645781119465,1.3382716081326915,0.8253968253968254,0.9629629629629629,0.7222222222222222,0.7222222222222222,0.8253968253968254
435,5.4300561938225964e-05,1.0,1.0,1.0,1.0,1.0,1.1413599109011037,0.8412698412698413,0.9629629629629629,0.75,0.7428571428571429,0.8387096774193549
436,0.007422324662888082,0.9984126984126984,0.9978354978354979,0.9987974987974988,0.9981955972573078,0.9980155150640447,0.7466720577028195,0.8888888888888888,0.8888888888888888,0.8888888888888888,0.8571428571428571,0.8727272727272727
437,0.00017656324739389947,1.0,1.0,1.0,1.0,1.0,0.7056131375041635,0.873015873015873,0.8518518518518519,0.8888888888888888,0.8518518518518519,0.8518518518518519
438,4.7262396872945236e-05,1.0,1.0,1.0,1.0,1.0,0.6743546650430376,0.873015873015873,0.8518518518518519,0.8888888888888888,0.8518518518518519,0.8518518518518519
439,0.0017636130073596077,0.9994227994227994,0.9992784992784993,0.9995189995189995,0.9992784992784993,0.9992784992784993,0.7086620457823358,0.873015873015873,0.8888888888888888,0.8611111111111112,0.8275862068965517,0.8571428571428571
440,7.458695960484546e-05,1.0,1.0,1.0,1.0,1.0,0.6758914274472599,0.8888888888888888,0.8888888888888888,0.8888888888888888,0.8571428571428571,0.8727272727272727
441,0.00028105679262009886,1.0,1.0,1.0,1.0,1.0,0.7585738480501321,0.873015873015873,0.8518518518518519,0.8888888888888888,0.8518518518518519,0.8518518518518519
442,0.0001888280615527998,1.0,1.0,1.0,1.0,1.0,0.7140533263316482,0.873015873015873,0.8148148148148148,0.9166666666666666,0.88,0.8461538461538461
443,2.3743571281290753e-05,1.0,1.0,1.0,1.0,1.0,0.751289684225903,0.873015873015873,0.8148148148148148,0.9166666666666666,0.88,0.8461538461538461
444,0.0064935180363606005,0.9982683982683983,0.9978354978354979,0.9985569985569985,0.9978354978354979,0.9978354978354979,0.6380978553511557,0.8888888888888888,0.8518518518518519,0.9166666666666666,0.8846153846153846,0.8679245283018868
445,0.00033903112482716293,0.9997278911564625,1.0,0.9995964487489911,0.9991652754590985,0.9995824634655532,0.5786129936219252,0.9047619047619048,0.8518518518518519,0.9444444444444444,0.92,0.8846153846153846
446,0.00029556956717631224,1.0,1.0,1.0,1.0,1.0,0.7758245068927487,0.8571428571428571,0.7777777777777778,0.9166666666666666,0.875,0.8235294117647058
447,0.0016021899130495526,0.9994557823129252,0.9991645781119465,0.9995964487489911,0.9991645781119465,0.9991645781119465,0.652681543756025,0.8888888888888888,0.8518518518518519,0.9166666666666666,0.8846153846153846,0.8679245283018868
448,4.3878129970488814e-05,1.0,1.0,1.0,1.0,1.0,0.6475134163961879,0.8888888888888888,0.8518518518518519,0.9166666666666666,0.8846153846153846,0.8679245283018868
449,5.946046411179627e-05,1.0,1.0,1.0,1.0,1.0,0.6629802967460515,0.8888888888888888,0.8518518518518519,0.9166666666666666,0.8846153846153846,0.8679245283018868
450,0.00012119588257723526,1.0,1.0,1.0,1.0,1.0,0.6551198509811896,0.9206349206349206,0.8518518518518519,0.9722222222222222,0.9583333333333334,0.9019607843137255
451,3.126892001005001e-05,1.0,1.0,1.0,1.0,1.0,0.6668751824657352,0.9206349206349206,0.8518518518518519,0.9722222222222222,0.9583333333333334,0.9019607843137255
452,2.4319996038412392e-05,1.0,1.0,1.0,1.0,1.0,0.6259134510422998,0.9206349206349206,0.8888888888888888,0.9444444444444444,0.9230769230769231,0.9056603773584906
453,1.4715034807194984e-05,1.0,1.0,1.0,1.0,1.0,0.6483307070711384,0.9365079365079365,0.8888888888888888,0.9722222222222222,0.96,0.9230769230769231
454,0.008160482268651445,0.9974025974025974,0.9967532467532467,0.9978354978354979,0.9967532467532467,0.9967532467532467,0.6365350219495003,0.8888888888888888,0.8888888888888888,0.8888888888888888,0.8571428571428571,0.8727272727272727
455,0.003877009858632085,0.9991836734693877,0.9991645781119465,0.9991928974979822,0.998330550918197,0.9987473903966597,0.5721103412097797,0.9047619047619048,0.8518518518518519,0.9444444444444444,0.92,0.8846153846153846
456,0.00011943139840807315,1.0,1.0,1.0,1.0,1.0,0.5762157028459894,0.9206349206349206,0.8888888888888888,0.9444444444444444,0.9230769230769231,0.9056603773584906
457,0.00015247511189657844,1.0,1.0,1.0,1.0,1.0,0.5842862112418977,0.8888888888888888,0.8518518518518519,0.9166666666666666,0.8846153846153846,0.8679245283018868
458,0.004188817280590053,0.9978354978354979,0.9974747474747475,0.9980759980759981,0.997115037865128,0.9972948602344455,0.7596120143730548,0.873015873015873,0.8148148148148148,0.9166666666666666,0.88,0.8461538461538461
459,0.0006567731316684077,0.9997278911564625,0.9991645781119465,1.0,1.0,0.9995821145006268,0.5649337765764415,0.9206349206349206,0.9259259259259259,0.9166666666666666,0.8928571428571429,0.9090909090909091
460,0.001947146296631728,0.9994227994227994,0.9992784992784993,0.9995189995189995,0.9992784992784993,0.9992784992784993,0.6624044197942278,0.873015873015873,0.8518518518518519,0.8888888888888888,0.8518518518518519,0.8518518518518519
461,0.000919133423714239,0.9997113997113997,0.9996392496392497,0.9997594997594997,0.9996392496392497,0.9996392496392497,0.712631190097743,0.873015873015873,0.8888888888888888,0.8611111111111112,0.8275862068965517,0.8571428571428571
462,0.0008723549732026731,0.9998556998556999,1.0,0.9997594997594997,0.999639379733141,0.999819657348963,0.9359006232393551,0.8253968253968254,0.8518518518518519,0.8055555555555556,0.7666666666666667,0.8070175438596491
463,4.800946602749193e-05,1.0,1.0,1.0,1.0,1.0,1.0461247518902557,0.8412698412698413,0.8518518518518519,0.8333333333333334,0.7931034482758621,0.8214285714285714
464,0.004645303325640554,0.9984126984126984,0.9978354978354979,0.9987974987974988,0.9981955972573078,0.9980155150640447,0.6594503098592487,0.9047619047619048,0.8888888888888888,0.9166666666666666,0.8888888888888888,0.8888888888888888
465,0.0012225088148242241,0.9997278911564625,1.0,0.9995964487489911,0.9991652754590985,0.9995824634655532,0.6554174228584753,0.8888888888888888,0.8518518518518519,0.9166666666666666,0.8846153846153846,0.8679245283018868
466,0.002120411369198486,0.9994227994227994,0.9989177489177489,0.9997594997594997,0.9996389891696751,0.9992782389029231,0.6905385367604645,0.8571428571428571,0.8888888888888888,0.8333333333333334,0.8,0.8421052631578947
467,0.001979599543362867,0.9992784992784993,0.9996392496392497,0.9990379990379991,0.9985585585585586,0.9990986118622679,0.6651443143530901,0.8888888888888888,0.8888888888888888,0.8888888888888888,0.8571428571428571,0.8727272727272727
468,0.0030880538477047444,0.9992784992784993,0.9989177489177489,0.9995189995189995,0.9992782389029231,0.9990979613927476,0.5784930561646997,0.8888888888888888,0.9259259259259259,0.8611111111111112,0.8333333333333334,0.8771929824561403
469,0.0008755287646418275,0.9997113997113997,0.9992784992784993,1.0,1.0,0.9996391194514616,0.6416441622633202,0.8888888888888888,0.9259259259259259,0.8611111111111112,0.8333333333333334,0.8771929824561403
470,6.679406123897884e-05,1.0,1.0,1.0,1.0,1.0,0.610633471188189,0.9047619047619048,0.9259259259259259,0.8888888888888888,0.8620689655172413,0.8928571428571429
471,0.001982962627095283,0.9991341991341991,0.9989177489177489,0.9992784992784993,0.9989177489177489,0.9989177489177489,0.5698844551687159,0.9206349206349206,0.8888888888888888,0.9444444444444444,0.9230769230769231,0.9056603773584906
472,0.0009297451956898568,0.9997113997113997,0.9992784992784993,1.0,1.0,0.9996391194514616,0.6631581216296625,0.9206349206349206,0.9259259259259259,0.9166666666666666,0.8928571428571429,0.9090909090909091
473,0.00016238960080060684,1.0,1.0,1.0,1.0,1.0,0.5041809866826432,0.9365079365079365,0.9259259259259259,0.9444444444444444,0.9259259259259259,0.9259259259259259
474,2.4954070478849402e-05,1.0,1.0,1.0,1.0,1.0,0.5081822889053058,0.9365079365079365,0.9259259259259259,0.9444444444444444,0.9259259259259259,0.9259259259259259
475,3.746356235720656e-05,1.0,1.0,1.0,1.0,1.0,0.4651544571886281,0.9365079365079365,0.9259259259259259,0.9444444444444444,0.9259259259259259,0.9259259259259259
476,1.527184783070242e-05,1.0,1.0,1.0,1.0,1.0,0.5212212352688232,0.9365079365079365,0.9259259259259259,0.9444444444444444,0.9259259259259259,0.9259259259259259
477,1.571749215442224e-05,1.0,1.0,1.0,1.0,1.0,0.49013122977749657,0.9365079365079365,0.9259259259259259,0.9444444444444444,0.9259259259259259,0.9259259259259259
478,0.008359148518391384,0.9976911976911977,0.9974747474747475,0.9978354978354979,0.9967555875991349,0.997115037865128,0.48115367767627865,0.9365079365079365,0.8888888888888888,0.9722222222222222,0.96,0.9230769230769231
479,0.0028208516466680386,0.9994557823129252,0.9991645781119465,0.9995964487489911,0.9991645781119465,0.9991645781119465,0.5420483110349215,0.9206349206349206,0.8888888888888888,0.9444444444444444,0.9230769230769231,0.9056603773584906
480,7.921786175515711e-05,1.0,1.0,1.0,1.0,1.0,0.5445712160564855,0.9047619047619048,0.8888888888888888,0.9166666666666666,0.8888888888888888,0.8888888888888888
481,4.698524451396843e-05,1.0,1.0,1.0,1.0,1.0,0.5754764173952502,0.9206349206349206,0.8888888888888888,0.9444444444444444,0.9230769230769231,0.9056603773584906
482,4.8245825830211096e-05,1.0,1.0,1.0,1.0,1.0,0.5688825559105709,0.9047619047619048,0.8888888888888888,0.9166666666666666,0.8888888888888888,0.8888888888888888
483,5.445259504809581e-05,1.0,1.0,1.0,1.0,1.0,0.5610508555887103,0.9047619047619048,0.8888888888888888,0.9166666666666666,0.8888888888888888,0.8888888888888888
484,2.5524721888211146e-05,1.0,1.0,1.0,1.0,1.0,0.5739842806388402,0.9206349206349206,0.9259259259259259,0.9166666666666666,0.8928571428571429,0.9090909090909091
485,2.505878329807243e-05,1.0,1.0,1.0,1.0,1.0,0.6047355522450599,0.9206349206349206,0.9259259259259259,0.9166666666666666,0.8928571428571429,0.9090909090909091
486,0.005056930288144253,0.9987012987012988,0.9985569985569985,0.9987974987974988,0.998196898665705,0.9983769161406673,0.7074722844833833,0.873015873015873,0.8518518518518519,0.8888888888888888,0.8518518518518519,0.8518518518518519
487,0.00042402586949723926,1.0,1.0,1.0,1.0,1.0,0.7107589751064393,0.8888888888888888,0.8888888888888888,0.8888888888888888,0.8571428571428571,0.8727272727272727
488,0.005263323767369007,0.9984126984126984,0.9978354978354979,0.9987974987974988,0.9981955972573078,0.9980155150640447,0.6989914539924015,0.9047619047619048,0.8518518518518519,0.9444444444444444,0.92,0.8846153846153846
489,0.0006065155278839348,0.9997278911564625,1.0,0.9995964487489911,0.9991652754590985,0.9995824634655532,0.7793318223215581,0.8888888888888888,0.8148148148148148,0.9444444444444444,0.9166666666666666,0.8627450980392157
490,7.180281170717318e-05,1.0,1.0,1.0,1.0,1.0,0.772252369752211,0.9206349206349206,0.8888888888888888,0.9444444444444444,0.9230769230769231,0.9056603773584906
491,0.002440850133291586,0.9991341991341991,0.9981962481962482,0.9997594997594997,0.9996387283236994,0.9989169675090253,0.7737204867622668,0.8888888888888888,0.8518518518518519,0.9166666666666666,0.8846153846153846,0.8679245283018868
492,8.79499436345535e-05,1.0,1.0,1.0,1.0,1.0,0.7250593470006217,0.8571428571428571,0.8888888888888888,0.8333333333333334,0.8,0.8421052631578947
493,6.690377255038082e-05,1.0,1.0,1.0,1.0,1.0,0.8182480448470285,0.8888888888888888,0.8888888888888888,0.8888888888888888,0.8571428571428571,0.8727272727272727
494,1.918996714851216e-05,1.0,1.0,1.0,1.0,1.0,0.8236617587742604,0.8888888888888888,0.8888888888888888,0.8888888888888888,0.8571428571428571,0.8727272727272727
495,0.0074502352790846,0.9976911976911977,0.9971139971139971,0.9980759980759981,0.9971139971139971,0.9971139971139971,0.6239247330878344,0.9047619047619048,0.9259259259259259,0.8888888888888888,0.8620689655172413,0.8928571428571429
496,0.0012323580495102431,0.9994557823129252,1.0,0.9991928974979822,0.9983319432860718,0.9991652754590985,0.4978692536537964,0.9206349206349206,0.9259259259259259,0.9166666666666666,0.8928571428571429,0.9090909090909091
497,0.0001604956642934042,1.0,1.0,1.0,1.0,1.0,0.4889961839524201,0.9365079365079365,0.9259259259259259,0.9444444444444444,0.9259259259259259,0.9259259259259259
498,0.0011212181013999665,0.9995670995670995,0.9992784992784993,0.9997594997594997,0.9996391194514616,0.9994587768356485,0.6516776828405758,0.9047619047619048,0.9259259259259259,0.8888888888888888,0.8620689655172413,0.8928571428571429
499,0.002012155831619882,0.998989898989899,0.9992784992784993,0.9987974987974988,0.9981981981981982,0.9987380566071751,0.6063184196532275,0.9365079365079365,0.8888888888888888,0.9722222222222222,0.96,0.9230769230769231
500,0.0012743777420172943,0.9994557823129252,0.9983291562238931,1.0,1.0,0.9991638795986622,0.6673071214900119,0.8888888888888888,0.9259259259259259,0.8611111111111112,0.8333333333333334,0.8771929824561403
501,0.0027251564018484246,0.9985569985569985,0.9981962481962482,0.9987974987974988,0.9981962481962482,0.9981962481962482,0.7010042659668316,0.8888888888888888,0.8888888888888888,0.8888888888888888,0.8571428571428571,0.8727272727272727
502,0.00026494363165717504,1.0,1.0,1.0,1.0,1.0,0.6514481902773869,0.8888888888888888,0.8888888888888888,0.8888888888888888,0.8571428571428571,0.8727272727272727
503,0.00220059015773481,0.9991341991341991,0.9989177489177489,0.9992784992784993,0.9989177489177489,0.9989177489177489,0.7095342562157413,0.8888888888888888,0.8518518518518519,0.9166666666666666,0.8846153846153846,0.8679245283018868
504,0.002843575000111783,0.9994227994227994,0.9992784992784993,0.9995189995189995,0.9992784992784993,0.9992784992784993,0.6846711869180176,0.9047619047619048,0.8888888888888888,0.9166666666666666,0.8888888888888888,0.8888888888888888
505,0.000594793206179298,0.9998556998556999,0.9996392496392497,1.0,1.0,0.9998195922785496,0.6823090837412839,0.873015873015873,0.8518518518518519,0.8888888888888888,0.8518518518518519,0.8518518518518519
506,0.001894786279762023,0.998989898989899,0.9989177489177489,0.9990379990379991,0.9985575189325641,0.9987376014427413,0.6659279791130093,0.9047619047619048,0.9259259259259259,0.8888888888888888,0.8620689655172413,0.8928571428571429
507,0.0019595345177013663,0.9994557823129252,0.9991645781119465,0.9995964487489911,0.9991645781119465,0.9991645781119465,0.82678073497964,0.8888888888888888,0.9259259259259259,0.8611111111111112,0.8333333333333334,0.8771929824561403
508,0.0014089618181927857,0.9998556998556999,1.0,0.9997594997594997,0.999639379733141,0.999819657348963,0.6987080895382644,0.8888888888888888,0.8888888888888888,0.8888888888888888,0.8571428571428571,0.8727272727272727
509,0.00028835329085215815,1.0,1.0,1.0,1.0,1.0,0.7696835122424956,0.8888888888888888,0.8888888888888888,0.8888888888888888,0.8571428571428571,0.8727272727272727
510,0.0004649526653604816,0.9998556998556999,0.9996392496392497,1.0,1.0,0.9998195922785496,0.9047183098145546,0.8571428571428571,0.9259259259259259,0.8055555555555556,0.78125,0.847457627118644
511,0.0022158391084900874,0.9992784992784993,0.9992784992784993,0.9992784992784993,0.998918139199423,0.9990982867448152,0.6854612076160034,0.8888888888888888,0.8888888888888888,0.8888888888888888,0.8571428571428571,0.8727272727272727
512,0.00300681412421014,0.9991341991341991,0.9985569985569985,0.9995189995189995,0.9992779783393502,0.9989173583543847,0.7557108673546094,0.873015873015873,0.8888888888888888,0.8611111111111112,0.8275862068965517,0.8571428571428571
513,0.00041842870640882655,1.0,1.0,1.0,1.0,1.0,0.743384596023206,0.8571428571428571,0.8888888888888888,0.8333333333333334,0.8,0.8421052631578947
514,0.00370829446244118,0.9985569985569985,0.9985569985569985,0.9985569985569985,0.9978370583994232,0.998196898665705,0.8160856508863891,0.8888888888888888,0.8148148148148148,0.9444444444444444,0.9166666666666666,0.8627450980392157
515,0.002329662340093917,0.9992784992784993,0.9989177489177489,0.9995189995189995,0.9992782389029231,0.9990979613927476,0.8676001863096312,0.8571428571428571,0.8518518518518519,0.8611111111111112,0.8214285714285714,0.8363636363636363
516,0.0011273617968147165,0.9994227994227994,0.9992784992784993,0.9995189995189995,0.9992784992784993,0.9992784992784993,0.8294107866174836,0.8888888888888888,0.8888888888888888,0.8888888888888888,0.8571428571428571,0.8727272727272727
517,0.0026038483753070816,0.9994557823129252,0.9991645781119465,0.9995964487489911,0.9991645781119465,0.9991645781119465,0.705736526377367,0.8888888888888888,0.8888888888888888,0.8888888888888888,0.8571428571428571,0.8727272727272727
518,0.0030307589780065335,0.998989898989899,0.9992784992784993,0.9987974987974988,0.9981981981981982,0.9987380566071751,0.8178627607671337,0.873015873015873,0.8888888888888888,0.8611111111111112,0.8275862068965517,0.8571428571428571
519,0.0005385221871994195,0.9998556998556999,1.0,0.9997594997594997,0.999639379733141,0.999819657348963,0.8247477774344761,0.8412698412698413,0.8518518518518519,0.8333333333333334,0.7931034482758621,0.8214285714285714
520,0.0001620743555931413,1.0,1.0,1.0,1.0,1.0,0.8637682361078323,0.8253968253968254,0.8518518518518519,0.8055555555555556,0.7666666666666667,0.8070175438596491
521,0.0040472066977584,0.9991341991341991,0.9985569985569985,0.9995189995189995,0.9992779783393502,0.9989173583543847,0.9272718767465521,0.8253968253968254,0.9259259259259259,0.75,0.7352941176470589,0.819672131147541
522,0.00358948055667337,0.9988455988455989,0.9989177489177489,0.9987974987974988,0.998197548666186,0.9985575189325641,0.5704839342988202,0.873015873015873,0.8518518518518519,0.8888888888888888,0.8518518518518519,0.8518518518518519
523,0.0002989723518521911,0.9998556998556999,1.0,0.9997594997594997,0.999639379733141,0.999819657348963,0.6243217020073355,0.9047619047619048,0.8518518518518519,0.9444444444444444,0.92,0.8846153846153846
524,0.0001286268366725492,1.0,1.0,1.0,1.0,1.0,0.6068658336649057,0.8888888888888888,0.8518518518518519,0.9166666666666666,0.8846153846153846,0.8679245283018868
525,0.0013081476682101911,0.9995670995670995,0.9992784992784993,0.9997594997594997,0.9996391194514616,0.9994587768356485,1.1453999205137764,0.8412698412698413,0.9259259259259259,0.7777777777777778,0.7575757575757576,0.8333333333333334
526,0.0035429090890963548,0.9988455988455989,0.9985569985569985,0.9990379990379991,0.9985569985569985,0.9985569985569985,0.5511080118908828,0.9047619047619048,0.8888888888888888,0.9166666666666666,0.8888888888888888,0.8888888888888888
527,0.0008490213310603721,0.9995670995670995,0.9996392496392497,0.9995189995189995,0.999278759466282,0.999458972046889,0.625261516143505,0.9047619047619048,0.8518518518518519,0.9444444444444444,0.92,0.8846153846153846
528,0.002964197138653473,0.998989898989899,0.9989177489177489,0.9990379990379991,0.9985575189325641,0.9987376014427413,0.5303023760001423,0.9047619047619048,0.8888888888888888,0.9166666666666666,0.8888888888888888,0.8888888888888888
529,0.0015098881109370426,0.9994227994227994,0.9992784992784993,0.9995189995189995,0.9992784992784993,0.9992784992784993,0.4286706158480171,0.9206349206349206,0.9629629629629629,0.8888888888888888,0.8666666666666667,0.9122807017543859
530,0.0005975300672854413,0.9997113997113997,0.9996392496392497,0.9997594997594997,0.9996392496392497,0.9996392496392497,0.409998457430606,0.9365079365079365,0.9259259259259259,0.9444444444444444,0.9259259259259259,0.9259259259259259
531,0.00017887331969689303,1.0,1.0,1.0,1.0,1.0,0.4048017461811671,0.9365079365079365,0.9259259259259259,0.9444444444444444,0.9259259259259259,0.9259259259259259
532,0.004030121387468027,0.998989898989899,0.9989177489177489,0.9990379990379991,0.9985575189325641,0.9987376014427413,0.5536298088490084,0.8571428571428571,0.8518518518518519,0.8611111111111112,0.8214285714285714,0.8363636363636363
533,0.002614892589819967,0.9992784992784993,0.9989177489177489,0.9995189995189995,0.9992782389029231,0.9990979613927476,0.41427315604532994,0.9206349206349206,0.9629629629629629,0.8888888888888888,0.8666666666666667,0.9122807017543859
534,0.0025620805687373697,0.998989898989899,0.9992784992784993,0.9987974987974988,0.9981981981981982,0.9987380566071751,0.42977633008720456,0.8888888888888888,0.8518518518518519,0.9166666666666666,0.8846153846153846,0.8679245283018868
535,0.0006472266050338409,0.9998556998556999,1.0,0.9997594997594997,0.999639379733141,0.999819657348963,0.4348987234781297,0.9047619047619048,0.9259259259259259,0.8888888888888888,0.8620689655172413,0.8928571428571429
536,0.00016742764810891346,1.0,1.0,1.0,1.0,1.0,0.46073670020753826,0.9047619047619048,0.9259259259259259,0.8888888888888888,0.8620689655172413,0.8928571428571429
537,0.0011379622738811501,0.9998556998556999,0.9996392496392497,1.0,1.0,0.9998195922785496,0.5369870229901391,0.873015873015873,0.8518518518518519,0.8888888888888888,0.8518518518518519,0.8518518518518519
538,0.0005018457706349616,1.0,1.0,1.0,1.0,1.0,0.5146537923290107,0.9047619047619048,0.9629629629629629,0.8611111111111112,0.8387096774193549,0.896551724137931
539,0.00046571223515043544,0.9998556998556999,1.0,0.9997594997594997,0.999639379733141,0.999819657348963,0.6073327674685782,0.9206349206349206,0.9259259259259259,0.9166666666666666,0.8928571428571429,0.9090909090909091
540,0.00022811287976226744,1.0,1.0,1.0,1.0,1.0,0.9017891652881175,0.873015873015873,0.9629629629629629,0.8055555555555556,0.7878787878787878,0.8666666666666667
541,0.0012983097985659587,0.9998556998556999,0.9996392496392497,1.0,1.0,0.9998195922785496,0.7718889411965696,0.873015873015873,0.9259259259259259,0.8333333333333334,0.8064516129032258,0.8620689655172413
542,0.0035790635680414554,0.9984126984126984,0.9978354978354979,0.9987974987974988,0.9981955972573078,0.9980155150640447,0.5119649234808988,0.9047619047619048,0.8888888888888888,0.9166666666666666,0.8888888888888888,0.8888888888888888
543,0.0045836879423095025,0.998989898989899,0.9985569985569985,0.9992784992784993,0.9989173583543847,0.9987371459498466,0.5039430567874603,0.8888888888888888,0.8888888888888888,0.8888888888888888,0.8571428571428571,0.8727272727272727
544,0.0010794493771736414,0.9997113997113997,1.0,0.9995189995189995,0.9992790194664743,0.999639379733141,0.4710239022140971,0.9206349206349206,0.8888888888888888,0.9444444444444444,0.9230769230769231,0.9056603773584906
545,0.0004641337538096182,0.9997113997113997,0.9996392496392497,0.9997594997594997,0.9996392496392497,0.9996392496392497,0.4693205621156339,0.9523809523809523,0.9629629629629629,0.9444444444444444,0.9285714285714286,0.9454545454545454
546,0.0007687209956157877,0.9997278911564625,0.9991645781119465,1.0,1.0,0.9995821145006268,0.5703591813507956,0.9365079365079365,0.9259259259259259,0.9444444444444444,0.9259259259259259,0.9259259259259259
547,0.0002679862991000536,1.0,1.0,1.0,1.0,1.0,0.6818502399933456,0.9206349206349206,0.8888888888888888,0.9444444444444444,0.9230769230769231,0.9056603773584906
548,0.003460942542546243,0.9992784992784993,0.9992784992784993,0.9992784992784993,0.998918139199423,0.9990982867448152,0.5759500054871693,0.9047619047619048,0.9259259259259259,0.8888888888888888,0.8620689655172413,0.8928571428571429
549,0.004241411121717317,0.9984126984126984,0.9974747474747475,0.9990379990379991,0.9985554351751534,0.9980147987727847,0.5933832468955578,0.873015873015873,0.9259259259259259,0.8333333333333334,0.8064516129032258,0.8620689655172413
550,0.0008519356161102458,0.9995670995670995,0.9996392496392497,0.9995189995189995,0.999278759466282,0.999458972046889,0.5310890966271501,0.8888888888888888,0.8888888888888888,0.8888888888888888,0.8571428571428571,0.8727272727272727
551,0.00041068782047397144,0.9998556998556999,0.9996392496392497,1.0,1.0,0.9998195922785496,0.5316657259213066,0.9047619047619048,0.8888888888888888,0.9166666666666666,0.8888888888888888,0.8888888888888888
552,0.0003289245599524839,1.0,1.0,1.0,1.0,1.0,0.5951705814049568,0.9047619047619048,0.8888888888888888,0.9166666666666666,0.8888888888888888,0.8888888888888888
553,8.389855244430644e-05,1.0,1.0,1.0,1.0,1.0,0.5808490638131237,0.9047619047619048,0.8888888888888888,0.9166666666666666,0.8888888888888888,0.8888888888888888
554,7.691807791942288e-05,1.0,1.0,1.0,1.0,1.0,0.6533585967061675,0.9206349206349206,0.9259259259259259,0.9166666666666666,0.8928571428571429,0.9090909090909091
555,0.00011627277727117815,1.0,1.0,1.0,1.0,1.0,0.7290128590710026,0.9206349206349206,0.9259259259259259,0.9166666666666666,0.8928571428571429,0.9090909090909091
556,0.0017399760249742742,0.9995670995670995,0.9992784992784993,0.9997594997594997,0.9996391194514616,0.9994587768356485,0.7032483658699747,0.9047619047619048,0.9259259259259259,0.8888888888888888,0.8620689655172413,0.8928571428571429
557,7.714294827303858e-05,1.0,1.0,1.0,1.0,1.0,0.7272350817478986,0.9047619047619048,0.9259259259259259,0.8888888888888888,0.8620689655172413,0.8928571428571429
558,0.0008069546567348565,0.9997113997113997,0.9996392496392497,0.9997594997594997,0.9996392496392497,0.9996392496392497,0.5100896722528093,0.9206349206349206,0.9259259259259259,0.9166666666666666,0.8928571428571429,0.9090909090909091
559,0.0014671158351280652,0.9994227994227994,0.9992784992784993,0.9995189995189995,0.9992784992784993,0.9992784992784993,0.6731185641163768,0.9365079365079365,0.9259259259259259,0.9444444444444444,0.9259259259259259,0.9259259259259259
560,0.0015881804471908117,0.9994227994227994,0.9992784992784993,0.9995189995189995,0.9992784992784993,0.9992784992784993,0.7189287081912172,0.8888888888888888,0.8888888888888888,0.8888888888888888,0.8571428571428571,0.8727272727272727
561,0.003435933356555025,0.998989898989899,0.9989177489177489,0.9990379990379991,0.9985575189325641,0.9987376014427413,0.6064244432853894,0.873015873015873,0.8888888888888888,0.8611111111111112,0.8275862068965517,0.8571428571428571
562,9.723097733266254e-05,1.0,1.0,1.0,1.0,1.0,0.6424091624607432,0.873015873015873,0.8888888888888888,0.8611111111111112,0.8275862068965517,0.8571428571428571
563,0.0007763112596942073,0.9997113997113997,0.9996392496392497,0.9997594997594997,0.9996392496392497,0.9996392496392497,0.5848130194813527,0.9206349206349206,0.9259259259259259,0.9166666666666666,0.8928571428571429,0.9090909090909091
564,0.00011713841022132955,1.0,1.0,1.0,1.0,1.0,0.5962954490281095,0.9047619047619048,0.9259259259259259,0.8888888888888888,0.8620689655172413,0.8928571428571429
565,0.00010864246407290763,1.0,1.0,1.0,1.0,1.0,0.6565140457870069,0.9047619047619048,0.9259259259259259,0.8888888888888888,0.8620689655172413,0.8928571428571429
566,5.1671411699132055e-05,1.0,1.0,1.0,1.0,1.0,0.713595951105942,0.9047619047619048,0.8888888888888888,0.9166666666666666,0.8888888888888888,0.8888888888888888
567,0.004962195761075788,0.9988455988455989,0.9989177489177489,0.9987974987974988,0.998197548666186,0.9985575189325641,0.8343503207127917,0.873015873015873,0.8888888888888888,0.8611111111111112,0.8275862068965517,0.8571428571428571
568,0.0026375252083159204,0.9991341991341991,0.9989177489177489,0.9992784992784993,0.9989177489177489,0.9989177489177489,0.6549653377480845,0.8888888888888888,0.9259259259259259,0.8611111111111112,0.8333333333333334,0.8771929824561403
569,0.007559347536967265,0.998639455782313,1.0,0.9979822437449556,0.9958402662229617,0.9979157982492706,0.4846682304549696,0.873015873015873,0.8888888888888888,0.8611111111111112,0.8275862068965517,0.8571428571428571
570,0.002977984708481802,0.9994227994227994,0.9992784992784993,0.9995189995189995,0.9992784992784993,0.9992784992784993,0.46717232219054405,0.8888888888888888,0.8518518518518519,0.9166666666666666,0.8846153846153846,0.8679245283018868
571,0.0002790118185159062,1.0,1.0,1.0,1.0,1.0,0.5481462386129091,0.8888888888888888,0.8518518518518519,0.9166666666666666,0.8846153846153846,0.8679245283018868
572,0.0019380408909624883,0.9994227994227994,0.9992784992784993,0.9995189995189995,0.9992784992784993,0.9992784992784993,0.6233844833997344,0.8888888888888888,0.9259259259259259,0.8611111111111112,0.8333333333333334,0.8771929824561403
573,0.0003939449941121414,0.9998556998556999,0.9996392496392497,1.0,1.0,0.9998195922785496,0.5299922386794129,0.873015873015873,0.8888888888888888,0.8611111111111112,0.8275862068965517,0.8571428571428571
574,0.000982139741132325,0.9995670995670995,0.9996392496392497,0.9995189995189995,0.999278759466282,0.999458972046889,0.6986450988851074,0.9047619047619048,0.9629629629629629,0.8611111111111112,0.8387096774193549,0.896551724137931
575,9.558424085867819e-05,1.0,1.0,1.0,1.0,1.0,0.6392641769504287,0.9206349206349206,0.9629629629629629,0.8888888888888888,0.8666666666666667,0.9122807017543859
576,3.171535216400419e-05,1.0,1.0,1.0,1.0,1.0,0.6492095332611666,0.9206349206349206,0.9629629629629629,0.8888888888888888,0.8666666666666667,0.9122807017543859
577,7.514326137660991e-05,1.0,1.0,1.0,1.0,1.0,0.6658333380750957,0.8888888888888888,0.8888888888888888,0.8888888888888888,0.8571428571428571,0.8727272727272727
578,4.087106191531358e-05,1.0,1.0,1.0,1.0,1.0,0.7161398023135483,0.8888888888888888,0.9259259259259259,0.8611111111111112,0.8333333333333334,0.8771929824561403
579,2.881587637160654e-05,1.0,1.0,1.0,1.0,1.0,0.7490815347818647,0.873015873015873,0.8888888888888888,0.8611111111111112,0.8275862068965517,0.8571428571428571
580,1.4208063941241641e-05,1.0,1.0,1.0,1.0,1.0,0.7094793153734668,0.8888888888888888,0.8888888888888888,0.8888888888888888,0.8571428571428571,0.8727272727272727
581,0.0028198224778193245,0.9992784992784993,0.9989177489177489,0.9995189995189995,0.9992782389029231,0.9990979613927476,0.6750820560666311,0.8888888888888888,0.9259259259259259,0.8611111111111112,0.8333333333333334,0.8771929824561403
582,0.0019230527432666316,0.9994227994227994,0.9992784992784993,0.9995189995189995,0.9992784992784993,0.9992784992784993,0.851070652821652,0.8412698412698413,0.8888888888888888,0.8055555555555556,0.7741935483870968,0.8275862068965517
583,8.47661388612549e-05,1.0,1.0,1.0,1.0,1.0,0.7778907172076519,0.8412698412698413,0.8518518518518519,0.8333333333333334,0.7931034482758621,0.8214285714285714
584,7.795791110369658e-05,1.0,1.0,1.0,1.0,1.0,0.6756519840195584,0.873015873015873,0.8518518518518519,0.8888888888888888,0.8518518518518519,0.8518518518518519
585,8.320533864139334e-05,1.0,1.0,1.0,1.0,1.0,0.6539364659940243,0.8888888888888888,0.8888888888888888,0.8888888888888888,0.8571428571428571,0.8727272727272727
586,3.4032698025449855e-05,1.0,1.0,1.0,1.0,1.0,0.6394007357294968,0.873015873015873,0.8888888888888888,0.8611111111111112,0.8275862068965517,0.8571428571428571
587,0.003944442115682872,0.9985569985569985,0.9978354978354979,0.9990379990379991,0.9985559566787003,0.9981955972573078,1.130034698076853,0.8253968253968254,0.8888888888888888,0.7777777777777778,0.75,0.8135593220338984
588,0.001609833067823471,0.9992784992784993,0.9992784992784993,0.9992784992784993,0.998918139199423,0.9990982867448152,0.9901509702031035,0.8888888888888888,0.9259259259259259,0.8611111111111112,0.8333333333333334,0.8771929824561403
589,0.0021459680447728645,0.9994227994227994,0.9996392496392497,0.9992784992784993,0.9989185291997116,0.999278759466282,0.7565120149215329,0.873015873015873,0.8148148148148148,0.9166666666666666,0.88,0.8461538461538461
590,0.00046307115114397533,0.9998556998556999,0.9996392496392497,1.0,1.0,0.9998195922785496,0.7741074053253488,0.873015873015873,0.8518518518518519,0.8888888888888888,0.8518518518518519,0.8518518518518519
591,0.0032302026715994372,0.9994227994227994,0.9992784992784993,0.9995189995189995,0.9992784992784993,0.9992784992784993,0.8780591989156424,0.9047619047619048,0.9259259259259259,0.8888888888888888,0.8620689655172413,0.8928571428571429
592,0.0003245537305802928,1.0,1.0,1.0,1.0,1.0,0.8251923207893029,0.9047619047619048,0.9259259259259259,0.8888888888888888,0.8620689655172413,0.8928571428571429
593,0.00011690844168623873,1.0,1.0,1.0,1.0,1.0,0.9224449940760794,0.8571428571428571,0.8148148148148148,0.8888888888888888,0.8461538461538461,0.8301886792452831
594,4.0253357074346554e-05,1.0,1.0,1.0,1.0,1.0,0.9523861219238912,0.8888888888888888,0.8888888888888888,0.8888888888888888,0.8571428571428571,0.8727272727272727
595,3.9663737626794656e-05,1.0,1.0,1.0,1.0,1.0,0.9972629845921931,0.873015873015873,0.8518518518518519,0.8888888888888888,0.8518518518518519,0.8518518518518519
596,2.5070434385979042e-05,1.0,1.0,1.0,1.0,1.0,0.935057908821378,0.873015873015873,0.8518518518518519,0.8888888888888888,0.8518518518518519,0.8518518518518519
597,5.009945108924609e-05,1.0,1.0,1.0,1.0,1.0,0.913811744621853,0.9047619047619048,0.8888888888888888,0.9166666666666666,0.8888888888888888,0.8888888888888888
598,0.004261973933594859,0.9987012987012988,0.9985569985569985,0.9987974987974988,0.998196898665705,0.9983769161406673,1.3396846012243289,0.8412698412698413,0.8148148148148148,0.8611111111111112,0.8148148148148148,0.8148148148148148
599,0.0002527090335854265,1.0,1.0,1.0,1.0,1.0,1.2508573511106136,0.8412698412698413,0.8148148148148148,0.8611111111111112,0.8148148148148148,0.8148148148148148
600,0.00014845152466308584,1.0,1.0,1.0,1.0,1.0,1.1964786739488715,0.873015873015873,0.9259259259259259,0.8333333333333334,0.8064516129032258,0.8620689655172413
601,0.00016789885623786865,1.0,1.0,1.0,1.0,1.0,1.5188497321598824,0.8412698412698413,0.8888888888888888,0.8055555555555556,0.7741935483870968,0.8275862068965517
602,0.001999230655481727,0.9989115646258503,0.9983291562238931,0.9991928974979822,0.9983291562238931,0.9983291562238931,1.089466912257425,0.9047619047619048,0.9259259259259259,0.8888888888888888,0.8620689655172413,0.8928571428571429
603,3.229067604078886e-05,1.0,1.0,1.0,1.0,1.0,1.1590240042966062,0.873015873015873,0.9259259259259259,0.8333333333333334,0.8064516129032258,0.8620689655172413
604,0.004360565251665615,0.9985569985569985,0.9985569985569985,0.9985569985569985,0.9978370583994232,0.998196898665705,0.958610423429895,0.8571428571428571,0.8888888888888888,0.8333333333333334,0.8,0.8421052631578947
605,0.0017606304283137963,0.9992784992784993,0.9992784992784993,0.9992784992784993,0.998918139199423,0.9990982867448152,0.8429212648322665,0.9047619047619048,0.9259259259259259,0.8888888888888888,0.8620689655172413,0.8928571428571429
606,0.00023309282519707184,1.0,1.0,1.0,1.0,1.0,0.8985496612300584,0.8888888888888888,0.9259259259259259,0.8611111111111112,0.8333333333333334,0.8771929824561403
607,0.00011305878583967401,1.0,1.0,1.0,1.0,1.0,0.8434935014492588,0.873015873015873,0.8888888888888888,0.8611111111111112,0.8275862068965517,0.8571428571428571
608,0.0023817674358813205,0.9992784992784993,0.9989177489177489,0.9995189995189995,0.9992782389029231,0.9990979613927476,0.7794530948280775,0.8888888888888888,0.9259259259259259,0.8611111111111112,0.8333333333333334,0.8771929824561403
609,0.001192210625880628,0.9997113997113997,0.9996392496392497,0.9997594997594997,0.9996392496392497,0.9996392496392497,0.8287280471505789,0.8888888888888888,0.9259259259259259,0.8611111111111112,0.8333333333333334,0.8771929824561403
610,0.0003335070062225968,1.0,1.0,1.0,1.0,1.0,0.8597217421463158,0.873015873015873,0.8518518518518519,0.8888888888888888,0.8518518518518519,0.8518518518518519
611,0.0008183713324655542,0.9995670995670995,0.9996392496392497,0.9995189995189995,0.999278759466282,0.999458972046889,0.7562138978661197,0.8571428571428571,0.8518518518518519,0.8611111111111112,0.8214285714285714,0.8363636363636363
612,0.003408080655411196,0.9989115646258503,0.9974937343358395,0.9995964487489911,0.999163179916318,0.9983277591973244,0.6018017702523456,0.9206349206349206,0.8888888888888888,0.9444444444444444,0.9230769230769231,0.9056603773584906
613,0.002192196419488253,0.9994227994227994,0.9989177489177489,0.9997594997594997,0.9996389891696751,0.9992782389029231,0.6934226198281976,0.9206349206349206,0.9629629629629629,0.8888888888888888,0.8666666666666667,0.9122807017543859
614,0.0036845467490148787,0.9991341991341991,0.9989177489177489,0.9992784992784993,0.9989177489177489,0.9989177489177489,0.7449796668185468,0.9047619047619048,0.9259259259259259,0.8888888888888888,0.8620689655172413,0.8928571428571429
615,0.0004424628199099015,0.9998556998556999,0.9996392496392497,1.0,1.0,0.9998195922785496,0.8184029432621116,0.8888888888888888,0.9259259259259259,0.8611111111111112,0.8333333333333334,0.8771929824561403
616,0.00024234202994907712,0.9998556998556999,0.9996392496392497,1.0,1.0,0.9998195922785496,0.8352161065968897,0.9047619047619048,0.9259259259259259,0.8888888888888888,0.8620689655172413,0.8928571428571429
617,0.003879742973278637,0.998989898989899,0.9985569985569985,0.9992784992784993,0.9989173583543847,0.9987371459498466,0.7689255241762906,0.8888888888888888,0.8888888888888888,0.8888888888888888,0.8571428571428571,0.8727272727272727
618,0.0003235534604862847,0.9998556998556999,1.0,0.9997594997594997,0.999639379733141,0.999819657348963,0.7366387573489365,0.8888888888888888,0.8888888888888888,0.8888888888888888,0.8571428571428571,0.8727272727272727
619,0.00022108299907075684,1.0,1.0,1.0,1.0,1.0,0.7654673332232512,0.9047619047619048,0.9259259259259259,0.8888888888888888,0.8620689655172413,0.8928571428571429
620,0.00046454289439099917,0.9997113997113997,0.9992784992784993,1.0,1.0,0.9996391194514616,0.9474416453010653,0.9047619047619048,0.9259259259259259,0.8888888888888888,0.8620689655172413,0.8928571428571429
621,0.0002686404295649505,1.0,1.0,1.0,1.0,1.0,0.8966400806067025,0.8888888888888888,0.8888888888888888,0.8888888888888888,0.8571428571428571,0.8727272727272727
622,2.8860725251368284e-05,1.0,1.0,1.0,1.0,1.0,0.8491416883919137,0.9047619047619048,0.9259259259259259,0.8888888888888888,0.8620689655172413,0.8928571428571429
623,0.0002608813348958542,1.0,1.0,1.0,1.0,1.0,0.9690682573006294,0.873015873015873,0.8518518518518519,0.8888888888888888,0.8518518518518519,0.8518518518518519
624,5.645666127305693e-05,1.0,1.0,1.0,1.0,1.0,0.9676482532587316,0.9047619047619048,0.9259259259259259,0.8888888888888888,0.8620689655172413,0.8928571428571429
625,4.362715344656192e-05,1.0,1.0,1.0,1.0,1.0,1.0731616208753303,0.873015873015873,0.8888888888888888,0.8611111111111112,0.8275862068965517,0.8571428571428571
626,0.007603258194446608,0.9981240981240981,0.9974747474747475,0.9985569985569985,0.9978347167087694,0.9976546996211438,0.8426452297606462,0.8571428571428571,0.8888888888888888,0.8333333333333334,0.8,0.8421052631578947
627,0.0001475101521822525,1.0,1.0,1.0,1.0,1.0,0.9382865330821554,0.8571428571428571,0.8888888888888888,0.8333333333333334,0.8,0.8421052631578947
628,8.507190606465112e-05,1.0,1.0,1.0,1.0,1.0,1.0355098309690163,0.8571428571428571,0.8888888888888888,0.8333333333333334,0.8,0.8421052631578947
629,7.179583744210186e-05,1.0,1.0,1.0,1.0,1.0,0.950660217353808,0.8571428571428571,0.8888888888888888,0.8333333333333334,0.8,0.8421052631578947
630,0.00018438724160807049,1.0,1.0,1.0,1.0,1.0,0.8714503612379,0.8888888888888888,0.8888888888888888,0.8888888888888888,0.8571428571428571,0.8727272727272727
631,0.0027462649555404918,0.9994557823129252,0.9991645781119465,0.9995964487489911,0.9991645781119465,0.9991645781119465,0.6135165056549585,0.873015873015873,0.8888888888888888,0.8611111111111112,0.8275862068965517,0.8571428571428571
632,0.0025868281027724704,0.9992784992784993,0.9992784992784993,0.9992784992784993,0.998918139199423,0.9990982867448152,0.5089404020497265,0.9047619047619048,0.8888888888888888,0.9166666666666666,0.8888888888888888,0.8888888888888888
633,0.0019014436216075094,0.9991341991341991,0.9985569985569985,0.9995189995189995,0.9992779783393502,0.9989173583543847,0.5535566220911162,0.9206349206349206,0.9259259259259259,0.9166666666666666,0.8928571428571429,0.9090909090909091
634,0.0007611535738414904,0.9998556998556999,0.9996392496392497,1.0,1.0,0.9998195922785496,0.5764193607484764,0.8888888888888888,0.8888888888888888,0.8888888888888888,0.8571428571428571,0.8727272727272727
635,0.0006856751300941104,0.9997113997113997,0.9996392496392497,0.9997594997594997,0.9996392496392497,0.9996392496392497,0.6379100669261774,0.9206349206349206,0.9259259259259259,0.9166666666666666,0.8928571428571429,0.9090909090909091
636,0.001999308973977199,0.9992784992784993,0.9989177489177489,0.9995189995189995,0.9992782389029231,0.9990979613927476,0.736205222062713,0.873015873015873,0.8148148148148148,0.9166666666666666,0.88,0.8461538461538461
637,0.00020696269368901263,0.9998556998556999,0.9996392496392497,1.0,1.0,0.9998195922785496,0.6610285529675329,0.9206349206349206,0.9259259259259259,0.9166666666666666,0.8928571428571429,0.9090909090909091
638,5.095204065500266e-05,1.0,1.0,1.0,1.0,1.0,0.6903775777817727,0.9047619047619048,0.8888888888888888,0.9166666666666666,0.8888888888888888,0.8888888888888888
639,0.00012088613732676607,1.0,1.0,1.0,1.0,1.0,0.7334091276220173,0.9206349206349206,0.9259259259259259,0.9166666666666666,0.8928571428571429,0.9090909090909091
640,0.0008044496090726582,0.9995670995670995,0.9996392496392497,0.9995189995189995,0.999278759466282,0.999458972046889,0.7852387219799788,0.8888888888888888,0.8888888888888888,0.8888888888888888,0.8571428571428571,0.8727272727272727
641,0.002230469747060684,0.9992784992784993,0.9989177489177489,0.9995189995189995,0.9992782389029231,0.9990979613927476,0.9264224897705144,0.8571428571428571,0.8518518518518519,0.8611111111111112,0.8214285714285714,0.8363636363636363
642,0.0012874803846311786,0.9995670995670995,0.9996392496392497,0.9995189995189995,0.999278759466282,0.999458972046889,0.8497885396833543,0.8571428571428571,0.8888888888888888,0.8333333333333334,0.8,0.8421052631578947
643,0.0005305678241928122,0.9998556998556999,0.9996392496392497,1.0,1.0,0.9998195922785496,0.77842130754635,0.873015873015873,0.9259259259259259,0.8333333333333334,0.8064516129032258,0.8620689655172413
644,0.0006450808697089029,0.9998556998556999,0.9996392496392497,1.0,1.0,0.9998195922785496,0.8715499146045846,0.8412698412698413,0.8148148148148148,0.8611111111111112,0.8148148148148148,0.8148148148148148
645,8.275580740716865e-05,1.0,1.0,1.0,1.0,1.0,0.9025235365122445,0.8412698412698413,0.8148148148148148,0.8611111111111112,0.8148148148148148,0.8148148148148148
646,4.14179571734118e-05,1.0,1.0,1.0,1.0,1.0,1.0209064159181642,0.873015873015873,0.8888888888888888,0.8611111111111112,0.8275862068965517,0.8571428571428571
647,0.0024818714057881996,0.998989898989899,0.9989177489177489,0.9990379990379991,0.9985575189325641,0.9987376014427413,0.74516973184129,0.8888888888888888,0.8518518518518519,0.9166666666666666,0.8846153846153846,0.8679245283018868
648,0.0003605663038859185,0.9997113997113997,0.9996392496392497,0.9997594997594997,0.9996392496392497,0.9996392496392497,0.7598580329422908,0.8888888888888888,0.8518518518518519,0.9166666666666666,0.8846153846153846,0.8679245283018868
649,9.434640848078574e-05,1.0,1.0,1.0,1.0,1.0,0.797988480688969,0.8888888888888888,0.8888888888888888,0.8888888888888888,0.8571428571428571,0.8727272727272727
650,0.00018123620569055856,1.0,1.0,1.0,1.0,1.0,0.874006886583326,0.9047619047619048,0.9259259259259259,0.8888888888888888,0.8620689655172413,0.8928571428571429
651,3.2960437829879085e-05,1.0,1.0,1.0,1.0,1.0,0.8177885969819886,0.8888888888888888,0.8518518518518519,0.9166666666666666,0.8846153846153846,0.8679245283018868
652,2.052962896257597e-05,1.0,1.0,1.0,1.0,1.0,0.8406620160831297,0.8888888888888888,0.8888888888888888,0.8888888888888888,0.8571428571428571,0.8727272727272727
653,2.2412428063694705e-05,1.0,1.0,1.0,1.0,1.0,0.8997449580191541,0.8888888888888888,0.8888888888888888,0.8888888888888888,0.8571428571428571,0.8727272727272727
654,0.00021426008895600803,1.0,1.0,1.0,1.0,1.0,1.0506795569019722,0.8412698412698413,0.8518518518518519,0.8333333333333334,0.7931034482758621,0.8214285714285714
655,0.002442015598959154,0.9992784992784993,0.9985569985569985,0.9997594997594997,0.9996388587937883,0.9990976358058112,0.8715183023369819,0.8888888888888888,0.9629629629629629,0.8333333333333334,0.8125,0.8813559322033898
656,0.0015256738099611528,0.9995670995670995,0.9992784992784993,0.9997594997594997,0.9996391194514616,0.9994587768356485,0.8845976528236716,0.873015873015873,0.8148148148148148,0.9166666666666666,0.88,0.8461538461538461
657,0.003234558124961446,0.9991341991341991,0.9985569985569985,0.9995189995189995,0.9992779783393502,0.9989173583543847,0.937069610204725,0.8888888888888888,0.9259259259259259,0.8611111111111112,0.8333333333333334,0.8771929824561403
658,0.0004584643976670823,0.9998556998556999,1.0,0.9997594997594997,0.999639379733141,0.999819657348963,0.8496120124094425,0.9047619047619048,0.8518518518518519,0.9444444444444444,0.92,0.8846153846153846
659,0.00029422124964767764,0.9998556998556999,1.0,0.9997594997594997,0.999639379733141,0.999819657348963,0.6611156645046162,0.9047619047619048,0.8518518518518519,0.9444444444444444,0.92,0.8846153846153846
660,0.0006624506813349547,0.9997113997113997,0.9996392496392497,0.9997594997594997,0.9996392496392497,0.9996392496392497,0.7018411308901185,0.9206349206349206,0.8888888888888888,0.9444444444444444,0.9230769230769231,0.9056603773584906
661,0.001031753058785721,0.9995670995670995,0.9996392496392497,0.9995189995189995,0.999278759466282,0.999458972046889,0.8230206449871831,0.8888888888888888,0.8518518518518519,0.9166666666666666,0.8846153846153846,0.8679245283018868
662,0.0021040731694234155,0.9995670995670995,0.9992784992784993,0.9997594997594997,0.9996391194514616,0.9994587768356485,1.0264624434242409,0.8888888888888888,0.8148148148148148,0.9444444444444444,0.9166666666666666,0.8627450980392157
663,0.00012049928946359045,1.0,1.0,1.0,1.0,1.0,0.7548885719902861,0.8888888888888888,0.8148148148148148,0.9444444444444444,0.9166666666666666,0.8627450980392157
664,0.00013847349787608567,1.0,1.0,1.0,1.0,1.0,0.7665039620179515,0.8888888888888888,0.8148148148148148,0.9444444444444444,0.9166666666666666,0.8627450980392157
665,4.336766936211373e-05,1.0,1.0,1.0,1.0,1.0,0.7037074579718701,0.9047619047619048,0.8518518518518519,0.9444444444444444,0.92,0.8846153846153846
666,0.0007808881812053538,0.9995670995670995,0.9992784992784993,0.9997594997594997,0.9996391194514616,0.9994587768356485,0.7618897598277683,0.9047619047619048,0.8518518518518519,0.9444444444444444,0.92,0.8846153846153846
667,0.002335474909111627,0.9992784992784993,0.9985569985569985,0.9997594997594997,0.9996388587937883,0.9990976358058112,0.9081941395083309,0.873015873015873,0.8518518518518519,0.8888888888888888,0.8518518518518519,0.8518518518518519
668,0.000708871531574569,0.9994227994227994,0.9992784992784993,0.9995189995189995,0.9992784992784993,0.9992784992784993,0.8994275415084086,0.8888888888888888,0.8888888888888888,0.8888888888888888,0.8571428571428571,0.8727272727272727
669,0.00020467809890785298,1.0,1.0,1.0,1.0,1.0,0.8785455842968538,0.9047619047619048,0.8518518518518519,0.9444444444444444,0.92,0.8846153846153846
670,0.0009315338229886408,0.9994227994227994,0.9992784992784993,0.9995189995189995,0.9992784992784993,0.9992784992784993,0.8596315332396198,0.9206349206349206,0.8888888888888888,0.9444444444444444,0.9230769230769231,0.9056603773584906
671,0.0007585120999835059,0.9998556998556999,1.0,0.9997594997594997,0.999639379733141,0.999819657348963,1.0293401203324763,0.873015873015873,0.8518518518518519,0.8888888888888888,0.8518518518518519,0.8518518518518519
672,0.0008425536077353824,0.9997113997113997,0.9996392496392497,0.9997594997594997,0.9996392496392497,0.9996392496392497,0.84011028254024,0.8888888888888888,0.8518518518518519,0.9166666666666666,0.8846153846153846,0.8679245283018868
673,0.0007760450992315072,0.9997113997113997,0.9996392496392497,0.9997594997594997,0.9996392496392497,0.9996392496392497,0.7179364863929102,0.8888888888888888,0.8888888888888888,0.8888888888888888,0.8571428571428571,0.8727272727272727
674,0.003274269187066819,0.9987012987012988,0.9981962481962482,0.9990379990379991,0.9985564778058462,0.9983763305069457,0.8745917140294628,0.873015873015873,0.8888888888888888,0.8611111111111112,0.8275862068965517,0.8571428571428571
675,0.0007087390686929428,0.9997278911564625,1.0,0.9995964487489911,0.9991652754590985,0.9995824634655532,0.6270534173682314,0.9047619047619048,0.8888888888888888,0.9166666666666666,0.8888888888888888,0.8888888888888888
676,0.001198016860222394,0.9995670995670995,0.9992784992784993,0.9997594997594997,0.9996391194514616,0.9994587768356485,0.6423485659858367,0.9206349206349206,0.8888888888888888,0.9444444444444444,0.9230769230769231,0.9056603773584906
677,0.000702462280200312,0.9997278911564625,0.9991645781119465,1.0,1.0,0.9995821145006268,0.7824913556421904,0.8888888888888888,0.9259259259259259,0.8611111111111112,0.8333333333333334,0.8771929824561403
678,0.0004057131198813073,1.0,1.0,1.0,1.0,1.0,0.6972633054590713,0.9047619047619048,0.8518518518518519,0.9444444444444444,0.92,0.8846153846153846
679,0.0004840536095486246,0.9997113997113997,0.9996392496392497,0.9997594997594997,0.9996392496392497,0.9996392496392497,0.6217358106400103,0.9206349206349206,0.8888888888888888,0.9444444444444444,0.9230769230769231,0.9056603773584906
680,0.0015955515545590204,0.9995670995670995,0.9996392496392497,0.9995189995189995,0.999278759466282,0.999458972046889,0.6486212219037014,0.9047619047619048,0.8888888888888888,0.9166666666666666,0.8888888888888888,0.8888888888888888
681,0.002145217411686151,0.9997113997113997,0.9996392496392497,0.9997594997594997,0.9996392496392497,0.9996392496392497,0.6155502262930866,0.9047619047619048,0.9259259259259259,0.8888888888888888,0.8620689655172413,0.8928571428571429
682,0.0009944824770640199,0.9997278911564625,1.0,0.9995964487489911,0.9991652754590985,0.9995824634655532,0.6558779341280497,0.9047619047619048,0.8888888888888888,0.9166666666666666,0.8888888888888888,0.8888888888888888
683,0.0018389413377558064,0.9995670995670995,0.9996392496392497,0.9995189995189995,0.999278759466282,0.999458972046889,0.5562721919398298,0.9365079365079365,0.9259259259259259,0.9444444444444444,0.9259259259259259,0.9259259259259259
684,0.003725594936798124,0.998989898989899,0.9985569985569985,0.9992784992784993,0.9989173583543847,0.9987371459498466,0.5251388358540551,0.9047619047619048,0.8888888888888888,0.9166666666666666,0.8888888888888888,0.8888888888888888
685,0.00026456533623655284,1.0,1.0,1.0,1.0,1.0,0.47630425097463197,0.9206349206349206,0.9259259259259259,0.9166666666666666,0.8928571428571429,0.9090909090909091
686,9.492666302060427e-05,1.0,1.0,1.0,1.0,1.0,0.5519517590508056,0.9047619047619048,0.8888888888888888,0.9166666666666666,0.8888888888888888,0.8888888888888888
687,3.73869179952471e-05,1.0,1.0,1.0,1.0,1.0,0.534912629684417,0.9365079365079365,0.9259259259259259,0.9444444444444444,0.9259259259259259,0.9259259259259259
688,0.0003396200937205121,0.9998556998556999,0.9996392496392497,1.0,1.0,0.9998195922785496,0.7449394904169677,0.8888888888888888,0.9259259259259259,0.8611111111111112,0.8333333333333334,0.8771929824561403
689,0.004006505103297364,0.9991341991341991,0.9992784992784993,0.9990379990379991,0.9985580389329488,0.998918139199423,0.5589101812550484,0.8888888888888888,0.8888888888888888,0.8888888888888888,0.8571428571428571,0.8727272727272727
690,0.0007422614437006826,0.9998556998556999,1.0,0.9997594997594997,0.999639379733141,0.999819657348963,0.6549033031409462,0.873015873015873,0.8888888888888888,0.8611111111111112,0.8275862068965517,0.8571428571428571
691,0.00010266439551927272,1.0,1.0,1.0,1.0,1.0,0.6355078033731034,0.873015873015873,0.8888888888888888,0.8611111111111112,0.8275862068965517,0.8571428571428571
692,5.9878428892510935e-05,1.0,1.0,1.0,1.0,1.0,0.7303524503586232,0.8888888888888888,0.8888888888888888,0.8888888888888888,0.8571428571428571,0.8727272727272727
693,4.048937584470031e-05,1.0,1.0,1.0,1.0,1.0,0.6959469322313135,0.8888888888888888,0.8888888888888888,0.8888888888888888,0.8571428571428571,0.8727272727272727
694,2.8051986555379426e-05,1.0,1.0,1.0,1.0,1.0,0.6769478951955246,0.8571428571428571,0.8518518518518519,0.8611111111111112,0.8214285714285714,0.8363636363636363
695,0.00037769281291275545,0.9998556998556999,1.0,0.9997594997594997,0.999639379733141,0.999819657348963,0.6747529673390552,0.9206349206349206,0.9259259259259259,0.9166666666666666,0.8928571428571429,0.9090909090909091
696,0.0018229262155306785,0.9994227994227994,0.9992784992784993,0.9995189995189995,0.9992784992784993,0.9992784992784993,0.5397597128586125,0.9206349206349206,0.9259259259259259,0.9166666666666666,0.8928571428571429,0.9090909090909091
697,0.0019935526088416897,0.9995670995670995,0.9996392496392497,0.9995189995189995,0.999278759466282,0.999458972046889,0.48974585894907324,0.9206349206349206,0.9259259259259259,0.9166666666666666,0.8928571428571429,0.9090909090909091
698,0.0005677870324868282,0.9998556998556999,0.9996392496392497,1.0,1.0,0.9998195922785496,0.5842418599721795,0.9047619047619048,0.9259259259259259,0.8888888888888888,0.8620689655172413,0.8928571428571429
699,0.0007709125857422341,0.9994557823129252,0.9991645781119465,0.9995964487489911,0.9991645781119465,0.9991645781119465,0.9737400559532121,0.8571428571428571,0.8888888888888888,0.8333333333333334,0.8,0.8421052631578947
700,0.0008099203274285155,0.9998556998556999,1.0,0.9997594997594997,0.999639379733141,0.999819657348963,0.7554068842614542,0.8888888888888888,0.8888888888888888,0.8888888888888888,0.8571428571428571,0.8727272727272727
