Epoch,Loss,Accuracy,Sensitivity,Specificity,Precision,F1,Validation Loss,Validation Accuracy,Validation Sensitivity,Validation Specificity,Validation Precision,Validation F1
1,0.020094504867336667,0.9929251700680272,0.9899749373433584,0.9943502824858758,0.9883236030025021,0.9891485809682805,0.7191682852996838,0.8253968253968254,0.9629629629629629,0.7222222222222222,0.7222222222222222,0.8253968253968254
2,0.006640089211358251,0.9983673469387755,0.9974937343358395,0.9987893462469734,0.9974937343358395,0.9974937343358395,0.869306416468813,0.8412698412698413,1.0,0.7222222222222222,0.7297297297297297,0.84375
3,0.005517773163951553,0.9980952380952381,0.9966583124477861,0.9987893462469734,0.9974916387959866,0.9970748015043878,3.2170760782938155,0.5555555555555556,1.0,0.2222222222222222,0.4909090909090909,0.6585365853658537
4,0.008824806725568705,0.9983673469387755,0.9966583124477861,0.9991928974979822,0.998326359832636,0.9974916387959866,1.0517882847981084,0.746031746031746,0.9629629629629629,0.5833333333333334,0.6341463414634146,0.7647058823529411
5,0.00974211011310013,0.9978231292517007,0.9958228905597326,0.9987893462469734,0.9974895397489539,0.9966555183946488,0.9131640446121021,0.8253968253968254,0.9629629629629629,0.7222222222222222,0.7222222222222222,0.8253968253968254
6,0.0004348891661886512,1.0,1.0,1.0,1.0,1.0,1.101170366511695,0.8095238095238095,0.9629629629629629,0.6944444444444444,0.7027027027027027,0.8125
7,0.00023430691771826953,1.0,1.0,1.0,1.0,1.0,1.1719616745997752,0.8253968253968254,0.9629629629629629,0.7222222222222222,0.7222222222222222,0.8253968253968254
8,0.0001798220084771058,1.0,1.0,1.0,1.0,1.0,1.4435273619841724,0.7936507936507936,0.9629629629629629,0.6666666666666666,0.6842105263157895,0.8
9,0.004867149758163355,0.9989115646258503,0.9983291562238931,0.9991928974979822,0.9983291562238931,0.9983291562238931,0.30406190185171983,0.9365079365079365,0.9629629629629629,0.9166666666666666,0.896551724137931,0.9285714285714286
10,0.012047481024067622,0.9961904761904762,0.9924812030075187,0.9979822437449556,0.9958088851634534,0.994142259414226,1.3656046352689228,0.746031746031746,0.9629629629629629,0.5833333333333334,0.6341463414634146,0.7647058823529411
11,0.004082788161269776,0.9989115646258503,0.9983291562238931,0.9991928974979822,0.9983291562238931,0.9983291562238931,1.3013968823388928,0.7619047619047619,0.9629629629629629,0.6111111111111112,0.65,0.7761194029850746
12,0.223026047437351,0.9144300144300145,0.8712121212121212,0.9432419432419432,0.9109769898151641,0.8906509312188825,0.22635324914304036,0.9365079365079365,0.9629629629629629,0.9166666666666666,0.896551724137931,0.9285714285714286
13,0.01141000768408927,0.9970068027210884,0.9949874686716792,0.9979822437449556,0.995819397993311,0.9954032595068951,0.3958255976645483,0.873015873015873,0.9629629629629629,0.8055555555555556,0.7878787878787878,0.8666666666666667
14,0.005238975856633743,0.9989115646258503,0.9974937343358395,0.9995964487489911,0.999163179916318,0.9983277591973244,0.35188073845254997,0.9047619047619048,0.9629629629629629,0.8611111111111112,0.8387096774193549,0.896551724137931
15,0.0022771485187556774,0.9994557823129252,0.9983291562238931,1.0,1.0,0.9991638795986622,0.7899260254177664,0.8253968253968254,1.0,0.6944444444444444,0.7105263157894737,0.8307692307692308
16,0.0006481637346532931,1.0,1.0,1.0,1.0,1.0,1.018704718353951,0.7777777777777778,0.9629629629629629,0.6388888888888888,0.6666666666666666,0.7878787878787878
17,0.0009812431027368344,0.9997278911564625,0.9991645781119465,1.0,1.0,0.9995821145006268,0.9327286896221931,0.8095238095238095,1.0,0.6666666666666666,0.6923076923076923,0.8181818181818182
18,0.0005608616814850417,1.0,1.0,1.0,1.0,1.0,0.5086275926016878,0.9206349206349206,1.0,0.8611111111111112,0.84375,0.9152542372881356
19,0.00027566926995055516,1.0,1.0,1.0,1.0,1.0,0.5993991657252615,0.9047619047619048,1.0,0.8333333333333334,0.8181818181818182,0.9
20,0.00014350582797992596,1.0,1.0,1.0,1.0,1.0,0.7217128648005041,0.8888888888888888,1.0,0.8055555555555556,0.7941176470588235,0.8852459016393442
21,0.18761905448909036,0.929004329004329,0.9087301587301587,0.9425204425204425,0.9133430021754895,0.9110307414104882,0.2763585972170981,0.8888888888888888,0.8888888888888888,0.8888888888888888,0.8571428571428571,0.8727272727272727
22,0.007355434262592877,0.998639455782313,0.9983291562238931,0.9987893462469734,0.9974958263772955,0.9979123173277662,0.40436671383028466,0.8571428571428571,0.8888888888888888,0.8333333333333334,0.8,0.8421052631578947
23,0.07796859339559599,0.9705627705627705,0.95995670995671,0.9776334776334776,0.9662309368191722,0.9630836047774158,0.4955319693045957,0.873015873015873,0.9629629629629629,0.8055555555555556,0.7878787878787878,0.8666666666666667
24,0.006383965076644253,0.9983673469387755,0.9974937343358395,0.9987893462469734,0.9974937343358395,0.9974937343358395,0.7212002946152574,0.8412698412698413,0.9629629629629629,0.75,0.7428571428571429,0.8387096774193549
25,0.0012007641537767537,0.9997278911564625,0.9991645781119465,1.0,1.0,0.9995821145006268,0.8175067293683126,0.8412698412698413,0.9259259259259259,0.7777777777777778,0.7575757575757576,0.8333333333333334
26,0.00048511096891285026,1.0,1.0,1.0,1.0,1.0,0.8649309698172608,0.8095238095238095,0.9259259259259259,0.7222222222222222,0.7142857142857143,0.8064516129032258
27,0.00028785752598196266,1.0,1.0,1.0,1.0,1.0,0.90935255565481,0.8253968253968254,0.9259259259259259,0.75,0.7352941176470589,0.819672131147541
28,0.006799297213687428,0.9989115646258503,0.9983291562238931,0.9991928974979822,0.9983291562238931,0.9983291562238931,0.5530213437057914,0.8571428571428571,1.0,0.75,0.75,0.8571428571428571
29,0.0004794420072548313,1.0,1.0,1.0,1.0,1.0,0.7155761032130584,0.8412698412698413,1.0,0.7222222222222222,0.7297297297297297,0.84375
30,0.00024255068948057632,1.0,1.0,1.0,1.0,1.0,0.7505276847195568,0.8571428571428571,1.0,0.75,0.75,0.8571428571428571
31,0.0002020292807175211,1.0,1.0,1.0,1.0,1.0,0.8198941934240301,0.8571428571428571,0.9629629629629629,0.7777777777777778,0.7647058823529411,0.8524590163934426
32,0.00010310193871674175,1.0,1.0,1.0,1.0,1.0,0.7990981784699086,0.8412698412698413,0.9629629629629629,0.75,0.7428571428571429,0.8387096774193549
33,0.008513151314590668,0.9980952380952381,0.9974937343358395,0.9983857949959645,0.996661101836394,0.9970772442588727,1.0726430201459498,0.7777777777777778,0.9259259259259259,0.6666666666666666,0.6756756756756757,0.78125
34,0.007547456758907761,0.9975510204081632,0.9958228905597326,0.9983857949959645,0.9966555183946488,0.9962390305056414,1.054927247665113,0.8253968253968254,1.0,0.6944444444444444,0.7105263157894737,0.8307692307692308
35,0.0060454500852418795,0.998639455782313,0.9974937343358395,0.9991928974979822,0.9983277591973244,0.9979105725031342,0.6862260520990405,0.8095238095238095,0.9629629629629629,0.6944444444444444,0.7027027027027027,0.8125
36,0.0007251499280282835,1.0,1.0,1.0,1.0,1.0,1.1861881034241781,0.7936507936507936,1.0,0.6388888888888888,0.675,0.8059701492537313
37,0.00027167681828743086,1.0,1.0,1.0,1.0,1.0,1.1995636968806918,0.8095238095238095,0.9629629629629629,0.6944444444444444,0.7027027027027027,0.8125
38,0.0022206432636285543,0.9997278911564625,0.9991645781119465,1.0,1.0,0.9995821145006268,1.7331437596696473,0.7619047619047619,1.0,0.5833333333333334,0.6428571428571429,0.782608695652174
39,0.16010778156790512,0.9363636363636364,0.9116161616161617,0.9528619528619529,0.9280205655526992,0.9197452229299363,0.14458645921614435,0.9365079365079365,0.9259259259259259,0.9444444444444444,0.9259259259259259,0.9259259259259259
40,0.006293863911414519,0.9991836734693877,0.9991645781119465,0.9991928974979822,0.998330550918197,0.9987473903966597,0.5254169259079924,0.8253968253968254,0.9629629629629629,0.7222222222222222,0.7222222222222222,0.8253968253968254
41,0.0009562408452185162,1.0,1.0,1.0,1.0,1.0,0.702925198079486,0.7936507936507936,0.9629629629629629,0.6666666666666666,0.6842105263157895,0.8
42,0.0005044582494151252,1.0,1.0,1.0,1.0,1.0,0.6863907537458184,0.8253968253968254,0.9629629629629629,0.7222222222222222,0.7222222222222222,0.8253968253968254
43,0.002926910193625134,0.9994557823129252,0.9991645781119465,0.9995964487489911,0.9991645781119465,0.9991645781119465,0.6722667844049515,0.7936507936507936,0.9629629629629629,0.6666666666666666,0.6842105263157895,0.8
44,0.0007378162822542002,1.0,1.0,1.0,1.0,1.0,0.6242035965764127,0.8095238095238095,0.9629629629629629,0.6944444444444444,0.7027027027027027,0.8125
45,0.0002468806047936534,1.0,1.0,1.0,1.0,1.0,0.6567120959618247,0.8412698412698413,1.0,0.7222222222222222,0.7297297297297297,0.84375
46,0.00019226224818995514,1.0,1.0,1.0,1.0,1.0,0.7680294456002894,0.8253968253968254,1.0,0.6944444444444444,0.7105263157894737,0.8307692307692308
47,0.0001462691234896707,1.0,1.0,1.0,1.0,1.0,0.8153295835280525,0.8253968253968254,1.0,0.6944444444444444,0.7105263157894737,0.8307692307692308
48,0.0001647100302082491,1.0,1.0,1.0,1.0,1.0,0.5739143656560733,0.873015873015873,0.9629629629629629,0.8055555555555556,0.7878787878787878,0.8666666666666667
49,0.003224403232531654,0.9994557823129252,0.9991645781119465,0.9995964487489911,0.9991645781119465,0.9991645781119465,1.2678983272672335,0.7777777777777778,0.9629629629629629,0.6388888888888888,0.6666666666666666,0.7878787878787878
50,0.007302379654051235,0.9975510204081632,0.9958228905597326,0.9983857949959645,0.9966555183946488,0.9962390305056414,0.6839061576156094,0.8253968253968254,0.9629629629629629,0.7222222222222222,0.7222222222222222,0.8253968253968254
51,0.0005979543507374747,1.0,1.0,1.0,1.0,1.0,0.9451346623799985,0.8253968253968254,0.9629629629629629,0.7222222222222222,0.7222222222222222,0.8253968253968254
52,0.00021432785154359898,1.0,1.0,1.0,1.0,1.0,1.0088082987321763,0.8253968253968254,0.9629629629629629,0.7222222222222222,0.7222222222222222,0.8253968253968254
53,0.005773946006612482,0.9978231292517007,0.9958228905597326,0.9987893462469734,0.9974895397489539,0.9966555183946488,1.2866852229520205,0.746031746031746,0.9259259259259259,0.6111111111111112,0.6410256410256411,0.7575757575757576
54,0.1405151493969665,0.9464646464646465,0.9191919191919192,0.9646464646464646,0.9454545454545454,0.9321382842509603,0.26538832377760657,0.9523809523809523,0.9259259259259259,0.9722222222222222,0.9615384615384616,0.9433962264150944
55,0.006603260964700052,0.9980952380952381,0.9974937343358395,0.9983857949959645,0.996661101836394,0.9970772442588727,0.43574946035911877,0.8412698412698413,0.9259259259259259,0.7777777777777778,0.7575757575757576,0.8333333333333334
56,0.0007519892313942111,1.0,1.0,1.0,1.0,1.0,0.4961983687078048,0.8412698412698413,0.9259259259259259,0.7777777777777778,0.7575757575757576,0.8333333333333334
57,0.0007334941402426129,0.9997278911564625,0.9991645781119465,1.0,1.0,0.9995821145006268,1.1338645331302866,0.7619047619047619,0.9629629629629629,0.6111111111111112,0.65,0.7761194029850746
58,0.0005641318201091374,1.0,1.0,1.0,1.0,1.0,1.1050167076187098,0.7619047619047619,0.9629629629629629,0.6111111111111112,0.65,0.7761194029850746
59,0.00019622014483855086,1.0,1.0,1.0,1.0,1.0,1.0921363732828353,0.7777777777777778,0.9629629629629629,0.6388888888888888,0.6666666666666666,0.7878787878787878
60,0.0001508154115381454,1.0,1.0,1.0,1.0,1.0,1.1563142999038396,0.7777777777777778,0.9629629629629629,0.6388888888888888,0.6666666666666666,0.7878787878787878
61,0.0014369671934182902,0.9994557823129252,0.9991645781119465,0.9995964487489911,0.9991645781119465,0.9991645781119465,0.7137509432726629,0.8095238095238095,0.9259259259259259,0.7222222222222222,0.7142857142857143,0.8064516129032258
62,0.00016037334782644777,1.0,1.0,1.0,1.0,1.0,0.8769557748372401,0.8095238095238095,0.9259259259259259,0.7222222222222222,0.7142857142857143,0.8064516129032258
63,9.96294308766219e-05,1.0,1.0,1.0,1.0,1.0,0.8448248079031824,0.8095238095238095,0.9259259259259259,0.7222222222222222,0.7142857142857143,0.8064516129032258
64,8.295261169662802e-05,1.0,1.0,1.0,1.0,1.0,0.9444145561553471,0.8253968253968254,0.9259259259259259,0.75,0.7352941176470589,0.819672131147541
65,6.291136340607198e-05,1.0,1.0,1.0,1.0,1.0,1.0263681396445175,0.8253968253968254,0.9259259259259259,0.75,0.7352941176470589,0.819672131147541
66,6.0980423353810405e-05,1.0,1.0,1.0,1.0,1.0,1.1677557185179293,0.7936507936507936,0.9259259259259259,0.6944444444444444,0.6944444444444444,0.7936507936507936
67,4.169224798449689e-05,1.0,1.0,1.0,1.0,1.0,1.08194059698271,0.8253968253968254,0.9259259259259259,0.75,0.7352941176470589,0.819672131147541
68,2.934151546685912e-05,1.0,1.0,1.0,1.0,1.0,1.0704191069325177,0.8253968253968254,0.9259259259259259,0.75,0.7352941176470589,0.819672131147541
69,3.232939189500302e-05,1.0,1.0,1.0,1.0,1.0,1.181167875208115,0.8095238095238095,0.9259259259259259,0.7222222222222222,0.7142857142857143,0.8064516129032258
70,1.9518812378071767e-05,1.0,1.0,1.0,1.0,1.0,1.1363271917879978,0.8253968253968254,0.9259259259259259,0.75,0.7352941176470589,0.819672131147541
71,2.166553494911333e-05,1.0,1.0,1.0,1.0,1.0,1.256666722551537,0.8253968253968254,0.9259259259259259,0.75,0.7352941176470589,0.819672131147541
72,1.626252219639788e-05,1.0,1.0,1.0,1.0,1.0,1.2998580804297446,0.8095238095238095,0.9259259259259259,0.7222222222222222,0.7142857142857143,0.8064516129032258
73,1.2562833283506926e-05,1.0,1.0,1.0,1.0,1.0,1.34621382138809,0.8095238095238095,0.9259259259259259,0.7222222222222222,0.7142857142857143,0.8064516129032258
74,0.011354578156705286,0.9964625850340136,0.9941520467836257,0.9975786924939467,0.9949832775919732,0.9945674885081488,0.8108724256615258,0.7777777777777778,0.9259259259259259,0.6666666666666666,0.6756756756756757,0.78125
75,0.0067710749976666405,0.9989115646258503,0.9991645781119465,0.9987893462469734,0.9974979149291076,0.998330550918197,1.0722658887269005,0.7777777777777778,1.0,0.6111111111111112,0.6585365853658537,0.7941176470588235
76,0.00040001825368123724,1.0,1.0,1.0,1.0,1.0,1.3162327050000415,0.7777777777777778,0.9629629629629629,0.6388888888888888,0.6666666666666666,0.7878787878787878
77,0.003911310666071277,0.998639455782313,0.9974937343358395,0.9991928974979822,0.9983277591973244,0.9979105725031342,0.7030079484776786,0.8253968253968254,0.9629629629629629,0.7222222222222222,0.7222222222222222,0.8253968253968254
78,0.0019765456022653527,0.9994557823129252,0.9991645781119465,0.9995964487489911,0.9991645781119465,0.9991645781119465,0.7801845066641118,0.8095238095238095,0.9629629629629629,0.6944444444444444,0.7027027027027027,0.8125
79,0.00018327762467255476,1.0,1.0,1.0,1.0,1.0,0.9441325558286663,0.8095238095238095,0.9629629629629629,0.6944444444444444,0.7027027027027027,0.8125
80,0.004063278011833935,0.998639455782313,0.9974937343358395,0.9991928974979822,0.9983277591973244,0.9979105725031342,1.1199375245431882,0.7936507936507936,0.9629629629629629,0.6666666666666666,0.6842105263157895,0.8
81,0.0001796290067305767,1.0,1.0,1.0,1.0,1.0,1.5650983478260478,0.7777777777777778,0.9629629629629629,0.6388888888888888,0.6666666666666666,0.7878787878787878
82,0.00013604503069132852,1.0,1.0,1.0,1.0,1.0,2.009482442475264,0.7301587301587301,0.9259259259259259,0.5833333333333334,0.625,0.746268656716418
83,5.0511967191268425e-05,1.0,1.0,1.0,1.0,1.0,2.0771889010470153,0.7301587301587301,0.9259259259259259,0.5833333333333334,0.625,0.746268656716418
84,5.721243773458358e-05,1.0,1.0,1.0,1.0,1.0,1.9610617037394569,0.7619047619047619,0.9629629629629629,0.6111111111111112,0.65,0.7761194029850746
85,0.012241651987171195,0.9978231292517007,0.9966583124477861,0.9983857949959645,0.9966583124477861,0.9966583124477861,1.8286794144660234,0.6666666666666666,1.0,0.4166666666666667,0.5625,0.72
86,0.00029227469768018785,1.0,1.0,1.0,1.0,1.0,1.6519734136656754,0.7301587301587301,1.0,0.5277777777777778,0.6136363636363636,0.7605633802816901
87,0.0001316822547193135,1.0,1.0,1.0,1.0,1.0,1.7137083125056787,0.7301587301587301,1.0,0.5277777777777778,0.6136363636363636,0.7605633802816901
88,0.0005237698160581327,1.0,1.0,1.0,1.0,1.0,1.876312243813161,0.7301587301587301,1.0,0.5277777777777778,0.6136363636363636,0.7605633802816901
89,0.005184236172613209,0.998639455782313,0.9966583124477861,0.9995964487489911,0.9991624790619765,0.9979088247595148,1.0137041485498821,0.6666666666666666,1.0,0.4166666666666667,0.5625,0.72
90,0.0029543756395039866,0.9991836734693877,0.9983291562238931,0.9995964487489911,0.9991638795986622,0.9987463435018805,1.350738715853483,0.7936507936507936,1.0,0.6388888888888888,0.675,0.8059701492537313
91,0.004310278913151112,0.9989115646258503,0.9983291562238931,0.9991928974979822,0.9983291562238931,0.9983291562238931,1.4152995480431452,0.746031746031746,1.0,0.5555555555555556,0.627906976744186,0.7714285714285715
92,0.0009598391360006744,0.9997278911564625,0.9991645781119465,1.0,1.0,0.9995821145006268,1.8288254715383998,0.6825396825396826,1.0,0.4444444444444444,0.574468085106383,0.7297297297297297
93,0.18379392493220548,0.9297258297258297,0.8943001443001443,0.9533429533429534,0.9274223718668163,0.9105601469237833,0.2479800529896267,0.9206349206349206,0.8888888888888888,0.9444444444444444,0.9230769230769231,0.9056603773584906
94,0.058214368477186876,0.9784992784992785,0.9682539682539683,0.9853294853294853,0.9777777777777777,0.9729925684248686,0.9540489883649916,0.7936507936507936,0.9259259259259259,0.6944444444444444,0.6944444444444444,0.7936507936507936
95,0.008843804991069142,0.9978231292517007,0.9991645781119465,0.9971751412429378,0.9941812136325852,0.9966666666666667,0.6752070898397101,0.8253968253968254,0.9629629629629629,0.7222222222222222,0.7222222222222222,0.8253968253968254
96,0.0013129309414835254,0.9997278911564625,0.9991645781119465,1.0,1.0,0.9995821145006268,0.7057762858827435,0.8253968253968254,0.9629629629629629,0.7222222222222222,0.7222222222222222,0.8253968253968254
97,0.0006160961289741225,1.0,1.0,1.0,1.0,1.0,0.9582802792373557,0.8095238095238095,0.9629629629629629,0.6944444444444444,0.7027027027027027,0.8125
98,0.05073150476430036,0.9834054834054834,0.976911976911977,0.9877344877344877,0.9815150416817687,0.979208099801121,0.42984375014664633,0.9047619047619048,0.9629629629629629,0.8611111111111112,0.8387096774193549,0.896551724137931
99,0.0033819941654452913,0.9991836734693877,0.9983291562238931,0.9995964487489911,0.9991638795986622,0.9987463435018805,0.4226564476488247,0.8571428571428571,0.9629629629629629,0.7777777777777778,0.7647058823529411,0.8524590163934426
100,0.0005001913136200739,1.0,1.0,1.0,1.0,1.0,0.46627252176588785,0.8888888888888888,0.9629629629629629,0.8333333333333334,0.8125,0.8813559322033898
101,0.0015580124023044165,0.9994557823129252,0.9991645781119465,0.9995964487489911,0.9991645781119465,0.9991645781119465,0.6705085546497093,0.8095238095238095,0.9259259259259259,0.7222222222222222,0.7142857142857143,0.8064516129032258
102,0.045609951790013654,0.983982683982684,0.9816017316017316,0.9855699855699855,0.9784250269687162,0.9800108049702864,0.34027405235443325,0.9206349206349206,0.8888888888888888,0.9444444444444444,0.9230769230769231,0.9056603773584906
103,0.004911871126276396,0.9983673469387755,0.9974937343358395,0.9987893462469734,0.9974937343358395,0.9974937343358395,0.3826906401590104,0.9206349206349206,0.9629629629629629,0.8888888888888888,0.8666666666666667,0.9122807017543859
104,0.00516230089125876,0.9989115646258503,0.9974937343358395,0.9995964487489911,0.999163179916318,0.9983277591973244,0.26215401176540626,0.9206349206349206,0.9259259259259259,0.9166666666666666,0.8928571428571429,0.9090909090909091
105,0.0004915283494597288,1.0,1.0,1.0,1.0,1.0,0.3127576054521053,0.9206349206349206,0.9259259259259259,0.9166666666666666,0.8928571428571429,0.9090909090909091
106,0.00026775068000392977,1.0,1.0,1.0,1.0,1.0,0.3419004816391934,0.9206349206349206,0.9629629629629629,0.8888888888888888,0.8666666666666667,0.9122807017543859
107,0.00019970734052908082,1.0,1.0,1.0,1.0,1.0,0.3964554888606515,0.9206349206349206,0.9629629629629629,0.8888888888888888,0.8666666666666667,0.9122807017543859
108,0.00012535936590446457,1.0,1.0,1.0,1.0,1.0,0.4265877972453988,0.9206349206349206,0.9629629629629629,0.8888888888888888,0.8666666666666667,0.9122807017543859
109,0.00011202638566024366,1.0,1.0,1.0,1.0,1.0,0.4869230540038737,0.9047619047619048,0.9629629629629629,0.8611111111111112,0.8387096774193549,0.896551724137931
110,0.053683899300344944,0.9806637806637807,0.9725829725829725,0.9860509860509861,0.9789397240377633,0.9757509952949692,0.3969404354233236,0.873015873015873,0.8148148148148148,0.9166666666666666,0.88,0.8461538461538461
111,0.0034515669795630666,0.9989115646258503,0.9974937343358395,0.9995964487489911,0.999163179916318,0.9983277591973244,0.631211709824302,0.8253968253968254,0.9259259259259259,0.75,0.7352941176470589,0.819672131147541
112,0.00039973873742871923,1.0,1.0,1.0,1.0,1.0,0.6161668482088735,0.8412698412698413,0.9259259259259259,0.7777777777777778,0.7575757575757576,0.8333333333333334
113,0.000239101715048745,1.0,1.0,1.0,1.0,1.0,0.6533424278831161,0.8412698412698413,0.9259259259259259,0.7777777777777778,0.7575757575757576,0.8333333333333334
114,0.00020128167668740792,1.0,1.0,1.0,1.0,1.0,0.5946544185929862,0.873015873015873,0.9259259259259259,0.8333333333333334,0.8064516129032258,0.8620689655172413
115,0.00015197223141871798,1.0,1.0,1.0,1.0,1.0,0.8143510735359981,0.8253968253968254,0.9259259259259259,0.75,0.7352941176470589,0.819672131147541
116,0.046410975785709956,0.9834054834054834,0.9776334776334776,0.9872534872534873,0.9808179515019906,0.979223125564589,0.2649034091700164,0.8888888888888888,0.9259259259259259,0.8611111111111112,0.8333333333333334,0.8771929824561403
117,0.0032122576455221367,0.9991836734693877,0.9983291562238931,0.9995964487489911,0.9991638795986622,0.9987463435018805,0.3390012996600172,0.8571428571428571,0.9629629629629629,0.7777777777777778,0.7647058823529411,0.8524590163934426
118,0.0006714632309126655,1.0,1.0,1.0,1.0,1.0,0.30056856255442466,0.8888888888888888,0.9259259259259259,0.8611111111111112,0.8333333333333334,0.8771929824561403
119,0.00028429211720390257,1.0,1.0,1.0,1.0,1.0,0.3386687837238054,0.873015873015873,0.8888888888888888,0.8611111111111112,0.8275862068965517,0.8571428571428571
120,0.0017392209234970565,0.9994557823129252,0.9991645781119465,0.9995964487489911,0.9991645781119465,0.9991645781119465,0.4783356895297027,0.873015873015873,0.9259259259259259,0.8333333333333334,0.8064516129032258,0.8620689655172413
121,0.00018066283430845546,1.0,1.0,1.0,1.0,1.0,0.49256029857635786,0.873015873015873,0.9259259259259259,0.8333333333333334,0.8064516129032258,0.8620689655172413
122,0.0005640060626537393,0.9997278911564625,0.9991645781119465,1.0,1.0,0.9995821145006268,0.4199660167482401,0.8888888888888888,0.9259259259259259,0.8611111111111112,0.8333333333333334,0.8771929824561403
123,8.292499041108757e-05,1.0,1.0,1.0,1.0,1.0,0.4651770401457999,0.8888888888888888,0.9259259259259259,0.8611111111111112,0.8333333333333334,0.8771929824561403
124,7.30404236537961e-05,1.0,1.0,1.0,1.0,1.0,0.5128866521744284,0.8888888888888888,0.9259259259259259,0.8611111111111112,0.8333333333333334,0.8771929824561403
125,0.05053417804069054,0.9822510822510823,0.976911976911977,0.9858104858104858,0.9786772677990604,0.9777938256002888,0.3895309662394639,0.8888888888888888,0.7777777777777778,0.9722222222222222,0.9545454545454546,0.8571428571428571
126,0.003550710692201095,0.9991836734693877,0.9983291562238931,0.9995964487489911,0.9991638795986622,0.9987463435018805,0.40315573536495247,0.873015873015873,0.8888888888888888,0.8611111111111112,0.8275862068965517,0.8571428571428571
127,0.0004937480699443606,1.0,1.0,1.0,1.0,1.0,0.40592677601371036,0.873015873015873,0.8888888888888888,0.8611111111111112,0.8275862068965517,0.8571428571428571
128,0.0003470532852581379,1.0,1.0,1.0,1.0,1.0,0.4883020705638623,0.873015873015873,0.8888888888888888,0.8611111111111112,0.8275862068965517,0.8571428571428571
129,0.0009117615816926229,0.9997278911564625,1.0,0.9995964487489911,0.9991652754590985,0.9995824634655532,0.5081765879401087,0.873015873015873,0.9259259259259259,0.8333333333333334,0.8064516129032258,0.8620689655172413
130,0.00012466267461610917,1.0,1.0,1.0,1.0,1.0,0.4948733212825443,0.873015873015873,0.9259259259259259,0.8333333333333334,0.8064516129032258,0.8620689655172413
131,0.00010751073442709942,1.0,1.0,1.0,1.0,1.0,0.47722357977181673,0.8888888888888888,0.9259259259259259,0.8611111111111112,0.8333333333333334,0.8771929824561403
132,8.486290351047377e-05,1.0,1.0,1.0,1.0,1.0,0.5426745322639897,0.8888888888888888,0.9259259259259259,0.8611111111111112,0.8333333333333334,0.8771929824561403
133,5.951662743099819e-05,1.0,1.0,1.0,1.0,1.0,0.5373321039234205,0.873015873015873,0.9259259259259259,0.8333333333333334,0.8064516129032258,0.8620689655172413
134,5.438437899194506e-05,1.0,1.0,1.0,1.0,1.0,0.5362152433127261,0.873015873015873,0.9259259259259259,0.8333333333333334,0.8064516129032258,0.8620689655172413
135,4.0939540117475175e-05,1.0,1.0,1.0,1.0,1.0,0.5849550707025628,0.873015873015873,0.9259259259259259,0.8333333333333334,0.8064516129032258,0.8620689655172413
136,3.4190791774482536e-05,1.0,1.0,1.0,1.0,1.0,0.6123374917913188,0.8888888888888888,0.9259259259259259,0.8611111111111112,0.8333333333333334,0.8771929824561403
137,2.842437238176571e-05,1.0,1.0,1.0,1.0,1.0,0.6075715683016333,0.8888888888888888,0.9259259259259259,0.8611111111111112,0.8333333333333334,0.8771929824561403
138,0.05740767713298463,0.9795093795093796,0.9711399711399712,0.9850889850889851,0.9774872912127814,0.9743032935215346,0.4301186035025037,0.9047619047619048,0.8518518518518519,0.9444444444444444,0.92,0.8846153846153846
139,0.002762715035636092,0.9994557823129252,0.9991645781119465,0.9995964487489911,0.9991645781119465,0.9991645781119465,0.401062602731621,0.9365079365079365,0.8888888888888888,0.9722222222222222,0.96,0.9230769230769231
140,0.00037321548429032674,1.0,1.0,1.0,1.0,1.0,0.47895978193634026,0.873015873015873,0.8888888888888888,0.8611111111111112,0.8275862068965517,0.8571428571428571
141,0.02373451593058257,0.9924963924963925,0.98989898989899,0.9942279942279942,0.9913294797687862,0.9906137184115523,0.5308960306768616,0.873015873015873,0.8888888888888888,0.8611111111111112,0.8275862068965517,0.8571428571428571
142,0.0037928670577524345,0.998639455782313,0.9983291562238931,0.9987893462469734,0.9974958263772955,0.9979123173277662,0.579511127030913,0.8412698412698413,0.8888888888888888,0.8055555555555556,0.7741935483870968,0.8275862068965517
143,0.0003457315264469279,1.0,1.0,1.0,1.0,1.0,0.5929050304324529,0.8571428571428571,0.8888888888888888,0.8333333333333334,0.8,0.8421052631578947
144,0.00013712893632214062,1.0,1.0,1.0,1.0,1.0,0.5060741018357461,0.8888888888888888,0.8888888888888888,0.8888888888888888,0.8571428571428571,0.8727272727272727
145,0.00011992022200316495,1.0,1.0,1.0,1.0,1.0,0.7127705715637791,0.8412698412698413,0.8888888888888888,0.8055555555555556,0.7741935483870968,0.8275862068965517
146,0.00011542639042548582,1.0,1.0,1.0,1.0,1.0,0.6314015291679266,0.8571428571428571,0.8888888888888888,0.8333333333333334,0.8,0.8421052631578947
147,6.562278401478808e-05,1.0,1.0,1.0,1.0,1.0,0.6419017572458999,0.873015873015873,0.8888888888888888,0.8611111111111112,0.8275862068965517,0.8571428571428571
148,5.496751389950894e-05,1.0,1.0,1.0,1.0,1.0,0.7038148171826227,0.8571428571428571,0.8888888888888888,0.8333333333333334,0.8,0.8421052631578947
149,0.004055152347228818,0.9997278911564625,0.9991645781119465,1.0,1.0,0.9995821145006268,0.7343469447648477,0.873015873015873,0.8888888888888888,0.8611111111111112,0.8275862068965517,0.8571428571428571
150,0.00493339322231588,0.9994557823129252,0.9991645781119465,0.9995964487489911,0.9991645781119465,0.9991645781119465,1.012615859325576,0.7777777777777778,0.8888888888888888,0.6944444444444444,0.6857142857142857,0.7741935483870968
151,0.04299919886301536,0.9841269841269841,0.977994227994228,0.9882154882154882,0.9822463768115942,0.980115690527838,0.5114395614632125,0.9047619047619048,0.8888888888888888,0.9166666666666666,0.8888888888888888,0.8888888888888888
152,0.003338955744430201,0.9991836734693877,0.9974937343358395,1.0,1.0,0.998745294855709,0.616150039427873,0.873015873015873,0.8888888888888888,0.8611111111111112,0.8275862068965517,0.8571428571428571
153,0.00046771510532102073,1.0,1.0,1.0,1.0,1.0,0.5741273656848722,0.873015873015873,0.8888888888888888,0.8611111111111112,0.8275862068965517,0.8571428571428571
154,0.00019812621307705027,1.0,1.0,1.0,1.0,1.0,0.532753053010859,0.8888888888888888,0.8888888888888888,0.8888888888888888,0.8571428571428571,0.8727272727272727
155,0.00015463216788591628,1.0,1.0,1.0,1.0,1.0,0.6634979605520447,0.8888888888888888,0.8888888888888888,0.8888888888888888,0.8571428571428571,0.8727272727272727
156,0.00014642421840899942,1.0,1.0,1.0,1.0,1.0,0.6668728095040904,0.873015873015873,0.8888888888888888,0.8611111111111112,0.8275862068965517,0.8571428571428571
157,0.00010507501992412849,1.0,1.0,1.0,1.0,1.0,0.6174024102592883,0.8888888888888888,0.8888888888888888,0.8888888888888888,0.8571428571428571,0.8727272727272727
158,0.0006858274701012213,0.9997278911564625,0.9991645781119465,1.0,1.0,0.9995821145006268,1.2684978925193833,0.8253968253968254,0.9259259259259259,0.75,0.7352941176470589,0.819672131147541
159,0.00010586332664932925,1.0,1.0,1.0,1.0,1.0,1.3155707526120028,0.7936507936507936,0.8888888888888888,0.7222222222222222,0.7058823529411765,0.7868852459016393
160,0.0002872657307267639,1.0,1.0,1.0,1.0,1.0,1.7202957082525476,0.7619047619047619,0.9259259259259259,0.6388888888888888,0.6578947368421053,0.7692307692307693
161,5.198857302194996e-05,1.0,1.0,1.0,1.0,1.0,1.6141074569359983,0.7619047619047619,0.9259259259259259,0.6388888888888888,0.6578947368421053,0.7692307692307693
162,3.801993956325792e-05,1.0,1.0,1.0,1.0,1.0,1.559316034350299,0.7619047619047619,0.9259259259259259,0.6388888888888888,0.6578947368421053,0.7692307692307693
163,2.7347706244388503e-05,1.0,1.0,1.0,1.0,1.0,1.5706626879287393,0.7619047619047619,0.9259259259259259,0.6388888888888888,0.6578947368421053,0.7692307692307693
164,2.5201800887529948e-05,1.0,1.0,1.0,1.0,1.0,1.5145178901994003,0.7777777777777778,0.9259259259259259,0.6666666666666666,0.6756756756756757,0.78125
165,1.9568714024051612e-05,1.0,1.0,1.0,1.0,1.0,1.6773972310207135,0.7619047619047619,0.9259259259259259,0.6388888888888888,0.6578947368421053,0.7692307692307693
166,1.8869747785787212e-05,1.0,1.0,1.0,1.0,1.0,1.5074556834161552,0.7777777777777778,0.9259259259259259,0.6666666666666666,0.6756756756756757,0.78125
167,1.5162137931430171e-05,1.0,1.0,1.0,1.0,1.0,1.6266372074911373,0.7777777777777778,0.9259259259259259,0.6666666666666666,0.6756756756756757,0.78125
168,1.0815554474085766e-05,1.0,1.0,1.0,1.0,1.0,1.5546004079753604,0.7777777777777778,0.9259259259259259,0.6666666666666666,0.6756756756756757,0.78125
169,1.3206372672122139e-05,1.0,1.0,1.0,1.0,1.0,1.5615879801943164,0.7777777777777778,0.9259259259259259,0.6666666666666666,0.6756756756756757,0.78125
170,6.455080294280484e-05,1.0,1.0,1.0,1.0,1.0,1.4297964733143003,0.7777777777777778,0.9259259259259259,0.6666666666666666,0.6756756756756757,0.78125
171,1.635259670922319e-05,1.0,1.0,1.0,1.0,1.0,1.5505654468297363,0.7777777777777778,0.9259259259259259,0.6666666666666666,0.6756756756756757,0.78125
172,1.0677082820719846e-05,1.0,1.0,1.0,1.0,1.0,1.3594627674364823,0.8095238095238095,0.9259259259259259,0.7222222222222222,0.7142857142857143,0.8064516129032258
173,9.386294757266058e-06,1.0,1.0,1.0,1.0,1.0,1.4690561433921145,0.7936507936507936,0.9259259259259259,0.6944444444444444,0.6944444444444444,0.7936507936507936
174,7.3446788066922594e-06,1.0,1.0,1.0,1.0,1.0,1.5546999765626337,0.7936507936507936,0.9259259259259259,0.6944444444444444,0.6944444444444444,0.7936507936507936
175,6.407426230938666e-06,1.0,1.0,1.0,1.0,1.0,1.7716473483864472,0.7777777777777778,0.9259259259259259,0.6666666666666666,0.6756756756756757,0.78125
176,9.651773175856036e-06,1.0,1.0,1.0,1.0,1.0,1.7452396976037121,0.7936507936507936,0.9259259259259259,0.6944444444444444,0.6944444444444444,0.7936507936507936
177,4.206479358682144e-06,1.0,1.0,1.0,1.0,1.0,1.9404394505988967,0.7936507936507936,0.9259259259259259,0.6944444444444444,0.6944444444444444,0.7936507936507936
178,3.1423780609700423e-06,1.0,1.0,1.0,1.0,1.0,1.9168021504486346,0.7936507936507936,0.9259259259259259,0.6944444444444444,0.6944444444444444,0.7936507936507936
179,3.159202909157897e-06,1.0,1.0,1.0,1.0,1.0,2.190332571783707,0.7777777777777778,0.9259259259259259,0.6666666666666666,0.6756756756756757,0.78125
180,2.566908765473869e-06,1.0,1.0,1.0,1.0,1.0,2.1170122384551964,0.7936507936507936,0.9259259259259259,0.6944444444444444,0.6944444444444444,0.7936507936507936
181,0.049976663916451725,0.9847041847041847,0.977994227994228,0.9891774891774892,0.9836719883889695,0.9808248914616498,0.41452303003992824,0.9206349206349206,0.9259259259259259,0.9166666666666666,0.8928571428571429,0.9090909090909091
182,0.0021789176845376625,0.9994557823129252,0.9991645781119465,0.9995964487489911,0.9991645781119465,0.9991645781119465,0.4186955905234855,0.9047619047619048,0.9259259259259259,0.8888888888888888,0.8620689655172413,0.8928571428571429
183,0.0003300717051153239,1.0,1.0,1.0,1.0,1.0,0.5006246512029542,0.9047619047619048,0.9259259259259259,0.8888888888888888,0.8620689655172413,0.8928571428571429
184,0.00018745515253006792,1.0,1.0,1.0,1.0,1.0,0.5385653767376742,0.8888888888888888,0.9259259259259259,0.8611111111111112,0.8333333333333334,0.8771929824561403
185,0.00018295999255556403,1.0,1.0,1.0,1.0,1.0,0.6775042744413932,0.8571428571428571,0.9259259259259259,0.8055555555555556,0.78125,0.847457627118644
186,6.167072327147265e-05,1.0,1.0,1.0,1.0,1.0,0.7052474871641838,0.873015873015873,0.9259259259259259,0.8333333333333334,0.8064516129032258,0.8620689655172413
187,0.00013400497161078452,1.0,1.0,1.0,1.0,1.0,0.7103606041588743,0.873015873015873,0.9259259259259259,0.8333333333333334,0.8064516129032258,0.8620689655172413
188,3.4812731599503714e-05,1.0,1.0,1.0,1.0,1.0,0.7306529224365405,0.873015873015873,0.9259259259259259,0.8333333333333334,0.8064516129032258,0.8620689655172413
189,3.106919122815487e-05,1.0,1.0,1.0,1.0,1.0,0.766572105570554,0.873015873015873,0.9259259259259259,0.8333333333333334,0.8064516129032258,0.8620689655172413
190,0.003940979786039818,0.9994557823129252,0.9983291562238931,1.0,1.0,0.9991638795986622,0.6181793196481609,0.8571428571428571,0.8888888888888888,0.8333333333333334,0.8,0.8421052631578947
191,0.00011408777240280467,1.0,1.0,1.0,1.0,1.0,0.6828342788642094,0.873015873015873,0.8888888888888888,0.8611111111111112,0.8275862068965517,0.8571428571428571
192,5.637596714000303e-05,1.0,1.0,1.0,1.0,1.0,0.7512534189159014,0.873015873015873,0.8888888888888888,0.8611111111111112,0.8275862068965517,0.8571428571428571
193,5.162971594757369e-05,1.0,1.0,1.0,1.0,1.0,0.821658939493881,0.8571428571428571,0.8888888888888888,0.8333333333333334,0.8,0.8421052631578947
194,2.8767298093223216e-05,1.0,1.0,1.0,1.0,1.0,0.7843714704419927,0.8571428571428571,0.8888888888888888,0.8333333333333334,0.8,0.8421052631578947
195,0.05087969453280831,0.9834054834054834,0.9794372294372294,0.9860509860509861,0.9790840245221781,0.9792605951307484,0.5514491890771462,0.873015873015873,0.9259259259259259,0.8333333333333334,0.8064516129032258,0.8620689655172413
196,0.0019026515839970274,0.9994557823129252,0.9983291562238931,1.0,1.0,0.9991638795986622,0.5970973163641738,0.8571428571428571,0.9259259259259259,0.8055555555555556,0.78125,0.847457627118644
197,0.00021849842034486205,1.0,1.0,1.0,1.0,1.0,0.6339128836527437,0.8571428571428571,0.9259259259259259,0.8055555555555556,0.78125,0.847457627118644
198,0.00018849550439157685,1.0,1.0,1.0,1.0,1.0,0.7252494112804665,0.8571428571428571,0.9259259259259259,0.8055555555555556,0.78125,0.847457627118644
199,0.00010324641950919489,1.0,1.0,1.0,1.0,1.0,0.743058829869759,0.8571428571428571,0.9259259259259259,0.8055555555555556,0.78125,0.847457627118644
200,0.0020251467260060875,0.9997278911564625,0.9991645781119465,1.0,1.0,0.9995821145006268,1.0288228262247034,0.8571428571428571,0.9259259259259259,0.8055555555555556,0.78125,0.847457627118644
201,0.005366614060626891,0.9980952380952381,0.9974937343358395,0.9983857949959645,0.996661101836394,0.9970772442588727,0.7276656452011102,0.8412698412698413,0.9259259259259259,0.7777777777777778,0.7575757575757576,0.8333333333333334
202,0.03701603049259501,0.987012987012987,0.9848484848484849,0.9884559884559885,0.9827213822894169,0.9837837837837838,0.4054536450310566,0.8888888888888888,0.8518518518518519,0.9166666666666666,0.8846153846153846,0.8679245283018868
203,0.011812772281322773,0.9965367965367965,0.9945887445887446,0.9978354978354979,0.9967462039045553,0.9956663055254604,0.18238174542599905,0.9682539682539683,0.9629629629629629,0.9722222222222222,0.9629629629629629,0.9629629629629629
204,0.0075938773423118834,0.9976911976911977,0.9971139971139971,0.9980759980759981,0.9971139971139971,0.9971139971139971,0.3034431668296863,0.9047619047619048,0.9259259259259259,0.8888888888888888,0.8620689655172413,0.8928571428571429
205,0.003067645598228682,0.9989115646258503,0.9983291562238931,0.9991928974979822,0.9983291562238931,0.9983291562238931,0.30302391667981515,0.9047619047619048,0.8888888888888888,0.9166666666666666,0.8888888888888888,0.8888888888888888
206,0.0011719351975432578,0.9997278911564625,0.9991645781119465,1.0,1.0,0.9995821145006268,0.44601627097775537,0.9206349206349206,1.0,0.8611111111111112,0.84375,0.9152542372881356
207,0.00013149614029502193,1.0,1.0,1.0,1.0,1.0,0.46177737005812575,0.9206349206349206,1.0,0.8611111111111112,0.84375,0.9152542372881356
208,7.884313540294019e-05,1.0,1.0,1.0,1.0,1.0,0.44259902313841315,0.9047619047619048,0.9629629629629629,0.8611111111111112,0.8387096774193549,0.896551724137931
209,0.021204144142702164,0.9933621933621933,0.9913419913419913,0.9947089947089947,0.992057761732852,0.991699747383616,0.27873597480356693,0.9047619047619048,0.9259259259259259,0.8888888888888888,0.8620689655172413,0.8928571428571429
210,0.0034238215971586156,0.9992784992784993,0.9985569985569985,0.9997594997594997,0.9996388587937883,0.9990976358058112,0.3264761877205548,0.9206349206349206,0.9259259259259259,0.9166666666666666,0.8928571428571429,0.9090909090909091
211,0.012536172923627515,0.9958152958152958,0.9938672438672439,0.9971139971139971,0.9956631731116733,0.9947643979057592,0.2957045223352791,0.9047619047619048,0.9259259259259259,0.8888888888888888,0.8620689655172413,0.8928571428571429
212,0.010709420979559868,0.996969696969697,0.996031746031746,0.9975949975949976,0.9963911945146157,0.9962114378495399,0.26949326788622235,0.9047619047619048,0.8148148148148148,0.9722222222222222,0.9565217391304348,0.88
213,0.0028771749611541655,0.9991836734693877,0.9983291562238931,0.9995964487489911,0.9991638795986622,0.9987463435018805,0.3628954352434015,0.9047619047619048,0.9259259259259259,0.8888888888888888,0.8620689655172413,0.8928571428571429
214,0.002279731351295193,0.9989115646258503,0.9974937343358395,0.9995964487489911,0.999163179916318,0.9983277591973244,0.48319875462339185,0.873015873015873,0.9629629629629629,0.8055555555555556,0.7878787878787878,0.8666666666666667
215,0.01154069686366039,0.9948051948051948,0.9917027417027418,0.9968734968734969,0.9952932657494569,0.9934947596675099,0.4450787145393579,0.9365079365079365,0.9259259259259259,0.9444444444444444,0.9259259259259259,0.9259259259259259
216,0.009512908347813624,0.9968253968253968,0.9963924963924964,0.9971139971139971,0.9956741167988464,0.9960331770645511,0.3792173358577577,0.9206349206349206,0.9629629629629629,0.8888888888888888,0.8666666666666667,0.9122807017543859
217,0.0105678638910062,0.9971139971139971,0.996031746031746,0.9978354978354979,0.9967509025270758,0.9963911945146157,0.16262311799939544,0.9523809523809523,1.0,0.9166666666666666,0.9,0.9473684210526315
218,0.003338054916793702,0.9989115646258503,0.9991645781119465,0.9987893462469734,0.9974979149291076,0.998330550918197,0.34467334871084265,0.8888888888888888,0.9629629629629629,0.8333333333333334,0.8125,0.8813559322033898
219,0.0002359259017708721,1.0,1.0,1.0,1.0,1.0,0.36234380297583624,0.8888888888888888,0.9629629629629629,0.8333333333333334,0.8125,0.8813559322033898
220,0.010073410111245455,0.9966810966810967,0.9956709956709957,0.9973544973544973,0.9960303139660772,0.995850622406639,0.2959158034327196,0.9365079365079365,0.8888888888888888,0.9722222222222222,0.96,0.9230769230769231
221,0.01135134152340008,0.9972582972582973,0.9953102453102453,0.9985569985569985,0.9978300180831826,0.9965685389199928,0.3923228108693683,0.9047619047619048,0.9629629629629629,0.8611111111111112,0.8387096774193549,0.896551724137931
222,0.0032458711220691976,0.9994557823129252,0.9991645781119465,0.9995964487489911,0.9991645781119465,0.9991645781119465,0.30762298265841626,0.9365079365079365,0.9629629629629629,0.9166666666666666,0.896551724137931,0.9285714285714286
223,0.00047995483713401927,0.9997278911564625,1.0,0.9995964487489911,0.9991652754590985,0.9995824634655532,0.34935174433496924,0.9206349206349206,0.9259259259259259,0.9166666666666666,0.8928571428571429,0.9090909090909091
224,0.009186668084735037,0.9965367965367965,0.9953102453102453,0.9973544973544973,0.996028880866426,0.9956694334175388,0.2656032624395771,0.9206349206349206,0.9259259259259259,0.9166666666666666,0.8928571428571429,0.9090909090909091
225,0.0026886077944330276,0.998639455782313,0.9966583124477861,0.9995964487489911,0.9991624790619765,0.9979088247595148,0.24356542334366138,0.9206349206349206,0.9629629629629629,0.8888888888888888,0.8666666666666667,0.9122807017543859
226,0.0070564868588625955,0.9975468975468975,0.9967532467532467,0.9980759980759981,0.9971129556116926,0.9969330687353418,0.8760971120366502,0.8095238095238095,0.9629629629629629,0.6944444444444444,0.7027027027027027,0.8125
227,0.0076443161238766875,0.9976911976911977,0.9967532467532467,0.9983164983164983,0.9974729241877256,0.9971129556116926,0.3880089703829043,0.873015873015873,0.8888888888888888,0.8611111111111112,0.8275862068965517,0.8571428571428571
228,0.005912530733842162,0.997979797979798,0.9974747474747475,0.9983164983164983,0.9974747474747475,0.9974747474747475,0.6188731436485551,0.8571428571428571,0.9259259259259259,0.8055555555555556,0.78125,0.847457627118644
229,0.003824786475314529,0.9989115646258503,0.9991645781119465,0.9987893462469734,0.9974979149291076,0.998330550918197,0.48815984238241245,0.873015873015873,0.8888888888888888,0.8611111111111112,0.8275862068965517,0.8571428571428571
230,0.006025963416092083,0.9978354978354979,0.9974747474747475,0.9980759980759981,0.997115037865128,0.9972948602344455,0.36451892606038155,0.9047619047619048,0.8888888888888888,0.9166666666666666,0.8888888888888888,0.8888888888888888
231,0.005196932088309048,0.9982683982683983,0.9974747474747475,0.9987974987974988,0.9981949458483754,0.9978347167087694,0.33208432924353504,0.873015873015873,0.8888888888888888,0.8611111111111112,0.8275862068965517,0.8571428571428571
232,0.003090180867186472,0.9991836734693877,0.9983291562238931,0.9995964487489911,0.9991638795986622,0.9987463435018805,0.3537144742627528,0.873015873015873,0.9259259259259259,0.8333333333333334,0.8064516129032258,0.8620689655172413
233,0.0069480523662139365,0.9974025974025974,0.996031746031746,0.9983164983164983,0.997471098265896,0.9967509025270758,0.34800232516713475,0.9206349206349206,0.8888888888888888,0.9444444444444444,0.9230769230769231,0.9056603773584906
234,0.0036603829727072535,0.998989898989899,0.9981962481962482,0.9995189995189995,0.9992777175875768,0.9987366901281357,0.43884018538307235,0.9206349206349206,0.8888888888888888,0.9444444444444444,0.9230769230769231,0.9056603773584906
235,0.009181192693730425,0.9974025974025974,0.9956709956709957,0.9985569985569985,0.9978308026030369,0.9967497291440953,0.30640384787878405,0.9365079365079365,1.0,0.8888888888888888,0.8709677419354839,0.9310344827586207
236,0.0018619690389157792,0.9991836734693877,0.9991645781119465,0.9991928974979822,0.998330550918197,0.9987473903966597,0.27677393916302306,0.9047619047619048,0.9629629629629629,0.8611111111111112,0.8387096774193549,0.896551724137931
237,0.006847415679937577,0.9981240981240981,0.9978354978354979,0.9983164983164983,0.997475658131987,0.9976555455365194,0.28718036512769424,0.9365079365079365,0.9259259259259259,0.9444444444444444,0.9259259259259259,0.9259259259259259
238,0.0007358877709403485,0.9994557823129252,0.9991645781119465,0.9995964487489911,0.9991645781119465,0.9991645781119465,0.27524710647412576,0.9365079365079365,0.9259259259259259,0.9444444444444444,0.9259259259259259,0.9259259259259259
239,0.0001061389522332394,1.0,1.0,1.0,1.0,1.0,0.28032969256448614,0.9206349206349206,0.9629629629629629,0.8888888888888888,0.8666666666666667,0.9122807017543859
240,0.00961496537468088,0.9963924963924964,0.9956709956709957,0.9968734968734969,0.995311936530833,0.9954914337240758,0.16370401036415605,0.9523809523809523,0.9259259259259259,0.9722222222222222,0.9615384615384616,0.9433962264150944
241,0.008584063333749144,0.9976911976911977,0.9971139971139971,0.9980759980759981,0.9971139971139971,0.9971139971139971,0.2990466098593075,0.9047619047619048,0.8888888888888888,0.9166666666666666,0.8888888888888888,0.8888888888888888
242,0.0050233058185035415,0.9984126984126984,0.9981962481962482,0.9985569985569985,0.997836278398846,0.9980162308385934,0.42459954529499916,0.9206349206349206,0.9259259259259259,0.9166666666666666,0.8928571428571429,0.9090909090909091
243,0.004198457063605366,0.9991341991341991,0.9989177489177489,0.9992784992784993,0.9989177489177489,0.9989177489177489,0.2603144708056269,0.9365079365079365,0.9629629629629629,0.9166666666666666,0.896551724137931,0.9285714285714286
244,0.0012350230311821346,0.9994557823129252,0.9991645781119465,0.9995964487489911,0.9991645781119465,0.9991645781119465,0.28795746773701264,0.9365079365079365,0.9629629629629629,0.9166666666666666,0.896551724137931,0.9285714285714286
245,0.00480360948570497,0.9985569985569985,0.9981962481962482,0.9987974987974988,0.9981962481962482,0.9981962481962482,0.36964465484728976,0.9206349206349206,0.9629629629629629,0.8888888888888888,0.8666666666666667,0.9122807017543859
246,0.007015841239839887,0.9974025974025974,0.9967532467532467,0.9978354978354979,0.9967532467532467,0.9967532467532467,0.3620630467466692,0.8888888888888888,0.9259259259259259,0.8611111111111112,0.8333333333333334,0.8771929824561403
247,0.003042917401298404,0.998639455782313,0.9983291562238931,0.9987893462469734,0.9974958263772955,0.9979123173277662,0.40216787861272535,0.8571428571428571,0.9259259259259259,0.8055555555555556,0.78125,0.847457627118644
248,0.006079684686701092,0.9987012987012988,0.9989177489177489,0.9985569985569985,0.9978378378378379,0.9983775013520823,0.24551020620417566,0.9365079365079365,0.8888888888888888,0.9722222222222222,0.96,0.9230769230769231
249,0.00751897914089009,0.9982683982683983,0.9981962481962482,0.9983164983164983,0.9974765681326604,0.997836278398846,0.44951507795162293,0.8888888888888888,0.8888888888888888,0.8888888888888888,0.8571428571428571,0.8727272727272727
250,0.006624803804345365,0.9978354978354979,0.9971139971139971,0.9983164983164983,0.997473836160231,0.9972938841782428,0.37491400573090355,0.9206349206349206,0.9259259259259259,0.9166666666666666,0.8928571428571429,0.9090909090909091
251,0.0025937198674849545,0.9994557823129252,0.9991645781119465,0.9995964487489911,0.9991645781119465,0.9991645781119465,0.3138231320481282,0.9523809523809523,0.9259259259259259,0.9722222222222222,0.9615384615384616,0.9433962264150944
252,0.00016779897263317946,1.0,1.0,1.0,1.0,1.0,0.33219512566678794,0.9047619047619048,0.8888888888888888,0.9166666666666666,0.8888888888888888,0.8888888888888888
253,0.009248510094099221,0.996969696969697,0.9963924963924964,0.9973544973544973,0.9960331770645511,0.9962128043282237,0.39948011556315044,0.8888888888888888,0.8888888888888888,0.8888888888888888,0.8571428571428571,0.8727272727272727
254,0.005047894196260521,0.9975468975468975,0.9963924963924964,0.9983164983164983,0.9974720115565185,0.9969319617397582,0.4081935921181751,0.9365079365079365,0.8888888888888888,0.9722222222222222,0.96,0.9230769230769231
255,0.006099053084874082,0.9984126984126984,0.9974747474747475,0.9990379990379991,0.9985554351751534,0.9980147987727847,0.4531397134156173,0.8571428571428571,0.8888888888888888,0.8333333333333334,0.8,0.8421052631578947
256,0.003887814231668626,0.9988455988455989,0.9985569985569985,0.9990379990379991,0.9985569985569985,0.9985569985569985,0.4401688827890053,0.9047619047619048,0.8518518518518519,0.9444444444444444,0.92,0.8846153846153846
257,0.0021393069097299846,0.9997278911564625,0.9991645781119465,1.0,1.0,0.9995821145006268,0.531104528769483,0.8571428571428571,0.8888888888888888,0.8333333333333334,0.8,0.8421052631578947
258,0.007973820880381387,0.9974025974025974,0.996031746031746,0.9983164983164983,0.997471098265896,0.9967509025270758,0.36427122002397294,0.9047619047619048,0.8888888888888888,0.9166666666666666,0.8888888888888888,0.8888888888888888
259,0.005061674656376762,0.9982683982683983,0.9981962481962482,0.9983164983164983,0.9974765681326604,0.997836278398846,0.4124158650614961,0.9047619047619048,0.8888888888888888,0.9166666666666666,0.8888888888888888,0.8888888888888888
260,0.00550889366031579,0.9987012987012988,0.9989177489177489,0.9985569985569985,0.9978378378378379,0.9983775013520823,0.2895411845935982,0.9365079365079365,0.9259259259259259,0.9444444444444444,0.9259259259259259,0.9259259259259259
261,0.003099442712981652,0.9984126984126984,0.9981962481962482,0.9985569985569985,0.997836278398846,0.9980162308385934,0.4427826385454243,0.9047619047619048,0.8888888888888888,0.9166666666666666,0.8888888888888888,0.8888888888888888
262,0.006716672405332608,0.9982683982683983,0.9978354978354979,0.9985569985569985,0.9978354978354979,0.9978354978354979,0.5038041608035749,0.8888888888888888,0.9259259259259259,0.8611111111111112,0.8333333333333334,0.8771929824561403
263,0.002603196420286684,0.9994557823129252,0.9991645781119465,0.9995964487489911,0.9991645781119465,0.9991645781119465,0.32657172716230093,0.8888888888888888,0.9259259259259259,0.8611111111111112,0.8333333333333334,0.8771929824561403
264,0.005510656313923984,0.9984126984126984,0.9978354978354979,0.9987974987974988,0.9981955972573078,0.9980155150640447,0.43309437116471283,0.9206349206349206,0.8518518518518519,0.9722222222222222,0.9583333333333334,0.9019607843137255
265,0.0005886418842147287,1.0,1.0,1.0,1.0,1.0,0.4311674284521908,0.9047619047619048,0.8888888888888888,0.9166666666666666,0.8888888888888888,0.8888888888888888
266,0.0002827017214172995,1.0,1.0,1.0,1.0,1.0,0.4944877119952931,0.9206349206349206,0.8888888888888888,0.9444444444444444,0.9230769230769231,0.9056603773584906
267,5.508531257193409e-05,1.0,1.0,1.0,1.0,1.0,0.5064679986460847,0.9047619047619048,0.8888888888888888,0.9166666666666666,0.8888888888888888,0.8888888888888888
268,0.0122182948972942,0.9963924963924964,0.9949494949494949,0.9973544973544973,0.9960274467316721,0.9954881790290562,0.4262023892323856,0.873015873015873,0.9629629629629629,0.8055555555555556,0.7878787878787878,0.8666666666666667
269,0.004798144063598028,0.9984126984126984,0.9981962481962482,0.9985569985569985,0.997836278398846,0.9980162308385934,0.38632012472168303,0.9047619047619048,0.8518518518518519,0.9444444444444444,0.92,0.8846153846153846
270,0.005354299803227218,0.9980952380952381,0.9974937343358395,0.9983857949959645,0.996661101836394,0.9970772442588727,0.41982942401377915,0.9047619047619048,0.9629629629629629,0.8611111111111112,0.8387096774193549,0.896551724137931
271,0.005992603050029136,0.9978354978354979,0.9974747474747475,0.9980759980759981,0.997115037865128,0.9972948602344455,0.5883677322536454,0.9047619047619048,0.8888888888888888,0.9166666666666666,0.8888888888888888,0.8888888888888888
272,0.0018983793705165109,0.9994227994227994,0.9989177489177489,0.9997594997594997,0.9996389891696751,0.9992782389029231,0.6966830819328029,0.873015873015873,0.8888888888888888,0.8611111111111112,0.8275862068965517,0.8571428571428571
273,0.0011187292210475405,0.9994557823129252,0.9991645781119465,0.9995964487489911,0.9991645781119465,0.9991645781119465,1.0329337089460173,0.8253968253968254,0.9259259259259259,0.75,0.7352941176470589,0.819672131147541
274,0.00026101181571364725,0.9997278911564625,1.0,0.9995964487489911,0.9991652754590985,0.9995824634655532,0.7980320451032539,0.8412698412698413,0.9259259259259259,0.7777777777777778,0.7575757575757576,0.8333333333333334
275,0.008243960431252568,0.9968253968253968,0.996031746031746,0.9973544973544973,0.996031746031746,0.996031746031746,0.48596412239174475,0.873015873015873,0.8888888888888888,0.8611111111111112,0.8275862068965517,0.8571428571428571
276,0.0014716159191002776,0.9997278911564625,0.9991645781119465,1.0,1.0,0.9995821145006268,0.5464206253017769,0.873015873015873,0.8888888888888888,0.8611111111111112,0.8275862068965517,0.8571428571428571
277,0.0001393701466787163,1.0,1.0,1.0,1.0,1.0,0.5316305934590803,0.873015873015873,0.8888888888888888,0.8611111111111112,0.8275862068965517,0.8571428571428571
278,0.00011107653577252311,1.0,1.0,1.0,1.0,1.0,0.5926376083931418,0.8571428571428571,0.8888888888888888,0.8333333333333334,0.8,0.8421052631578947
279,0.007139654521086237,0.997979797979798,0.9978354978354979,0.9980759980759981,0.9971160778658976,0.997475658131987,0.6238201843387086,0.9047619047619048,0.8518518518518519,0.9444444444444444,0.92,0.8846153846153846
280,0.0016340410562773033,0.9989115646258503,0.9991645781119465,0.9987893462469734,0.9974979149291076,0.998330550918197,0.6158775825198741,0.873015873015873,0.8518518518518519,0.8888888888888888,0.8518518518518519,0.8518518518518519
281,0.0001584557720977135,1.0,1.0,1.0,1.0,1.0,0.7001770355799679,0.8412698412698413,0.8518518518518519,0.8333333333333334,0.7931034482758621,0.8214285714285714
282,4.1433703426802674e-05,1.0,1.0,1.0,1.0,1.0,0.7108751549401079,0.8571428571428571,0.8518518518518519,0.8611111111111112,0.8214285714285714,0.8363636363636363
283,0.00011224614397989313,1.0,1.0,1.0,1.0,1.0,0.7823897789948826,0.8253968253968254,0.8888888888888888,0.7777777777777778,0.75,0.8135593220338984
284,0.010827743162194479,0.9962481962481963,0.9956709956709957,0.9966329966329966,0.9949531362653208,0.995311936530833,0.5603955085169883,0.9047619047619048,0.8518518518518519,0.9444444444444444,0.92,0.8846153846153846
285,0.0018707773851077895,0.9994557823129252,0.9991645781119465,0.9995964487489911,0.9991645781119465,0.9991645781119465,0.7266917954676457,0.873015873015873,0.8888888888888888,0.8611111111111112,0.8275862068965517,0.8571428571428571
286,0.006533343019569738,0.9975468975468975,0.9967532467532467,0.9980759980759981,0.9971129556116926,0.9969330687353418,0.45711224082679974,0.8571428571428571,0.8518518518518519,0.8611111111111112,0.8214285714285714,0.8363636363636363
287,0.0027586748895264673,0.9988455988455989,0.9985569985569985,0.9990379990379991,0.9985569985569985,0.9985569985569985,0.5303338889729247,0.8412698412698413,0.8148148148148148,0.8611111111111112,0.8148148148148148,0.8148148148148148
288,0.000343532729274229,1.0,1.0,1.0,1.0,1.0,0.44253152084425057,0.873015873015873,0.8518518518518519,0.8888888888888888,0.8518518518518519,0.8518518518518519
289,6.201114460017546e-05,1.0,1.0,1.0,1.0,1.0,0.419878274972761,0.8888888888888888,0.8518518518518519,0.9166666666666666,0.8846153846153846,0.8679245283018868
290,0.004829264636841018,0.9984126984126984,0.9985569985569985,0.9983164983164983,0.9974774774774775,0.9980169460969893,0.5831829115560385,0.9047619047619048,0.8888888888888888,0.9166666666666666,0.8888888888888888,0.8888888888888888
291,0.009302156806877588,0.9971139971139971,0.996031746031746,0.9978354978354979,0.9967509025270758,0.9963911945146157,0.549765821293621,0.8412698412698413,0.8518518518518519,0.8333333333333334,0.7931034482758621,0.8214285714285714
292,0.003147712082451399,0.9987012987012988,0.9978354978354979,0.9992784992784993,0.9989165763813651,0.9983757444504602,0.4976601572416257,0.8888888888888888,0.8888888888888888,0.8888888888888888,0.8571428571428571,0.8727272727272727
293,0.003725850576764002,0.9987012987012988,0.9981962481962482,0.9990379990379991,0.9985564778058462,0.9983763305069457,0.5081334588982235,0.8888888888888888,0.8518518518518519,0.9166666666666666,0.8846153846153846,0.8679245283018868
294,0.0003127316945987715,1.0,1.0,1.0,1.0,1.0,0.4882731458664138,0.9047619047619048,0.8518518518518519,0.9444444444444444,0.92,0.8846153846153846
295,0.0018757793939015892,0.9989115646258503,0.9983291562238931,0.9991928974979822,0.9983291562238931,0.9983291562238931,0.5483903950931447,0.873015873015873,0.8888888888888888,0.8611111111111112,0.8275862068965517,0.8571428571428571
296,0.00014905920886165057,1.0,1.0,1.0,1.0,1.0,0.6487326727655605,0.8571428571428571,0.8888888888888888,0.8333333333333334,0.8,0.8421052631578947
297,0.0001962293578095205,1.0,1.0,1.0,1.0,1.0,0.6845498940556787,0.8095238095238095,0.8888888888888888,0.75,0.7272727272727273,0.8
298,4.451023905932409e-05,1.0,1.0,1.0,1.0,1.0,0.6707373692361649,0.8412698412698413,0.8888888888888888,0.8055555555555556,0.7741935483870968,0.8275862068965517
299,2.9450381849021303e-05,1.0,1.0,1.0,1.0,1.0,0.7229024534445339,0.8412698412698413,0.8888888888888888,0.8055555555555556,0.7741935483870968,0.8275862068965517
300,1.9030621572828068e-05,1.0,1.0,1.0,1.0,1.0,0.7710190075964448,0.8412698412698413,0.8888888888888888,0.8055555555555556,0.7741935483870968,0.8275862068965517
301,1.5202868796847792e-05,1.0,1.0,1.0,1.0,1.0,0.7409572582838149,0.8253968253968254,0.8888888888888888,0.7777777777777778,0.75,0.8135593220338984
302,0.01591327523364708,0.9949494949494949,0.9949494949494949,0.9949494949494949,0.9924433249370277,0.9936948297604036,0.4065965672267512,0.8888888888888888,0.8518518518518519,0.9166666666666666,0.8846153846153846,0.8679245283018868
303,0.004325043582333948,0.998989898989899,0.9989177489177489,0.9990379990379991,0.9985575189325641,0.9987376014427413,0.365180195211747,0.9047619047619048,0.8888888888888888,0.9166666666666666,0.8888888888888888,0.8888888888888888
304,0.003328707323310228,0.9994557823129252,0.9991645781119465,0.9995964487489911,0.9991645781119465,0.9991645781119465,0.2962798861254192,0.9365079365079365,0.9629629629629629,0.9166666666666666,0.896551724137931,0.9285714285714286
305,6.249061761682118e-05,1.0,1.0,1.0,1.0,1.0,0.3015764469686445,0.9523809523809523,0.9629629629629629,0.9444444444444444,0.9285714285714286,0.9454545454545454
306,0.003880146269215819,0.9988455988455989,0.9989177489177489,0.9987974987974988,0.998197548666186,0.9985575189325641,0.4326845444050536,0.9047619047619048,0.8518518518518519,0.9444444444444444,0.92,0.8846153846153846
307,0.0031633532987008378,0.9992784992784993,0.9985569985569985,0.9997594997594997,0.9996388587937883,0.9990976358058112,0.5774463334124044,0.8888888888888888,0.8148148148148148,0.9444444444444444,0.9166666666666666,0.8627450980392157
308,0.004424985950771288,0.998989898989899,0.9981962481962482,0.9995189995189995,0.9992777175875768,0.9987366901281357,0.5294514315380457,0.9047619047619048,0.9259259259259259,0.8888888888888888,0.8620689655172413,0.8928571428571429
309,0.007834198519018122,0.9974025974025974,0.996031746031746,0.9983164983164983,0.997471098265896,0.9967509025270758,0.5557149568829494,0.8888888888888888,0.8888888888888888,0.8888888888888888,0.8571428571428571,0.8727272727272727
310,0.0013103279069517058,0.9997278911564625,1.0,0.9995964487489911,0.9991652754590985,0.9995824634655532,0.5502366940199863,0.873015873015873,0.8518518518518519,0.8888888888888888,0.8518518518518519,0.8518518518518519
311,0.00835714530737368,0.9975468975468975,0.9971139971139971,0.9978354978354979,0.996754417598269,0.9969341749323715,0.48404436589298133,0.873015873015873,0.9259259259259259,0.8333333333333334,0.8064516129032258,0.8620689655172413
312,0.001069453616569046,0.9997278911564625,0.9991645781119465,1.0,1.0,0.9995821145006268,0.4987915818471395,0.873015873015873,0.9629629629629629,0.8055555555555556,0.7878787878787878,0.8666666666666667
313,0.000204102096540242,1.0,1.0,1.0,1.0,1.0,0.44392922537649393,0.9206349206349206,0.9259259259259259,0.9166666666666666,0.8928571428571429,0.9090909090909091
314,0.006237437539915121,0.9978354978354979,0.9967532467532467,0.9985569985569985,0.9978331527627302,0.9972929074174337,0.6397261233741163,0.8412698412698413,0.8888888888888888,0.8055555555555556,0.7741935483870968,0.8275862068965517
315,0.006371291135301716,0.9974025974025974,0.9963924963924964,0.9980759980759981,0.9971119133574007,0.9967520750631541,0.45390998207389316,0.873015873015873,0.9259259259259259,0.8333333333333334,0.8064516129032258,0.8620689655172413
316,0.004443212637241357,0.9984126984126984,0.9985569985569985,0.9983164983164983,0.9974774774774775,0.9980169460969893,0.43985809710353524,0.8888888888888888,0.9259259259259259,0.8611111111111112,0.8333333333333334,0.8771929824561403
317,0.0024171790883602768,0.9994557823129252,1.0,0.9991928974979822,0.9983319432860718,0.9991652754590985,0.31336674383159596,0.9206349206349206,0.9259259259259259,0.9166666666666666,0.8928571428571429,0.9090909090909091
318,0.0017166528068266172,0.9997113997113997,0.9996392496392497,0.9997594997594997,0.9996392496392497,0.9996392496392497,0.469376063467713,0.8888888888888888,0.8518518518518519,0.9166666666666666,0.8846153846153846,0.8679245283018868
319,0.0005561838494149244,0.9994557823129252,0.9991645781119465,0.9995964487489911,0.9991645781119465,0.9991645781119465,0.3934431950766584,0.8888888888888888,0.8888888888888888,0.8888888888888888,0.8571428571428571,0.8727272727272727
320,0.003325117442327767,0.9991341991341991,0.9989177489177489,0.9992784992784993,0.9989177489177489,0.9989177489177489,0.2982193493073629,0.9523809523809523,0.9629629629629629,0.9444444444444444,0.9285714285714286,0.9454545454545454
321,0.0029405147141617306,0.9991341991341991,0.9985569985569985,0.9995189995189995,0.9992779783393502,0.9989173583543847,0.5570863364481493,0.873015873015873,0.8518518518518519,0.8888888888888888,0.8518518518518519,0.8518518518518519
322,0.0017399798734852058,0.9991836734693877,0.9983291562238931,0.9995964487489911,0.9991638795986622,0.9987463435018805,0.443212286690906,0.8888888888888888,0.8888888888888888,0.8888888888888888,0.8571428571428571,0.8727272727272727
323,0.005972728480347721,0.9984126984126984,0.9974747474747475,0.9990379990379991,0.9985554351751534,0.9980147987727847,0.40967102574659436,0.9047619047619048,0.8888888888888888,0.9166666666666666,0.8888888888888888,0.8888888888888888
324,0.001243092451832297,0.9997113997113997,0.9992784992784993,1.0,1.0,0.9996391194514616,0.8473832454929502,0.8888888888888888,0.9259259259259259,0.8611111111111112,0.8333333333333334,0.8771929824561403
325,0.00023374022878490651,1.0,1.0,1.0,1.0,1.0,0.8800847184551429,0.8888888888888888,0.9259259259259259,0.8611111111111112,0.8333333333333334,0.8771929824561403
326,0.006897943514578725,0.9984126984126984,0.9974747474747475,0.9990379990379991,0.9985554351751534,0.9980147987727847,0.4039276656925693,0.9206349206349206,0.8888888888888888,0.9444444444444444,0.9230769230769231,0.9056603773584906
327,0.0004238438958700685,1.0,1.0,1.0,1.0,1.0,0.41246866355262074,0.9206349206349206,0.8888888888888888,0.9444444444444444,0.9230769230769231,0.9056603773584906
328,0.0015818691725359396,0.9994227994227994,0.9992784992784993,0.9995189995189995,0.9992784992784993,0.9992784992784993,0.6665733706142332,0.873015873015873,0.8518518518518519,0.8888888888888888,0.8518518518518519,0.8518518518518519
329,0.0029361493505882896,0.9991836734693877,0.9983291562238931,0.9995964487489911,0.9991638795986622,0.9987463435018805,0.8121280567547295,0.873015873015873,0.9259259259259259,0.8333333333333334,0.8064516129032258,0.8620689655172413
330,0.00016648426777972258,1.0,1.0,1.0,1.0,1.0,0.7749491195218214,0.873015873015873,0.9259259259259259,0.8333333333333334,0.8064516129032258,0.8620689655172413
331,8.255559342076743e-05,1.0,1.0,1.0,1.0,1.0,0.8128896845334407,0.8571428571428571,0.9259259259259259,0.8055555555555556,0.78125,0.847457627118644
332,0.008129596021822843,0.9976911976911977,0.9974747474747475,0.9978354978354979,0.9967555875991349,0.997115037865128,0.334657530262438,0.9365079365079365,0.8888888888888888,0.9722222222222222,0.96,0.9230769230769231
333,0.0010318543810317509,0.9997113997113997,0.9992784992784993,1.0,1.0,0.9996391194514616,0.6651687149880297,0.873015873015873,0.9259259259259259,0.8333333333333334,0.8064516129032258,0.8620689655172413
334,0.002498052206630843,0.9991341991341991,0.9985569985569985,0.9995189995189995,0.9992779783393502,0.9989173583543847,0.6713697549036753,0.8571428571428571,0.8148148148148148,0.8888888888888888,0.8461538461538461,0.8301886792452831
335,0.000964768837998947,0.9997278911564625,0.9991645781119465,1.0,1.0,0.9995821145006268,0.7639892238727216,0.8571428571428571,0.8888888888888888,0.8333333333333334,0.8,0.8421052631578947
336,5.082095288412193e-05,1.0,1.0,1.0,1.0,1.0,0.8333879948262447,0.8888888888888888,0.9259259259259259,0.8611111111111112,0.8333333333333334,0.8771929824561403
337,0.0055038185835091565,0.9984126984126984,0.9981962481962482,0.9985569985569985,0.997836278398846,0.9980162308385934,0.4946029263332353,0.8888888888888888,0.8518518518518519,0.9166666666666666,0.8846153846153846,0.8679245283018868
338,0.0018397033526621055,0.9991836734693877,0.9983291562238931,0.9995964487489911,0.9991638795986622,0.9987463435018805,0.40600613995625207,0.8888888888888888,0.9259259259259259,0.8611111111111112,0.8333333333333334,0.8771929824561403
339,0.00010394983405511048,1.0,1.0,1.0,1.0,1.0,0.43829227790180114,0.8888888888888888,0.9259259259259259,0.8611111111111112,0.8333333333333334,0.8771929824561403
340,0.006607728993549245,0.9975468975468975,0.9978354978354979,0.9973544973544973,0.9960388908894491,0.9969363849342224,0.42932808856546345,0.9206349206349206,0.8888888888888888,0.9444444444444444,0.9230769230769231,0.9056603773584906
341,0.0042472475011019785,0.9984126984126984,0.9978354978354979,0.9987974987974988,0.9981955972573078,0.9980155150640447,0.5671205481307374,0.9047619047619048,0.8888888888888888,0.9166666666666666,0.8888888888888888,0.8888888888888888
342,0.0015118629034362248,0.9995670995670995,0.9996392496392497,0.9995189995189995,0.999278759466282,0.999458972046889,0.6226151312333218,0.9047619047619048,0.8888888888888888,0.9166666666666666,0.8888888888888888,0.8888888888888888
343,0.00047587239919233914,0.9998556998556999,1.0,0.9997594997594997,0.999639379733141,0.999819657348963,0.7210865080323567,0.9047619047619048,0.8888888888888888,0.9166666666666666,0.8888888888888888,0.8888888888888888
344,0.003874864263488154,0.9991836734693877,0.9991645781119465,0.9991928974979822,0.998330550918197,0.9987473903966597,0.6413567738992343,0.8412698412698413,0.9629629629629629,0.75,0.7428571428571429,0.8387096774193549
345,0.0012449733476525926,0.9994557823129252,0.9991645781119465,0.9995964487489911,0.9991645781119465,0.9991645781119465,0.6526876525775094,0.8412698412698413,0.9629629629629629,0.75,0.7428571428571429,0.8387096774193549
346,0.006697608197057851,0.9978354978354979,0.9967532467532467,0.9985569985569985,0.9978331527627302,0.9972929074174337,0.482466667243104,0.9047619047619048,0.9259259259259259,0.8888888888888888,0.8620689655172413,0.8928571428571429
347,0.001111617938745656,0.9997278911564625,1.0,0.9995964487489911,0.9991652754590985,0.9995824634655532,0.4654016428169035,0.9206349206349206,0.8888888888888888,0.9444444444444444,0.9230769230769231,0.9056603773584906
348,0.007095002569502845,0.9978354978354979,0.9967532467532467,0.9985569985569985,0.9978331527627302,0.9972929074174337,0.35805389222075484,0.9047619047619048,0.9259259259259259,0.8888888888888888,0.8620689655172413,0.8928571428571429
349,0.0032145834954540203,0.9992784992784993,0.9989177489177489,0.9995189995189995,0.9992782389029231,0.9990979613927476,0.526204774649592,0.873015873015873,0.8888888888888888,0.8611111111111112,0.8275862068965517,0.8571428571428571
350,0.0004281161521934964,0.9998556998556999,0.9996392496392497,1.0,1.0,0.9998195922785496,0.5492152924317264,0.873015873015873,0.8518518518518519,0.8888888888888888,0.8518518518518519,0.8518518518518519
351,0.0002519054922533517,1.0,1.0,1.0,1.0,1.0,0.5444506450958937,0.9047619047619048,0.9259259259259259,0.8888888888888888,0.8620689655172413,0.8928571428571429
352,7.611102904601943e-05,1.0,1.0,1.0,1.0,1.0,0.47731350379919085,0.9206349206349206,0.9629629629629629,0.8888888888888888,0.8666666666666667,0.9122807017543859
353,0.001209300235624593,0.9997278911564625,0.9991645781119465,1.0,1.0,0.9995821145006268,0.7133679906441651,0.9047619047619048,0.9629629629629629,0.8611111111111112,0.8387096774193549,0.896551724137931
354,0.00580982502911422,0.9975468975468975,0.9967532467532467,0.9980759980759981,0.9971129556116926,0.9969330687353418,0.653860880193471,0.8888888888888888,0.8888888888888888,0.8888888888888888,0.8571428571428571,0.8727272727272727
355,0.0006824298256328709,0.9997278911564625,1.0,0.9995964487489911,0.9991652754590985,0.9995824634655532,0.6030095236143559,0.9206349206349206,0.9259259259259259,0.9166666666666666,0.8928571428571429,0.9090909090909091
356,0.0007178093675685553,0.9997278911564625,1.0,0.9995964487489911,0.9991652754590985,0.9995824634655532,0.6396868513476788,0.9206349206349206,0.9259259259259259,0.9166666666666666,0.8928571428571429,0.9090909090909091
357,0.003514270243399098,0.9984126984126984,0.9978354978354979,0.9987974987974988,0.9981955972573078,0.9980155150640447,0.6088210881644911,0.9047619047619048,0.8888888888888888,0.9166666666666666,0.8888888888888888,0.8888888888888888
358,0.002380450560361286,0.9991836734693877,0.9983291562238931,0.9995964487489911,0.9991638795986622,0.9987463435018805,0.8927710430300703,0.8412698412698413,0.9259259259259259,0.7777777777777778,0.7575757575757576,0.8333333333333334
359,0.000406741658511868,0.9997278911564625,0.9991645781119465,1.0,1.0,0.9995821145006268,1.0635237283459569,0.8253968253968254,0.9259259259259259,0.75,0.7352941176470589,0.819672131147541
360,5.203032643188957e-05,1.0,1.0,1.0,1.0,1.0,1.1656114257177308,0.8253968253968254,0.9259259259259259,0.75,0.7352941176470589,0.819672131147541
361,5.412329895890395e-05,1.0,1.0,1.0,1.0,1.0,1.1468145460245387,0.8412698412698413,0.9259259259259259,0.7777777777777778,0.7575757575757576,0.8333333333333334
362,4.664269293583993e-05,1.0,1.0,1.0,1.0,1.0,1.2277698752676236,0.8412698412698413,0.9259259259259259,0.7777777777777778,0.7575757575757576,0.8333333333333334
363,0.00941110474924122,0.9966810966810967,0.9949494949494949,0.9978354978354979,0.9967473798337549,0.9958476259252572,0.7575486328225076,0.8571428571428571,0.8888888888888888,0.8333333333333334,0.8,0.8421052631578947
364,0.00019728054006856814,1.0,1.0,1.0,1.0,1.0,0.7579870066677229,0.873015873015873,0.9259259259259259,0.8333333333333334,0.8064516129032258,0.8620689655172413
365,0.0026620089394953166,0.9991341991341991,0.9989177489177489,0.9992784992784993,0.9989177489177489,0.9989177489177489,0.6580285678681408,0.873015873015873,0.8888888888888888,0.8611111111111112,0.8275862068965517,0.8571428571428571
366,0.000770196113740387,0.9997278911564625,0.9991645781119465,1.0,1.0,0.9995821145006268,0.8395340444317082,0.8412698412698413,0.9629629629629629,0.75,0.7428571428571429,0.8387096774193549
367,7.023720223465333e-05,1.0,1.0,1.0,1.0,1.0,0.7786626634701933,0.8412698412698413,0.9259259259259259,0.7777777777777778,0.7575757575757576,0.8333333333333334
368,4.551630964218385e-05,1.0,1.0,1.0,1.0,1.0,0.821080476874086,0.8253968253968254,0.9259259259259259,0.75,0.7352941176470589,0.819672131147541
369,0.006056819221135853,0.997979797979798,0.9974747474747475,0.9983164983164983,0.9974747474747475,0.9974747474747475,0.6583085714195881,0.8888888888888888,0.8888888888888888,0.8888888888888888,0.8571428571428571,0.8727272727272727
370,0.0007572304258480602,0.9997278911564625,1.0,0.9995964487489911,0.9991652754590985,0.9995824634655532,0.6323051127203924,0.9047619047619048,0.9259259259259259,0.8888888888888888,0.8620689655172413,0.8928571428571429
371,0.00012376268047916222,1.0,1.0,1.0,1.0,1.0,0.551897128765949,0.9047619047619048,0.9259259259259259,0.8888888888888888,0.8620689655172413,0.8928571428571429
372,4.399216611221033e-05,1.0,1.0,1.0,1.0,1.0,0.6226764006416257,0.873015873015873,0.9259259259259259,0.8333333333333334,0.8064516129032258,0.8620689655172413
373,0.005451929441433737,0.997979797979798,0.9978354978354979,0.9980759980759981,0.9971160778658976,0.997475658131987,0.7717752736797492,0.873015873015873,0.8888888888888888,0.8611111111111112,0.8275862068965517,0.8571428571428571
374,0.004912722476366736,0.9982683982683983,0.9978354978354979,0.9985569985569985,0.9978354978354979,0.9978354978354979,0.7531202140056675,0.8571428571428571,0.8888888888888888,0.8333333333333334,0.8,0.8421052631578947
375,0.0013439206764948892,0.9994227994227994,0.9996392496392497,0.9992784992784993,0.9989185291997116,0.999278759466282,0.8758761222151883,0.8571428571428571,0.8148148148148148,0.8888888888888888,0.8461538461538461,0.8301886792452831
376,0.002812359629021136,0.9994227994227994,0.9992784992784993,0.9995189995189995,0.9992784992784993,0.9992784992784993,0.6807827266544221,0.8412698412698413,0.8148148148148148,0.8611111111111112,0.8148148148148148,0.8148148148148148
377,0.0034103451403758147,0.9991341991341991,0.9992784992784993,0.9990379990379991,0.9985580389329488,0.998918139199423,0.7015963228454533,0.873015873015873,0.8888888888888888,0.8611111111111112,0.8275862068965517,0.8571428571428571
378,0.0030359721486804218,0.9991341991341991,0.9989177489177489,0.9992784992784993,0.9989177489177489,0.9989177489177489,0.8680317624199984,0.8571428571428571,0.8888888888888888,0.8333333333333334,0.8,0.8421052631578947
379,0.0014700450743183784,0.9994557823129252,0.9991645781119465,0.9995964487489911,0.9991645781119465,0.9991645781119465,0.7063773640566358,0.8412698412698413,0.8888888888888888,0.8055555555555556,0.7741935483870968,0.8275862068965517
380,3.4117456557241834e-05,1.0,1.0,1.0,1.0,1.0,0.7759335252659862,0.8571428571428571,0.8888888888888888,0.8333333333333334,0.8,0.8421052631578947
381,0.001885264862166261,0.9997113997113997,0.9996392496392497,0.9997594997594997,0.9996392496392497,0.9996392496392497,0.9337973750127911,0.8253968253968254,0.8148148148148148,0.8333333333333334,0.7857142857142857,0.8
382,0.0051610563990677144,0.998989898989899,0.9989177489177489,0.9990379990379991,0.9985575189325641,0.9987376014427413,0.8206762568249056,0.8412698412698413,0.8888888888888888,0.8055555555555556,0.7741935483870968,0.8275862068965517
383,0.0048040420144693395,0.9987012987012988,0.9985569985569985,0.9987974987974988,0.998196898665705,0.9983769161406673,0.5016098054530587,0.8888888888888888,0.8518518518518519,0.9166666666666666,0.8846153846153846,0.8679245283018868
384,0.002471775565839578,0.9997113997113997,0.9996392496392497,0.9997594997594997,0.9996392496392497,0.9996392496392497,0.6887280776676822,0.873015873015873,0.8888888888888888,0.8611111111111112,0.8275862068965517,0.8571428571428571
385,0.0004886881999113537,0.9997278911564625,1.0,0.9995964487489911,0.9991652754590985,0.9995824634655532,0.49196003911279224,0.8888888888888888,0.8888888888888888,0.8888888888888888,0.8571428571428571,0.8727272727272727
386,7.819010309485376e-05,1.0,1.0,1.0,1.0,1.0,0.5166885212994881,0.8888888888888888,0.9259259259259259,0.8611111111111112,0.8333333333333334,0.8771929824561403
387,4.751920403986314e-05,1.0,1.0,1.0,1.0,1.0,0.5268822185434046,0.873015873015873,0.8888888888888888,0.8611111111111112,0.8275862068965517,0.8571428571428571
388,3.385200142245866e-05,1.0,1.0,1.0,1.0,1.0,0.5459957177165398,0.8888888888888888,0.9259259259259259,0.8611111111111112,0.8333333333333334,0.8771929824561403
389,3.7670569271831236e-05,1.0,1.0,1.0,1.0,1.0,0.5695782518264928,0.873015873015873,0.8888888888888888,0.8611111111111112,0.8275862068965517,0.8571428571428571
390,3.377167510035444e-05,1.0,1.0,1.0,1.0,1.0,0.6529171200230531,0.8888888888888888,0.9259259259259259,0.8611111111111112,0.8333333333333334,0.8771929824561403
391,0.00944233738093637,0.9972582972582973,0.9963924963924964,0.9978354978354979,0.9967520750631541,0.9965722532924409,0.5857785843601007,0.8571428571428571,0.9259259259259259,0.8055555555555556,0.78125,0.847457627118644
392,0.0006249821780645801,1.0,1.0,1.0,1.0,1.0,0.5206097909946933,0.8888888888888888,0.8888888888888888,0.8888888888888888,0.8571428571428571,0.8727272727272727
393,0.0001387090204654858,1.0,1.0,1.0,1.0,1.0,0.6002808823018674,0.873015873015873,0.8888888888888888,0.8611111111111112,0.8275862068965517,0.8571428571428571
394,0.0055286971940660245,0.9985569985569985,0.9985569985569985,0.9985569985569985,0.9978370583994232,0.998196898665705,0.36928191202894106,0.9206349206349206,0.8888888888888888,0.9444444444444444,0.9230769230769231,0.9056603773584906
395,0.0028789852302304477,0.998639455782313,0.9983291562238931,0.9987893462469734,0.9974958263772955,0.9979123173277662,0.5631726225697166,0.8888888888888888,0.9259259259259259,0.8611111111111112,0.8333333333333334,0.8771929824561403
396,0.004343364147116963,0.998989898989899,0.9985569985569985,0.9992784992784993,0.9989173583543847,0.9987371459498466,0.46565615795349463,0.8571428571428571,0.8518518518518519,0.8611111111111112,0.8214285714285714,0.8363636363636363
397,0.00015062653133724848,1.0,1.0,1.0,1.0,1.0,0.4566603623742204,0.9206349206349206,0.9259259259259259,0.9166666666666666,0.8928571428571429,0.9090909090909091
398,7.319889891992457e-05,1.0,1.0,1.0,1.0,1.0,0.4337473141485899,0.9047619047619048,0.9259259259259259,0.8888888888888888,0.8620689655172413,0.8928571428571429
399,0.005553745966304976,0.9991341991341991,0.9985569985569985,0.9995189995189995,0.9992779783393502,0.9989173583543847,0.36225372917039156,0.9047619047619048,0.9259259259259259,0.8888888888888888,0.8620689655172413,0.8928571428571429
400,0.004947196747311411,0.9982683982683983,0.9978354978354979,0.9985569985569985,0.9978354978354979,0.9978354978354979,0.5781492107799129,0.8412698412698413,0.9259259259259259,0.7777777777777778,0.7575757575757576,0.8333333333333334
401,0.0040583369691504605,0.998989898989899,0.9989177489177489,0.9990379990379991,0.9985575189325641,0.9987376014427413,0.5121184740131693,0.9047619047619048,0.9259259259259259,0.8888888888888888,0.8620689655172413,0.8928571428571429
402,0.0025002069126293506,0.9994557823129252,1.0,0.9991928974979822,0.9983319432860718,0.9991652754590985,0.4076866959849934,0.9365079365079365,0.9259259259259259,0.9444444444444444,0.9259259259259259,0.9259259259259259
403,0.002884440904358762,0.9988455988455989,0.9981962481962482,0.9992784992784993,0.9989169675090253,0.9985564778058462,0.5345295559047141,0.9365079365079365,0.9259259259259259,0.9444444444444444,0.9259259259259259,0.9259259259259259
404,0.002503366955530735,0.9995670995670995,0.9996392496392497,0.9995189995189995,0.999278759466282,0.999458972046889,0.5036760093330125,0.9365079365079365,0.9259259259259259,0.9444444444444444,0.9259259259259259,0.9259259259259259
405,0.0016561345219235242,0.9994227994227994,0.9996392496392497,0.9992784992784993,0.9989185291997116,0.999278759466282,0.5549267807375781,0.9047619047619048,0.9259259259259259,0.8888888888888888,0.8620689655172413,0.8928571428571429
406,0.0016990308508896476,0.9994227994227994,0.9992784992784993,0.9995189995189995,0.9992784992784993,0.9992784992784993,0.4476579203765141,0.9206349206349206,0.9629629629629629,0.8888888888888888,0.8666666666666667,0.9122807017543859
407,0.00197635139716725,0.9991836734693877,0.9983291562238931,0.9995964487489911,0.9991638795986622,0.9987463435018805,0.5153928052748106,0.9047619047619048,0.9629629629629629,0.8611111111111112,0.8387096774193549,0.896551724137931
408,0.00410799034119942,0.9987012987012988,0.9981962481962482,0.9990379990379991,0.9985564778058462,0.9983763305069457,0.33287723777290906,0.9365079365079365,0.9259259259259259,0.9444444444444444,0.9259259259259259,0.9259259259259259
409,0.0006482285350277231,0.9997278911564625,1.0,0.9995964487489911,0.9991652754590985,0.9995824634655532,0.34462190503732665,0.9365079365079365,0.9259259259259259,0.9444444444444444,0.9259259259259259,0.9259259259259259
410,7.093688816436586e-05,1.0,1.0,1.0,1.0,1.0,0.37651253927296713,0.9365079365079365,0.9259259259259259,0.9444444444444444,0.9259259259259259,0.9259259259259259
411,0.00010990715927737138,1.0,1.0,1.0,1.0,1.0,0.39054608737595636,0.9365079365079365,0.9259259259259259,0.9444444444444444,0.9259259259259259,0.9259259259259259
412,0.0037994979318811068,0.9985569985569985,0.9981962481962482,0.9987974987974988,0.9981962481962482,0.9981962481962482,0.5950356043319934,0.8888888888888888,0.8518518518518519,0.9166666666666666,0.8846153846153846,0.8679245283018868
413,0.0002986681687661057,1.0,1.0,1.0,1.0,1.0,0.5763941753682466,0.9206349206349206,0.9259259259259259,0.9166666666666666,0.8928571428571429,0.9090909090909091
414,0.00015812921161576472,1.0,1.0,1.0,1.0,1.0,0.6041069690949775,0.9206349206349206,0.9259259259259259,0.9166666666666666,0.8928571428571429,0.9090909090909091
415,7.174965823354313e-05,1.0,1.0,1.0,1.0,1.0,0.5602888066019832,0.9206349206349206,0.9259259259259259,0.9166666666666666,0.8928571428571429,0.9090909090909091
416,0.005835187973403023,0.9982683982683983,0.9971139971139971,0.9990379990379991,0.9985549132947977,0.9978339350180505,0.4187828439266129,0.9365079365079365,0.8888888888888888,0.9722222222222222,0.96,0.9230769230769231
417,0.004745960334525628,0.9985569985569985,0.9985569985569985,0.9985569985569985,0.9978370583994232,0.998196898665705,0.3002989715674803,0.9206349206349206,0.8888888888888888,0.9444444444444444,0.9230769230769231,0.9056603773584906
418,0.00026040560287176657,1.0,1.0,1.0,1.0,1.0,0.34405777104349533,0.9047619047619048,0.8888888888888888,0.9166666666666666,0.8888888888888888,0.8888888888888888
419,0.00029802497251950067,0.9998556998556999,1.0,0.9997594997594997,0.999639379733141,0.999819657348963,0.5456833534710659,0.8888888888888888,0.9259259259259259,0.8611111111111112,0.8333333333333334,0.8771929824561403
420,0.0007164882371173485,0.9998556998556999,0.9996392496392497,1.0,1.0,0.9998195922785496,0.5662622127706743,0.8571428571428571,0.8148148148148148,0.8888888888888888,0.8461538461538461,0.8301886792452831
421,0.005070439552389761,0.9985569985569985,0.9981962481962482,0.9987974987974988,0.9981962481962482,0.9981962481962482,0.5221544682037405,0.8888888888888888,0.9259259259259259,0.8611111111111112,0.8333333333333334,0.8771929824561403
422,0.002056288580293569,0.9994557823129252,0.9983291562238931,1.0,1.0,0.9991638795986622,0.5124187921824087,0.8412698412698413,0.9259259259259259,0.7777777777777778,0.7575757575757576,0.8333333333333334
423,0.0012201697658874475,0.9994227994227994,0.9996392496392497,0.9992784992784993,0.9989185291997116,0.999278759466282,0.561343947863659,0.8888888888888888,0.8888888888888888,0.8888888888888888,0.8571428571428571,0.8727272727272727
424,0.0036780581820851236,0.998989898989899,0.9989177489177489,0.9990379990379991,0.9985575189325641,0.9987376014427413,0.5039129546466505,0.8888888888888888,0.8518518518518519,0.9166666666666666,0.8846153846153846,0.8679245283018868
425,0.0002378166264439054,1.0,1.0,1.0,1.0,1.0,0.5080294700703003,0.9047619047619048,0.8888888888888888,0.9166666666666666,0.8888888888888888,0.8888888888888888
426,0.0020428782441745575,0.9991836734693877,0.9991645781119465,0.9991928974979822,0.998330550918197,0.9987473903966597,0.4149636696178248,0.9047619047619048,0.8518518518518519,0.9444444444444444,0.92,0.8846153846153846
427,0.0015201005434764304,0.9994557823129252,0.9991645781119465,0.9995964487489911,0.9991645781119465,0.9991645781119465,0.3732549929492442,0.9047619047619048,0.9259259259259259,0.8888888888888888,0.8620689655172413,0.8928571428571429
428,0.004616560603697621,0.9982683982683983,0.9967532467532467,0.9992784992784993,0.9989154013015185,0.9978331527627302,0.3750749970016523,0.9047619047619048,0.8888888888888888,0.9166666666666666,0.8888888888888888,0.8888888888888888
429,0.0019862951699176567,0.9992784992784993,0.9992784992784993,0.9992784992784993,0.998918139199423,0.9990982867448152,0.6591735878984821,0.8888888888888888,0.9629629629629629,0.8333333333333334,0.8125,0.8813559322033898
430,0.0033933790984078905,0.998989898989899,0.9992784992784993,0.9987974987974988,0.9981981981981982,0.9987380566071751,0.77103551112114,0.873015873015873,0.8888888888888888,0.8611111111111112,0.8275862068965517,0.8571428571428571
431,0.001254675589679995,0.9994557823129252,0.9991645781119465,0.9995964487489911,0.9991645781119465,0.9991645781119465,0.6291296915715354,0.8888888888888888,0.8888888888888888,0.8888888888888888,0.8571428571428571,0.8727272727272727
432,0.00048649672336537286,0.9997113997113997,0.9996392496392497,0.9997594997594997,0.9996392496392497,0.9996392496392497,0.5760408715612155,0.873015873015873,0.8518518518518519,0.8888888888888888,0.8518518518518519,0.8518518518518519
433,0.0001497554771013915,1.0,1.0,1.0,1.0,1.0,0.7621396757317381,0.873015873015873,0.8888888888888888,0.8611111111111112,0.8275862068965517,0.8571428571428571
434,0.0030926517831505584,0.9991341991341991,0.9989177489177489,0.9992784992784993,0.9989177489177489,0.9989177489177489,0.7103569064293258,0.9047619047619048,0.8888888888888888,0.9166666666666666,0.8888888888888888,0.8888888888888888
435,0.0002400947050325597,1.0,1.0,1.0,1.0,1.0,0.7424900696679533,0.9047619047619048,0.8888888888888888,0.9166666666666666,0.8888888888888888,0.8888888888888888
436,4.577552933771746e-05,1.0,1.0,1.0,1.0,1.0,0.8138335134596947,0.8888888888888888,0.8888888888888888,0.8888888888888888,0.8571428571428571,0.8727272727272727
437,0.006056437894822825,0.9984126984126984,0.9981962481962482,0.9985569985569985,0.997836278398846,0.9980162308385934,0.6077096508657661,0.9047619047619048,0.9629629629629629,0.8611111111111112,0.8387096774193549,0.896551724137931
438,0.00042290026803507285,1.0,1.0,1.0,1.0,1.0,0.5519422406795211,0.8888888888888888,0.9259259259259259,0.8611111111111112,0.8333333333333334,0.8771929824561403
439,8.485877085861206e-05,1.0,1.0,1.0,1.0,1.0,0.5975387342848644,0.8888888888888888,0.9259259259259259,0.8611111111111112,0.8333333333333334,0.8771929824561403
440,0.0013038121212172959,0.9992784992784993,0.9989177489177489,0.9995189995189995,0.9992782389029231,0.9990979613927476,0.6875029521512578,0.8888888888888888,0.8888888888888888,0.8888888888888888,0.8571428571428571,0.8727272727272727
441,0.002175780072441424,0.9994557823129252,1.0,0.9991928974979822,0.9983319432860718,0.9991652754590985,0.7171424049715464,0.873015873015873,0.9259259259259259,0.8333333333333334,0.8064516129032258,0.8620689655172413
442,3.849547458379007e-05,1.0,1.0,1.0,1.0,1.0,0.7119982411803369,0.873015873015873,0.9259259259259259,0.8333333333333334,0.8064516129032258,0.8620689655172413
443,0.0022954852195423404,0.9991341991341991,0.9989177489177489,0.9992784992784993,0.9989177489177489,0.9989177489177489,0.834648309394695,0.8571428571428571,0.8888888888888888,0.8333333333333334,0.8,0.8421052631578947
444,0.005989994652508021,0.998989898989899,0.9985569985569985,0.9992784992784993,0.9989173583543847,0.9987371459498466,0.6997938473281148,0.8571428571428571,0.9259259259259259,0.8055555555555556,0.78125,0.847457627118644
445,0.0019739173495717695,0.9994227994227994,0.9992784992784993,0.9995189995189995,0.9992784992784993,0.9992784992784993,0.7597826940161342,0.873015873015873,0.9259259259259259,0.8333333333333334,0.8064516129032258,0.8620689655172413
446,0.0006268934126535393,0.9998556998556999,0.9996392496392497,1.0,1.0,0.9998195922785496,0.8299093596440452,0.8888888888888888,0.8888888888888888,0.8888888888888888,0.8571428571428571,0.8727272727272727
447,0.0002698184616631821,0.9998556998556999,0.9996392496392497,1.0,1.0,0.9998195922785496,0.8259938367605101,0.8888888888888888,0.8518518518518519,0.9166666666666666,0.8846153846153846,0.8679245283018868
448,0.0001648298900700074,1.0,1.0,1.0,1.0,1.0,0.9513506022574889,0.8888888888888888,0.8888888888888888,0.8888888888888888,0.8571428571428571,0.8727272727272727
449,2.2734004968648705e-05,1.0,1.0,1.0,1.0,1.0,1.0215920545897244,0.873015873015873,0.8888888888888888,0.8611111111111112,0.8275862068965517,0.8571428571428571
450,0.003981392540108016,0.9994557823129252,0.9991645781119465,0.9995964487489911,0.9991645781119465,0.9991645781119465,0.5699250354775272,0.9206349206349206,0.9629629629629629,0.8888888888888888,0.8666666666666667,0.9122807017543859
451,0.0009889403916625635,0.9994557823129252,0.9991645781119465,0.9995964487489911,0.9991645781119465,0.9991645781119465,1.3498936602809986,0.8253968253968254,0.9629629629629629,0.7222222222222222,0.7222222222222222,0.8253968253968254
452,0.007541408862680997,0.996969696969697,0.9963924963924964,0.9973544973544973,0.9960331770645511,0.9962128043282237,0.6209632857532438,0.8888888888888888,0.8888888888888888,0.8888888888888888,0.8571428571428571,0.8727272727272727
453,0.001109092058953441,0.9991836734693877,0.9983291562238931,0.9995964487489911,0.9991638795986622,0.9987463435018805,0.5446433404704005,0.9206349206349206,0.9259259259259259,0.9166666666666666,0.8928571428571429,0.9090909090909091
454,0.0007693062102178684,0.9997113997113997,0.9996392496392497,0.9997594997594997,0.9996392496392497,0.9996392496392497,0.6388140138386382,0.9047619047619048,0.8888888888888888,0.9166666666666666,0.8888888888888888,0.8888888888888888
455,0.00044293436246718346,0.9997278911564625,0.9991645781119465,1.0,1.0,0.9995821145006268,0.6421874428070002,0.9206349206349206,0.9629629629629629,0.8888888888888888,0.8666666666666667,0.9122807017543859
456,0.0003941743985921359,0.9998556998556999,1.0,0.9997594997594997,0.999639379733141,0.999819657348963,0.6757004691437378,0.9206349206349206,0.8888888888888888,0.9444444444444444,0.9230769230769231,0.9056603773584906
457,0.0036712126072215344,0.998989898989899,0.9989177489177489,0.9990379990379991,0.9985575189325641,0.9987376014427413,0.6358931120824612,0.9206349206349206,0.8888888888888888,0.9444444444444444,0.9230769230769231,0.9056603773584906
458,0.005608143229891792,0.9987012987012988,0.9981962481962482,0.9990379990379991,0.9985564778058462,0.9983763305069457,0.5790801989930933,0.9047619047619048,0.8888888888888888,0.9166666666666666,0.8888888888888888,0.8888888888888888
459,0.0019180970049064577,0.9994227994227994,0.9992784992784993,0.9995189995189995,0.9992784992784993,0.9992784992784993,0.6314505332162038,0.9047619047619048,0.9259259259259259,0.8888888888888888,0.8620689655172413,0.8928571428571429
460,0.003226639581946263,0.9988455988455989,0.9989177489177489,0.9987974987974988,0.998197548666186,0.9985575189325641,0.5727709471466369,0.9047619047619048,0.8888888888888888,0.9166666666666666,0.8888888888888888,0.8888888888888888
461,0.0002547845973258072,1.0,1.0,1.0,1.0,1.0,0.7329998281051852,0.9047619047619048,0.8888888888888888,0.9166666666666666,0.8888888888888888,0.8888888888888888
462,0.0022687509704642575,0.9997113997113997,0.9996392496392497,0.9997594997594997,0.9996392496392497,0.9996392496392497,0.7144917179319901,0.8888888888888888,0.8888888888888888,0.8888888888888888,0.8571428571428571,0.8727272727272727
463,0.0009785554697218435,0.9997113997113997,1.0,0.9995189995189995,0.9992790194664743,0.999639379733141,0.7165368216474091,0.9047619047619048,0.8888888888888888,0.9166666666666666,0.8888888888888888,0.8888888888888888
464,0.0020385956877963713,0.9994557823129252,0.9991645781119465,0.9995964487489911,0.9991645781119465,0.9991645781119465,1.208337083397459,0.8095238095238095,0.8888888888888888,0.75,0.7272727272727273,0.8
465,0.004881673801146712,0.9982683982683983,0.9981962481962482,0.9983164983164983,0.9974765681326604,0.997836278398846,0.7747201630436826,0.873015873015873,0.8518518518518519,0.8888888888888888,0.8518518518518519,0.8518518518518519
466,0.001681746517431506,0.9997113997113997,0.9992784992784993,1.0,1.0,0.9996391194514616,0.8444470630571549,0.8571428571428571,0.8518518518518519,0.8611111111111112,0.8214285714285714,0.8363636363636363
467,0.00023161408167132841,1.0,1.0,1.0,1.0,1.0,0.7736779014671883,0.8888888888888888,0.8888888888888888,0.8888888888888888,0.8571428571428571,0.8727272727272727
468,0.004103365815038515,0.9987012987012988,0.9985569985569985,0.9987974987974988,0.998196898665705,0.9983769161406673,0.6667068130151915,0.8888888888888888,0.8518518518518519,0.9166666666666666,0.8846153846153846,0.8679245283018868
469,0.0014252385455041136,0.9991836734693877,0.9991645781119465,0.9991928974979822,0.998330550918197,0.9987473903966597,0.6285672459755063,0.873015873015873,0.8888888888888888,0.8611111111111112,0.8275862068965517,0.8571428571428571
470,0.001465242865583703,0.9994227994227994,0.9989177489177489,0.9997594997594997,0.9996389891696751,0.9992782389029231,0.660872551236516,0.873015873015873,0.8518518518518519,0.8888888888888888,0.8518518518518519,0.8518518518518519
471,0.0011311296573836302,0.9995670995670995,0.9996392496392497,0.9995189995189995,0.999278759466282,0.999458972046889,0.767133520138443,0.8888888888888888,0.8888888888888888,0.8888888888888888,0.8571428571428571,0.8727272727272727
472,0.00010224165624515613,1.0,1.0,1.0,1.0,1.0,0.7020181790948776,0.8888888888888888,0.8888888888888888,0.8888888888888888,0.8571428571428571,0.8727272727272727
473,0.003933812628193188,0.9991341991341991,0.9989177489177489,0.9992784992784993,0.9989177489177489,0.9989177489177489,0.5993415870032058,0.873015873015873,0.8518518518518519,0.8888888888888888,0.8518518518518519,0.8518518518518519
474,0.0005648744458943586,0.9998556998556999,0.9996392496392497,1.0,1.0,0.9998195922785496,0.7123737493049471,0.873015873015873,0.8888888888888888,0.8611111111111112,0.8275862068965517,0.8571428571428571
475,0.0010950966513213443,0.9994227994227994,0.9992784992784993,0.9995189995189995,0.9992784992784993,0.9992784992784993,1.064018494234742,0.8412698412698413,0.9259259259259259,0.7777777777777778,0.7575757575757576,0.8333333333333334
476,0.0027025159889252624,0.9995670995670995,0.9992784992784993,0.9997594997594997,0.9996391194514616,0.9994587768356485,0.8475011205786908,0.8571428571428571,0.8888888888888888,0.8333333333333334,0.8,0.8421052631578947
477,0.0008821715809720393,0.9997113997113997,0.9996392496392497,0.9997594997594997,0.9996392496392497,0.9996392496392497,1.0542918327203277,0.8571428571428571,0.8888888888888888,0.8333333333333334,0.8,0.8421052631578947
478,0.00010221695732190085,1.0,1.0,1.0,1.0,1.0,1.0714629903460653,0.8571428571428571,0.8888888888888888,0.8333333333333334,0.8,0.8421052631578947
479,0.0025523087514625177,0.9994557823129252,0.9991645781119465,0.9995964487489911,0.9991645781119465,0.9991645781119465,0.8184756378302284,0.8412698412698413,0.8888888888888888,0.8055555555555556,0.7741935483870968,0.8275862068965517
480,0.005598727726052239,0.9981240981240981,0.9981962481962482,0.9980759980759981,0.9971171171171171,0.9976563908418965,0.8470064400665699,0.8571428571428571,0.8888888888888888,0.8333333333333334,0.8,0.8421052631578947
481,0.0007846777713351948,0.9997113997113997,0.9996392496392497,0.9997594997594997,0.9996392496392497,0.9996392496392497,1.0099368490230676,0.8571428571428571,0.8888888888888888,0.8333333333333334,0.8,0.8421052631578947
482,0.0007387186003643167,0.9997113997113997,0.9992784992784993,1.0,1.0,0.9996391194514616,1.0113222767777477,0.8571428571428571,0.8888888888888888,0.8333333333333334,0.8,0.8421052631578947
483,0.0033867897618147726,0.9991341991341991,0.9989177489177489,0.9992784992784993,0.9989177489177489,0.9989177489177489,0.7992381140310687,0.873015873015873,0.8888888888888888,0.8611111111111112,0.8275862068965517,0.8571428571428571
484,0.001003419251828798,0.9995670995670995,0.9996392496392497,0.9995189995189995,0.999278759466282,0.999458972046889,0.9151579088890381,0.873015873015873,0.8888888888888888,0.8611111111111112,0.8275862068965517,0.8571428571428571
485,7.840185690545887e-05,1.0,1.0,1.0,1.0,1.0,0.9707108945631984,0.873015873015873,0.8888888888888888,0.8611111111111112,0.8275862068965517,0.8571428571428571
486,0.002677782213959946,0.9991341991341991,0.9992784992784993,0.9990379990379991,0.9985580389329488,0.998918139199423,0.6785321095752778,0.8888888888888888,0.8888888888888888,0.8888888888888888,0.8571428571428571,0.8727272727272727
487,0.0017684542048460614,0.9997113997113997,0.9996392496392497,0.9997594997594997,0.9996392496392497,0.9996392496392497,0.7809435377185721,0.873015873015873,0.8888888888888888,0.8611111111111112,0.8275862068965517,0.8571428571428571
488,0.0032742186984592546,0.9994557823129252,0.9991645781119465,0.9995964487489911,0.9991645781119465,0.9991645781119465,0.659960962630557,0.873015873015873,0.8888888888888888,0.8611111111111112,0.8275862068965517,0.8571428571428571
489,0.0038664672996973426,0.9992784992784993,0.9989177489177489,0.9995189995189995,0.9992782389029231,0.9990979613927476,0.5859671424250192,0.9047619047619048,0.8888888888888888,0.9166666666666666,0.8888888888888888,0.8888888888888888
490,0.0021040479217887204,0.9991836734693877,0.9983291562238931,0.9995964487489911,0.9991638795986622,0.9987463435018805,0.6504633157395773,0.873015873015873,0.8888888888888888,0.8611111111111112,0.8275862068965517,0.8571428571428571
491,0.00011238202724443847,1.0,1.0,1.0,1.0,1.0,0.7124205546523814,0.8888888888888888,0.9259259259259259,0.8611111111111112,0.8333333333333334,0.8771929824561403
492,0.00027807358700534195,1.0,1.0,1.0,1.0,1.0,0.8980220053615214,0.873015873015873,0.8888888888888888,0.8611111111111112,0.8275862068965517,0.8571428571428571
493,2.4432444960173127e-05,1.0,1.0,1.0,1.0,1.0,0.9181022616695762,0.873015873015873,0.8888888888888888,0.8611111111111112,0.8275862068965517,0.8571428571428571
494,2.640676230251976e-05,1.0,1.0,1.0,1.0,1.0,0.8917367823835646,0.873015873015873,0.8888888888888888,0.8611111111111112,0.8275862068965517,0.8571428571428571
495,4.426916087785243e-05,1.0,1.0,1.0,1.0,1.0,0.9973081584346165,0.8888888888888888,0.9259259259259259,0.8611111111111112,0.8333333333333334,0.8771929824561403
496,1.9616866819701585e-05,1.0,1.0,1.0,1.0,1.0,1.0406932083408011,0.8888888888888888,0.9259259259259259,0.8611111111111112,0.8333333333333334,0.8771929824561403
497,0.0012210825311072136,0.9994557823129252,0.9991645781119465,0.9995964487489911,0.9991645781119465,0.9991645781119465,1.1025576725207054,0.8571428571428571,0.8888888888888888,0.8333333333333334,0.8,0.8421052631578947
498,0.005115016239947568,0.9988455988455989,0.9981962481962482,0.9992784992784993,0.9989169675090253,0.9985564778058462,0.7558608291121403,0.9047619047619048,0.8888888888888888,0.9166666666666666,0.8888888888888888,0.8888888888888888
499,0.0033281478471135586,0.998989898989899,0.9981962481962482,0.9995189995189995,0.9992777175875768,0.9987366901281357,0.6746121202354155,0.9047619047619048,0.8888888888888888,0.9166666666666666,0.8888888888888888,0.8888888888888888
500,0.00018444942438313806,1.0,1.0,1.0,1.0,1.0,0.6140402465604157,0.9047619047619048,0.8888888888888888,0.9166666666666666,0.8888888888888888,0.8888888888888888
501,7.968146264055239e-05,1.0,1.0,1.0,1.0,1.0,0.7684729939776136,0.9047619047619048,0.8888888888888888,0.9166666666666666,0.8888888888888888,0.8888888888888888
502,0.0014168281893288167,0.9995670995670995,0.9992784992784993,0.9997594997594997,0.9996391194514616,0.9994587768356485,0.9611865069392291,0.873015873015873,0.8888888888888888,0.8611111111111112,0.8275862068965517,0.8571428571428571
503,0.00119624217863398,0.9997113997113997,0.9996392496392497,0.9997594997594997,0.9996392496392497,0.9996392496392497,0.8843867229704286,0.9047619047619048,0.8888888888888888,0.9166666666666666,0.8888888888888888,0.8888888888888888
504,9.003261396922543e-05,1.0,1.0,1.0,1.0,1.0,0.8883951450700965,0.9047619047619048,0.8888888888888888,0.9166666666666666,0.8888888888888888,0.8888888888888888
505,0.004577395320158618,0.9987012987012988,0.9981962481962482,0.9990379990379991,0.9985564778058462,0.9983763305069457,0.8662986692562256,0.8571428571428571,0.8518518518518519,0.8611111111111112,0.8214285714285714,0.8363636363636363
506,0.0017517620603224318,0.9992784992784993,0.9989177489177489,0.9995189995189995,0.9992782389029231,0.9990979613927476,0.8136764138736965,0.8571428571428571,0.8888888888888888,0.8333333333333334,0.8,0.8421052631578947
507,0.0005269737419045759,0.9998556998556999,1.0,0.9997594997594997,0.999639379733141,0.999819657348963,0.7263248558633172,0.9047619047619048,0.8888888888888888,0.9166666666666666,0.8888888888888888,0.8888888888888888
508,0.00017136589523844266,1.0,1.0,1.0,1.0,1.0,0.714586999007715,0.9047619047619048,0.8888888888888888,0.9166666666666666,0.8888888888888888,0.8888888888888888
509,0.0038800550229863137,0.9984126984126984,0.9978354978354979,0.9987974987974988,0.9981955972573078,0.9980155150640447,0.8184533341136269,0.9206349206349206,0.9259259259259259,0.9166666666666666,0.8928571428571429,0.9090909090909091
510,0.004816414260672601,0.9988455988455989,0.9981962481962482,0.9992784992784993,0.9989169675090253,0.9985564778058462,0.6552515017133879,0.9047619047619048,0.9259259259259259,0.8888888888888888,0.8620689655172413,0.8928571428571429
511,0.0006928254351380444,0.9997113997113997,0.9996392496392497,0.9997594997594997,0.9996392496392497,0.9996392496392497,0.6938159024178435,0.8888888888888888,0.8888888888888888,0.8888888888888888,0.8571428571428571,0.8727272727272727
512,0.00023856367945266567,1.0,1.0,1.0,1.0,1.0,0.843120563942648,0.873015873015873,0.8888888888888888,0.8611111111111112,0.8275862068965517,0.8571428571428571
513,3.165746190473316e-05,1.0,1.0,1.0,1.0,1.0,0.8921261928694476,0.873015873015873,0.8888888888888888,0.8611111111111112,0.8275862068965517,0.8571428571428571
514,0.0001877675730195341,1.0,1.0,1.0,1.0,1.0,0.7606935161767603,0.9047619047619048,0.9259259259259259,0.8888888888888888,0.8620689655172413,0.8928571428571429
515,0.005104083550479832,0.9991341991341991,0.9985569985569985,0.9995189995189995,0.9992779783393502,0.9989173583543847,0.6897606207016257,0.9047619047619048,0.9259259259259259,0.8888888888888888,0.8620689655172413,0.8928571428571429
516,0.001319707455128124,0.9995670995670995,0.9992784992784993,0.9997594997594997,0.9996391194514616,0.9994587768356485,0.5743439184401983,0.9047619047619048,0.9259259259259259,0.8888888888888888,0.8620689655172413,0.8928571428571429
517,0.002252160674020469,0.9994227994227994,0.9989177489177489,0.9997594997594997,0.9996389891696751,0.9992782389029231,0.9234959393068002,0.9047619047619048,0.9259259259259259,0.8888888888888888,0.8620689655172413,0.8928571428571429
518,0.0009720004407799763,0.9994227994227994,0.9996392496392497,0.9992784992784993,0.9989185291997116,0.999278759466282,0.7495256368981374,0.9206349206349206,0.9259259259259259,0.9166666666666666,0.8928571428571429,0.9090909090909091
519,0.008518879576111308,0.9987012987012988,0.9978354978354979,0.9992784992784993,0.9989165763813651,0.9983757444504602,0.5138891739946317,0.9365079365079365,0.9259259259259259,0.9444444444444444,0.9259259259259259,0.9259259259259259
520,0.0013757178690908564,0.9997113997113997,0.9992784992784993,1.0,1.0,0.9996391194514616,0.6580036095725114,0.9206349206349206,0.9259259259259259,0.9166666666666666,0.8928571428571429,0.9090909090909091
521,0.00011853235679249242,1.0,1.0,1.0,1.0,1.0,0.6855704849781071,0.9206349206349206,0.9259259259259259,0.9166666666666666,0.8928571428571429,0.9090909090909091
522,7.42098108256282e-05,1.0,1.0,1.0,1.0,1.0,0.6385951300159384,0.9206349206349206,0.9259259259259259,0.9166666666666666,0.8928571428571429,0.9090909090909091
523,4.116518375641262e-05,1.0,1.0,1.0,1.0,1.0,0.7517471827209986,0.9206349206349206,0.9259259259259259,0.9166666666666666,0.8928571428571429,0.9090909090909091
524,0.0017064926330372402,0.9991341991341991,0.9989177489177489,0.9992784992784993,0.9989177489177489,0.9989177489177489,0.6348906894984085,0.8888888888888888,0.9259259259259259,0.8611111111111112,0.8333333333333334,0.8771929824561403
525,0.004395792167567627,0.9988455988455989,0.9989177489177489,0.9987974987974988,0.998197548666186,0.9985575189325641,0.5295619675723303,0.9047619047619048,0.8888888888888888,0.9166666666666666,0.8888888888888888,0.8888888888888888
526,0.0005398577274509142,0.9997278911564625,1.0,0.9995964487489911,0.9991652754590985,0.9995824634655532,0.5448191758997771,0.9206349206349206,0.8888888888888888,0.9444444444444444,0.9230769230769231,0.9056603773584906
527,0.00019051452028136175,1.0,1.0,1.0,1.0,1.0,0.6380121230934218,0.9206349206349206,0.8888888888888888,0.9444444444444444,0.9230769230769231,0.9056603773584906
528,0.001301502286447013,0.9992784992784993,0.9992784992784993,0.9992784992784993,0.998918139199423,0.9990982867448152,0.5500595228997323,0.9365079365079365,0.9259259259259259,0.9444444444444444,0.9259259259259259,0.9259259259259259
529,0.003924860342943696,0.9988455988455989,0.9981962481962482,0.9992784992784993,0.9989169675090253,0.9985564778058462,0.4518328469528656,0.9206349206349206,0.9259259259259259,0.9166666666666666,0.8928571428571429,0.9090909090909091
530,0.0003985833715985996,0.9998556998556999,0.9996392496392497,1.0,1.0,0.9998195922785496,0.33435119007423514,0.9047619047619048,0.8888888888888888,0.9166666666666666,0.8888888888888888,0.8888888888888888
531,0.0006898636240304353,0.9995670995670995,0.9996392496392497,0.9995189995189995,0.999278759466282,0.999458972046889,0.7537412817908926,0.873015873015873,0.8888888888888888,0.8611111111111112,0.8275862068965517,0.8571428571428571
532,0.002526471464533896,0.9992784992784993,0.9989177489177489,0.9995189995189995,0.9992782389029231,0.9990979613927476,0.7136407849491604,0.9206349206349206,0.8888888888888888,0.9444444444444444,0.9230769230769231,0.9056603773584906
533,0.0019209372799433534,0.9994227994227994,0.9992784992784993,0.9995189995189995,0.9992784992784993,0.9992784992784993,0.5820697632619173,0.9206349206349206,0.8888888888888888,0.9444444444444444,0.9230769230769231,0.9056603773584906
534,0.0018502809123482913,0.998989898989899,0.9985569985569985,0.9992784992784993,0.9989173583543847,0.9987371459498466,0.8126657568969272,0.8571428571428571,0.8518518518518519,0.8611111111111112,0.8214285714285714,0.8363636363636363
535,0.0006023426144057847,0.9997113997113997,0.9996392496392497,0.9997594997594997,0.9996392496392497,0.9996392496392497,0.582806901092847,0.9206349206349206,0.8888888888888888,0.9444444444444444,0.9230769230769231,0.9056603773584906
536,0.0024091667479014863,0.9995670995670995,0.9992784992784993,0.9997594997594997,0.9996391194514616,0.9994587768356485,0.5737063598004631,0.9365079365079365,0.8888888888888888,0.9722222222222222,0.96,0.9230769230769231
537,0.0002928771485828908,1.0,1.0,1.0,1.0,1.0,0.5938421723925179,0.9365079365079365,0.8888888888888888,0.9722222222222222,0.96,0.9230769230769231
538,0.000169285566413633,1.0,1.0,1.0,1.0,1.0,0.7104765925565834,0.9206349206349206,0.8888888888888888,0.9444444444444444,0.9230769230769231,0.9056603773584906
539,0.0060719350711956575,0.9985569985569985,0.9981962481962482,0.9987974987974988,0.9981962481962482,0.9981962481962482,0.5711188024985844,0.9047619047619048,0.9259259259259259,0.8888888888888888,0.8620689655172413,0.8928571428571429
540,0.0010638133204700596,0.9995670995670995,0.9996392496392497,0.9995189995189995,0.999278759466282,0.999458972046889,0.4678229671147179,0.9206349206349206,0.8888888888888888,0.9444444444444444,0.9230769230769231,0.9056603773584906
541,0.00015326637623196932,1.0,1.0,1.0,1.0,1.0,0.5073954417353052,0.9206349206349206,0.8888888888888888,0.9444444444444444,0.9230769230769231,0.9056603773584906
542,0.00010684731778317518,1.0,1.0,1.0,1.0,1.0,0.5108911995829124,0.9206349206349206,0.8888888888888888,0.9444444444444444,0.9230769230769231,0.9056603773584906
543,0.002283610567548518,0.9997113997113997,0.9996392496392497,0.9997594997594997,0.9996392496392497,0.9996392496392497,0.5887977977224745,0.9206349206349206,0.8888888888888888,0.9444444444444444,0.9230769230769231,0.9056603773584906
544,0.00010770692910015199,1.0,1.0,1.0,1.0,1.0,0.625706321607169,0.9047619047619048,0.8888888888888888,0.9166666666666666,0.8888888888888888,0.8888888888888888
545,0.004617978168488115,0.9982683982683983,0.9981962481962482,0.9983164983164983,0.9974765681326604,0.997836278398846,0.5667765307460084,0.9365079365079365,0.8888888888888888,0.9722222222222222,0.96,0.9230769230769231
546,0.002562624628632808,0.998989898989899,0.9989177489177489,0.9990379990379991,0.9985575189325641,0.9987376014427413,0.49210695214181516,0.9206349206349206,0.8888888888888888,0.9444444444444444,0.9230769230769231,0.9056603773584906
547,0.0005942218490369313,0.9998556998556999,0.9996392496392497,1.0,1.0,0.9998195922785496,0.5224914240955961,0.9365079365079365,0.8888888888888888,0.9722222222222222,0.96,0.9230769230769231
548,0.0005042088431669289,0.9997278911564625,1.0,0.9995964487489911,0.9991652754590985,0.9995824634655532,0.5596313804275673,0.9047619047619048,0.8888888888888888,0.9166666666666666,0.8888888888888888,0.8888888888888888
549,0.0001854894262507585,1.0,1.0,1.0,1.0,1.0,0.6468998008917374,0.9206349206349206,0.8888888888888888,0.9444444444444444,0.9230769230769231,0.9056603773584906
550,0.00013688773727574884,1.0,1.0,1.0,1.0,1.0,0.6586676363289738,0.9206349206349206,0.8888888888888888,0.9444444444444444,0.9230769230769231,0.9056603773584906
551,0.00514058720473652,0.9988455988455989,0.9981962481962482,0.9992784992784993,0.9989169675090253,0.9985564778058462,0.43135232141099145,0.873015873015873,0.8888888888888888,0.8611111111111112,0.8275862068965517,0.8571428571428571
552,0.0024432018303637963,0.9995670995670995,0.9992784992784993,0.9997594997594997,0.9996391194514616,0.9994587768356485,0.539733555991829,0.9206349206349206,0.8888888888888888,0.9444444444444444,0.9230769230769231,0.9056603773584906
553,9.409265598279866e-05,1.0,1.0,1.0,1.0,1.0,0.5545878838443997,0.9047619047619048,0.8888888888888888,0.9166666666666666,0.8888888888888888,0.8888888888888888
554,0.0017283522987648042,0.9998556998556999,0.9996392496392497,1.0,1.0,0.9998195922785496,0.7372037732764887,0.9047619047619048,0.9259259259259259,0.8888888888888888,0.8620689655172413,0.8928571428571429
555,0.001425877306043913,0.9997113997113997,0.9996392496392497,0.9997594997594997,0.9996392496392497,0.9996392496392497,0.7826561089493066,0.8888888888888888,0.8888888888888888,0.8888888888888888,0.8571428571428571,0.8727272727272727
556,0.003073225511792191,0.9992784992784993,0.9989177489177489,0.9995189995189995,0.9992782389029231,0.9990979613927476,0.6816673603727452,0.8888888888888888,0.9259259259259259,0.8611111111111112,0.8333333333333334,0.8771929824561403
557,0.0018029677426567403,0.9997113997113997,0.9996392496392497,0.9997594997594997,0.9996392496392497,0.9996392496392497,0.6863872434443605,0.8888888888888888,0.8888888888888888,0.8888888888888888,0.8571428571428571,0.8727272727272727
558,0.0003636286486755629,0.9998556998556999,1.0,0.9997594997594997,0.999639379733141,0.999819657348963,0.7578119867996845,0.9206349206349206,0.9259259259259259,0.9166666666666666,0.8928571428571429,0.9090909090909091
559,0.0003693552236418563,0.9998556998556999,1.0,0.9997594997594997,0.999639379733141,0.999819657348963,0.7912749627853156,0.9206349206349206,0.9259259259259259,0.9166666666666666,0.8928571428571429,0.9090909090909091
560,3.9750817947250605e-05,1.0,1.0,1.0,1.0,1.0,0.805574905170625,0.9206349206349206,0.9259259259259259,0.9166666666666666,0.8928571428571429,0.9090909090909091
561,4.032021435762992e-05,1.0,1.0,1.0,1.0,1.0,0.8281549645797939,0.9206349206349206,0.9259259259259259,0.9166666666666666,0.8928571428571429,0.9090909090909091
562,0.0029768009073202185,0.9994227994227994,0.9992784992784993,0.9995189995189995,0.9992784992784993,0.9992784992784993,0.6283172941849833,0.9047619047619048,0.8888888888888888,0.9166666666666666,0.8888888888888888,0.8888888888888888
563,0.0029770843410192272,0.9988455988455989,0.9981962481962482,0.9992784992784993,0.9989169675090253,0.9985564778058462,0.6710954693807585,0.8888888888888888,0.8888888888888888,0.8888888888888888,0.8571428571428571,0.8727272727272727
564,0.0020530791868133527,0.9997113997113997,0.9996392496392497,0.9997594997594997,0.9996392496392497,0.9996392496392497,0.4696249789003992,0.9206349206349206,0.9259259259259259,0.9166666666666666,0.8928571428571429,0.9090909090909091
565,0.0024270718473600955,0.9995670995670995,0.9992784992784993,0.9997594997594997,0.9996391194514616,0.9994587768356485,0.5634929818752137,0.9206349206349206,0.8888888888888888,0.9444444444444444,0.9230769230769231,0.9056603773584906
566,0.0015211963766615826,0.9995670995670995,0.9992784992784993,0.9997594997594997,0.9996391194514616,0.9994587768356485,0.7423870592176663,0.8571428571428571,0.8888888888888888,0.8333333333333334,0.8,0.8421052631578947
567,0.0015944683708789427,0.9997113997113997,0.9996392496392497,0.9997594997594997,0.9996392496392497,0.9996392496392497,0.5365392388628115,0.8888888888888888,0.8888888888888888,0.8888888888888888,0.8571428571428571,0.8727272727272727
568,0.00019626071374906392,1.0,1.0,1.0,1.0,1.0,0.5470255817914828,0.9206349206349206,0.8888888888888888,0.9444444444444444,0.9230769230769231,0.9056603773584906
569,0.0007195681504596168,0.9997278911564625,1.0,0.9995964487489911,0.9991652754590985,0.9995824634655532,0.5228249082948813,0.9206349206349206,0.8888888888888888,0.9444444444444444,0.9230769230769231,0.9056603773584906
570,0.0041046118473790855,0.9988455988455989,0.9985569985569985,0.9990379990379991,0.9985569985569985,0.9985569985569985,0.5717323239237192,0.9206349206349206,0.8888888888888888,0.9444444444444444,0.9230769230769231,0.9056603773584906
571,0.0020984138139515753,0.9994227994227994,0.9989177489177489,0.9997594997594997,0.9996389891696751,0.9992782389029231,0.5664221761438794,0.9206349206349206,0.8888888888888888,0.9444444444444444,0.9230769230769231,0.9056603773584906
572,0.0023310342287449926,0.9991836734693877,0.9991645781119465,0.9991928974979822,0.998330550918197,0.9987473903966597,0.4934887215078186,0.9206349206349206,0.8888888888888888,0.9444444444444444,0.9230769230769231,0.9056603773584906
573,0.0019487258781098042,0.9992784992784993,0.9996392496392497,0.9990379990379991,0.9985585585585586,0.9990986118622679,0.49563484613890835,0.9206349206349206,0.8888888888888888,0.9444444444444444,0.9230769230769231,0.9056603773584906
574,0.00015377815414462228,1.0,1.0,1.0,1.0,1.0,0.6041841895455744,0.9206349206349206,0.8888888888888888,0.9444444444444444,0.9230769230769231,0.9056603773584906
575,0.00015701193467708096,1.0,1.0,1.0,1.0,1.0,0.5904482324226376,0.9206349206349206,0.8888888888888888,0.9444444444444444,0.9230769230769231,0.9056603773584906
576,0.0004133888491292363,0.9998556998556999,1.0,0.9997594997594997,0.999639379733141,0.999819657348963,0.7970577326849029,0.873015873015873,0.8518518518518519,0.8888888888888888,0.8518518518518519,0.8518518518518519
577,0.004503956847396429,0.9988455988455989,0.9985569985569985,0.9990379990379991,0.9985569985569985,0.9985569985569985,0.4601896313874715,0.9206349206349206,0.9259259259259259,0.9166666666666666,0.8928571428571429,0.9090909090909091
578,0.001456380358152629,0.9997113997113997,0.9996392496392497,0.9997594997594997,0.9996392496392497,0.9996392496392497,0.5238332931054636,0.8888888888888888,0.8888888888888888,0.8888888888888888,0.8571428571428571,0.8727272727272727
579,0.0006044524202257073,0.9997278911564625,0.9991645781119465,1.0,1.0,0.9995821145006268,0.547129574679679,0.8571428571428571,0.9259259259259259,0.8055555555555556,0.78125,0.847457627118644
580,0.000602515299722662,0.9998556998556999,1.0,0.9997594997594997,0.999639379733141,0.999819657348963,0.6089111035500883,0.8888888888888888,0.8518518518518519,0.9166666666666666,0.8846153846153846,0.8679245283018868
581,0.0010139722548254207,0.9995670995670995,0.9992784992784993,0.9997594997594997,0.9996391194514616,0.9994587768356485,0.612752110913298,0.9206349206349206,0.9629629629629629,0.8888888888888888,0.8666666666666667,0.9122807017543859
582,0.001861161492167345,0.9997113997113997,0.9996392496392497,0.9997594997594997,0.9996392496392497,0.9996392496392497,0.7003931067319793,0.8888888888888888,0.8888888888888888,0.8888888888888888,0.8571428571428571,0.8727272727272727
583,0.0001649561713841152,1.0,1.0,1.0,1.0,1.0,0.5603213401949515,0.8888888888888888,0.8518518518518519,0.9166666666666666,0.8846153846153846,0.8679245283018868
584,3.519976073974506e-05,1.0,1.0,1.0,1.0,1.0,0.5158119366362067,0.8888888888888888,0.8518518518518519,0.9166666666666666,0.8846153846153846,0.8679245283018868
585,0.003746447060542513,0.9985569985569985,0.9981962481962482,0.9987974987974988,0.9981962481962482,0.9981962481962482,0.7292740684115054,0.873015873015873,0.8518518518518519,0.8888888888888888,0.8518518518518519,0.8518518518518519
586,0.0006675994097731667,0.9997113997113997,1.0,0.9995189995189995,0.9992790194664743,0.999639379733141,0.7267965507772527,0.9047619047619048,0.8888888888888888,0.9166666666666666,0.8888888888888888,0.8888888888888888
587,0.001732566695817358,0.9997113997113997,0.9992784992784993,1.0,1.0,0.9996391194514616,0.604379492413702,0.8888888888888888,0.8888888888888888,0.8888888888888888,0.8571428571428571,0.8727272727272727
588,6.172908843124287e-05,1.0,1.0,1.0,1.0,1.0,0.6310759441318609,0.8888888888888888,0.8888888888888888,0.8888888888888888,0.8571428571428571,0.8727272727272727
589,3.624860570555481e-05,1.0,1.0,1.0,1.0,1.0,0.632757836614755,0.8888888888888888,0.8888888888888888,0.8888888888888888,0.8571428571428571,0.8727272727272727
590,0.0005492012447702524,0.9997278911564625,1.0,0.9995964487489911,0.9991652754590985,0.9995824634655532,0.5668998796778281,0.9206349206349206,0.9259259259259259,0.9166666666666666,0.8928571428571429,0.9090909090909091
591,0.003192540391691658,0.9994227994227994,0.9989177489177489,0.9997594997594997,0.9996389891696751,0.9992782389029231,0.7127523362824355,0.8888888888888888,0.8888888888888888,0.8888888888888888,0.8571428571428571,0.8727272727272727
592,0.0017795458650563774,0.9994227994227994,0.9989177489177489,0.9997594997594997,0.9996389891696751,0.9992782389029231,0.7233350579306947,0.9206349206349206,0.9259259259259259,0.9166666666666666,0.8928571428571429,0.9090909090909091
593,0.0015382805217593158,0.9992784992784993,0.9989177489177489,0.9995189995189995,0.9992782389029231,0.9990979613927476,0.5953958281638084,0.8888888888888888,0.8888888888888888,0.8888888888888888,0.8571428571428571,0.8727272727272727
594,0.001477908385003493,0.9995670995670995,0.9992784992784993,0.9997594997594997,0.9996391194514616,0.9994587768356485,0.4439332557722371,0.9206349206349206,0.8888888888888888,0.9444444444444444,0.9230769230769231,0.9056603773584906
595,7.87014987901291e-05,1.0,1.0,1.0,1.0,1.0,0.5198633462987057,0.9206349206349206,0.8888888888888888,0.9444444444444444,0.9230769230769231,0.9056603773584906
596,0.001332212046358421,0.9997113997113997,0.9996392496392497,0.9997594997594997,0.9996392496392497,0.9996392496392497,0.39804029033935906,0.9365079365079365,0.8888888888888888,0.9722222222222222,0.96,0.9230769230769231
597,0.0001613089631840499,1.0,1.0,1.0,1.0,1.0,0.43277127070726396,0.9047619047619048,0.8888888888888888,0.9166666666666666,0.8888888888888888,0.8888888888888888
598,2.623165731665525e-05,1.0,1.0,1.0,1.0,1.0,0.5054177277386569,0.9206349206349206,0.8888888888888888,0.9444444444444444,0.9230769230769231,0.9056603773584906
599,7.348217015826988e-05,1.0,1.0,1.0,1.0,1.0,0.5856110897988372,0.9365079365079365,0.8888888888888888,0.9722222222222222,0.96,0.9230769230769231
600,0.0043396904185115884,0.9988455988455989,0.9981962481962482,0.9992784992784993,0.9989169675090253,0.9985564778058462,0.4206330743440453,0.9365079365079365,0.8888888888888888,0.9722222222222222,0.96,0.9230769230769231
601,0.0008856816899087015,0.9997113997113997,0.9996392496392497,0.9997594997594997,0.9996392496392497,0.9996392496392497,0.36632521117277816,0.9523809523809523,0.9259259259259259,0.9722222222222222,0.9615384615384616,0.9433962264150944
602,0.0004008446692761521,0.9998556998556999,0.9996392496392497,1.0,1.0,0.9998195922785496,0.5212567535110995,0.873015873015873,0.9259259259259259,0.8333333333333334,0.8064516129032258,0.8620689655172413
603,0.0002884520164381216,0.9998556998556999,1.0,0.9997594997594997,0.999639379733141,0.999819657348963,0.5085095553912118,0.9365079365079365,0.8888888888888888,0.9722222222222222,0.96,0.9230769230769231
604,3.662989805768342e-05,1.0,1.0,1.0,1.0,1.0,0.5162182113264775,0.9365079365079365,0.8888888888888888,0.9722222222222222,0.96,0.9230769230769231
605,0.00010960437149941469,1.0,1.0,1.0,1.0,1.0,0.5868377956581277,0.8888888888888888,0.9259259259259259,0.8611111111111112,0.8333333333333334,0.8771929824561403
606,0.002390454390985526,0.998989898989899,0.9989177489177489,0.9990379990379991,0.9985575189325641,0.9987376014427413,0.33196103003497446,0.9365079365079365,0.8888888888888888,0.9722222222222222,0.96,0.9230769230769231
607,0.0037866932348783015,0.9988455988455989,0.9978354978354979,0.9995189995189995,0.9992774566473989,0.9985559566787003,0.23081141321398763,0.9682539682539683,0.9629629629629629,0.9722222222222222,0.9629629629629629,0.9629629629629629
608,0.001100980761737861,0.9998556998556999,0.9996392496392497,1.0,1.0,0.9998195922785496,0.2957826191715636,0.9523809523809523,0.9259259259259259,0.9722222222222222,0.9615384615384616,0.9433962264150944
609,0.000125133953310867,1.0,1.0,1.0,1.0,1.0,0.3025884707366502,0.9523809523809523,0.9259259259259259,0.9722222222222222,0.9615384615384616,0.9433962264150944
610,2.5966345483053456e-05,1.0,1.0,1.0,1.0,1.0,0.31371275272580074,0.9365079365079365,0.8888888888888888,0.9722222222222222,0.96,0.9230769230769231
611,1.99127846223036e-05,1.0,1.0,1.0,1.0,1.0,0.34664750676949463,0.9365079365079365,0.8888888888888888,0.9722222222222222,0.96,0.9230769230769231
612,0.0020344761937802153,0.9998556998556999,0.9996392496392497,1.0,1.0,0.9998195922785496,1.1682770292221296,0.8412698412698413,0.8518518518518519,0.8333333333333334,0.7931034482758621,0.8214285714285714
613,0.002411929822041199,0.9994227994227994,0.9996392496392497,0.9992784992784993,0.9989185291997116,0.999278759466282,0.4644785767908731,0.9365079365079365,0.8888888888888888,0.9722222222222222,0.96,0.9230769230769231
614,0.000267307077826837,1.0,1.0,1.0,1.0,1.0,0.39495980469499564,0.9523809523809523,0.9629629629629629,0.9444444444444444,0.9285714285714286,0.9454545454545454
615,0.004117094066474962,0.9988455988455989,0.9989177489177489,0.9987974987974988,0.998197548666186,0.9985575189325641,0.38395176150712246,0.9523809523809523,0.9629629629629629,0.9444444444444444,0.9285714285714286,0.9454545454545454
616,0.0012090532743483063,0.9998556998556999,0.9996392496392497,1.0,1.0,0.9998195922785496,0.43888972031824763,0.9523809523809523,0.9629629629629629,0.9444444444444444,0.9285714285714286,0.9454545454545454
617,0.0017126650459272602,0.9995670995670995,0.9992784992784993,0.9997594997594997,0.9996391194514616,0.9994587768356485,0.38465119707700707,0.9523809523809523,0.9629629629629629,0.9444444444444444,0.9285714285714286,0.9454545454545454
618,5.046455583490072e-05,1.0,1.0,1.0,1.0,1.0,0.35201888856369934,0.9523809523809523,0.9629629629629629,0.9444444444444444,0.9285714285714286,0.9454545454545454
619,0.00035733935998274243,1.0,1.0,1.0,1.0,1.0,0.525428801843696,0.9206349206349206,0.9629629629629629,0.8888888888888888,0.8666666666666667,0.9122807017543859
620,0.0016323611370467161,0.9994557823129252,0.9991645781119465,0.9995964487489911,0.9991645781119465,0.9991645781119465,0.5765174021132499,0.9206349206349206,0.9259259259259259,0.9166666666666666,0.8928571428571429,0.9090909090909091
621,0.0029851306160338094,0.9992784992784993,0.9992784992784993,0.9992784992784993,0.998918139199423,0.9990982867448152,0.5271822928493387,0.9206349206349206,0.9259259259259259,0.9166666666666666,0.8928571428571429,0.9090909090909091
622,0.0011054376608018984,0.9994227994227994,0.9992784992784993,0.9995189995189995,0.9992784992784993,0.9992784992784993,0.43160097667558667,0.9206349206349206,0.9629629629629629,0.8888888888888888,0.8666666666666667,0.9122807017543859
623,0.0025065147140908156,0.9992784992784993,0.9992784992784993,0.9992784992784993,0.998918139199423,0.9990982867448152,0.4287147659709999,0.9206349206349206,0.9629629629629629,0.8888888888888888,0.8666666666666667,0.9122807017543859
624,0.00019158262364406172,1.0,1.0,1.0,1.0,1.0,0.42091831730835516,0.9206349206349206,0.9259259259259259,0.9166666666666666,0.8928571428571429,0.9090909090909091
625,0.003114188302485122,0.9994557823129252,0.9991645781119465,0.9995964487489911,0.9991645781119465,0.9991645781119465,0.41300810449008296,0.9365079365079365,0.9629629629629629,0.9166666666666666,0.896551724137931,0.9285714285714286
626,0.00043944240431578215,0.9997113997113997,0.9996392496392497,0.9997594997594997,0.9996392496392497,0.9996392496392497,0.5177631863288485,0.9206349206349206,0.9629629629629629,0.8888888888888888,0.8666666666666667,0.9122807017543859
627,6.151209781937606e-05,1.0,1.0,1.0,1.0,1.0,0.47359779548143766,0.9365079365079365,0.9629629629629629,0.9166666666666666,0.896551724137931,0.9285714285714286
628,3.272135486420989e-05,1.0,1.0,1.0,1.0,1.0,0.45300237328158094,0.9365079365079365,0.9259259259259259,0.9444444444444444,0.9259259259259259,0.9259259259259259
629,2.0884489316495812e-05,1.0,1.0,1.0,1.0,1.0,0.5025325326001938,0.9523809523809523,0.9629629629629629,0.9444444444444444,0.9285714285714286,0.9454545454545454
630,0.0036969774723463224,0.9984126984126984,0.9985569985569985,0.9983164983164983,0.9974774774774775,0.9980169460969893,0.6541646320019647,0.9206349206349206,0.9259259259259259,0.9166666666666666,0.8928571428571429,0.9090909090909091
631,0.00019452627480022206,1.0,1.0,1.0,1.0,1.0,0.6446879021611479,0.9206349206349206,0.9259259259259259,0.9166666666666666,0.8928571428571429,0.9090909090909091
632,0.0008803700015687224,0.9997113997113997,0.9996392496392497,0.9997594997594997,0.9996392496392497,0.9996392496392497,0.5957429689402661,0.9206349206349206,0.8888888888888888,0.9444444444444444,0.9230769230769231,0.9056603773584906
633,7.680831102420814e-05,1.0,1.0,1.0,1.0,1.0,0.6955344828299516,0.9047619047619048,0.8888888888888888,0.9166666666666666,0.8888888888888888,0.8888888888888888
634,5.6961015824760446e-05,1.0,1.0,1.0,1.0,1.0,0.8686637603154778,0.9206349206349206,0.9259259259259259,0.9166666666666666,0.8928571428571429,0.9090909090909091
635,0.002994420818296608,0.998989898989899,0.9989177489177489,0.9990379990379991,0.9985575189325641,0.9987376014427413,0.5572751276688197,0.9047619047619048,0.8888888888888888,0.9166666666666666,0.8888888888888888,0.8888888888888888
636,0.000539735073608173,0.9998556998556999,1.0,0.9997594997594997,0.999639379733141,0.999819657348963,0.5015819509432139,0.9047619047619048,0.8888888888888888,0.9166666666666666,0.8888888888888888,0.8888888888888888
637,3.643037184800255e-05,1.0,1.0,1.0,1.0,1.0,0.5540473615303256,0.9047619047619048,0.8888888888888888,0.9166666666666666,0.8888888888888888,0.8888888888888888
638,0.0010319661884982826,0.9997113997113997,0.9996392496392497,0.9997594997594997,0.9996392496392497,0.9996392496392497,0.5176374816654437,0.9206349206349206,0.9259259259259259,0.9166666666666666,0.8928571428571429,0.9090909090909091
639,0.0006651888149931575,0.9998556998556999,1.0,0.9997594997594997,0.999639379733141,0.999819657348963,0.4741055861219311,0.9206349206349206,0.8888888888888888,0.9444444444444444,0.9230769230769231,0.9056603773584906
640,5.405971505856942e-05,1.0,1.0,1.0,1.0,1.0,0.4894076253980789,0.9206349206349206,0.9259259259259259,0.9166666666666666,0.8928571428571429,0.9090909090909091
641,8.759140652700531e-06,1.0,1.0,1.0,1.0,1.0,0.5256109834979668,0.9365079365079365,0.9259259259259259,0.9444444444444444,0.9259259259259259,0.9259259259259259
642,1.3924603805696093e-05,1.0,1.0,1.0,1.0,1.0,0.5382066647933907,0.9206349206349206,0.9259259259259259,0.9166666666666666,0.8928571428571429,0.9090909090909091
643,0.0031039536293703367,0.998989898989899,0.9989177489177489,0.9990379990379991,0.9985575189325641,0.9987376014427413,0.4973367667458545,0.9523809523809523,0.9629629629629629,0.9444444444444444,0.9285714285714286,0.9454545454545454
644,0.002325255966566757,0.9991341991341991,0.9989177489177489,0.9992784992784993,0.9989177489177489,0.9989177489177489,0.43738588324320893,0.9365079365079365,0.9259259259259259,0.9444444444444444,0.9259259259259259,0.9259259259259259
645,0.00023493609441218376,1.0,1.0,1.0,1.0,1.0,0.4929429169076482,0.9206349206349206,0.9259259259259259,0.9166666666666666,0.8928571428571429,0.9090909090909091
646,0.002059928469571875,0.9998556998556999,0.9996392496392497,1.0,1.0,0.9998195922785496,0.5346282296926052,0.9365079365079365,0.9259259259259259,0.9444444444444444,0.9259259259259259,0.9259259259259259
647,0.00021385059929751853,1.0,1.0,1.0,1.0,1.0,0.45845222013604287,0.9365079365079365,0.9259259259259259,0.9444444444444444,0.9259259259259259,0.9259259259259259
648,3.6591058795666336e-05,1.0,1.0,1.0,1.0,1.0,0.44958547166087165,0.9365079365079365,0.9259259259259259,0.9444444444444444,0.9259259259259259,0.9259259259259259
649,3.1304057010016984e-05,1.0,1.0,1.0,1.0,1.0,0.4751412456597401,0.9206349206349206,0.9259259259259259,0.9166666666666666,0.8928571428571429,0.9090909090909091
650,1.9785109305389814e-05,1.0,1.0,1.0,1.0,1.0,0.5344760841263263,0.9206349206349206,0.9259259259259259,0.9166666666666666,0.8928571428571429,0.9090909090909091
651,1.1977670778721717e-05,1.0,1.0,1.0,1.0,1.0,0.5096197777869141,0.9365079365079365,0.9259259259259259,0.9444444444444444,0.9259259259259259,0.9259259259259259
652,8.832963376833813e-06,1.0,1.0,1.0,1.0,1.0,0.5692635666028865,0.9365079365079365,0.9259259259259259,0.9444444444444444,0.9259259259259259,0.9259259259259259
653,0.0007388429721514154,0.9998556998556999,0.9996392496392497,1.0,1.0,0.9998195922785496,0.78021564620156,0.9365079365079365,0.9629629629629629,0.9166666666666666,0.896551724137931,0.9285714285714286
654,0.007673255057507496,0.9981240981240981,0.9971139971139971,0.9987974987974988,0.9981942939689419,0.9976538530951092,0.6240674001294084,0.9047619047619048,0.9259259259259259,0.8888888888888888,0.8620689655172413,0.8928571428571429
655,0.0012013914075654857,0.9994227994227994,0.9992784992784993,0.9995189995189995,0.9992784992784993,0.9992784992784993,0.5348778512851577,0.9047619047619048,0.9259259259259259,0.8888888888888888,0.8620689655172413,0.8928571428571429
656,0.0001057430553582378,1.0,1.0,1.0,1.0,1.0,0.6429327719492398,0.9047619047619048,0.9259259259259259,0.8888888888888888,0.8620689655172413,0.8928571428571429
657,0.00014175808366474933,1.0,1.0,1.0,1.0,1.0,0.6654905426657645,0.9047619047619048,0.8888888888888888,0.9166666666666666,0.8888888888888888,0.8888888888888888
658,6.281552284628066e-05,1.0,1.0,1.0,1.0,1.0,0.7424613284171452,0.9047619047619048,0.9259259259259259,0.8888888888888888,0.8620689655172413,0.8928571428571429
659,1.5000899162807155e-05,1.0,1.0,1.0,1.0,1.0,0.7446999553353563,0.9206349206349206,0.9259259259259259,0.9166666666666666,0.8928571428571429,0.9090909090909091
660,1.4536440895475053e-05,1.0,1.0,1.0,1.0,1.0,0.780138609486924,0.9047619047619048,0.9259259259259259,0.8888888888888888,0.8620689655172413,0.8928571428571429
661,1.3887154206896028e-05,1.0,1.0,1.0,1.0,1.0,0.8003984673848916,0.9206349206349206,0.9259259259259259,0.9166666666666666,0.8928571428571429,0.9090909090909091
662,0.007096778631345342,0.9981240981240981,0.9981962481962482,0.9980759980759981,0.9971171171171171,0.9976563908418965,0.7176670392738222,0.9047619047619048,0.9259259259259259,0.8888888888888888,0.8620689655172413,0.8928571428571429
663,0.0005419901702418539,0.9998556998556999,1.0,0.9997594997594997,0.999639379733141,0.999819657348963,0.6870924266764805,0.873015873015873,0.8888888888888888,0.8611111111111112,0.8275862068965517,0.8571428571428571
664,0.00012392881585471827,1.0,1.0,1.0,1.0,1.0,0.6964392445784936,0.8888888888888888,0.8888888888888888,0.8888888888888888,0.8571428571428571,0.8727272727272727
665,0.002474145217366781,0.9995670995670995,0.9992784992784993,0.9997594997594997,0.9996391194514616,0.9994587768356485,0.6635984078350862,0.8888888888888888,0.8888888888888888,0.8888888888888888,0.8571428571428571,0.8727272727272727
666,0.0004311288596800506,0.9998556998556999,0.9996392496392497,1.0,1.0,0.9998195922785496,0.8350728836930579,0.8888888888888888,0.8888888888888888,0.8888888888888888,0.8571428571428571,0.8727272727272727
667,0.001482399397861626,0.9995670995670995,0.9992784992784993,0.9997594997594997,0.9996391194514616,0.9994587768356485,0.9124152820025172,0.8888888888888888,0.8888888888888888,0.8888888888888888,0.8571428571428571,0.8727272727272727
668,0.00152681634326379,0.9997113997113997,0.9996392496392497,0.9997594997594997,0.9996392496392497,0.9996392496392497,0.840794436403528,0.873015873015873,0.8518518518518519,0.8888888888888888,0.8518518518518519,0.8518518518518519
669,0.00023979082283768688,0.9998556998556999,1.0,0.9997594997594997,0.999639379733141,0.999819657348963,0.735957908545277,0.873015873015873,0.8518518518518519,0.8888888888888888,0.8518518518518519,0.8518518518518519
670,0.00025620633018556474,0.9998556998556999,0.9996392496392497,1.0,1.0,0.9998195922785496,0.5018886202882901,0.9206349206349206,0.9259259259259259,0.9166666666666666,0.8928571428571429,0.9090909090909091
671,0.002421300739328004,0.9995670995670995,0.9992784992784993,0.9997594997594997,0.9996391194514616,0.9994587768356485,0.6014292134838927,0.9047619047619048,0.8888888888888888,0.9166666666666666,0.8888888888888888,0.8888888888888888
672,0.0023087896537893385,0.9991341991341991,0.9989177489177489,0.9992784992784993,0.9989177489177489,0.9989177489177489,1.0290015945418938,0.8888888888888888,0.8518518518518519,0.9166666666666666,0.8846153846153846,0.8679245283018868
673,0.00038010914793481333,0.9998556998556999,1.0,0.9997594997594997,0.999639379733141,0.999819657348963,1.0018607443173153,0.8888888888888888,0.8518518518518519,0.9166666666666666,0.8846153846153846,0.8679245283018868
674,3.662541167544551e-05,1.0,1.0,1.0,1.0,1.0,0.9839281750767167,0.8888888888888888,0.8518518518518519,0.9166666666666666,0.8846153846153846,0.8679245283018868
675,2.450619795566495e-05,1.0,1.0,1.0,1.0,1.0,1.0616454809078133,0.8888888888888888,0.8518518518518519,0.9166666666666666,0.8846153846153846,0.8679245283018868
676,1.2177020414599644e-05,1.0,1.0,1.0,1.0,1.0,1.0835811859957638,0.8888888888888888,0.8518518518518519,0.9166666666666666,0.8846153846153846,0.8679245283018868
677,8.651506361004742e-06,1.0,1.0,1.0,1.0,1.0,1.157091068663386,0.8888888888888888,0.8518518518518519,0.9166666666666666,0.8846153846153846,0.8679245283018868
678,0.003871664913724541,0.9988455988455989,0.9989177489177489,0.9987974987974988,0.998197548666186,0.9985575189325641,0.9229862039581003,0.9206349206349206,0.9259259259259259,0.9166666666666666,0.8928571428571429,0.9090909090909091
679,0.0032426416692830887,0.998989898989899,0.9989177489177489,0.9990379990379991,0.9985575189325641,0.9987376014427413,0.6046589682043145,0.9206349206349206,0.8888888888888888,0.9444444444444444,0.9230769230769231,0.9056603773584906
680,0.0007624966924662288,0.9997113997113997,0.9996392496392497,0.9997594997594997,0.9996392496392497,0.9996392496392497,0.625690879751115,0.9365079365079365,0.9259259259259259,0.9444444444444444,0.9259259259259259,0.9259259259259259
681,0.0001290106340371418,1.0,1.0,1.0,1.0,1.0,0.6798599431952296,0.9206349206349206,0.9259259259259259,0.9166666666666666,0.8928571428571429,0.9090909090909091
682,5.521167709343604e-05,1.0,1.0,1.0,1.0,1.0,0.7944196667953553,0.9047619047619048,0.8888888888888888,0.9166666666666666,0.8888888888888888,0.8888888888888888
683,1.721530173784757e-05,1.0,1.0,1.0,1.0,1.0,0.7808106047204568,0.9206349206349206,0.8888888888888888,0.9444444444444444,0.9230769230769231,0.9056603773584906
684,1.230558967700557e-05,1.0,1.0,1.0,1.0,1.0,0.7786264043450444,0.9206349206349206,0.8888888888888888,0.9444444444444444,0.9230769230769231,0.9056603773584906
685,0.0017614343537918002,0.9997113997113997,0.9996392496392497,0.9997594997594997,0.9996392496392497,0.9996392496392497,0.8251853222882057,0.9047619047619048,0.8888888888888888,0.9166666666666666,0.8888888888888888,0.8888888888888888
686,0.0014117642020620824,0.9997113997113997,0.9992784992784993,1.0,1.0,0.9996391194514616,0.7521528009403684,0.9047619047619048,0.8888888888888888,0.9166666666666666,0.8888888888888888,0.8888888888888888
687,9.299382437271839e-05,1.0,1.0,1.0,1.0,1.0,0.6449314642826981,0.9365079365079365,0.9259259259259259,0.9444444444444444,0.9259259259259259,0.9259259259259259
688,0.006566119686990378,0.998639455782313,0.9974937343358395,0.9991928974979822,0.9983277591973244,0.9979105725031342,0.5532635193491827,0.9206349206349206,0.9629629629629629,0.8888888888888888,0.8666666666666667,0.9122807017543859
689,0.0026007397764918703,0.9992784992784993,0.9996392496392497,0.9990379990379991,0.9985585585585586,0.9990986118622679,0.7157913094286501,0.9206349206349206,0.8888888888888888,0.9444444444444444,0.9230769230769231,0.9056603773584906
690,7.068042122599189e-05,1.0,1.0,1.0,1.0,1.0,0.7600344615440253,0.9206349206349206,0.8888888888888888,0.9444444444444444,0.9230769230769231,0.9056603773584906
691,4.291085389255599e-05,1.0,1.0,1.0,1.0,1.0,0.7030356310238165,0.9206349206349206,0.8888888888888888,0.9444444444444444,0.9230769230769231,0.9056603773584906
692,2.050865407615463e-05,1.0,1.0,1.0,1.0,1.0,0.752620138136918,0.9206349206349206,0.8888888888888888,0.9444444444444444,0.9230769230769231,0.9056603773584906
693,0.0008339416083784312,0.9997113997113997,0.9996392496392497,0.9997594997594997,0.9996392496392497,0.9996392496392497,0.68445117321173,0.9047619047619048,0.8888888888888888,0.9166666666666666,0.8888888888888888,0.8888888888888888
694,0.0020486074117846685,0.9998556998556999,0.9996392496392497,1.0,1.0,0.9998195922785496,0.7772119293852571,0.9206349206349206,0.8888888888888888,0.9444444444444444,0.9230769230769231,0.9056603773584906
695,0.00042907428960241577,0.9998556998556999,0.9996392496392497,1.0,1.0,0.9998195922785496,0.6872859808153956,0.9206349206349206,0.8888888888888888,0.9444444444444444,0.9230769230769231,0.9056603773584906
696,0.00013045306227441996,1.0,1.0,1.0,1.0,1.0,0.6734884343344357,0.9047619047619048,0.8888888888888888,0.9166666666666666,0.8888888888888888,0.8888888888888888
697,3.953390661727059e-05,1.0,1.0,1.0,1.0,1.0,0.6825509432702881,0.9206349206349206,0.8888888888888888,0.9444444444444444,0.9230769230769231,0.9056603773584906
698,2.0688433888276378e-05,1.0,1.0,1.0,1.0,1.0,0.7601081343937112,0.9047619047619048,0.8518518518518519,0.9444444444444444,0.92,0.8846153846153846
699,0.004158155849978035,0.9994557823129252,0.9991645781119465,0.9995964487489911,0.9991645781119465,0.9991645781119465,0.471580428541601,0.8888888888888888,0.8888888888888888,0.8888888888888888,0.8571428571428571,0.8727272727272727
700,0.00230093072217416,0.9992784992784993,0.9989177489177489,0.9995189995189995,0.9992782389029231,0.9990979613927476,0.5362964815365789,0.9206349206349206,0.8888888888888888,0.9444444444444444,0.9230769230769231,0.9056603773584906
