Epoch,Loss,Accuracy,Sensitivity,Specificity,Precision,F1,Validation Loss,Validation Accuracy,Validation Sensitivity,Validation Specificity,Validation Precision,Validation F1
1,0.04621849896855095,0.9853061224489796,0.9741019214703425,0.9907183212267958,0.9806560134566863,0.9773679798826488,0.9711512982372253,0.7777777777777778,0.9629629629629629,0.6388888888888888,0.6666666666666666,0.7878787878787878
2,0.01465034197496415,0.9959183673469387,0.9933166248955723,0.9971751412429378,0.9941471571906354,0.9937317175094025,1.3505835403643904,0.7619047619047619,0.9629629629629629,0.6111111111111112,0.65,0.7761194029850746
3,0.01214318747841278,0.9956462585034014,0.9941520467836257,0.9963680387409201,0.9924937447873228,0.993322203672788,0.710846664927279,0.8412698412698413,0.9259259259259259,0.7777777777777778,0.7575757575757576,0.8333333333333334
4,0.010166900256224179,0.9970068027210884,0.9949874686716792,0.9979822437449556,0.995819397993311,0.9954032595068951,0.7502937622604862,0.8095238095238095,0.9259259259259259,0.7222222222222222,0.7142857142857143,0.8064516129032258
5,0.004048090360307952,0.9994557823129252,1.0,0.9991928974979822,0.9983319432860718,0.9991652754590985,1.5350341142583934,0.7301587301587301,0.9629629629629629,0.5555555555555556,0.6190476190476191,0.7536231884057971
6,0.0093864458514699,0.9972789115646259,0.9958228905597326,0.9979822437449556,0.9958228905597326,0.9958228905597326,1.476532246385302,0.6984126984126984,0.8888888888888888,0.5555555555555556,0.6,0.7164179104477612
7,0.006763828594544839,0.998639455782313,0.9974937343358395,0.9991928974979822,0.9983277591973244,0.9979105725031342,1.593084641444009,0.7619047619047619,1.0,0.5833333333333334,0.6428571428571429,0.782608695652174
8,0.010368495120518037,0.9956462585034014,0.9933166248955723,0.9967715899919289,0.9933166248955723,0.9933166248955723,1.2196870145225336,0.7619047619047619,0.9629629629629629,0.6111111111111112,0.65,0.7761194029850746
9,0.008363887658885199,0.9978231292517007,0.9966583124477861,0.9983857949959645,0.9966583124477861,0.9966583124477861,1.082849340424651,0.8095238095238095,0.9629629629629629,0.6944444444444444,0.7027027027027027,0.8125
10,0.010963680753405175,0.9975510204081632,0.9974937343358395,0.9975786924939467,0.995,0.9962453066332916,0.9345792713501151,0.7777777777777778,0.8888888888888888,0.6944444444444444,0.6857142857142857,0.7741935483870968
11,0.0012320215381702905,0.9997278911564625,0.9991645781119465,1.0,1.0,0.9995821145006268,1.3542669834495182,0.7777777777777778,0.9629629629629629,0.6388888888888888,0.6666666666666666,0.7878787878787878
12,0.0076982551372964825,0.9978231292517007,0.9966583124477861,0.9983857949959645,0.9966583124477861,0.9966583124477861,2.201590411246769,0.6666666666666666,0.9629629629629629,0.4444444444444444,0.5652173913043478,0.7123287671232876
13,0.009989723023189529,0.9975510204081632,0.9966583124477861,0.9979822437449556,0.9958263772954925,0.9962421711899792,0.9616086712136628,0.7936507936507936,0.9259259259259259,0.6944444444444444,0.6944444444444444,0.7936507936507936
14,0.00112974452633303,1.0,1.0,1.0,1.0,1.0,1.692846514203305,0.746031746031746,0.9259259259259259,0.6111111111111112,0.6410256410256411,0.7575757575757576
15,0.004736801953297298,0.998639455782313,0.9983291562238931,0.9987893462469734,0.9974958263772955,0.9979123173277662,2.105283025711302,0.6825396825396826,0.9629629629629629,0.4722222222222222,0.5777777777777777,0.7222222222222222
16,0.0029078445105843536,0.9991836734693877,0.9991645781119465,0.9991928974979822,0.998330550918197,0.9987473903966597,1.7338367178740481,0.746031746031746,0.9629629629629629,0.5833333333333334,0.6341463414634146,0.7647058823529411
17,0.011177520627452087,0.9964625850340136,0.9941520467836257,0.9975786924939467,0.9949832775919732,0.9945674885081488,1.6112810110762006,0.6984126984126984,0.9629629629629629,0.5,0.5909090909090909,0.7323943661971831
18,0.0030669451420247667,0.9994557823129252,0.9983291562238931,1.0,1.0,0.9991638795986622,2.490206720337035,0.6349206349206349,0.9629629629629629,0.3888888888888889,0.5416666666666666,0.6933333333333334
19,0.0072915640211391715,0.9975510204081632,0.9958228905597326,0.9983857949959645,0.9966555183946488,0.9962390305056414,0.7896889595847044,0.8412698412698413,0.9259259259259259,0.7777777777777778,0.7575757575757576,0.8333333333333334
20,0.0003654613550221801,1.0,1.0,1.0,1.0,1.0,1.837095428199049,0.7619047619047619,0.9629629629629629,0.6111111111111112,0.65,0.7761194029850746
21,0.00020043265339791724,1.0,1.0,1.0,1.0,1.0,1.8595854448272833,0.746031746031746,0.9629629629629629,0.5833333333333334,0.6341463414634146,0.7647058823529411
22,0.005548173072522183,0.9991836734693877,0.9983291562238931,0.9995964487489911,0.9991638795986622,0.9987463435018805,2.4376908729946805,0.5714285714285714,1.0,0.25,0.5,0.6666666666666666
23,0.00745898078929682,0.996734693877551,0.9933166248955723,0.9983857949959645,0.9966471081307627,0.994979079497908,1.3970114697539617,0.6984126984126984,0.9629629629629629,0.5,0.5909090909090909,0.7323943661971831
24,0.0065363657762942725,0.9989115646258503,0.9983291562238931,0.9991928974979822,0.9983291562238931,0.9983291562238931,1.6031501924707776,0.7619047619047619,0.9629629629629629,0.6111111111111112,0.65,0.7761194029850746
25,0.0020946822901411603,0.9991836734693877,0.9974937343358395,1.0,1.0,0.998745294855709,1.5967150355378787,0.7936507936507936,0.9629629629629629,0.6666666666666666,0.6842105263157895,0.8
26,0.0072843847500768544,0.9978231292517007,0.9966583124477861,0.9983857949959645,0.9966583124477861,0.9966583124477861,0.920227363291714,0.8095238095238095,0.9629629629629629,0.6944444444444444,0.7027027027027027,0.8125
27,0.0036495821404612947,0.9994557823129252,0.9983291562238931,1.0,1.0,0.9991638795986622,2.3947205349566443,0.6825396825396826,0.9629629629629629,0.4722222222222222,0.5777777777777777,0.7222222222222222
28,0.3609049622673665,0.8544011544011544,0.7911255411255411,0.8965848965848966,0.8360655737704918,0.8129749768303985,0.29018739977526287,0.873015873015873,0.8888888888888888,0.8611111111111112,0.8275862068965517,0.8571428571428571
29,0.013601407733615995,0.9980952380952381,0.9958228905597326,0.9991928974979822,0.998324958123953,0.9970723546633208,0.7754729122130407,0.8571428571428571,0.9629629629629629,0.7777777777777778,0.7647058823529411,0.8524590163934426
30,0.005723457023640778,0.9983673469387755,0.9966583124477861,0.9991928974979822,0.998326359832636,0.9974916387959866,0.9797830295689877,0.8095238095238095,0.9629629629629629,0.6944444444444444,0.7027027027027027,0.8125
31,0.001129861755029704,1.0,1.0,1.0,1.0,1.0,1.3350602351387755,0.7936507936507936,0.9629629629629629,0.6666666666666666,0.6842105263157895,0.8
32,0.0004907726481569564,1.0,1.0,1.0,1.0,1.0,1.424919558960634,0.7936507936507936,0.9629629629629629,0.6666666666666666,0.6842105263157895,0.8
33,0.00039292653329032123,1.0,1.0,1.0,1.0,1.0,1.3172832237970498,0.8095238095238095,0.9629629629629629,0.6944444444444444,0.7027027027027027,0.8125
34,0.00024333933645900543,1.0,1.0,1.0,1.0,1.0,1.4683997477136834,0.7936507936507936,0.9629629629629629,0.6666666666666666,0.6842105263157895,0.8
35,0.00019281942385080948,1.0,1.0,1.0,1.0,1.0,1.5360078950489258,0.7777777777777778,0.9259259259259259,0.6666666666666666,0.6756756756756757,0.78125
36,0.00013868815538419576,1.0,1.0,1.0,1.0,1.0,1.7212080847363853,0.7777777777777778,0.9259259259259259,0.6666666666666666,0.6756756756756757,0.78125
37,0.023809192701659425,0.9918367346938776,0.9849624060150376,0.9951573849878934,0.9899244332493703,0.9874371859296482,1.2935955219325566,0.7301587301587301,0.9629629629629629,0.5555555555555556,0.6190476190476191,0.7536231884057971
38,0.0035151392997236175,0.9991836734693877,0.9983291562238931,0.9995964487489911,0.9991638795986622,0.9987463435018805,1.5564328909866394,0.6984126984126984,0.9629629629629629,0.5,0.5909090909090909,0.7323943661971831
39,0.001972468148011771,0.9997278911564625,0.9991645781119465,1.0,1.0,0.9995821145006268,1.4101716382281175,0.7619047619047619,0.9629629629629629,0.6111111111111112,0.65,0.7761194029850746
40,0.005916397111782595,0.9980952380952381,0.9974937343358395,0.9983857949959645,0.996661101836394,0.9970772442588727,1.5719266939494345,0.7142857142857143,0.9259259259259259,0.5555555555555556,0.6097560975609756,0.7352941176470589
41,0.005354977706938247,0.9980952380952381,0.9958228905597326,0.9991928974979822,0.998324958123953,0.9970723546633208,1.714680484363011,0.6349206349206349,1.0,0.3611111111111111,0.54,0.7012987012987013
42,0.004928538571855293,0.9978231292517007,0.9966583124477861,0.9983857949959645,0.9966583124477861,0.9966583124477861,1.50784114245621,0.6984126984126984,0.9629629629629629,0.5,0.5909090909090909,0.7323943661971831
43,0.0006651151571723752,1.0,1.0,1.0,1.0,1.0,1.6921303271064683,0.7142857142857143,1.0,0.5,0.6,0.75
44,0.0018847762607196409,0.9991836734693877,0.9983291562238931,0.9995964487489911,0.9991638795986622,0.9987463435018805,1.978145259240317,0.6984126984126984,1.0,0.4722222222222222,0.5869565217391305,0.7397260273972602
45,0.0003468418624022418,1.0,1.0,1.0,1.0,1.0,2.373246994046938,0.6984126984126984,1.0,0.4722222222222222,0.5869565217391305,0.7397260273972602
46,0.0002653355449664788,1.0,1.0,1.0,1.0,1.0,1.6848455203904047,0.7301587301587301,0.9629629629629629,0.5555555555555556,0.6190476190476191,0.7536231884057971
47,0.0026161086621482818,0.998639455782313,0.9983291562238931,0.9987893462469734,0.9974958263772955,0.9979123173277662,1.8801130316264572,0.7301587301587301,1.0,0.5277777777777778,0.6136363636363636,0.7605633802816901
48,0.000193650842520088,1.0,1.0,1.0,1.0,1.0,1.9450990679758853,0.746031746031746,1.0,0.5555555555555556,0.627906976744186,0.7714285714285715
49,7.080443701184145e-05,1.0,1.0,1.0,1.0,1.0,1.7870178192896429,0.7619047619047619,1.0,0.5833333333333334,0.6428571428571429,0.782608695652174
50,0.00918667010575209,0.9983673469387755,0.9991645781119465,0.9979822437449556,0.9958368026644463,0.9974979149291076,1.4560423294703166,0.6507936507936508,0.9629629629629629,0.4166666666666667,0.5531914893617021,0.7027027027027027
51,0.0020059518885662537,0.9994557823129252,0.9991645781119465,0.9995964487489911,0.9991645781119465,0.9991645781119465,2.069024161273052,0.6666666666666666,0.9629629629629629,0.4444444444444444,0.5652173913043478,0.7123287671232876
52,0.00014114512714674557,1.0,1.0,1.0,1.0,1.0,2.411812838226084,0.6666666666666666,0.9629629629629629,0.4444444444444444,0.5652173913043478,0.7123287671232876
53,8.516285986818538e-05,1.0,1.0,1.0,1.0,1.0,2.3849436858639357,0.6825396825396826,0.9629629629629629,0.4722222222222222,0.5777777777777777,0.7222222222222222
54,6.909026564986859e-05,1.0,1.0,1.0,1.0,1.0,2.520750447442489,0.6666666666666666,0.9629629629629629,0.4444444444444444,0.5652173913043478,0.7123287671232876
55,4.587360340183233e-05,1.0,1.0,1.0,1.0,1.0,2.4219245176969304,0.6825396825396826,0.9629629629629629,0.4722222222222222,0.5777777777777777,0.7222222222222222
56,0.3476038490969037,0.8577200577200578,0.786075036075036,0.9054834054834054,0.8472006220839814,0.8154940119760479,0.31435687295974246,0.8412698412698413,0.8888888888888888,0.8055555555555556,0.7741935483870968,0.8275862068965517
57,0.013386042077453858,0.9989115646258503,0.9991645781119465,0.9987893462469734,0.9974979149291076,0.998330550918197,0.7414537274707405,0.8253968253968254,0.9629629629629629,0.7222222222222222,0.7222222222222222,0.8253968253968254
58,0.0012841699106086579,1.0,1.0,1.0,1.0,1.0,0.9538847309064179,0.8253968253968254,0.9259259259259259,0.75,0.7352941176470589,0.819672131147541
59,0.0007408973325176962,1.0,1.0,1.0,1.0,1.0,1.2419850492779727,0.8253968253968254,0.9629629629629629,0.7222222222222222,0.7222222222222222,0.8253968253968254
60,0.003910659546124413,0.9989115646258503,0.9974937343358395,0.9995964487489911,0.999163179916318,0.9983277591973244,1.0248346479382322,0.8412698412698413,0.9259259259259259,0.7777777777777778,0.7575757575757576,0.8333333333333334
61,0.006683656401476081,0.998639455782313,0.9983291562238931,0.9987893462469734,0.9974958263772955,0.9979123173277662,1.0583644844887277,0.7777777777777778,0.9629629629629629,0.6388888888888888,0.6666666666666666,0.7878787878787878
62,0.0022739192454831764,0.9997278911564625,0.9991645781119465,1.0,1.0,0.9995821145006268,1.161783128707034,0.8253968253968254,0.9629629629629629,0.7222222222222222,0.7222222222222222,0.8253968253968254
63,0.001289426724483468,0.9997278911564625,1.0,0.9995964487489911,0.9991652754590985,0.9995824634655532,1.2880900324773161,0.8253968253968254,0.9629629629629629,0.7222222222222222,0.7222222222222222,0.8253968253968254
64,0.0002067391055582256,1.0,1.0,1.0,1.0,1.0,1.1617135981870224,0.8253968253968254,0.9629629629629629,0.7222222222222222,0.7222222222222222,0.8253968253968254
65,0.00015176076073552717,1.0,1.0,1.0,1.0,1.0,1.3585105880966506,0.8253968253968254,0.9629629629629629,0.7222222222222222,0.7222222222222222,0.8253968253968254
66,0.007657773429193284,0.9975510204081632,0.9958228905597326,0.9983857949959645,0.9966555183946488,0.9962390305056414,0.7776738732816681,0.8095238095238095,0.9259259259259259,0.7222222222222222,0.7142857142857143,0.8064516129032258
67,0.30543995191804085,0.8744588744588745,0.8051948051948052,0.9206349206349206,0.8711943793911007,0.8368953880764904,0.35455559548877535,0.8571428571428571,0.9259259259259259,0.8055555555555556,0.78125,0.847457627118644
68,0.008895650738406749,0.9997278911564625,1.0,0.9995964487489911,0.9991652754590985,0.9995824634655532,0.7586171549656207,0.8571428571428571,0.9629629629629629,0.7777777777777778,0.7647058823529411,0.8524590163934426
69,0.0009319984591027507,1.0,1.0,1.0,1.0,1.0,0.8939108689951282,0.8571428571428571,0.9629629629629629,0.7777777777777778,0.7647058823529411,0.8524590163934426
70,0.0008562409429736499,1.0,1.0,1.0,1.0,1.0,1.081328242608819,0.8412698412698413,0.9629629629629629,0.75,0.7428571428571429,0.8387096774193549
71,0.0002922528660634444,1.0,1.0,1.0,1.0,1.0,1.077440420448381,0.8412698412698413,0.9629629629629629,0.75,0.7428571428571429,0.8387096774193549
72,0.00038682681256525065,1.0,1.0,1.0,1.0,1.0,1.2930082367402354,0.8253968253968254,0.9629629629629629,0.7222222222222222,0.7222222222222222,0.8253968253968254
73,0.27154040990604295,0.8920634920634921,0.8365800865800865,0.929052429052429,0.8871461361897475,0.8611214259190494,0.33398322181569207,0.8571428571428571,0.8148148148148148,0.8888888888888888,0.8461538461538461,0.8301886792452831
74,0.009541791102810934,0.9983673469387755,0.9958228905597326,0.9995964487489911,0.9991617770326907,0.9974895397489539,0.6719085288692325,0.8571428571428571,0.9629629629629629,0.7777777777777778,0.7647058823529411,0.8524590163934426
75,0.21880844714224854,0.9135642135642136,0.8676046176046176,0.9442039442039442,0.9120212362533182,0.8892586430024034,0.3236933546879935,0.8571428571428571,0.8888888888888888,0.8333333333333334,0.8,0.8421052631578947
76,0.014142445780425554,0.9975510204081632,0.9949874686716792,0.9987893462469734,0.9974874371859297,0.9962358845671268,0.5887527338687389,0.8412698412698413,0.9259259259259259,0.7777777777777778,0.7575757575757576,0.8333333333333334
77,0.001575585112766027,1.0,1.0,1.0,1.0,1.0,0.7499660948025328,0.8253968253968254,0.9259259259259259,0.75,0.7352941176470589,0.819672131147541
78,0.0017822224633185333,0.9994557823129252,0.9991645781119465,0.9995964487489911,0.9991645781119465,0.9991645781119465,0.6336188474725488,0.8571428571428571,0.9259259259259259,0.8055555555555556,0.78125,0.847457627118644
79,0.0012915951558103672,0.9994557823129252,0.9991645781119465,0.9995964487489911,0.9991645781119465,0.9991645781119465,0.8041975608405968,0.8412698412698413,0.9629629629629629,0.75,0.7428571428571429,0.8387096774193549
80,0.0004378947891119937,1.0,1.0,1.0,1.0,1.0,1.037124708865858,0.8095238095238095,0.9259259259259259,0.7222222222222222,0.7142857142857143,0.8064516129032258
81,0.0019358603543321582,0.9997278911564625,1.0,0.9995964487489911,0.9991652754590985,0.9995824634655532,1.1067040677696083,0.8095238095238095,0.9629629629629629,0.6944444444444444,0.7027027027027027,0.8125
82,0.00028522780410577956,1.0,1.0,1.0,1.0,1.0,1.410238439708741,0.7619047619047619,0.9629629629629629,0.6111111111111112,0.65,0.7761194029850746
83,0.22674073904247424,0.9082251082251083,0.8585858585858586,0.9413179413179413,0.9070121951219512,0.8821349147516679,0.37463748667921337,0.8888888888888888,0.9259259259259259,0.8611111111111112,0.8333333333333334,0.8771929824561403
84,0.008275919913783111,0.9997278911564625,0.9991645781119465,1.0,1.0,0.9995821145006268,0.818955748940685,0.8253968253968254,0.9259259259259259,0.75,0.7352941176470589,0.819672131147541
85,0.0014219236142100247,1.0,1.0,1.0,1.0,1.0,0.8812122178921801,0.8412698412698413,0.9259259259259259,0.7777777777777778,0.7575757575757576,0.8333333333333334
86,0.0006005924958323895,1.0,1.0,1.0,1.0,1.0,0.7874908886447046,0.8412698412698413,0.9259259259259259,0.7777777777777778,0.7575757575757576,0.8333333333333334
87,0.002561965919381679,0.9997278911564625,1.0,0.9995964487489911,0.9991652754590985,0.9995824634655532,1.0319339701562145,0.7619047619047619,0.9259259259259259,0.6388888888888888,0.6578947368421053,0.7692307692307693
88,0.004422232267794478,0.998639455782313,0.9974937343358395,0.9991928974979822,0.9983277591973244,0.9979105725031342,0.9298414135691784,0.7777777777777778,0.9629629629629629,0.6388888888888888,0.6666666666666666,0.7878787878787878
89,0.000716932084017194,1.0,1.0,1.0,1.0,1.0,0.9224921356376615,0.8253968253968254,0.9629629629629629,0.7222222222222222,0.7222222222222222,0.8253968253968254
90,0.0002697673947930488,1.0,1.0,1.0,1.0,1.0,1.140010277369237,0.8253968253968254,0.9629629629629629,0.7222222222222222,0.7222222222222222,0.8253968253968254
91,0.00018806608453975852,1.0,1.0,1.0,1.0,1.0,1.0101357433216882,0.8253968253968254,0.9629629629629629,0.7222222222222222,0.7222222222222222,0.8253968253968254
92,0.0001328947134458517,1.0,1.0,1.0,1.0,1.0,1.1813436839748026,0.8253968253968254,0.9629629629629629,0.7222222222222222,0.7222222222222222,0.8253968253968254
93,0.00011499171453919325,1.0,1.0,1.0,1.0,1.0,1.083515928200786,0.8253968253968254,0.9629629629629629,0.7222222222222222,0.7222222222222222,0.8253968253968254
94,0.005376074773613459,0.9983673469387755,0.9974937343358395,0.9987893462469734,0.9974937343358395,0.9974937343358395,1.2037269444766616,0.7619047619047619,0.9259259259259259,0.6388888888888888,0.6578947368421053,0.7692307692307693
95,0.00609823737371884,0.9983673469387755,0.9974937343358395,0.9987893462469734,0.9974937343358395,0.9974937343358395,1.1916117356676195,0.7619047619047619,0.9629629629629629,0.6111111111111112,0.65,0.7761194029850746
96,0.0014967019335591697,0.9991836734693877,0.9991645781119465,0.9991928974979822,0.998330550918197,0.9987473903966597,1.0823119575276026,0.7936507936507936,1.0,0.6388888888888888,0.675,0.8059701492537313
97,0.22066694239388296,0.90995670995671,0.8647186147186147,0.9401154401154401,0.9058956916099773,0.884828349944629,0.34054503093163174,0.873015873015873,0.9259259259259259,0.8333333333333334,0.8064516129032258,0.8620689655172413
98,0.010388146886652728,0.9980952380952381,0.9958228905597326,0.9991928974979822,0.998324958123953,0.9970723546633208,0.6374857853802424,0.8571428571428571,0.9259259259259259,0.8055555555555556,0.78125,0.847457627118644
99,0.001283721760276477,1.0,1.0,1.0,1.0,1.0,0.7260055773159755,0.8571428571428571,0.9259259259259259,0.8055555555555556,0.78125,0.847457627118644
100,0.000559928695541382,1.0,1.0,1.0,1.0,1.0,0.8377278457924221,0.8571428571428571,0.9259259259259259,0.8055555555555556,0.78125,0.847457627118644
101,0.0006249508686636125,1.0,1.0,1.0,1.0,1.0,0.8773189499985338,0.8412698412698413,0.9629629629629629,0.75,0.7428571428571429,0.8387096774193549
102,0.00368778677678629,0.998639455782313,0.9983291562238931,0.9987893462469734,0.9974958263772955,0.9979123173277662,1.253582931188349,0.8095238095238095,1.0,0.6666666666666666,0.6923076923076923,0.8181818181818182
103,0.0002546803173323979,1.0,1.0,1.0,1.0,1.0,1.2696078967668913,0.8095238095238095,1.0,0.6666666666666666,0.6923076923076923,0.8181818181818182
104,0.0008106702429774616,0.9997278911564625,1.0,0.9995964487489911,0.9991652754590985,0.9995824634655532,1.179484030320531,0.7936507936507936,0.9259259259259259,0.6944444444444444,0.6944444444444444,0.7936507936507936
105,0.00555505729954354,0.9978231292517007,0.9966583124477861,0.9983857949959645,0.9966583124477861,0.9966583124477861,0.950981838946482,0.7936507936507936,0.8148148148148148,0.7777777777777778,0.7333333333333333,0.7719298245614035
106,0.004832093219318725,0.9978231292517007,0.9958228905597326,0.9987893462469734,0.9974895397489539,0.9966555183946488,1.231387520356784,0.7142857142857143,1.0,0.5,0.6,0.75
107,0.00035494315027351155,1.0,1.0,1.0,1.0,1.0,1.1564317921413079,0.7936507936507936,0.9629629629629629,0.6666666666666666,0.6842105263157895,0.8
108,0.00014982195695795652,1.0,1.0,1.0,1.0,1.0,1.1541307887703638,0.8095238095238095,0.9629629629629629,0.6944444444444444,0.7027027027027027,0.8125
109,9.818547371447048e-05,1.0,1.0,1.0,1.0,1.0,1.4637156537893812,0.7936507936507936,0.9629629629629629,0.6666666666666666,0.6842105263157895,0.8
110,0.22260443280877015,0.9118326118326119,0.8636363636363636,0.943963443963444,0.9113056718690522,0.886830894610113,0.24691678252485064,0.8888888888888888,0.8888888888888888,0.8888888888888888,0.8571428571428571,0.8727272727272727
111,0.008231228170124498,0.9983673469387755,0.9966583124477861,0.9991928974979822,0.998326359832636,0.9974916387959866,0.5310176432517076,0.8253968253968254,0.9259259259259259,0.75,0.7352941176470589,0.819672131147541
112,0.0009795289622543722,1.0,1.0,1.0,1.0,1.0,0.552327049561658,0.873015873015873,0.9629629629629629,0.8055555555555556,0.7878787878787878,0.8666666666666667
113,0.1568460158220241,0.9396825396825397,0.913059163059163,0.9574314574314574,0.9346381093057607,0.9237226277372262,0.3052700223430755,0.8888888888888888,0.9259259259259259,0.8611111111111112,0.8333333333333334,0.8771929824561403
114,0.007949470094512818,0.9978231292517007,0.9966583124477861,0.9983857949959645,0.9966583124477861,0.9966583124477861,0.38230737132419434,0.9047619047619048,0.9629629629629629,0.8611111111111112,0.8387096774193549,0.896551724137931
115,0.12443896086636559,0.9531024531024531,0.9329004329004329,0.9665704665704665,0.9489908256880734,0.9408768419137712,0.31234939041591825,0.873015873015873,0.9259259259259259,0.8333333333333334,0.8064516129032258,0.8620689655172413
116,0.007977299050334525,0.998639455782313,0.9974937343358395,0.9991928974979822,0.9983277591973244,0.9979105725031342,0.5202995673901151,0.873015873015873,0.9259259259259259,0.8333333333333334,0.8064516129032258,0.8620689655172413
117,0.001333368110643117,0.9997278911564625,0.9991645781119465,1.0,1.0,0.9995821145006268,0.6214713269423339,0.873015873015873,0.9259259259259259,0.8333333333333334,0.8064516129032258,0.8620689655172413
118,0.0006669127075381729,1.0,1.0,1.0,1.0,1.0,0.6518886329436172,0.873015873015873,0.9259259259259259,0.8333333333333334,0.8064516129032258,0.8620689655172413
119,0.000469016378552797,1.0,1.0,1.0,1.0,1.0,0.7085413311558243,0.873015873015873,0.9259259259259259,0.8333333333333334,0.8064516129032258,0.8620689655172413
120,0.00029499017716156555,1.0,1.0,1.0,1.0,1.0,0.7227371434208989,0.873015873015873,0.9259259259259259,0.8333333333333334,0.8064516129032258,0.8620689655172413
121,0.0002118271208593153,1.0,1.0,1.0,1.0,1.0,0.7085199988657787,0.8888888888888888,0.9629629629629629,0.8333333333333334,0.8125,0.8813559322033898
122,0.00017197358774791033,1.0,1.0,1.0,1.0,1.0,0.6837682301180422,0.8888888888888888,0.9629629629629629,0.8333333333333334,0.8125,0.8813559322033898
123,0.00013138142712952784,1.0,1.0,1.0,1.0,1.0,0.6895256537723721,0.8888888888888888,0.9629629629629629,0.8333333333333334,0.8125,0.8813559322033898
124,0.15240065755356508,0.9398268398268398,0.9112554112554112,0.9588744588744589,0.9365962180200222,0.9237520570488206,0.3667778224935607,0.8888888888888888,0.8888888888888888,0.8888888888888888,0.8571428571428571,0.8727272727272727
125,0.09523886113466552,0.9637806637806637,0.9462481962481962,0.9754689754689755,0.9625688073394495,0.9543387302164817,0.4465958544659236,0.8412698412698413,0.9259259259259259,0.7777777777777778,0.7575757575757576,0.8333333333333334
126,0.008551688511526453,0.9975510204081632,0.9966583124477861,0.9979822437449556,0.9958263772954925,0.9962421711899792,0.5647872091670122,0.873015873015873,0.9259259259259259,0.8333333333333334,0.8064516129032258,0.8620689655172413
127,0.0009601489189049216,1.0,1.0,1.0,1.0,1.0,0.7352950635998111,0.8412698412698413,0.9259259259259259,0.7777777777777778,0.7575757575757576,0.8333333333333334
128,0.0005622069428826929,1.0,1.0,1.0,1.0,1.0,0.6609750059211538,0.8888888888888888,0.9259259259259259,0.8611111111111112,0.8333333333333334,0.8771929824561403
129,0.0006328948055885789,0.9997278911564625,0.9991645781119465,1.0,1.0,0.9995821145006268,0.7006684919146614,0.8888888888888888,0.9259259259259259,0.8611111111111112,0.8333333333333334,0.8771929824561403
130,0.0003695200311121385,1.0,1.0,1.0,1.0,1.0,0.7813694848621723,0.9047619047619048,0.9629629629629629,0.8611111111111112,0.8387096774193549,0.896551724137931
131,0.00039339473681107833,1.0,1.0,1.0,1.0,1.0,0.8542332870791951,0.873015873015873,0.9629629629629629,0.8055555555555556,0.7878787878787878,0.8666666666666667
132,0.00016738750555193792,1.0,1.0,1.0,1.0,1.0,0.879137689668116,0.8888888888888888,0.9629629629629629,0.8333333333333334,0.8125,0.8813559322033898
133,0.004129719825158193,0.9983673469387755,0.9974937343358395,0.9987893462469734,0.9974937343358395,0.9974937343358395,0.6973231957342091,0.873015873015873,0.9259259259259259,0.8333333333333334,0.8064516129032258,0.8620689655172413
134,0.12537280839201315,0.9500721500721501,0.9332611832611832,0.9612794612794613,0.9414119359534207,0.9373188405797102,0.5014769576844715,0.8412698412698413,0.8888888888888888,0.8055555555555556,0.7741935483870968,0.8275862068965517
135,0.005865469404771848,0.9991836734693877,0.9974937343358395,1.0,1.0,0.998745294855709,0.6913624355007731,0.8571428571428571,0.9259259259259259,0.8055555555555556,0.78125,0.847457627118644
136,0.002207601690953154,0.9994557823129252,0.9991645781119465,0.9995964487489911,0.9991645781119465,0.9991645781119465,0.5200503175849065,0.8571428571428571,0.9259259259259259,0.8055555555555556,0.78125,0.847457627118644
137,0.0005120910217567366,1.0,1.0,1.0,1.0,1.0,0.5830328380439563,0.8888888888888888,0.9629629629629629,0.8333333333333334,0.8125,0.8813559322033898
138,0.0017569055920308393,0.9997278911564625,0.9991645781119465,1.0,1.0,0.9995821145006268,0.5879356814927185,0.8888888888888888,0.9629629629629629,0.8333333333333334,0.8125,0.8813559322033898
139,0.000406298520919379,1.0,1.0,1.0,1.0,1.0,0.5466301760909754,0.8888888888888888,0.9259259259259259,0.8611111111111112,0.8333333333333334,0.8771929824561403
140,0.11267900239783077,0.9578643578643579,0.9426406926406926,0.968013468013468,0.9515659140568099,0.9470822761870242,0.5280013712389129,0.8888888888888888,0.9259259259259259,0.8611111111111112,0.8333333333333334,0.8771929824561403
141,0.006511605711729855,0.9983673469387755,0.9966583124477861,0.9991928974979822,0.998326359832636,0.9974916387959866,0.6175263913621801,0.8571428571428571,0.8888888888888888,0.8333333333333334,0.8,0.8421052631578947
142,0.0024954255319795996,0.9989115646258503,0.9983291562238931,0.9991928974979822,0.9983291562238931,0.9983291562238931,0.6177373206730754,0.873015873015873,0.9259259259259259,0.8333333333333334,0.8064516129032258,0.8620689655172413
143,0.0005098941634396458,1.0,1.0,1.0,1.0,1.0,0.6640614474354873,0.873015873015873,0.9259259259259259,0.8333333333333334,0.8064516129032258,0.8620689655172413
144,0.09954422283877348,0.962914862914863,0.9487734487734488,0.9723424723424724,0.9581056466302368,0.9534167119811492,0.4650807349927842,0.8571428571428571,0.9259259259259259,0.8055555555555556,0.78125,0.847457627118644
145,0.004748386529093722,0.9991836734693877,0.9983291562238931,0.9995964487489911,0.9991638795986622,0.9987463435018805,0.5277651096638736,0.873015873015873,0.8888888888888888,0.8611111111111112,0.8275862068965517,0.8571428571428571
146,0.063174530717512,0.9774891774891775,0.9704184704184704,0.9822029822029822,0.9732272069464544,0.971820809248555,0.5262531028720476,0.873015873015873,0.8518518518518519,0.8888888888888888,0.8518518518518519,0.8518518518518519
147,0.006918678159752645,0.9989115646258503,0.9974937343358395,0.9995964487489911,0.999163179916318,0.9983277591973244,0.5982533528262542,0.8571428571428571,0.9629629629629629,0.7777777777777778,0.7647058823529411,0.8524590163934426
148,0.001619805263412394,0.9991836734693877,0.9991645781119465,0.9991928974979822,0.998330550918197,0.9987473903966597,0.6632227259651122,0.8571428571428571,0.8888888888888888,0.8333333333333334,0.8,0.8421052631578947
149,0.001287858285101726,0.9997278911564625,1.0,0.9995964487489911,0.9991652754590985,0.9995824634655532,0.696089907048551,0.8253968253968254,0.9259259259259259,0.75,0.7352941176470589,0.819672131147541
150,0.0005987694429639144,1.0,1.0,1.0,1.0,1.0,0.6901260071243751,0.8571428571428571,0.9259259259259259,0.8055555555555556,0.78125,0.847457627118644
151,0.00024603493203314777,1.0,1.0,1.0,1.0,1.0,0.761718573878863,0.8253968253968254,0.9259259259259259,0.75,0.7352941176470589,0.819672131147541
152,0.0002018599650310986,1.0,1.0,1.0,1.0,1.0,0.7846860845396776,0.8095238095238095,0.9259259259259259,0.7222222222222222,0.7142857142857143,0.8064516129032258
153,0.005155928394310556,0.998639455782313,0.9983291562238931,0.9987893462469734,0.9974958263772955,0.9979123173277662,0.8073862843226552,0.7619047619047619,0.8888888888888888,0.6666666666666666,0.6666666666666666,0.7619047619047619
154,0.0007841737987790383,0.9997278911564625,0.9991645781119465,1.0,1.0,0.9995821145006268,1.3308453741187731,0.7301587301587301,0.9259259259259259,0.5833333333333334,0.625,0.746268656716418
155,0.0005290854580147623,1.0,1.0,1.0,1.0,1.0,0.8340214251407555,0.8095238095238095,0.9259259259259259,0.7222222222222222,0.7142857142857143,0.8064516129032258
156,0.00010815652217258632,1.0,1.0,1.0,1.0,1.0,0.9196857278704613,0.7936507936507936,0.9259259259259259,0.6944444444444444,0.6944444444444444,0.7936507936507936
157,7.614002467630444e-05,1.0,1.0,1.0,1.0,1.0,1.0523066247225783,0.8095238095238095,0.9259259259259259,0.7222222222222222,0.7142857142857143,0.8064516129032258
158,5.745169527465984e-05,1.0,1.0,1.0,1.0,1.0,1.0253292722553606,0.8095238095238095,0.9259259259259259,0.7222222222222222,0.7142857142857143,0.8064516129032258
159,9.477990068151076e-05,1.0,1.0,1.0,1.0,1.0,1.283541666572943,0.8253968253968254,0.9629629629629629,0.7222222222222222,0.7222222222222222,0.8253968253968254
160,3.561931653154165e-05,1.0,1.0,1.0,1.0,1.0,1.3270893226458973,0.8095238095238095,0.9259259259259259,0.7222222222222222,0.7142857142857143,0.8064516129032258
161,4.1110745357963465e-05,1.0,1.0,1.0,1.0,1.0,1.4058269015180744,0.8095238095238095,0.9259259259259259,0.7222222222222222,0.7142857142857143,0.8064516129032258
162,2.6635570186824356e-05,1.0,1.0,1.0,1.0,1.0,1.4339543641452486,0.8095238095238095,0.9259259259259259,0.7222222222222222,0.7142857142857143,0.8064516129032258
163,2.2038106059577937e-05,1.0,1.0,1.0,1.0,1.0,1.446922215221021,0.8095238095238095,0.9259259259259259,0.7222222222222222,0.7142857142857143,0.8064516129032258
164,1.892973257014512e-05,1.0,1.0,1.0,1.0,1.0,1.4541670982633526,0.8095238095238095,0.9259259259259259,0.7222222222222222,0.7142857142857143,0.8064516129032258
165,2.1663871076629727e-05,1.0,1.0,1.0,1.0,1.0,1.181497764305176,0.8412698412698413,0.9629629629629629,0.75,0.7428571428571429,0.8387096774193549
166,1.485705578972841e-05,1.0,1.0,1.0,1.0,1.0,1.2930687580083031,0.8412698412698413,0.9629629629629629,0.75,0.7428571428571429,0.8387096774193549
167,0.13565168581892229,0.946031746031746,0.9278499278499278,0.9581529581529582,0.9366351056081573,0.9322218194998187,0.4135969497211691,0.8412698412698413,0.8148148148148148,0.8611111111111112,0.8148148148148148,0.8148148148148148
168,0.004662422651059127,0.9991836734693877,0.9974937343358395,1.0,1.0,0.998745294855709,0.6225709402268487,0.873015873015873,0.9259259259259259,0.8333333333333334,0.8064516129032258,0.8620689655172413
169,0.0007120406900161915,1.0,1.0,1.0,1.0,1.0,0.7314140553649012,0.873015873015873,0.9259259259259259,0.8333333333333334,0.8064516129032258,0.8620689655172413
170,0.0005216863828724675,1.0,1.0,1.0,1.0,1.0,0.689056186436949,0.873015873015873,0.9259259259259259,0.8333333333333334,0.8064516129032258,0.8620689655172413
171,0.00033160729888513,1.0,1.0,1.0,1.0,1.0,0.8313237608822491,0.873015873015873,0.9259259259259259,0.8333333333333334,0.8064516129032258,0.8620689655172413
172,0.08717817170357313,0.9666666666666667,0.9527417027417028,0.9759499759499759,0.9635169646114556,0.9580990386359514,0.5765487372076937,0.873015873015873,0.9259259259259259,0.8333333333333334,0.8064516129032258,0.8620689655172413
173,0.0049045162087030785,0.9980952380952381,0.9974937343358395,0.9983857949959645,0.996661101836394,0.9970772442588727,0.7643933819758425,0.8571428571428571,0.9259259259259259,0.8055555555555556,0.78125,0.847457627118644
174,0.0007883047069530604,1.0,1.0,1.0,1.0,1.0,0.797937828759175,0.8571428571428571,0.9259259259259259,0.8055555555555556,0.78125,0.847457627118644
175,0.00034825672983543527,1.0,1.0,1.0,1.0,1.0,0.9788693716155461,0.8412698412698413,0.9259259259259259,0.7777777777777778,0.7575757575757576,0.8333333333333334
176,0.0002137825062354317,1.0,1.0,1.0,1.0,1.0,0.969606398956828,0.8412698412698413,0.9259259259259259,0.7777777777777778,0.7575757575757576,0.8333333333333334
177,0.0004078852089967731,1.0,1.0,1.0,1.0,1.0,0.8087057612410429,0.8571428571428571,0.9259259259259259,0.8055555555555556,0.78125,0.847457627118644
178,0.07917387977311009,0.9715728715728715,0.9617604617604618,0.9781144781144782,0.9669931084512151,0.9643696871043589,0.5299465360770387,0.8412698412698413,0.8888888888888888,0.8055555555555556,0.7741935483870968,0.8275862068965517
179,0.00499479856251004,0.998639455782313,0.9991645781119465,0.9983857949959645,0.9966666666666667,0.9979140592407175,0.6141219648758008,0.873015873015873,0.9259259259259259,0.8333333333333334,0.8064516129032258,0.8620689655172413
180,0.050501993967456714,0.9819624819624819,0.977994227994228,0.9846079846079846,0.976936936936937,0.9774652965566973,0.49159712383582715,0.9047619047619048,0.9259259259259259,0.8888888888888888,0.8620689655172413,0.8928571428571429
181,0.011612151461086382,0.996734693877551,0.9983291562238931,0.9959644874899112,0.991701244813278,0.9950041631973355,0.4762580550556618,0.9206349206349206,0.9259259259259259,0.9166666666666666,0.8928571428571429,0.9090909090909091
182,0.0009472430944379394,1.0,1.0,1.0,1.0,1.0,0.5834405386916525,0.873015873015873,0.9259259259259259,0.8333333333333334,0.8064516129032258,0.8620689655172413
183,0.00046662589189830887,1.0,1.0,1.0,1.0,1.0,0.549068839342836,0.8888888888888888,0.9259259259259259,0.8611111111111112,0.8333333333333334,0.8771929824561403
184,0.0015180348847687029,0.9997278911564625,0.9991645781119465,1.0,1.0,0.9995821145006268,0.821298396091036,0.8253968253968254,0.9259259259259259,0.75,0.7352941176470589,0.819672131147541
185,0.0002291239204806225,1.0,1.0,1.0,1.0,1.0,0.7301485285852178,0.8571428571428571,0.9259259259259259,0.8055555555555556,0.78125,0.847457627118644
186,0.0667355082101292,0.976911976911977,0.9689754689754689,0.9822029822029822,0.9731884057971014,0.9710773680404917,0.646293982316459,0.9047619047619048,0.9629629629629629,0.8611111111111112,0.8387096774193549,0.896551724137931
187,0.003911602275460313,0.998639455782313,0.9991645781119465,0.9983857949959645,0.9966666666666667,0.9979140592407175,0.6721118484948954,0.9047619047619048,0.9629629629629629,0.8611111111111112,0.8387096774193549,0.896551724137931
188,0.0005768259118050163,1.0,1.0,1.0,1.0,1.0,0.7009684128829071,0.9047619047619048,0.9629629629629629,0.8611111111111112,0.8387096774193549,0.896551724137931
189,0.0497337516394046,0.9835497835497835,0.9787157287157288,0.9867724867724867,0.9801300578034682,0.9794223826714802,0.5507441580901662,0.8412698412698413,0.8518518518518519,0.8333333333333334,0.7931034482758621,0.8214285714285714
190,0.005547535066899913,0.9975510204081632,0.9974937343358395,0.9975786924939467,0.995,0.9962453066332916,0.5916437444883207,0.8888888888888888,0.9629629629629629,0.8333333333333334,0.8125,0.8813559322033898
191,0.0012894007244280406,0.9997278911564625,0.9991645781119465,1.0,1.0,0.9995821145006268,0.5574561633476396,0.8571428571428571,0.8888888888888888,0.8333333333333334,0.8,0.8421052631578947
192,0.0456193163969682,0.9841269841269841,0.9790764790764791,0.9874939874939875,0.9812002892263196,0.9801372336583605,0.4958346253704457,0.8888888888888888,0.8888888888888888,0.8888888888888888,0.8571428571428571,0.8727272727272727
193,0.00180172116333123,0.9997278911564625,0.9991645781119465,1.0,1.0,0.9995821145006268,0.7187508371490468,0.873015873015873,0.9259259259259259,0.8333333333333334,0.8064516129032258,0.8620689655172413
194,0.0011447659901869531,0.9997278911564625,0.9991645781119465,1.0,1.0,0.9995821145006268,0.8600695114388751,0.873015873015873,0.9629629629629629,0.8055555555555556,0.7878787878787878,0.8666666666666667
195,0.004321248418782984,0.9983673469387755,0.9974937343358395,0.9987893462469734,0.9974937343358395,0.9974937343358395,0.6899436439594461,0.873015873015873,0.9259259259259259,0.8333333333333334,0.8064516129032258,0.8620689655172413
196,0.0006203047973771032,1.0,1.0,1.0,1.0,1.0,0.7649249346328101,0.8571428571428571,0.8888888888888888,0.8333333333333334,0.8,0.8421052631578947
197,0.0007522345530316646,0.9994557823129252,0.9991645781119465,0.9995964487489911,0.9991645781119465,0.9991645781119465,0.8795091904337622,0.8253968253968254,0.8888888888888888,0.7777777777777778,0.75,0.8135593220338984
198,0.0004633858494482757,0.9997278911564625,0.9991645781119465,1.0,1.0,0.9995821145006268,0.9467012272248717,0.8412698412698413,0.9629629629629629,0.75,0.7428571428571429,0.8387096774193549
199,0.0002332842632847819,1.0,1.0,1.0,1.0,1.0,1.0159774330635887,0.8412698412698413,0.9629629629629629,0.75,0.7428571428571429,0.8387096774193549
200,0.0001067681041356892,1.0,1.0,1.0,1.0,1.0,1.0193570566872718,0.8412698412698413,0.9629629629629629,0.75,0.7428571428571429,0.8387096774193549
201,7.012460290412355e-05,1.0,1.0,1.0,1.0,1.0,0.9368409548728128,0.8412698412698413,0.9629629629629629,0.75,0.7428571428571429,0.8387096774193549
202,4.99020205530715e-05,1.0,1.0,1.0,1.0,1.0,1.0292609411149494,0.8412698412698413,0.9629629629629629,0.75,0.7428571428571429,0.8387096774193549
203,4.595926349236611e-05,1.0,1.0,1.0,1.0,1.0,0.9954821372832937,0.8412698412698413,0.9629629629629629,0.75,0.7428571428571429,0.8387096774193549
204,0.07901838487155284,0.9712842712842713,0.9621212121212122,0.9773929773929774,0.9659543643607389,0.964033977950479,0.5019102097629378,0.8888888888888888,0.8888888888888888,0.8888888888888888,0.8571428571428571,0.8727272727272727
205,0.0039811409723653525,0.998639455782313,0.9966583124477861,0.9995964487489911,0.9991624790619765,0.9979088247595148,0.5789250084938157,0.8888888888888888,0.9259259259259259,0.8611111111111112,0.8333333333333334,0.8771929824561403
206,0.044830121614897696,0.9835497835497835,0.9783549783549783,0.987012987012987,0.9804772234273319,0.9794149512459371,0.6521650431197255,0.8571428571428571,0.8888888888888888,0.8333333333333334,0.8,0.8421052631578947
207,0.003587284304793975,0.998639455782313,0.9974937343358395,0.9991928974979822,0.9983277591973244,0.9979105725031342,0.7626091522249644,0.8412698412698413,0.8888888888888888,0.8055555555555556,0.7741935483870968,0.8275862068965517
208,0.0005112385592299836,1.0,1.0,1.0,1.0,1.0,0.8063235685343869,0.8571428571428571,0.9259259259259259,0.8055555555555556,0.78125,0.847457627118644
209,0.033421600765397796,0.988023088023088,0.9844877344877345,0.9903799903799904,0.9855543517515348,0.9850207543764663,0.4039768354961693,0.8888888888888888,0.9259259259259259,0.8611111111111112,0.8333333333333334,0.8771929824561403
210,0.003353605546103949,0.998639455782313,0.9974937343358395,0.9991928974979822,0.9983277591973244,0.9979105725031342,0.6789110593852543,0.873015873015873,0.9259259259259259,0.8333333333333334,0.8064516129032258,0.8620689655172413
211,0.032077308793983614,0.9881673881673881,0.9844877344877345,0.9906204906204906,0.9859104046242775,0.9851985559566787,0.5954465049038095,0.8412698412698413,0.8518518518518519,0.8333333333333334,0.7931034482758621,0.8214285714285714
212,0.0279140645105,0.9906204906204906,0.9888167388167388,0.9918229918229918,0.9877477477477478,0.9882819542094826,0.7179676967613872,0.873015873015873,0.8518518518518519,0.8888888888888888,0.8518518518518519,0.8518518518518519
213,0.022934421906917166,0.9926406926406927,0.990981240981241,0.9937469937469937,0.9906238730616661,0.9908025247971145,0.5593706146658709,0.873015873015873,0.8888888888888888,0.8611111111111112,0.8275862068965517,0.8571428571428571
214,0.00269639406759105,0.9994557823129252,0.9991645781119465,0.9995964487489911,0.9991645781119465,0.9991645781119465,0.7431864321059991,0.8571428571428571,0.8888888888888888,0.8333333333333334,0.8,0.8421052631578947
215,0.02390284071865251,0.9929292929292929,0.9902597402597403,0.9947089947089947,0.9920491507047343,0.9911536378407655,0.6672692534824213,0.8571428571428571,0.8518518518518519,0.8611111111111112,0.8214285714285714,0.8363636363636363
216,0.0034237926231846087,0.998639455782313,0.9991645781119465,0.9983857949959645,0.9966666666666667,0.9979140592407175,0.8018947746900339,0.9047619047619048,0.9629629629629629,0.8611111111111112,0.8387096774193549,0.896551724137931
217,0.027892388771644232,0.9896103896103896,0.9862914862914863,0.9918229918229918,0.9877167630057804,0.9870036101083033,0.5815113599685627,0.8571428571428571,0.8518518518518519,0.8611111111111112,0.8214285714285714,0.8363636363636363
218,0.002686850505051057,0.9997278911564625,1.0,0.9995964487489911,0.9991652754590985,0.9995824634655532,0.6357786610855588,0.8253968253968254,0.8518518518518519,0.8055555555555556,0.7666666666666667,0.8070175438596491
219,0.003054592800104902,0.9994557823129252,0.9983291562238931,1.0,1.0,0.9991638795986622,0.8505792213393197,0.8253968253968254,0.9629629629629629,0.7222222222222222,0.7222222222222222,0.8253968253968254
220,0.0011019606636684675,0.9994557823129252,0.9991645781119465,0.9995964487489911,0.9991645781119465,0.9991645781119465,0.8956092114547372,0.8253968253968254,0.9259259259259259,0.75,0.7352941176470589,0.819672131147541
221,0.03691327604790243,0.9873015873015873,0.983044733044733,0.9901394901394901,0.985177151120752,0.9841097869266884,0.6361764083442737,0.8571428571428571,0.8518518518518519,0.8611111111111112,0.8214285714285714,0.8363636363636363
222,0.02459626356369082,0.9914862914862915,0.9880952380952381,0.9937469937469937,0.9905967450271248,0.9893444103305039,0.7079933216397573,0.8571428571428571,0.8518518518518519,0.8611111111111112,0.8214285714285714,0.8363636363636363
223,0.01659468837127071,0.9936507936507937,0.9917027417027418,0.9949494949494949,0.9924187725631769,0.9920606279321544,0.5890784286524332,0.873015873015873,0.8888888888888888,0.8611111111111112,0.8275862068965517,0.8571428571428571
224,0.01449822773581571,0.9953823953823954,0.9942279942279942,0.9961519961519961,0.9942279942279942,0.9942279942279942,0.6448748811990732,0.873015873015873,0.8888888888888888,0.8611111111111112,0.8275862068965517,0.8571428571428571
225,0.0049057560778606275,0.9989115646258503,0.9983291562238931,0.9991928974979822,0.9983291562238931,0.9983291562238931,0.6154880646351976,0.8571428571428571,0.8518518518518519,0.8611111111111112,0.8214285714285714,0.8363636363636363
226,0.022065935264030587,0.9920634920634921,0.9888167388167388,0.9942279942279942,0.9913200723327306,0.9900668231894528,0.6104759717926509,0.873015873015873,0.8888888888888888,0.8611111111111112,0.8275862068965517,0.8571428571428571
227,0.005950804646055651,0.9983673469387755,0.9983291562238931,0.9983857949959645,0.9966638865721434,0.9974958263772955,0.54017191927322,0.873015873015873,0.9259259259259259,0.8333333333333334,0.8064516129032258,0.8620689655172413
228,0.022257876816261284,0.9917748917748918,0.9891774891774892,0.9935064935064936,0.9902491874322861,0.989713048186248,0.609332480064098,0.8571428571428571,0.8888888888888888,0.8333333333333334,0.8,0.8421052631578947
229,0.003528545258380037,0.9989115646258503,0.9983291562238931,0.9991928974979822,0.9983291562238931,0.9983291562238931,0.8269948622485298,0.8571428571428571,0.8888888888888888,0.8333333333333334,0.8,0.8421052631578947
230,0.00037083444117052086,1.0,1.0,1.0,1.0,1.0,0.8608691104501116,0.8571428571428571,0.8888888888888888,0.8333333333333334,0.8,0.8421052631578947
231,0.00030575184269232493,1.0,1.0,1.0,1.0,1.0,0.9247506381509575,0.873015873015873,0.9259259259259259,0.8333333333333334,0.8064516129032258,0.8620689655172413
232,0.03728542380160242,0.986002886002886,0.983044733044733,0.987974987974988,0.9819819819819819,0.9825130701279972,0.4967427065462938,0.873015873015873,0.8888888888888888,0.8611111111111112,0.8275862068965517,0.8571428571428571
233,0.01961614316246038,0.9939393939393939,0.9931457431457431,0.9944684944684945,0.9917146974063401,0.9924297043979813,0.43783853058555416,0.8888888888888888,0.8888888888888888,0.8888888888888888,0.8571428571428571,0.8727272727272727
234,0.014663025859834406,0.9948051948051948,0.9942279942279942,0.9951899951899952,0.9927953890489913,0.9935111751982696,0.5975428648498131,0.8571428571428571,0.8148148148148148,0.8888888888888888,0.8461538461538461,0.8301886792452831
235,0.0073781960210557015,0.9983673469387755,0.9958228905597326,0.9995964487489911,0.9991617770326907,0.9974895397489539,0.7111831549180871,0.8571428571428571,0.9259259259259259,0.8055555555555556,0.78125,0.847457627118644
236,0.001708427257032045,0.9994557823129252,0.9991645781119465,0.9995964487489911,0.9991645781119465,0.9991645781119465,0.61680306810821,0.8412698412698413,0.9259259259259259,0.7777777777777778,0.7575757575757576,0.8333333333333334
237,0.028812330141977687,0.9904761904761905,0.987012987012987,0.9927849927849928,0.9891540130151844,0.9880823401950163,0.5571128209897628,0.8888888888888888,0.8888888888888888,0.8888888888888888,0.8571428571428571,0.8727272727272727
238,0.017945749007720967,0.9939393939393939,0.9924242424242424,0.9949494949494949,0.9924242424242424,0.9924242424242424,0.5373487690018327,0.873015873015873,0.8518518518518519,0.8888888888888888,0.8518518518518519,0.8518518518518519
239,0.011770240883883001,0.996969696969697,0.9949494949494949,0.9983164983164983,0.9974683544303797,0.9962073324905183,0.6135661381639592,0.8571428571428571,0.8888888888888888,0.8333333333333334,0.8,0.8421052631578947
240,0.015585549082913607,0.9948051948051948,0.9931457431457431,0.9959114959114959,0.9938628158844766,0.9935041501263082,0.5384774356914152,0.873015873015873,0.8888888888888888,0.8611111111111112,0.8275862068965517,0.8571428571428571
241,0.0031019952275186816,0.9991836734693877,0.9991645781119465,0.9991928974979822,0.998330550918197,0.9987473903966597,0.6151467071142092,0.873015873015873,0.9259259259259259,0.8333333333333334,0.8064516129032258,0.8620689655172413
242,0.00046767273526377405,1.0,1.0,1.0,1.0,1.0,0.8659910831687277,0.8571428571428571,0.9259259259259259,0.8055555555555556,0.78125,0.847457627118644
243,0.032003054312760584,0.9896103896103896,0.9866522366522367,0.9915824915824916,0.9873646209386282,0.9870083002526164,0.5859531476125417,0.8412698412698413,0.8518518518518519,0.8333333333333334,0.7931034482758621,0.8214285714285714
244,0.0034658221283065927,0.9991836734693877,0.9983291562238931,0.9995964487489911,0.9991638795986622,0.9987463435018805,0.697163267855695,0.8412698412698413,0.8888888888888888,0.8055555555555556,0.7741935483870968,0.8275862068965517
245,0.0004291218109559553,1.0,1.0,1.0,1.0,1.0,0.7609544526027988,0.8571428571428571,0.9259259259259259,0.8055555555555556,0.78125,0.847457627118644
246,0.024391931391458538,0.9920634920634921,0.9888167388167388,0.9942279942279942,0.9913200723327306,0.9900668231894528,0.5060590659508423,0.9047619047619048,0.9259259259259259,0.8888888888888888,0.8620689655172413,0.8928571428571429
247,0.012217032899696233,0.9955266955266955,0.9956709956709957,0.9954304954304954,0.9931630082763584,0.9944154206449288,0.599339877536598,0.8888888888888888,0.9259259259259259,0.8611111111111112,0.8333333333333334,0.8771929824561403
248,0.019762786771857863,0.9929292929292929,0.990981240981241,0.9942279942279942,0.9913388668350775,0.9911600216489266,0.7273035056220131,0.8888888888888888,0.9259259259259259,0.8611111111111112,0.8333333333333334,0.8771929824561403
249,0.010831080505582921,0.9961038961038962,0.9942279942279942,0.9973544973544973,0.9960245753523672,0.9951254739122586,0.731205703544667,0.873015873015873,0.8518518518518519,0.8888888888888888,0.8518518518518519,0.8518518518518519
250,0.017313148796517727,0.9937950937950938,0.9920634920634921,0.9949494949494949,0.9924215084806929,0.9922424679776295,0.6371387956878318,0.8412698412698413,0.8518518518518519,0.8333333333333334,0.7931034482758621,0.8214285714285714
251,0.006332140948607481,0.9978231292517007,0.9974937343358395,0.9979822437449556,0.9958298582151793,0.996661101836394,0.7209511899910424,0.873015873015873,0.9629629629629629,0.8055555555555556,0.7878787878787878,0.8666666666666667
252,0.0017714467189850073,0.9997278911564625,1.0,0.9995964487489911,0.9991652754590985,0.9995824634655532,0.7402051561054707,0.8571428571428571,0.8888888888888888,0.8333333333333334,0.8,0.8421052631578947
253,0.0005094201063664415,0.9997278911564625,0.9991645781119465,1.0,1.0,0.9995821145006268,0.9506699337715483,0.8253968253968254,0.9629629629629629,0.7222222222222222,0.7222222222222222,0.8253968253968254
254,0.00020361102946406725,1.0,1.0,1.0,1.0,1.0,0.9082297190699526,0.8571428571428571,0.9259259259259259,0.8055555555555556,0.78125,0.847457627118644
255,0.028831633099372107,0.98989898989899,0.9880952380952381,0.9911014911014911,0.986671469740634,0.9873828406633021,0.7447594895234538,0.8571428571428571,0.8148148148148148,0.8888888888888888,0.8461538461538461,0.8301886792452831
256,0.016038079853634105,0.9939393939393939,0.9927849927849928,0.9947089947089947,0.9920692141312184,0.9924269743959611,0.7756554576340094,0.8888888888888888,0.8888888888888888,0.8888888888888888,0.8571428571428571,0.8727272727272727
257,0.016919796126693906,0.9943722943722944,0.9927849927849928,0.9954304954304954,0.9931432695777698,0.9929640988634314,0.6225239093321198,0.8571428571428571,0.8518518518518519,0.8611111111111112,0.8214285714285714,0.8363636363636363
258,0.005665360212319714,0.9978231292517007,0.9983291562238931,0.9975786924939467,0.9950041631973355,0.9966638865721434,0.751603492974518,0.8412698412698413,0.8888888888888888,0.8055555555555556,0.7741935483870968,0.8275862068965517
259,0.011880444308137412,0.9962481962481963,0.9949494949494949,0.9971139971139971,0.9956678700361011,0.9953085528690003,0.8421880816467964,0.873015873015873,0.8888888888888888,0.8611111111111112,0.8275862068965517,0.8571428571428571
260,0.003430245332221887,0.9989115646258503,0.9983291562238931,0.9991928974979822,0.9983291562238931,0.9983291562238931,0.935210339008278,0.8412698412698413,0.8518518518518519,0.8333333333333334,0.7931034482758621,0.8214285714285714
261,0.0009553504881423702,0.9997278911564625,0.9991645781119465,1.0,1.0,0.9995821145006268,0.8806030702810006,0.8571428571428571,0.8888888888888888,0.8333333333333334,0.8,0.8421052631578947
262,0.023556555848600426,0.9910533910533911,0.9873737373737373,0.9935064935064936,0.9902315484804631,0.9888005780346821,0.5722665279477258,0.8888888888888888,0.8888888888888888,0.8888888888888888,0.8571428571428571,0.8727272727272727
263,0.013059726229684546,0.9956709956709957,0.9949494949494949,0.9961519961519961,0.9942321557317952,0.994590695997115,0.7278590802313938,0.873015873015873,0.8518518518518519,0.8888888888888888,0.8518518518518519,0.8518518518518519
264,0.010582812325757644,0.9959595959595959,0.9953102453102453,0.9963924963924964,0.994592645998558,0.994951316263974,0.7915671483312349,0.873015873015873,0.8518518518518519,0.8888888888888888,0.8518518518518519,0.8518518518518519
265,0.006052532127507381,0.9980952380952381,0.9958228905597326,0.9991928974979822,0.998324958123953,0.9970723546633208,0.6580471800656856,0.8571428571428571,0.8518518518518519,0.8611111111111112,0.8214285714285714,0.8363636363636363
266,0.012439362696190713,0.9958152958152958,0.9942279942279942,0.9968734968734969,0.9953051643192489,0.9947662876737051,0.8952007251888668,0.873015873015873,0.8888888888888888,0.8611111111111112,0.8275862068965517,0.8571428571428571
267,0.005199451227865928,0.9978231292517007,0.9966583124477861,0.9983857949959645,0.9966583124477861,0.9966583124477861,0.8662046529583648,0.8412698412698413,0.8148148148148148,0.8611111111111112,0.8148148148148148,0.8148148148148148
268,0.00037427531898403415,1.0,1.0,1.0,1.0,1.0,0.9884293597558372,0.8412698412698413,0.8518518518518519,0.8333333333333334,0.7931034482758621,0.8214285714285714
269,0.00014465213223623007,1.0,1.0,1.0,1.0,1.0,0.986759139772547,0.8412698412698413,0.8518518518518519,0.8333333333333334,0.7931034482758621,0.8214285714285714
270,0.0001007007507753454,1.0,1.0,1.0,1.0,1.0,0.9726625267914699,0.8571428571428571,0.8888888888888888,0.8333333333333334,0.8,0.8421052631578947
271,5.715473942460807e-05,1.0,1.0,1.0,1.0,1.0,1.0567037907914334,0.873015873015873,0.8888888888888888,0.8611111111111112,0.8275862068965517,0.8571428571428571
272,0.03342616323173022,0.98989898989899,0.9859307359307359,0.9925444925444925,0.9887843704775687,0.9873554913294798,0.6833545535586641,0.873015873015873,0.7777777777777778,0.9444444444444444,0.9130434782608695,0.84
273,0.0029866217888824776,0.9989115646258503,0.9966583124477861,1.0,1.0,0.998326359832636,0.6084988175626633,0.8412698412698413,0.8148148148148148,0.8611111111111112,0.8148148148148148,0.8148148148148148
274,0.0005798099238621895,1.0,1.0,1.0,1.0,1.0,0.5843729924111228,0.873015873015873,0.8888888888888888,0.8611111111111112,0.8275862068965517,0.8571428571428571
275,0.0001620240193248416,1.0,1.0,1.0,1.0,1.0,0.6976632257705898,0.8571428571428571,0.8888888888888888,0.8333333333333334,0.8,0.8421052631578947
276,0.0256659732325608,0.9907647907647907,0.9877344877344877,0.9927849927849928,0.9891618497109826,0.9884476534296028,0.6517392383206503,0.8571428571428571,0.8518518518518519,0.8611111111111112,0.8214285714285714,0.8363636363636363
277,0.004776678935376782,0.9989115646258503,0.9983291562238931,0.9991928974979822,0.9983291562238931,0.9983291562238931,0.5388837178341217,0.8412698412698413,0.8148148148148148,0.8611111111111112,0.8148148148148148,0.8148148148148148
278,0.01834070928323232,0.9924963924963925,0.9902597402597403,0.993987493987494,0.9909747292418772,0.9906171057380008,0.6933720855722352,0.8571428571428571,0.8518518518518519,0.8611111111111112,0.8214285714285714,0.8363636363636363
279,0.01225756862920035,0.9961038961038962,0.9945887445887446,0.9971139971139971,0.9956663055254604,0.9951272333513806,0.689398153555683,0.8571428571428571,0.8148148148148148,0.8888888888888888,0.8461538461538461,0.8301886792452831
280,0.0038106846699525196,0.9991836734693877,0.9983291562238931,0.9995964487489911,0.9991638795986622,0.9987463435018805,0.6928919250984484,0.8253968253968254,0.8518518518518519,0.8055555555555556,0.7666666666666667,0.8070175438596491
281,0.02114002871180785,0.9933621933621933,0.9913419913419913,0.9947089947089947,0.992057761732852,0.991699747383616,0.7073671007029978,0.8253968253968254,0.8148148148148148,0.8333333333333334,0.7857142857142857,0.8
282,0.010944969820194309,0.9961038961038962,0.9945887445887446,0.9971139971139971,0.9956663055254604,0.9951272333513806,0.5728701143992126,0.873015873015873,0.8518518518518519,0.8888888888888888,0.8518518518518519,0.8518518518518519
283,0.00783047306614348,0.9971139971139971,0.996031746031746,0.9978354978354979,0.9967509025270758,0.9963911945146157,0.5152657594511448,0.9047619047619048,0.8888888888888888,0.9166666666666666,0.8888888888888888,0.8888888888888888
284,0.0027941016128823657,0.998639455782313,0.9983291562238931,0.9987893462469734,0.9974958263772955,0.9979123173277662,0.6848336718195775,0.8571428571428571,0.8518518518518519,0.8611111111111112,0.8214285714285714,0.8363636363636363
285,0.013020997026933203,0.9952380952380953,0.9938672438672439,0.9961519961519961,0.9942259112233851,0.9940465451921342,0.4489021557960696,0.8888888888888888,0.9259259259259259,0.8611111111111112,0.8333333333333334,0.8771929824561403
286,0.0029037657148005967,0.9991836734693877,0.9983291562238931,0.9995964487489911,0.9991638795986622,0.9987463435018805,0.6730538024405379,0.8888888888888888,0.9259259259259259,0.8611111111111112,0.8333333333333334,0.8771929824561403
287,0.001122469482524182,0.9997278911564625,0.9991645781119465,1.0,1.0,0.9995821145006268,0.6809311720444673,0.9047619047619048,0.9629629629629629,0.8611111111111112,0.8387096774193549,0.896551724137931
288,0.015426254816307796,0.9961038961038962,0.9963924963924964,0.9959114959114959,0.9938826916156891,0.9951360115294542,0.7561579876623693,0.8571428571428571,0.8518518518518519,0.8611111111111112,0.8214285714285714,0.8363636363636363
289,0.015626450393918075,0.9950937950937951,0.9942279942279942,0.9956709956709957,0.9935111751982696,0.993869455463397,0.6996918634367397,0.873015873015873,0.8888888888888888,0.8611111111111112,0.8275862068965517,0.8571428571428571
290,0.013238618286687868,0.9955266955266955,0.9945887445887446,0.9961519961519961,0.994230075730256,0.9944093778178539,0.6642990899142913,0.8571428571428571,0.8518518518518519,0.8611111111111112,0.8214285714285714,0.8363636363636363
291,0.002351951363732481,0.9991836734693877,0.9983291562238931,0.9995964487489911,0.9991638795986622,0.9987463435018805,0.8258287089050836,0.8412698412698413,0.8518518518518519,0.8333333333333334,0.7931034482758621,0.8214285714285714
292,0.0002670978266250051,1.0,1.0,1.0,1.0,1.0,0.9226843961135721,0.8412698412698413,0.8518518518518519,0.8333333333333334,0.7931034482758621,0.8214285714285714
293,0.0017717446071443426,0.9994557823129252,1.0,0.9991928974979822,0.9983319432860718,0.9991652754590985,0.8732291410486805,0.8253968253968254,0.8148148148148148,0.8333333333333334,0.7857142857142857,0.8
294,0.021105837583645013,0.9924963924963925,0.9906204906204906,0.9937469937469937,0.9906204906204906,0.9906204906204906,0.7115975142865892,0.873015873015873,0.8518518518518519,0.8888888888888888,0.8518518518518519,0.8518518518518519
295,0.013707474857528592,0.9948051948051948,0.9942279942279942,0.9951899951899952,0.9927953890489913,0.9935111751982696,0.7727058724050284,0.8412698412698413,0.8148148148148148,0.8611111111111112,0.8148148148148148,0.8148148148148148
296,0.013579583596813622,0.9955266955266955,0.9942279942279942,0.9963924963924964,0.9945867917719234,0.9944073606350352,0.6614739486071307,0.873015873015873,0.8518518518518519,0.8888888888888888,0.8518518518518519,0.8518518518518519
297,0.004491340960771935,0.9980952380952381,0.9974937343358395,0.9983857949959645,0.996661101836394,0.9970772442588727,0.8468752645585771,0.8888888888888888,0.9629629629629629,0.8333333333333334,0.8125,0.8813559322033898
298,0.0009037000129883753,0.9997278911564625,1.0,0.9995964487489911,0.9991652754590985,0.9995824634655532,0.7485597211282492,0.8888888888888888,0.9629629629629629,0.8333333333333334,0.8125,0.8813559322033898
299,0.015346949201775295,0.9955266955266955,0.9935064935064936,0.9968734968734969,0.9953017708709794,0.9944033218992598,0.8353458210097863,0.8253968253968254,0.8518518518518519,0.8055555555555556,0.7666666666666667,0.8070175438596491
300,0.005572765642298159,0.9978231292517007,0.9983291562238931,0.9975786924939467,0.9950041631973355,0.9966638865721434,0.8948507690100029,0.8253968253968254,0.8518518518518519,0.8055555555555556,0.7666666666666667,0.8070175438596491
301,0.00037724618978963114,1.0,1.0,1.0,1.0,1.0,0.9689414212341598,0.8253968253968254,0.8518518518518519,0.8055555555555556,0.7666666666666667,0.8070175438596491
302,0.013194636285326777,0.9956709956709957,0.9949494949494949,0.9961519961519961,0.9942321557317952,0.994590695997115,0.637280397088958,0.873015873015873,0.9259259259259259,0.8333333333333334,0.8064516129032258,0.8620689655172413
303,0.001972451521524032,0.9989115646258503,0.9991645781119465,0.9987893462469734,0.9974979149291076,0.998330550918197,0.5904568095494243,0.873015873015873,0.9259259259259259,0.8333333333333334,0.8064516129032258,0.8620689655172413
304,0.01335518173920251,0.9955266955266955,0.9938672438672439,0.9966329966329966,0.9949440231130372,0.9944053419960296,0.5942611040322051,0.873015873015873,0.8888888888888888,0.8611111111111112,0.8275862068965517,0.8571428571428571
305,0.00332603729467207,0.9991836734693877,0.9991645781119465,0.9991928974979822,0.998330550918197,0.9987473903966597,0.7109684034320896,0.8571428571428571,0.8518518518518519,0.8611111111111112,0.8214285714285714,0.8363636363636363
306,0.0017888652996320854,0.9989115646258503,0.9983291562238931,0.9991928974979822,0.9983291562238931,0.9983291562238931,0.7305487305289023,0.8253968253968254,0.8518518518518519,0.8055555555555556,0.7666666666666667,0.8070175438596491
307,0.0005127363774048791,0.9997278911564625,1.0,0.9995964487489911,0.9991652754590985,0.9995824634655532,0.7923682143483015,0.8412698412698413,0.8888888888888888,0.8055555555555556,0.7741935483870968,0.8275862068965517
308,0.00013003086008477583,1.0,1.0,1.0,1.0,1.0,0.9214548689953286,0.8253968253968254,0.8518518518518519,0.8055555555555556,0.7666666666666667,0.8070175438596491
309,4.7499660585078785e-05,1.0,1.0,1.0,1.0,1.0,0.9061408464301152,0.8571428571428571,0.9259259259259259,0.8055555555555556,0.78125,0.847457627118644
310,0.029641232568694043,0.989033189033189,0.9866522366522367,0.9906204906204906,0.9859408795962509,0.9862964298593581,0.5160558089347822,0.9047619047619048,0.8888888888888888,0.9166666666666666,0.8888888888888888,0.8888888888888888
311,0.002815745092895148,0.9991836734693877,0.9974937343358395,1.0,1.0,0.998745294855709,0.5209480187733702,0.873015873015873,0.8888888888888888,0.8611111111111112,0.8275862068965517,0.8571428571428571
312,0.001478232130662995,0.9991836734693877,0.9991645781119465,0.9991928974979822,0.998330550918197,0.9987473903966597,0.563812696868332,0.8571428571428571,0.8888888888888888,0.8333333333333334,0.8,0.8421052631578947
313,0.022758842266406957,0.9932178932178932,0.9924242424242424,0.9937469937469937,0.9906373784659704,0.9915300054063795,0.5772315951263798,0.8888888888888888,0.9629629629629629,0.8333333333333334,0.8125,0.8813559322033898
314,0.001809936339561479,0.9997278911564625,0.9991645781119465,1.0,1.0,0.9995821145006268,0.4851197778701871,0.873015873015873,0.9259259259259259,0.8333333333333334,0.8064516129032258,0.8620689655172413
315,0.00033223312189145215,1.0,1.0,1.0,1.0,1.0,0.5509832351810819,0.873015873015873,0.9259259259259259,0.8333333333333334,0.8064516129032258,0.8620689655172413
316,0.0220076807203068,0.9924963924963925,0.9906204906204906,0.9937469937469937,0.9906204906204906,0.9906204906204906,0.6160556654619526,0.873015873015873,0.9259259259259259,0.8333333333333334,0.8064516129032258,0.8620689655172413
317,0.008805268616988398,0.9971139971139971,0.9956709956709957,0.9980759980759981,0.9971098265895953,0.9963898916967509,0.6270119820107957,0.8412698412698413,0.8888888888888888,0.8055555555555556,0.7741935483870968,0.8275862068965517
318,0.0016491038223026087,0.9994557823129252,0.9991645781119465,0.9995964487489911,0.9991645781119465,0.9991645781119465,0.7851048042777822,0.8571428571428571,0.8888888888888888,0.8333333333333334,0.8,0.8421052631578947
319,0.00020615578925262402,1.0,1.0,1.0,1.0,1.0,0.7481277540320574,0.873015873015873,0.9259259259259259,0.8333333333333334,0.8064516129032258,0.8620689655172413
320,0.00013132480420584023,1.0,1.0,1.0,1.0,1.0,0.818989086911657,0.873015873015873,0.9259259259259259,0.8333333333333334,0.8064516129032258,0.8620689655172413
321,0.0003590343618206363,1.0,1.0,1.0,1.0,1.0,0.8922615711616966,0.873015873015873,0.9259259259259259,0.8333333333333334,0.8064516129032258,0.8620689655172413
322,0.00010890068804594169,1.0,1.0,1.0,1.0,1.0,0.922972692406874,0.873015873015873,0.9259259259259259,0.8333333333333334,0.8064516129032258,0.8620689655172413
323,0.00031050581324862977,1.0,1.0,1.0,1.0,1.0,0.9518818322553887,0.8571428571428571,0.9259259259259259,0.8055555555555556,0.78125,0.847457627118644
324,0.03591455558345073,0.9875901875901876,0.983044733044733,0.9906204906204906,0.98589001447178,0.9844653179190751,0.589169394695163,0.8571428571428571,0.8518518518518519,0.8611111111111112,0.8214285714285714,0.8363636363636363
325,0.012437117695613545,0.9963924963924964,0.996031746031746,0.9966329966329966,0.994954954954955,0.9954930593113395,0.6671111024186266,0.873015873015873,0.8518518518518519,0.8888888888888888,0.8518518518518519,0.8518518518518519
326,0.010763283922486672,0.9968253968253968,0.9953102453102453,0.9978354978354979,0.9967485549132948,0.996028880866426,0.642081434018023,0.873015873015873,0.8518518518518519,0.8888888888888888,0.8518518518518519,0.8518518518518519
327,0.010030959423103614,0.9966810966810967,0.9949494949494949,0.9978354978354979,0.9967473798337549,0.9958476259252572,0.7233213580708714,0.9047619047619048,0.8888888888888888,0.9166666666666666,0.8888888888888888,0.8888888888888888
328,0.00988561627236084,0.9959183673469387,0.9941520467836257,0.9967715899919289,0.993322203672788,0.9937369519832986,0.4887297455820122,0.8888888888888888,0.8888888888888888,0.8888888888888888,0.8571428571428571,0.8727272727272727
329,0.016540449923117716,0.9950937950937951,0.9938672438672439,0.9959114959114959,0.9938672438672439,0.9938672438672439,0.50260427737348,0.873015873015873,0.8888888888888888,0.8611111111111112,0.8275862068965517,0.8571428571428571
330,0.0011981878193098494,0.9997278911564625,0.9991645781119465,1.0,1.0,0.9995821145006268,0.6198148386234635,0.8571428571428571,0.9259259259259259,0.8055555555555556,0.78125,0.847457627118644
331,0.0002882147429654094,1.0,1.0,1.0,1.0,1.0,0.5751230751664567,0.873015873015873,0.9259259259259259,0.8333333333333334,0.8064516129032258,0.8620689655172413
332,0.0003825421615730026,1.0,1.0,1.0,1.0,1.0,0.6946318816728076,0.8412698412698413,0.9259259259259259,0.7777777777777778,0.7575757575757576,0.8333333333333334
333,0.020021074499222982,0.9930735930735931,0.9920634920634921,0.9937469937469937,0.9906340057636888,0.9913482335976929,0.598968670605534,0.8888888888888888,0.8888888888888888,0.8888888888888888,0.8571428571428571,0.8727272727272727
334,0.009404398860754818,0.9971139971139971,0.9963924963924964,0.9975949975949976,0.9963924963924964,0.9963924963924964,0.6866660856573458,0.9047619047619048,0.9259259259259259,0.8888888888888888,0.8620689655172413,0.8928571428571429
335,0.0026291832000573108,0.9989115646258503,0.9974937343358395,0.9995964487489911,0.999163179916318,0.9983277591973244,0.652763367970548,0.9047619047619048,0.9629629629629629,0.8611111111111112,0.8387096774193549,0.896551724137931
336,0.0007243162660652036,0.9997278911564625,1.0,0.9995964487489911,0.9991652754590985,0.9995824634655532,0.7142107363987533,0.8888888888888888,0.9259259259259259,0.8611111111111112,0.8333333333333334,0.8771929824561403
337,0.01416434178215436,0.9952380952380953,0.9938672438672439,0.9961519961519961,0.9942259112233851,0.9940465451921342,0.6290909436529979,0.873015873015873,0.8888888888888888,0.8611111111111112,0.8275862068965517,0.8571428571428571
338,0.010655795436729287,0.9968253968253968,0.9956709956709957,0.9975949975949976,0.9963898916967509,0.9960303139660772,0.7969029887790962,0.873015873015873,0.8518518518518519,0.8888888888888888,0.8518518518518519,0.8518518518518519
339,0.004525173725078213,0.9991836734693877,0.9991645781119465,0.9991928974979822,0.998330550918197,0.9987473903966597,0.7032514493873191,0.873015873015873,0.8518518518518519,0.8888888888888888,0.8518518518518519,0.8518518518518519
340,0.0003282697771364652,1.0,1.0,1.0,1.0,1.0,0.7373888479323507,0.873015873015873,0.8518518518518519,0.8888888888888888,0.8518518518518519,0.8518518518518519
341,0.00013245528063152403,1.0,1.0,1.0,1.0,1.0,0.7578509674274264,0.873015873015873,0.8518518518518519,0.8888888888888888,0.8518518518518519,0.8518518518518519
342,0.01580893760368555,0.9943722943722944,0.9945887445887446,0.9942279942279942,0.9913700107874865,0.9929767693138843,0.5441822430041193,0.873015873015873,0.8518518518518519,0.8888888888888888,0.8518518518518519,0.8518518518518519
343,0.0014758290121004442,0.9994557823129252,1.0,0.9991928974979822,0.9983319432860718,0.9991652754590985,0.6421771277325914,0.8888888888888888,0.9259259259259259,0.8611111111111112,0.8333333333333334,0.8771929824561403
344,0.017999878813391504,0.9942279942279942,0.9931457431457431,0.9949494949494949,0.9924297043979813,0.9927875946628201,0.5866198662856948,0.8888888888888888,0.9259259259259259,0.8611111111111112,0.8333333333333334,0.8771929824561403
345,0.005043918562539834,0.9989115646258503,0.9991645781119465,0.9987893462469734,0.9974979149291076,0.998330550918197,0.6808503633000083,0.873015873015873,0.8888888888888888,0.8611111111111112,0.8275862068965517,0.8571428571428571
346,0.0002550773521438621,1.0,1.0,1.0,1.0,1.0,0.7198608635881101,0.873015873015873,0.8888888888888888,0.8611111111111112,0.8275862068965517,0.8571428571428571
347,0.00012285915250315007,1.0,1.0,1.0,1.0,1.0,0.715766500115269,0.873015873015873,0.8888888888888888,0.8611111111111112,0.8275862068965517,0.8571428571428571
348,0.00010477665423453813,1.0,1.0,1.0,1.0,1.0,0.7381227230067625,0.873015873015873,0.8888888888888888,0.8611111111111112,0.8275862068965517,0.8571428571428571
349,9.699293207823652e-05,1.0,1.0,1.0,1.0,1.0,0.7952611514795983,0.873015873015873,0.8888888888888888,0.8611111111111112,0.8275862068965517,0.8571428571428571
350,6.840996272955703e-05,1.0,1.0,1.0,1.0,1.0,0.8617685664309344,0.873015873015873,0.8888888888888888,0.8611111111111112,0.8275862068965517,0.8571428571428571
351,0.021521071161228398,0.9929292929292929,0.9920634920634921,0.9935064935064936,0.9902772776377385,0.9911695801045234,0.6843698894044214,0.8571428571428571,0.9259259259259259,0.8055555555555556,0.78125,0.847457627118644
352,0.012016434191731734,0.9959595959595959,0.9956709956709957,0.9961519961519961,0.9942363112391931,0.9949531362653208,0.6349377419343606,0.9047619047619048,0.9259259259259259,0.8888888888888888,0.8620689655172413,0.8928571428571429
353,0.009037678095447501,0.9974025974025974,0.9967532467532467,0.9978354978354979,0.9967532467532467,0.9967532467532467,0.5228196884407745,0.9206349206349206,0.9259259259259259,0.9166666666666666,0.8928571428571429,0.9090909090909091
354,0.010720468089310596,0.9963924963924964,0.9956709956709957,0.9968734968734969,0.995311936530833,0.9954914337240758,0.6965596248933469,0.8888888888888888,0.8518518518518519,0.9166666666666666,0.8846153846153846,0.8679245283018868
355,0.008267558136123197,0.9966810966810967,0.9956709956709957,0.9973544973544973,0.9960303139660772,0.995850622406639,0.3857957620847238,0.8888888888888888,0.9259259259259259,0.8611111111111112,0.8333333333333334,0.8771929824561403
356,0.002297150538236435,0.9994557823129252,0.9991645781119465,0.9995964487489911,0.9991645781119465,0.9991645781119465,0.4495407019040569,0.8888888888888888,0.9629629629629629,0.8333333333333334,0.8125,0.8813559322033898
357,0.0002166107646644996,1.0,1.0,1.0,1.0,1.0,0.567880333356914,0.8888888888888888,0.9259259259259259,0.8611111111111112,0.8333333333333334,0.8771929824561403
358,0.012800485100970075,0.9958152958152958,0.9945887445887446,0.9966329966329966,0.9949476723204619,0.9947681760779361,0.5342168407251371,0.873015873015873,0.8518518518518519,0.8888888888888888,0.8518518518518519,0.8518518518518519
359,0.008602935760109372,0.997979797979798,0.9971139971139971,0.9985569985569985,0.9978339350180505,0.997473836160231,0.46326229734312085,0.8888888888888888,0.8888888888888888,0.8888888888888888,0.8571428571428571,0.8727272727272727
360,0.002967159967534133,0.998639455782313,0.9983291562238931,0.9987893462469734,0.9974958263772955,0.9979123173277662,0.5069936024734661,0.873015873015873,0.8888888888888888,0.8611111111111112,0.8275862068965517,0.8571428571428571
361,0.0010502167711263386,0.9997278911564625,0.9991645781119465,1.0,1.0,0.9995821145006268,0.4765549136528058,0.873015873015873,0.8888888888888888,0.8611111111111112,0.8275862068965517,0.8571428571428571
362,0.011373987842189426,0.9972582972582973,0.996031746031746,0.9980759980759981,0.997110870350307,0.9965710160620826,0.5705323917054412,0.8888888888888888,0.8888888888888888,0.8888888888888888,0.8571428571428571,0.8727272727272727
363,0.011513572153193726,0.9966810966810967,0.996031746031746,0.9971139971139971,0.9956725567976921,0.9958521190261497,0.38553835079073906,0.9206349206349206,0.8888888888888888,0.9444444444444444,0.9230769230769231,0.9056603773584906
364,0.009351452606505313,0.996969696969697,0.9956709956709957,0.9978354978354979,0.9967497291440953,0.9962100703844071,0.40337124926239964,0.9047619047619048,0.9259259259259259,0.8888888888888888,0.8620689655172413,0.8928571428571429
365,0.0094443937276996,0.9968253968253968,0.9963924963924964,0.9971139971139971,0.9956741167988464,0.9960331770645511,0.3173706881969424,0.9206349206349206,0.9259259259259259,0.9166666666666666,0.8928571428571429,0.9090909090909091
366,0.006841286381491655,0.9978354978354979,0.9974747474747475,0.9980759980759981,0.997115037865128,0.9972948602344455,0.3522614509069143,0.9047619047619048,0.9259259259259259,0.8888888888888888,0.8620689655172413,0.8928571428571429
367,0.0011421787093595845,0.9994557823129252,0.9991645781119465,0.9995964487489911,0.9991645781119465,0.9991645781119465,0.5804547185834963,0.8888888888888888,0.9259259259259259,0.8611111111111112,0.8333333333333334,0.8771929824561403
368,0.01401481996542157,0.9943722943722944,0.9927849927849928,0.9954304954304954,0.9931432695777698,0.9929640988634314,0.4490038882349692,0.8888888888888888,0.8888888888888888,0.8888888888888888,0.8571428571428571,0.8727272727272727
369,0.004018941840432508,0.9991836734693877,0.9991645781119465,0.9991928974979822,0.998330550918197,0.9987473903966597,0.3290073257711132,0.8888888888888888,0.8888888888888888,0.8888888888888888,0.8571428571428571,0.8727272727272727
370,0.005916909811636955,0.998639455782313,0.9974937343358395,0.9991928974979822,0.9983277591973244,0.9979105725031342,0.4206221600382825,0.8888888888888888,0.9259259259259259,0.8611111111111112,0.8333333333333334,0.8771929824561403
371,0.000689612027565251,1.0,1.0,1.0,1.0,1.0,0.48782691310066545,0.8888888888888888,0.9629629629629629,0.8333333333333334,0.8125,0.8813559322033898
372,0.010516991022183704,0.9962481962481963,0.9963924963924964,0.9961519961519961,0.994240460763139,0.9953153153153154,0.645368027436826,0.873015873015873,0.8518518518518519,0.8888888888888888,0.8518518518518519,0.8518518518518519
373,0.001084488452977238,0.9994557823129252,0.9991645781119465,0.9995964487489911,0.9991645781119465,0.9991645781119465,0.6630481075865516,0.8571428571428571,0.8888888888888888,0.8333333333333334,0.8,0.8421052631578947
374,0.01623363308446214,0.9945165945165945,0.9931457431457431,0.9954304954304954,0.9931457431457431,0.9931457431457431,0.4844794287337064,0.873015873015873,0.8518518518518519,0.8888888888888888,0.8518518518518519,0.8518518518518519
375,0.003084889691325814,0.998639455782313,0.9983291562238931,0.9987893462469734,0.9974958263772955,0.9979123173277662,0.4339360781328102,0.873015873015873,0.8888888888888888,0.8611111111111112,0.8275862068965517,0.8571428571428571
376,0.0002804367443377177,1.0,1.0,1.0,1.0,1.0,0.4781407088116144,0.873015873015873,0.8888888888888888,0.8611111111111112,0.8275862068965517,0.8571428571428571
377,0.011792521715039202,0.9953823953823954,0.9942279942279942,0.9961519961519961,0.9942279942279942,0.9942279942279942,0.7538218108866925,0.8571428571428571,0.9259259259259259,0.8055555555555556,0.78125,0.847457627118644
378,0.006679385119229608,0.9978231292517007,0.9974937343358395,0.9979822437449556,0.9958298582151793,0.996661101836394,0.6780119058366547,0.8571428571428571,0.8888888888888888,0.8333333333333334,0.8,0.8421052631578947
379,0.0009594373682072425,0.9994557823129252,0.9991645781119465,0.9995964487489911,0.9991645781119465,0.9991645781119465,0.6706252338820681,0.8412698412698413,0.8518518518518519,0.8333333333333334,0.7931034482758621,0.8214285714285714
380,0.0002689011806769548,1.0,1.0,1.0,1.0,1.0,0.6634260048767107,0.8412698412698413,0.8518518518518519,0.8333333333333334,0.7931034482758621,0.8214285714285714
381,0.013428018571284856,0.9945165945165945,0.9938672438672439,0.9949494949494949,0.9924351585014409,0.9931506849315068,0.5059881098935702,0.8888888888888888,0.8888888888888888,0.8888888888888888,0.8571428571428571,0.8727272727272727
382,0.009293244970926456,0.9968253968253968,0.9956709956709957,0.9975949975949976,0.9963898916967509,0.9960303139660772,0.4231566949999274,0.9047619047619048,0.8518518518518519,0.9444444444444444,0.92,0.8846153846153846
383,0.008128455327606424,0.9978354978354979,0.9963924963924964,0.9987974987974988,0.9981929887965305,0.9972919299512547,0.6061848295517155,0.8888888888888888,0.8888888888888888,0.8888888888888888,0.8571428571428571,0.8727272727272727
384,0.010527805886239448,0.9965367965367965,0.9949494949494949,0.9975949975949976,0.9963872832369942,0.9956678700361011,0.5495293642826644,0.9047619047619048,0.9259259259259259,0.8888888888888888,0.8620689655172413,0.8928571428571429
385,0.01001883410409768,0.9966810966810967,0.9956709956709957,0.9973544973544973,0.9960303139660772,0.995850622406639,0.5410671713087516,0.873015873015873,0.8888888888888888,0.8611111111111112,0.8275862068965517,0.8571428571428571
386,0.004825666005070379,0.9987012987012988,0.9985569985569985,0.9987974987974988,0.998196898665705,0.9983769161406673,0.5847044447122792,0.8888888888888888,0.8518518518518519,0.9166666666666666,0.8846153846153846,0.8679245283018868
387,0.0020998007466442024,0.9989115646258503,0.9991645781119465,0.9987893462469734,0.9974979149291076,0.998330550918197,0.4542156225737898,0.8888888888888888,0.8888888888888888,0.8888888888888888,0.8571428571428571,0.8727272727272727
388,0.002426428090475878,0.9994557823129252,0.9983291562238931,1.0,1.0,0.9991638795986622,0.7616754086128721,0.8412698412698413,0.8888888888888888,0.8055555555555556,0.7741935483870968,0.8275862068965517
389,0.0002339624220839556,1.0,1.0,1.0,1.0,1.0,0.765196365548209,0.8253968253968254,0.8518518518518519,0.8055555555555556,0.7666666666666667,0.8070175438596491
390,0.012614861109714931,0.9962481962481963,0.9953102453102453,0.9968734968734969,0.9953102453102453,0.9953102453102453,0.7907955320752946,0.8888888888888888,0.8518518518518519,0.9166666666666666,0.8846153846153846,0.8679245283018868
391,0.0030508845787812944,0.9989115646258503,0.9974937343358395,0.9995964487489911,0.999163179916318,0.9983277591973244,0.8700089689190795,0.7936507936507936,0.8518518518518519,0.75,0.71875,0.7796610169491526
392,0.0013925959680795266,0.9994557823129252,0.9991645781119465,0.9995964487489911,0.9991645781119465,0.9991645781119465,0.7691774342868788,0.873015873015873,0.9259259259259259,0.8333333333333334,0.8064516129032258,0.8620689655172413
393,7.786584047416105e-05,1.0,1.0,1.0,1.0,1.0,0.7831478486636086,0.8571428571428571,0.9259259259259259,0.8055555555555556,0.78125,0.847457627118644
394,0.015200805744466556,0.9950937950937951,0.9945887445887446,0.9954304954304954,0.9931556195965417,0.9938716654650325,0.5447239382767639,0.8888888888888888,0.9259259259259259,0.8611111111111112,0.8333333333333334,0.8771929824561403
395,0.0011237045487909273,0.9997278911564625,0.9991645781119465,1.0,1.0,0.9995821145006268,0.5608886173053872,0.8888888888888888,0.9259259259259259,0.8611111111111112,0.8333333333333334,0.8771929824561403
396,0.007451659044426225,0.9974025974025974,0.9971139971139971,0.9975949975949976,0.996395097332372,0.996754417598269,0.6677598438208594,0.8571428571428571,0.8518518518518519,0.8611111111111112,0.8214285714285714,0.8363636363636363
397,0.01568146814493982,0.9961904761904762,0.9949874686716792,0.9967715899919289,0.9933277731442869,0.9941569282136895,0.554138248507303,0.8571428571428571,0.8888888888888888,0.8333333333333334,0.8,0.8421052631578947
398,0.011778889657928868,0.9962481962481963,0.996031746031746,0.9963924963924964,0.9945965417867435,0.9953136265320837,0.47153560109418036,0.8888888888888888,0.8518518518518519,0.9166666666666666,0.8846153846153846,0.8679245283018868
399,0.0006948057180496256,0.9997278911564625,0.9991645781119465,1.0,1.0,0.9995821145006268,0.5079199677358182,0.873015873015873,0.8518518518518519,0.8888888888888888,0.8518518518518519,0.8518518518518519
400,0.00021128886478492153,1.0,1.0,1.0,1.0,1.0,0.5039650700542436,0.873015873015873,0.8518518518518519,0.8888888888888888,0.8518518518518519,0.8518518518518519
401,0.006581037726975533,0.9975468975468975,0.9967532467532467,0.9980759980759981,0.9971129556116926,0.9969330687353418,0.6332484317887094,0.8571428571428571,0.8518518518518519,0.8611111111111112,0.8214285714285714,0.8363636363636363
402,0.012277450625643838,0.9963924963924964,0.9963924963924964,0.9963924963924964,0.9945984875765215,0.9954946837267976,0.322214602287637,0.8888888888888888,0.8518518518518519,0.9166666666666666,0.8846153846153846,0.8679245283018868
403,0.0011382267141224086,0.9997278911564625,1.0,0.9995964487489911,0.9991652754590985,0.9995824634655532,0.310720918257767,0.9206349206349206,0.8518518518518519,0.9722222222222222,0.9583333333333334,0.9019607843137255
404,0.00017814729132865348,1.0,1.0,1.0,1.0,1.0,0.3204135585465193,0.9365079365079365,0.8888888888888888,0.9722222222222222,0.96,0.9230769230769231
405,0.00015367643433095583,1.0,1.0,1.0,1.0,1.0,0.3852690811324883,0.873015873015873,0.8518518518518519,0.8888888888888888,0.8518518518518519,0.8518518518518519
406,0.012675578780143443,0.9953823953823954,0.9942279942279942,0.9961519961519961,0.9942279942279942,0.9942279942279942,0.5682191480850128,0.9047619047619048,0.8518518518518519,0.9444444444444444,0.92,0.8846153846153846
407,0.0018038588037498954,0.9994557823129252,0.9991645781119465,0.9995964487489911,0.9991645781119465,0.9991645781119465,0.5507348837105267,0.873015873015873,0.8888888888888888,0.8611111111111112,0.8275862068965517,0.8571428571428571
408,0.00022671996911221063,1.0,1.0,1.0,1.0,1.0,0.6618458288747149,0.8571428571428571,0.8888888888888888,0.8333333333333334,0.8,0.8421052631578947
409,0.01570657966699,0.9955266955266955,0.9949494949494949,0.9959114959114959,0.9938738738738738,0.9944113935460609,0.3611099374208448,0.873015873015873,0.8888888888888888,0.8611111111111112,0.8275862068965517,0.8571428571428571
410,0.00102057254861931,0.9997278911564625,0.9991645781119465,1.0,1.0,0.9995821145006268,0.4786855245989818,0.9206349206349206,0.8888888888888888,0.9444444444444444,0.9230769230769231,0.9056603773584906
411,0.0005026436489028698,0.9997278911564625,1.0,0.9995964487489911,0.9991652754590985,0.9995824634655532,0.42617520288192845,0.9206349206349206,0.8888888888888888,0.9444444444444444,0.9230769230769231,0.9056603773584906
412,0.015547293160055445,0.9948051948051948,0.9942279942279942,0.9951899951899952,0.9927953890489913,0.9935111751982696,0.4919144678981014,0.8888888888888888,0.8518518518518519,0.9166666666666666,0.8846153846153846,0.8679245283018868
413,0.0010386234870339668,0.9997278911564625,1.0,0.9995964487489911,0.9991652754590985,0.9995824634655532,0.37627056210915305,0.8888888888888888,0.8148148148148148,0.9444444444444444,0.9166666666666666,0.8627450980392157
414,0.001212771598899907,0.9997278911564625,0.9991645781119465,1.0,1.0,0.9995821145006268,0.3275661178435373,0.9047619047619048,0.8888888888888888,0.9166666666666666,0.8888888888888888,0.8888888888888888
415,0.0002148554992510028,1.0,1.0,1.0,1.0,1.0,0.39803611529882005,0.8888888888888888,0.8888888888888888,0.8888888888888888,0.8571428571428571,0.8727272727272727
416,0.015353403348202043,0.9949494949494949,0.9927849927849928,0.9963924963924964,0.9945789663895916,0.9936811698862611,0.6598817477980259,0.8571428571428571,0.8518518518518519,0.8611111111111112,0.8214285714285714,0.8363636363636363
417,0.0008434494440903139,1.0,1.0,1.0,1.0,1.0,0.41683973795235424,0.8888888888888888,0.8518518518518519,0.9166666666666666,0.8846153846153846,0.8679245283018868
418,0.00025509911837103005,1.0,1.0,1.0,1.0,1.0,0.5993045101382045,0.8571428571428571,0.8518518518518519,0.8611111111111112,0.8214285714285714,0.8363636363636363
419,0.00014905747152519646,1.0,1.0,1.0,1.0,1.0,0.5596315122037638,0.873015873015873,0.9259259259259259,0.8333333333333334,0.8064516129032258,0.8620689655172413
420,0.014446947412627673,0.9945165945165945,0.9927849927849928,0.9956709956709957,0.9935018050541516,0.9931432695777698,0.597217237822839,0.8888888888888888,0.8518518518518519,0.9166666666666666,0.8846153846153846,0.8679245283018868
421,0.007509449394529401,0.9978354978354979,0.9974747474747475,0.9980759980759981,0.997115037865128,0.9972948602344455,0.4873363157962486,0.9047619047619048,0.9259259259259259,0.8888888888888888,0.8620689655172413,0.8928571428571429
422,0.00780918420239563,0.9966810966810967,0.9967532467532467,0.9966329966329966,0.9949585884047534,0.9958551090286538,0.5673328381764429,0.8888888888888888,0.8518518518518519,0.9166666666666666,0.8846153846153846,0.8679245283018868
423,0.0019878945488383325,0.9991836734693877,0.9991645781119465,0.9991928974979822,0.998330550918197,0.9987473903966597,0.5843793997922885,0.8888888888888888,0.8888888888888888,0.8888888888888888,0.8571428571428571,0.8727272727272727
424,0.001042066462213042,0.9997278911564625,0.9991645781119465,1.0,1.0,0.9995821145006268,0.6861819974735212,0.8888888888888888,0.9259259259259259,0.8611111111111112,0.8333333333333334,0.8771929824561403
425,0.0005728166227018679,0.9997278911564625,1.0,0.9995964487489911,0.9991652754590985,0.9995824634655532,0.6999955168533826,0.9047619047619048,0.9259259259259259,0.8888888888888888,0.8620689655172413,0.8928571428571429
426,0.00012969733771514054,1.0,1.0,1.0,1.0,1.0,0.6903788109803062,0.9047619047619048,0.9259259259259259,0.8888888888888888,0.8620689655172413,0.8928571428571429
427,0.01420967553908359,0.9953823953823954,0.9945887445887446,0.9959114959114959,0.9938716654650325,0.994230075730256,0.4317686272134158,0.9047619047619048,0.9259259259259259,0.8888888888888888,0.8620689655172413,0.8928571428571429
428,0.0026828066244496502,0.9989115646258503,0.9974937343358395,0.9995964487489911,0.999163179916318,0.9983277591973244,0.3958422807219673,0.9206349206349206,0.9629629629629629,0.8888888888888888,0.8666666666666667,0.9122807017543859
429,0.01287020065275832,0.9959595959595959,0.9953102453102453,0.9963924963924964,0.994592645998558,0.994951316263974,0.39822363332611516,0.9047619047619048,0.9259259259259259,0.8888888888888888,0.8620689655172413,0.8928571428571429
430,0.0014560708026049285,0.9997278911564625,0.9991645781119465,1.0,1.0,0.9995821145006268,0.5671514119662572,0.8888888888888888,0.9629629629629629,0.8333333333333334,0.8125,0.8813559322033898
431,0.009386249988717477,0.9974025974025974,0.9963924963924964,0.9980759980759981,0.9971119133574007,0.9967520750631541,0.46040692107935827,0.8571428571428571,0.8518518518518519,0.8611111111111112,0.8214285714285714,0.8363636363636363
432,0.005669889180619649,0.9975468975468975,0.9978354978354979,0.9973544973544973,0.9960388908894491,0.9969363849342224,0.38566600800088113,0.8888888888888888,0.8518518518518519,0.9166666666666666,0.8846153846153846,0.8679245283018868
433,0.002368392056610703,0.9989115646258503,0.9983291562238931,0.9991928974979822,0.9983291562238931,0.9983291562238931,0.4553239986886934,0.9206349206349206,0.9259259259259259,0.9166666666666666,0.8928571428571429,0.9090909090909091
434,0.00029410063309894343,1.0,1.0,1.0,1.0,1.0,0.4952041386693184,0.8888888888888888,0.8888888888888888,0.8888888888888888,0.8571428571428571,0.8727272727272727
435,0.008623865507942372,0.9968253968253968,0.9963924963924964,0.9971139971139971,0.9956741167988464,0.9960331770645511,0.9207205712069509,0.8412698412698413,0.8518518518518519,0.8333333333333334,0.7931034482758621,0.8214285714285714
436,0.012835851583240661,0.9948051948051948,0.9931457431457431,0.9959114959114959,0.9938628158844766,0.9935041501263082,0.7059129704118406,0.873015873015873,0.8518518518518519,0.8888888888888888,0.8518518518518519,0.8518518518518519
437,0.010853285141501466,0.996969696969697,0.9963924963924964,0.9973544973544973,0.9960331770645511,0.9962128043282237,0.5134764838974604,0.873015873015873,0.8888888888888888,0.8611111111111112,0.8275862068965517,0.8571428571428571
438,0.0016223103187952134,0.9994557823129252,0.9983291562238931,1.0,1.0,0.9991638795986622,0.595603476779139,0.873015873015873,0.9629629629629629,0.8055555555555556,0.7878787878787878,0.8666666666666667
439,0.007397890257023202,0.9975468975468975,0.9974747474747475,0.9975949975949976,0.9963963963963964,0.9969352803317109,0.5333846819837437,0.873015873015873,0.8518518518518519,0.8888888888888888,0.8518518518518519,0.8518518518518519
440,0.00027937270183002157,1.0,1.0,1.0,1.0,1.0,0.5700195249477157,0.873015873015873,0.8518518518518519,0.8888888888888888,0.8518518518518519,0.8518518518518519
441,0.009123551428481202,0.996969696969697,0.9963924963924964,0.9973544973544973,0.9960331770645511,0.9962128043282237,0.44202887737039764,0.9047619047619048,0.8888888888888888,0.9166666666666666,0.8888888888888888,0.8888888888888888
442,0.007958097748282334,0.9972582972582973,0.9971139971139971,0.9973544973544973,0.9960360360360361,0.996574725076618,0.49160065049525453,0.9047619047619048,0.8888888888888888,0.9166666666666666,0.8888888888888888,0.8888888888888888
443,0.0022612903693209397,0.9994557823129252,0.9983291562238931,1.0,1.0,0.9991638795986622,0.4633768733716958,0.8888888888888888,0.9259259259259259,0.8611111111111112,0.8333333333333334,0.8771929824561403
444,0.0052238621438857975,0.997979797979798,0.9967532467532467,0.9987974987974988,0.9981936416184971,0.9974729241877256,0.3955820118331642,0.9047619047619048,0.9259259259259259,0.8888888888888888,0.8620689655172413,0.8928571428571429
445,0.0069672985261025715,0.9976911976911977,0.9963924963924964,0.9985569985569985,0.9978323699421965,0.9971119133574007,0.48342619178872576,0.8888888888888888,0.8518518518518519,0.9166666666666666,0.8846153846153846,0.8679245283018868
446,0.0009325013461945555,0.9994557823129252,0.9991645781119465,0.9995964487489911,0.9991645781119465,0.9991645781119465,0.4728587411967936,0.9047619047619048,0.8888888888888888,0.9166666666666666,0.8888888888888888,0.8888888888888888
447,0.00011160150530461387,1.0,1.0,1.0,1.0,1.0,0.4594061921025203,0.9206349206349206,0.9259259259259259,0.9166666666666666,0.8928571428571429,0.9090909090909091
448,9.098365043347771e-05,1.0,1.0,1.0,1.0,1.0,0.5395480714047615,0.9047619047619048,0.8888888888888888,0.9166666666666666,0.8888888888888888,0.8888888888888888
449,5.889100755109898e-05,1.0,1.0,1.0,1.0,1.0,0.5371676467433905,0.9206349206349206,0.9259259259259259,0.9166666666666666,0.8928571428571429,0.9090909090909091
450,0.002304949913973824,0.9991836734693877,0.9983291562238931,0.9995964487489911,0.9991638795986622,0.9987463435018805,0.5603429678822212,0.8888888888888888,0.9629629629629629,0.8333333333333334,0.8125,0.8813559322033898
451,0.014253983764373663,0.9952380952380953,0.9942279942279942,0.9959114959114959,0.993869455463397,0.99404869251578,0.6501337067784911,0.8888888888888888,0.8888888888888888,0.8888888888888888,0.8571428571428571,0.8727272727272727
452,0.006962811013786653,0.9976911976911977,0.9971139971139971,0.9980759980759981,0.9971139971139971,0.9971139971139971,0.6071742206538421,0.873015873015873,0.8888888888888888,0.8611111111111112,0.8275862068965517,0.8571428571428571
453,0.006755442542124875,0.9975468975468975,0.9967532467532467,0.9980759980759981,0.9971129556116926,0.9969330687353418,0.5417599385294284,0.9206349206349206,0.9259259259259259,0.9166666666666666,0.8928571428571429,0.9090909090909091
454,0.002024750659288007,0.9994557823129252,1.0,0.9991928974979822,0.9983319432860718,0.9991652754590985,0.4763947019339881,0.9047619047619048,0.8888888888888888,0.9166666666666666,0.8888888888888888,0.8888888888888888
455,0.0008189585428757413,0.9994557823129252,0.9983291562238931,1.0,1.0,0.9991638795986622,0.48902535335773356,0.9206349206349206,0.9259259259259259,0.9166666666666666,0.8928571428571429,0.9090909090909091
456,0.009386379968312056,0.9974025974025974,0.996031746031746,0.9983164983164983,0.997471098265896,0.9967509025270758,0.34896069528010215,0.9047619047619048,0.9259259259259259,0.8888888888888888,0.8620689655172413,0.8928571428571429
457,0.0058946047569467174,0.9987012987012988,0.9985569985569985,0.9987974987974988,0.998196898665705,0.9983769161406673,0.45409101146801806,0.9206349206349206,0.9259259259259259,0.9166666666666666,0.8928571428571429,0.9090909090909091
458,0.0003512772015944522,1.0,1.0,1.0,1.0,1.0,0.5353837966954055,0.8888888888888888,0.9259259259259259,0.8611111111111112,0.8333333333333334,0.8771929824561403
459,0.012256098404188384,0.9958152958152958,0.9949494949494949,0.9963924963924964,0.994590695997115,0.9947700631199279,0.4254259242369453,0.9206349206349206,0.9259259259259259,0.9166666666666666,0.8928571428571429,0.9090909090909091
460,0.001726678447871347,0.9994557823129252,1.0,0.9991928974979822,0.9983319432860718,0.9991652754590985,0.500846992765594,0.873015873015873,0.8888888888888888,0.8611111111111112,0.8275862068965517,0.8571428571428571
461,0.00013325735072866257,1.0,1.0,1.0,1.0,1.0,0.5877389329333609,0.9047619047619048,0.9259259259259259,0.8888888888888888,0.8620689655172413,0.8928571428571429
462,0.00028608560276985546,0.9997278911564625,0.9991645781119465,1.0,1.0,0.9995821145006268,0.7184735648567319,0.8412698412698413,0.9259259259259259,0.7777777777777778,0.7575757575757576,0.8333333333333334
463,0.0008351361815592248,0.9997278911564625,1.0,0.9995964487489911,0.9991652754590985,0.9995824634655532,0.5483186529740961,0.873015873015873,0.9259259259259259,0.8333333333333334,0.8064516129032258,0.8620689655172413
464,7.854594475154917e-05,1.0,1.0,1.0,1.0,1.0,0.6173134594317249,0.8571428571428571,0.9259259259259259,0.8055555555555556,0.78125,0.847457627118644
465,3.25775765574325e-05,1.0,1.0,1.0,1.0,1.0,0.6794262449585071,0.8571428571428571,0.9259259259259259,0.8055555555555556,0.78125,0.847457627118644
466,2.7544292696845896e-05,1.0,1.0,1.0,1.0,1.0,0.6975730236655282,0.873015873015873,0.9259259259259259,0.8333333333333334,0.8064516129032258,0.8620689655172413
467,3.28856728803509e-05,1.0,1.0,1.0,1.0,1.0,0.7947347923027193,0.8412698412698413,0.9259259259259259,0.7777777777777778,0.7575757575757576,0.8333333333333334
468,2.0918794570559615e-05,1.0,1.0,1.0,1.0,1.0,0.7479792352517954,0.8412698412698413,0.9259259259259259,0.7777777777777778,0.7575757575757576,0.8333333333333334
469,2.9272014603551736e-05,1.0,1.0,1.0,1.0,1.0,0.9453181755540306,0.8412698412698413,0.9259259259259259,0.7777777777777778,0.7575757575757576,0.8333333333333334
470,1.4761882107728636e-05,1.0,1.0,1.0,1.0,1.0,0.979861001836287,0.8412698412698413,0.9259259259259259,0.7777777777777778,0.7575757575757576,0.8333333333333334
471,1.5506536081276098e-05,1.0,1.0,1.0,1.0,1.0,0.9567013447044052,0.8412698412698413,0.9259259259259259,0.7777777777777778,0.7575757575757576,0.8333333333333334
472,0.020199547595576347,0.9936507936507937,0.9920634920634921,0.9947089947089947,0.9920634920634921,0.9920634920634921,0.6741923840720176,0.873015873015873,0.8888888888888888,0.8611111111111112,0.8275862068965517,0.8571428571428571
473,0.008674382217596557,0.9975468975468975,0.996031746031746,0.9985569985569985,0.9978315865558366,0.9969308539447553,0.5828405551183673,0.8888888888888888,0.8888888888888888,0.8888888888888888,0.8571428571428571,0.8727272727272727
474,0.008874369559647542,0.9972582972582973,0.9971139971139971,0.9973544973544973,0.9960360360360361,0.996574725076618,0.7538025244009785,0.873015873015873,0.8888888888888888,0.8611111111111112,0.8275862068965517,0.8571428571428571
475,0.0006371229409943429,0.9997278911564625,1.0,0.9995964487489911,0.9991652754590985,0.9995824634655532,0.7586917178458183,0.8888888888888888,0.9259259259259259,0.8611111111111112,0.8333333333333334,0.8771929824561403
476,0.006115554212459832,0.9985569985569985,0.9981962481962482,0.9987974987974988,0.9981962481962482,0.9981962481962482,0.8231930352219876,0.873015873015873,0.9259259259259259,0.8333333333333334,0.8064516129032258,0.8620689655172413
477,0.001530495298591347,0.9994557823129252,0.9983291562238931,1.0,1.0,0.9991638795986622,0.7426648605206061,0.9047619047619048,0.9259259259259259,0.8888888888888888,0.8620689655172413,0.8928571428571429
478,0.011072902437521653,0.9966810966810967,0.996031746031746,0.9971139971139971,0.9956725567976921,0.9958521190261497,0.5682048364664846,0.8888888888888888,0.9259259259259259,0.8611111111111112,0.8333333333333334,0.8771929824561403
479,0.004002296113381898,0.9987012987012988,0.9981962481962482,0.9990379990379991,0.9985564778058462,0.9983763305069457,0.62640858557868,0.8888888888888888,0.9259259259259259,0.8611111111111112,0.8333333333333334,0.8771929824561403
480,0.011242055217996899,0.9962481962481963,0.9956709956709957,0.9966329966329966,0.9949531362653208,0.995311936530833,0.39546455517605256,0.9206349206349206,0.8888888888888888,0.9444444444444444,0.9230769230769231,0.9056603773584906
481,0.004528206176975157,0.9983673469387755,0.9983291562238931,0.9983857949959645,0.9966638865721434,0.9974958263772955,0.5307418956878199,0.9047619047619048,0.8888888888888888,0.9166666666666666,0.8888888888888888,0.8888888888888888
482,0.0003585263997926947,1.0,1.0,1.0,1.0,1.0,0.5360562935492785,0.9206349206349206,0.9259259259259259,0.9166666666666666,0.8928571428571429,0.9090909090909091
483,0.010383037598703687,0.9971139971139971,0.9967532467532467,0.9973544973544973,0.9960346070656092,0.99639379733141,0.628227257989541,0.8888888888888888,0.8888888888888888,0.8888888888888888,0.8571428571428571,0.8727272727272727
484,0.0004711419544744996,1.0,1.0,1.0,1.0,1.0,0.62252377739591,0.8888888888888888,0.8888888888888888,0.8888888888888888,0.8571428571428571,0.8727272727272727
485,0.0069624683859608235,0.9976911976911977,0.9974747474747475,0.9978354978354979,0.9967555875991349,0.997115037865128,0.4982247709856546,0.9047619047619048,0.8888888888888888,0.9166666666666666,0.8888888888888888,0.8888888888888888
486,0.008856230844555151,0.9968253968253968,0.9953102453102453,0.9978354978354979,0.9967485549132948,0.996028880866426,0.473214923426216,0.9047619047619048,0.8518518518518519,0.9444444444444444,0.92,0.8846153846153846
487,0.005833277125661401,0.9981240981240981,0.9971139971139971,0.9987974987974988,0.9981942939689419,0.9976538530951092,0.5362360088285409,0.9047619047619048,0.8888888888888888,0.9166666666666666,0.8888888888888888,0.8888888888888888
488,0.002868712501075151,0.998989898989899,0.9985569985569985,0.9992784992784993,0.9989173583543847,0.9987371459498466,0.5607993853988037,0.9206349206349206,0.9259259259259259,0.9166666666666666,0.8928571428571429,0.9090909090909091
489,0.009513344276527995,0.9959595959595959,0.9945887445887446,0.9968734968734969,0.9953068592057762,0.9949476723204619,0.6520824754167863,0.873015873015873,0.8518518518518519,0.8888888888888888,0.8518518518518519,0.8518518518518519
490,0.0013025770410577087,0.9994557823129252,0.9991645781119465,0.9995964487489911,0.9991645781119465,0.9991645781119465,0.6638175757217963,0.8888888888888888,0.8888888888888888,0.8888888888888888,0.8571428571428571,0.8727272727272727
491,0.009115258277744594,0.9974025974025974,0.996031746031746,0.9983164983164983,0.997471098265896,0.9967509025270758,0.6472422810872399,0.8888888888888888,0.8518518518518519,0.9166666666666666,0.8846153846153846,0.8679245283018868
492,0.004140354214631499,0.9984126984126984,0.9978354978354979,0.9987974987974988,0.9981955972573078,0.9980155150640447,0.8739675113809802,0.8888888888888888,0.8888888888888888,0.8888888888888888,0.8571428571428571,0.8727272727272727
493,0.005103722770281676,0.9984126984126984,0.9981962481962482,0.9985569985569985,0.997836278398846,0.9980162308385934,0.7377190314000472,0.9047619047619048,0.9259259259259259,0.8888888888888888,0.8620689655172413,0.8928571428571429
494,0.0015155846453299524,0.9991836734693877,0.9991645781119465,0.9991928974979822,0.998330550918197,0.9987473903966597,0.8467296566806677,0.9047619047619048,0.9259259259259259,0.8888888888888888,0.8620689655172413,0.8928571428571429
495,0.008764750542833764,0.9974025974025974,0.996031746031746,0.9983164983164983,0.997471098265896,0.9967509025270758,0.6101227104161462,0.8888888888888888,0.8888888888888888,0.8888888888888888,0.8571428571428571,0.8727272727272727
496,0.005776016022181417,0.9982683982683983,0.9978354978354979,0.9985569985569985,0.9978354978354979,0.9978354978354979,0.7163370721859142,0.9047619047619048,0.8888888888888888,0.9166666666666666,0.8888888888888888,0.8888888888888888
497,0.007025992563418049,0.9989115646258503,0.9991645781119465,0.9987893462469734,0.9974979149291076,0.998330550918197,0.5582464081921249,0.9047619047619048,0.9259259259259259,0.8888888888888888,0.8620689655172413,0.8928571428571429
498,0.0012592087525951194,0.9994557823129252,0.9991645781119465,0.9995964487489911,0.9991645781119465,0.9991645781119465,0.5344648597880252,0.8888888888888888,0.9259259259259259,0.8611111111111112,0.8333333333333334,0.8771929824561403
499,0.0005752293253634251,0.9997278911564625,1.0,0.9995964487489911,0.9991652754590985,0.9995824634655532,0.7907127947038379,0.8888888888888888,0.9259259259259259,0.8611111111111112,0.8333333333333334,0.8771929824561403
500,0.001334285078660132,0.9997278911564625,0.9991645781119465,1.0,1.0,0.9995821145006268,0.7308312219295962,0.8888888888888888,0.9259259259259259,0.8611111111111112,0.8333333333333334,0.8771929824561403
501,0.011418122436296401,0.9966810966810967,0.9953102453102453,0.9975949975949976,0.9963885879378838,0.9958491247067316,0.6176393323537287,0.9206349206349206,0.9629629629629629,0.8888888888888888,0.8666666666666667,0.9122807017543859
502,0.005152171461884615,0.9988455988455989,0.9985569985569985,0.9990379990379991,0.9985569985569985,0.9985569985569985,0.5993941102402344,0.8888888888888888,0.8888888888888888,0.8888888888888888,0.8571428571428571,0.8727272727272727
503,0.008723482422218699,0.997979797979798,0.9967532467532467,0.9987974987974988,0.9981936416184971,0.9974729241877256,0.5260688920023977,0.9206349206349206,0.9259259259259259,0.9166666666666666,0.8928571428571429,0.9090909090909091
504,0.005295626670223884,0.997979797979798,0.9974747474747475,0.9983164983164983,0.9974747474747475,0.9974747474747475,0.5478828663446678,0.9206349206349206,0.9259259259259259,0.9166666666666666,0.8928571428571429,0.9090909090909091
505,0.006143604680337415,0.9976911976911977,0.9967532467532467,0.9983164983164983,0.9974729241877256,0.9971129556116926,0.4967792355002732,0.9206349206349206,0.9259259259259259,0.9166666666666666,0.8928571428571429,0.9090909090909091
506,0.006467483547673404,0.9978354978354979,0.9963924963924964,0.9987974987974988,0.9981929887965305,0.9972919299512547,0.7494641687944605,0.8888888888888888,0.9259259259259259,0.8611111111111112,0.8333333333333334,0.8771929824561403
507,0.0054777803866006315,0.9987012987012988,0.9992784992784993,0.9983164983164983,0.9974792942023767,0.9983780861416471,0.6317067356121409,0.8888888888888888,0.8888888888888888,0.8888888888888888,0.8571428571428571,0.8727272727272727
508,0.005674691744540814,0.997979797979798,0.9974747474747475,0.9983164983164983,0.9974747474747475,0.9974747474747475,0.7027060086955548,0.8888888888888888,0.8888888888888888,0.8888888888888888,0.8571428571428571,0.8727272727272727
509,0.005893342042490539,0.9981240981240981,0.9974747474747475,0.9985569985569985,0.9978347167087694,0.9976546996211438,0.5464051818403061,0.873015873015873,0.8888888888888888,0.8611111111111112,0.8275862068965517,0.8571428571428571
510,0.0025857930257992046,0.998989898989899,0.9989177489177489,0.9990379990379991,0.9985575189325641,0.9987376014427413,0.5134842428366057,0.8888888888888888,0.8888888888888888,0.8888888888888888,0.8571428571428571,0.8727272727272727
511,0.003613370375487346,0.9988455988455989,0.9981962481962482,0.9992784992784993,0.9989169675090253,0.9985564778058462,0.5690057229511449,0.8888888888888888,0.9259259259259259,0.8611111111111112,0.8333333333333334,0.8771929824561403
512,0.005005747938582329,0.9985569985569985,0.9985569985569985,0.9985569985569985,0.9978370583994232,0.998196898665705,0.5165305628687502,0.9047619047619048,0.8888888888888888,0.9166666666666666,0.8888888888888888,0.8888888888888888
513,0.006606089714648091,0.9971139971139971,0.9967532467532467,0.9973544973544973,0.9960346070656092,0.99639379733141,0.5348686413976432,0.9206349206349206,0.9629629629629629,0.8888888888888888,0.8666666666666667,0.9122807017543859
514,0.005511665543038862,0.9985569985569985,0.9989177489177489,0.9983164983164983,0.997478386167147,0.998197548666186,0.6640139032833903,0.8888888888888888,0.9259259259259259,0.8611111111111112,0.8333333333333334,0.8771929824561403
515,0.0063566399550009835,0.997979797979798,0.9974747474747475,0.9983164983164983,0.9974747474747475,0.9974747474747475,0.649250180013099,0.8412698412698413,0.9259259259259259,0.7777777777777778,0.7575757575757576,0.8333333333333334
516,0.004135422881342688,0.9988455988455989,0.9989177489177489,0.9987974987974988,0.998197548666186,0.9985575189325641,0.5095483495852455,0.9206349206349206,0.9629629629629629,0.8888888888888888,0.8666666666666667,0.9122807017543859
517,0.004513510266444026,0.9988455988455989,0.9985569985569985,0.9990379990379991,0.9985569985569985,0.9985569985569985,0.5137581432839701,0.9206349206349206,0.9629629629629629,0.8888888888888888,0.8666666666666667,0.9122807017543859
518,0.004130036639898028,0.9982683982683983,0.9978354978354979,0.9985569985569985,0.9978354978354979,0.9978354978354979,0.4417949482601779,0.9365079365079365,0.9629629629629629,0.9166666666666666,0.896551724137931,0.9285714285714286
519,0.002614993107794123,0.9994227994227994,0.9989177489177489,0.9997594997594997,0.9996389891696751,0.9992782389029231,0.45986731112717527,0.9047619047619048,0.9629629629629629,0.8611111111111112,0.8387096774193549,0.896551724137931
520,0.0011313111661292344,0.9995670995670995,0.9996392496392497,0.9995189995189995,0.999278759466282,0.999458972046889,0.43843862799385247,0.9047619047619048,0.9259259259259259,0.8888888888888888,0.8620689655172413,0.8928571428571429
521,0.008938646580771573,0.996969696969697,0.9963924963924964,0.9973544973544973,0.9960331770645511,0.9962128043282237,0.5413014700898202,0.8888888888888888,0.8888888888888888,0.8888888888888888,0.8571428571428571,0.8727272727272727
522,0.005802162769028618,0.9988455988455989,0.9981962481962482,0.9992784992784993,0.9989169675090253,0.9985564778058462,0.4610450451788012,0.9047619047619048,0.9259259259259259,0.8888888888888888,0.8620689655172413,0.8928571428571429
523,0.0018840100398793617,0.9992784992784993,0.9985569985569985,0.9997594997594997,0.9996388587937883,0.9990976358058112,0.6957925499616919,0.8888888888888888,0.8888888888888888,0.8888888888888888,0.8571428571428571,0.8727272727272727
524,0.005419170680547794,0.9984126984126984,0.9974747474747475,0.9990379990379991,0.9985554351751534,0.9980147987727847,0.7737484155989637,0.8571428571428571,0.8518518518518519,0.8611111111111112,0.8214285714285714,0.8363636363636363
525,0.008166002880200106,0.9974025974025974,0.9967532467532467,0.9978354978354979,0.9967532467532467,0.9967532467532467,0.45821209429598797,0.9206349206349206,0.8888888888888888,0.9444444444444444,0.9230769230769231,0.9056603773584906
526,0.004086495554895054,0.9984126984126984,0.9974747474747475,0.9990379990379991,0.9985554351751534,0.9980147987727847,0.5653478265790793,0.8888888888888888,0.8888888888888888,0.8888888888888888,0.8571428571428571,0.8727272727272727
527,0.003865322660883498,0.998989898989899,0.9992784992784993,0.9987974987974988,0.9981981981981982,0.9987380566071751,0.6071365004833159,0.9047619047619048,0.8518518518518519,0.9444444444444444,0.92,0.8846153846153846
528,0.0042841492060551834,0.9985569985569985,0.9985569985569985,0.9985569985569985,0.9978370583994232,0.998196898665705,0.5723858110475935,0.9206349206349206,0.9259259259259259,0.9166666666666666,0.8928571428571429,0.9090909090909091
529,0.007784605290557664,0.9976911976911977,0.9971139971139971,0.9980759980759981,0.9971139971139971,0.9971139971139971,0.6119667895074512,0.8888888888888888,0.8888888888888888,0.8888888888888888,0.8571428571428571,0.8727272727272727
530,0.002818586612562078,0.9988455988455989,0.9978354978354979,0.9995189995189995,0.9992774566473989,0.9985559566787003,0.6591087252387614,0.9206349206349206,0.9259259259259259,0.9166666666666666,0.8928571428571429,0.9090909090909091
531,0.000898899999015846,0.9998556998556999,0.9996392496392497,1.0,1.0,0.9998195922785496,0.8313295615422133,0.8888888888888888,0.8888888888888888,0.8888888888888888,0.8571428571428571,0.8727272727272727
532,0.008805089362682773,0.9974025974025974,0.9963924963924964,0.9980759980759981,0.9971119133574007,0.9967520750631541,0.8524758562875038,0.9047619047619048,0.8888888888888888,0.9166666666666666,0.8888888888888888,0.8888888888888888
533,0.009631399065174224,0.9963924963924964,0.996031746031746,0.9966329966329966,0.994954954954955,0.9954930593113395,0.7253768692380473,0.873015873015873,0.8518518518518519,0.8888888888888888,0.8518518518518519,0.8518518518518519
534,0.004545000857689397,0.9982683982683983,0.9978354978354979,0.9985569985569985,0.9978354978354979,0.9978354978354979,0.8097485139875235,0.8888888888888888,0.8888888888888888,0.8888888888888888,0.8571428571428571,0.8727272727272727
535,0.0030911311968854624,0.9992784992784993,0.9992784992784993,0.9992784992784993,0.998918139199423,0.9990982867448152,0.8913813357092237,0.873015873015873,0.8518518518518519,0.8888888888888888,0.8518518518518519,0.8518518518518519
536,0.0003532369182529985,1.0,1.0,1.0,1.0,1.0,1.0140374267994336,0.873015873015873,0.8518518518518519,0.8888888888888888,0.8518518518518519,0.8518518518518519
537,0.01068382005189371,0.997979797979798,0.9971139971139971,0.9985569985569985,0.9978339350180505,0.997473836160231,0.6440543091651755,0.8888888888888888,0.8518518518518519,0.9166666666666666,0.8846153846153846,0.8679245283018868
538,0.007999413264499999,0.9975468975468975,0.9963924963924964,0.9983164983164983,0.9974720115565185,0.9969319617397582,0.6165201043544267,0.8888888888888888,0.8518518518518519,0.9166666666666666,0.8846153846153846,0.8679245283018868
539,0.002445945407018037,0.9994557823129252,1.0,0.9991928974979822,0.9983319432860718,0.9991652754590985,0.6821759170049936,0.8888888888888888,0.8888888888888888,0.8888888888888888,0.8571428571428571,0.8727272727272727
540,0.005190830203978419,0.9982683982683983,0.9978354978354979,0.9985569985569985,0.9978354978354979,0.9978354978354979,0.6762187901641727,0.8888888888888888,0.8888888888888888,0.8888888888888888,0.8571428571428571,0.8727272727272727
541,0.005391530962216162,0.9981240981240981,0.9974747474747475,0.9985569985569985,0.9978347167087694,0.9976546996211438,0.602121675599991,0.8888888888888888,0.8518518518518519,0.9166666666666666,0.8846153846153846,0.8679245283018868
542,0.0017554464192220973,0.9995670995670995,0.9989177489177489,1.0,1.0,0.9994585814834868,0.7286233094099093,0.8888888888888888,0.8518518518518519,0.9166666666666666,0.8846153846153846,0.8679245283018868
543,0.006111337059381626,0.9981240981240981,0.9978354978354979,0.9983164983164983,0.997475658131987,0.9976555455365194,0.806514442907226,0.9047619047619048,0.8888888888888888,0.9166666666666666,0.8888888888888888,0.8888888888888888
544,0.007236443402495239,0.9981240981240981,0.9974747474747475,0.9985569985569985,0.9978347167087694,0.9976546996211438,0.5559357925279377,0.8888888888888888,0.8888888888888888,0.8888888888888888,0.8571428571428571,0.8727272727272727
545,0.005132802549897252,0.997979797979798,0.9981962481962482,0.9978354978354979,0.9967579250720461,0.9974765681326604,0.4882059665082673,0.9047619047619048,0.8888888888888888,0.9166666666666666,0.8888888888888888,0.8888888888888888
546,0.004380884490194127,0.9987012987012988,0.9985569985569985,0.9987974987974988,0.998196898665705,0.9983769161406673,0.5449650599195073,0.9047619047619048,0.8888888888888888,0.9166666666666666,0.8888888888888888,0.8888888888888888
547,0.005523233753720477,0.9985569985569985,0.9978354978354979,0.9990379990379991,0.9985559566787003,0.9981955972573078,0.6146483447882352,0.8888888888888888,0.8518518518518519,0.9166666666666666,0.8846153846153846,0.8679245283018868
548,0.003098115603786551,0.9994227994227994,0.9992784992784993,0.9995189995189995,0.9992784992784993,0.9992784992784993,0.648092112745063,0.9206349206349206,0.8888888888888888,0.9444444444444444,0.9230769230769231,0.9056603773584906
549,0.008166890410463092,0.997979797979798,0.9978354978354979,0.9980759980759981,0.9971160778658976,0.997475658131987,0.5926097041966776,0.9047619047619048,0.8888888888888888,0.9166666666666666,0.8888888888888888,0.8888888888888888
550,0.0036152304036982563,0.9991341991341991,0.9992784992784993,0.9990379990379991,0.9985580389329488,0.998918139199423,0.729738832861975,0.8888888888888888,0.8888888888888888,0.8888888888888888,0.8571428571428571,0.8727272727272727
551,0.007454734647367141,0.9978354978354979,0.9981962481962482,0.9975949975949976,0.996398991717681,0.9972968102360785,0.4956642520668365,0.9206349206349206,0.8888888888888888,0.9444444444444444,0.9230769230769231,0.9056603773584906
552,0.002910196212420569,0.9987012987012988,0.9985569985569985,0.9987974987974988,0.998196898665705,0.9983769161406673,0.5909535577303604,0.9047619047619048,0.8888888888888888,0.9166666666666666,0.8888888888888888,0.8888888888888888
553,0.0016854326937707595,0.9995670995670995,0.9989177489177489,1.0,1.0,0.9994585814834868,0.5707268027916086,0.9206349206349206,0.9259259259259259,0.9166666666666666,0.8928571428571429,0.9090909090909091
554,0.004402539086796682,0.9988455988455989,0.9981962481962482,0.9992784992784993,0.9989169675090253,0.9985564778058462,0.5629029414158717,0.9047619047619048,0.8518518518518519,0.9444444444444444,0.92,0.8846153846153846
555,0.005406215375882715,0.9981240981240981,0.9985569985569985,0.9978354978354979,0.9967590925459129,0.9976572355379347,0.6697470636341706,0.9047619047619048,0.8888888888888888,0.9166666666666666,0.8888888888888888,0.8888888888888888
556,0.0030258580040753644,0.9985569985569985,0.9981962481962482,0.9987974987974988,0.9981962481962482,0.9981962481962482,0.712389654430837,0.8888888888888888,0.8518518518518519,0.9166666666666666,0.8846153846153846,0.8679245283018868
557,0.006222267357380977,0.9981240981240981,0.9967532467532467,0.9990379990379991,0.9985543910372244,0.9976530059577541,0.5642807098303155,0.9365079365079365,0.9629629629629629,0.9166666666666666,0.896551724137931,0.9285714285714286
558,0.007645943647518137,0.9976911976911977,0.9971139971139971,0.9980759980759981,0.9971139971139971,0.9971139971139971,0.6020677695147848,0.9047619047619048,0.8888888888888888,0.9166666666666666,0.8888888888888888,0.8888888888888888
559,0.006235687129391767,0.9978354978354979,0.9974747474747475,0.9980759980759981,0.997115037865128,0.9972948602344455,0.5371362252534175,0.9206349206349206,0.9259259259259259,0.9166666666666666,0.8928571428571429,0.9090909090909091
560,0.0033035305853298357,0.9994557823129252,1.0,0.9991928974979822,0.9983319432860718,0.9991652754590985,0.5683181864326813,0.9047619047619048,0.8888888888888888,0.9166666666666666,0.8888888888888888,0.8888888888888888
561,0.0063002932802874384,0.9978354978354979,0.9967532467532467,0.9985569985569985,0.9978331527627302,0.9972929074174337,0.4785879297546455,0.9047619047619048,0.9259259259259259,0.8888888888888888,0.8620689655172413,0.8928571428571429
562,0.0023760260387450903,0.9991836734693877,0.9991645781119465,0.9991928974979822,0.998330550918197,0.9987473903966597,0.48338508859749363,0.9047619047619048,0.8888888888888888,0.9166666666666666,0.8888888888888888,0.8888888888888888
563,0.003114970845353971,0.9992784992784993,0.9992784992784993,0.9992784992784993,0.998918139199423,0.9990982867448152,0.6299052243776959,0.9047619047619048,0.8888888888888888,0.9166666666666666,0.8888888888888888,0.8888888888888888
564,0.007948237996457533,0.9966810966810967,0.996031746031746,0.9971139971139971,0.9956725567976921,0.9958521190261497,0.5505489106604179,0.9047619047619048,0.8518518518518519,0.9444444444444444,0.92,0.8846153846153846
565,0.0018646554491976936,0.9995670995670995,0.9996392496392497,0.9995189995189995,0.999278759466282,0.999458972046889,0.48520925461170483,0.9206349206349206,0.8888888888888888,0.9444444444444444,0.9230769230769231,0.9056603773584906
566,0.0021647206369873463,0.9995670995670995,0.9992784992784993,0.9997594997594997,0.9996391194514616,0.9994587768356485,0.5500095352561201,0.9365079365079365,0.9259259259259259,0.9444444444444444,0.9259259259259259,0.9259259259259259
567,0.0035407837705695947,0.9988455988455989,0.9981962481962482,0.9992784992784993,0.9989169675090253,0.9985564778058462,0.6660813614710476,0.9047619047619048,0.8148148148148148,0.9722222222222222,0.9565217391304348,0.88
568,0.00594453126734052,0.9985569985569985,0.9981962481962482,0.9987974987974988,0.9981962481962482,0.9981962481962482,0.5637011101715048,0.9047619047619048,0.8888888888888888,0.9166666666666666,0.8888888888888888,0.8888888888888888
569,0.00419099135430611,0.9985569985569985,0.9985569985569985,0.9985569985569985,0.9978370583994232,0.998196898665705,0.5746863119881406,0.9047619047619048,0.8888888888888888,0.9166666666666666,0.8888888888888888,0.8888888888888888
570,0.004258160818159199,0.9982683982683983,0.9974747474747475,0.9987974987974988,0.9981949458483754,0.9978347167087694,0.5956250603360657,0.9047619047619048,0.8888888888888888,0.9166666666666666,0.8888888888888888,0.8888888888888888
571,0.0015354764463709572,0.9992784992784993,0.9992784992784993,0.9992784992784993,0.998918139199423,0.9990982867448152,0.9772440496202589,0.8412698412698413,0.8888888888888888,0.8055555555555556,0.7741935483870968,0.8275862068965517
572,0.006043252399873279,0.9981240981240981,0.9981962481962482,0.9980759980759981,0.9971171171171171,0.9976563908418965,0.59836430260117,0.9047619047619048,0.8518518518518519,0.9444444444444444,0.92,0.8846153846153846
573,0.0038409519221458996,0.9987012987012988,0.9981962481962482,0.9990379990379991,0.9985564778058462,0.9983763305069457,0.554385597908376,0.8888888888888888,0.8518518518518519,0.9166666666666666,0.8846153846153846,0.8679245283018868
574,0.00570277345338974,0.9984126984126984,0.9981962481962482,0.9985569985569985,0.997836278398846,0.9980162308385934,0.6590815525664694,0.9047619047619048,0.9259259259259259,0.8888888888888888,0.8620689655172413,0.8928571428571429
575,0.0022566933799494193,0.9992784992784993,0.9989177489177489,0.9995189995189995,0.9992782389029231,0.9990979613927476,0.3411607627228174,0.9523809523809523,0.9629629629629629,0.9444444444444444,0.9285714285714286,0.9454545454545454
576,0.0072565924097138116,0.9978354978354979,0.9978354978354979,0.9978354978354979,0.9967567567567568,0.9972958355868037,0.4979507139533881,0.9206349206349206,0.8888888888888888,0.9444444444444444,0.9230769230769231,0.9056603773584906
577,0.0023432570544689134,0.9992784992784993,0.9992784992784993,0.9992784992784993,0.998918139199423,0.9990982867448152,0.6427263254336717,0.8888888888888888,0.8888888888888888,0.8888888888888888,0.8571428571428571,0.8727272727272727
578,0.006896730352391426,0.997979797979798,0.9971139971139971,0.9985569985569985,0.9978339350180505,0.997473836160231,0.5447451146186694,0.8888888888888888,0.8518518518518519,0.9166666666666666,0.8846153846153846,0.8679245283018868
579,0.00419241426847041,0.9985569985569985,0.9985569985569985,0.9985569985569985,0.9978370583994232,0.998196898665705,0.6279771402427402,0.8888888888888888,0.8888888888888888,0.8888888888888888,0.8571428571428571,0.8727272727272727
580,0.003720386826919901,0.9992784992784993,0.9996392496392497,0.9990379990379991,0.9985585585585586,0.9990986118622679,0.5675931613184239,0.9047619047619048,0.8888888888888888,0.9166666666666666,0.8888888888888888,0.8888888888888888
581,0.004960590566439156,0.9984126984126984,0.9974747474747475,0.9990379990379991,0.9985554351751534,0.9980147987727847,0.7869721028841418,0.8571428571428571,0.8518518518518519,0.8611111111111112,0.8214285714285714,0.8363636363636363
582,0.00845789459869198,0.9972582972582973,0.9963924963924964,0.9978354978354979,0.9967520750631541,0.9965722532924409,0.6403325805569895,0.8888888888888888,0.8888888888888888,0.8888888888888888,0.8571428571428571,0.8727272727272727
583,0.00231801292642398,0.9994227994227994,0.9992784992784993,0.9995189995189995,0.9992784992784993,0.9992784992784993,1.0179070309269076,0.8571428571428571,0.9259259259259259,0.8055555555555556,0.78125,0.847457627118644
584,0.0044491983970112855,0.9985569985569985,0.9985569985569985,0.9985569985569985,0.9978370583994232,0.998196898665705,0.6972320210352048,0.9047619047619048,0.9259259259259259,0.8888888888888888,0.8620689655172413,0.8928571428571429
585,0.0041643205944777,0.9985569985569985,0.9985569985569985,0.9985569985569985,0.9978370583994232,0.998196898665705,0.5203148987303494,0.9047619047619048,0.9259259259259259,0.8888888888888888,0.8620689655172413,0.8928571428571429
586,0.002385525786101748,0.9992784992784993,0.9989177489177489,0.9995189995189995,0.9992782389029231,0.9990979613927476,0.6742724145652097,0.9047619047619048,0.9259259259259259,0.8888888888888888,0.8620689655172413,0.8928571428571429
587,0.0028986662127201933,0.9994227994227994,0.9992784992784993,0.9995189995189995,0.9992784992784993,0.9992784992784993,0.6473386163828158,0.9047619047619048,0.8518518518518519,0.9444444444444444,0.92,0.8846153846153846
588,0.007761228015485658,0.9978354978354979,0.9971139971139971,0.9983164983164983,0.997473836160231,0.9972938841782428,0.6541882201711396,0.8888888888888888,0.8888888888888888,0.8888888888888888,0.8571428571428571,0.8727272727272727
589,0.003285562808720817,0.9988455988455989,0.9989177489177489,0.9987974987974988,0.998197548666186,0.9985575189325641,0.825818647533962,0.873015873015873,0.8518518518518519,0.8888888888888888,0.8518518518518519,0.8518518518518519
590,0.005527075279716481,0.9987012987012988,0.9981962481962482,0.9990379990379991,0.9985564778058462,0.9983763305069457,0.695633767014702,0.873015873015873,0.8148148148148148,0.9166666666666666,0.88,0.8461538461538461
591,0.0041064336886304405,0.9984126984126984,0.9981962481962482,0.9985569985569985,0.997836278398846,0.9980162308385934,0.5275042968237863,0.9047619047619048,0.8888888888888888,0.9166666666666666,0.8888888888888888,0.8888888888888888
592,0.004117570502032065,0.9984126984126984,0.9985569985569985,0.9983164983164983,0.9974774774774775,0.9980169460969893,0.7072089409708814,0.8888888888888888,0.8518518518518519,0.9166666666666666,0.8846153846153846,0.8679245283018868
593,0.006321334269257709,0.998639455782313,0.9983291562238931,0.9987893462469734,0.9974958263772955,0.9979123173277662,0.6081391344349767,0.8888888888888888,0.9629629629629629,0.8333333333333334,0.8125,0.8813559322033898
594,0.0070829282443776245,0.9975468975468975,0.9967532467532467,0.9980759980759981,0.9971129556116926,0.9969330687353418,0.6157680211592436,0.873015873015873,0.8888888888888888,0.8611111111111112,0.8275862068965517,0.8571428571428571
595,0.003898568248422153,0.9984126984126984,0.9981962481962482,0.9985569985569985,0.997836278398846,0.9980162308385934,0.7952236595992295,0.9047619047619048,0.8888888888888888,0.9166666666666666,0.8888888888888888,0.8888888888888888
596,0.004223029974337959,0.9981240981240981,0.9971139971139971,0.9987974987974988,0.9981942939689419,0.9976538530951092,0.7035311406064481,0.9047619047619048,0.8888888888888888,0.9166666666666666,0.8888888888888888,0.8888888888888888
597,0.0022340070228092164,0.9994227994227994,0.9992784992784993,0.9995189995189995,0.9992784992784993,0.9992784992784993,0.6314564143689322,0.9047619047619048,0.8888888888888888,0.9166666666666666,0.8888888888888888,0.8888888888888888
598,0.0029862024673966148,0.9988455988455989,0.9985569985569985,0.9990379990379991,0.9985569985569985,0.9985569985569985,0.7737800728782387,0.8888888888888888,0.9259259259259259,0.8611111111111112,0.8333333333333334,0.8771929824561403
599,0.004092084124709478,0.998639455782313,0.9983291562238931,0.9987893462469734,0.9974958263772955,0.9979123173277662,0.7850452461677219,0.873015873015873,0.9259259259259259,0.8333333333333334,0.8064516129032258,0.8620689655172413
600,0.00012033488077428714,1.0,1.0,1.0,1.0,1.0,0.8957122978710454,0.8571428571428571,0.9259259259259259,0.8055555555555556,0.78125,0.847457627118644
601,0.006042755990788327,0.9976911976911977,0.9971139971139971,0.9980759980759981,0.9971139971139971,0.9971139971139971,0.46197143977896926,0.9365079365079365,0.9629629629629629,0.9166666666666666,0.896551724137931,0.9285714285714286
602,0.004357596084997623,0.9985569985569985,0.9978354978354979,0.9990379990379991,0.9985559566787003,0.9981955972573078,0.5644152744805777,0.9047619047619048,0.9259259259259259,0.8888888888888888,0.8620689655172413,0.8928571428571429
603,0.002983499655856205,0.998639455782313,0.9974937343358395,0.9991928974979822,0.9983277591973244,0.9979105725031342,0.6547337778249621,0.8888888888888888,0.9259259259259259,0.8611111111111112,0.8333333333333334,0.8771929824561403
604,0.005197280509619803,0.997979797979798,0.9974747474747475,0.9983164983164983,0.9974747474747475,0.9974747474747475,0.5908217849094702,0.8571428571428571,0.8888888888888888,0.8333333333333334,0.8,0.8421052631578947
605,0.004120136080176724,0.9985569985569985,0.9981962481962482,0.9987974987974988,0.9981962481962482,0.9981962481962482,0.7114976616599412,0.8888888888888888,0.8888888888888888,0.8888888888888888,0.8571428571428571,0.8727272727272727
606,0.003492514814319907,0.9987012987012988,0.9981962481962482,0.9990379990379991,0.9985564778058462,0.9983763305069457,0.6881253709877441,0.873015873015873,0.8888888888888888,0.8611111111111112,0.8275862068965517,0.8571428571428571
607,0.007648302284100542,0.9971139971139971,0.9967532467532467,0.9973544973544973,0.9960346070656092,0.99639379733141,0.4797030851894681,0.9047619047619048,0.9259259259259259,0.8888888888888888,0.8620689655172413,0.8928571428571429
608,0.008735072389668256,0.9974025974025974,0.9963924963924964,0.9980759980759981,0.9971119133574007,0.9967520750631541,0.5761844994436066,0.9047619047619048,0.9259259259259259,0.8888888888888888,0.8620689655172413,0.8928571428571429
609,0.0037184008093709984,0.9991836734693877,0.9974937343358395,1.0,1.0,0.998745294855709,0.6303215915448539,0.8888888888888888,0.9259259259259259,0.8611111111111112,0.8333333333333334,0.8771929824561403
610,0.0018230395372522113,0.9991341991341991,0.9985569985569985,0.9995189995189995,0.9992779783393502,0.9989173583543847,1.0629386562396244,0.8888888888888888,0.9259259259259259,0.8611111111111112,0.8333333333333334,0.8771929824561403
611,0.006363454585382728,0.9984126984126984,0.9985569985569985,0.9983164983164983,0.9974774774774775,0.9980169460969893,0.6415788571229935,0.9206349206349206,0.9259259259259259,0.9166666666666666,0.8928571428571429,0.9090909090909091
612,0.0017028080017204195,0.9997113997113997,1.0,0.9995189995189995,0.9992790194664743,0.999639379733141,0.770399787511552,0.9206349206349206,0.9259259259259259,0.9166666666666666,0.8928571428571429,0.9090909090909091
613,0.0032260968055426095,0.998989898989899,0.9985569985569985,0.9992784992784993,0.9989173583543847,0.9987371459498466,0.8424190706442921,0.9047619047619048,0.8888888888888888,0.9166666666666666,0.8888888888888888,0.8888888888888888
614,0.006797140286124667,0.9972582972582973,0.9971139971139971,0.9973544973544973,0.9960360360360361,0.996574725076618,0.6884578755947702,0.9206349206349206,0.9259259259259259,0.9166666666666666,0.8928571428571429,0.9090909090909091
615,0.0021882401801405368,0.9991341991341991,0.9989177489177489,0.9992784992784993,0.9989177489177489,0.9989177489177489,0.6234910940618446,0.9206349206349206,0.9259259259259259,0.9166666666666666,0.8928571428571429,0.9090909090909091
616,0.004321294748788441,0.9987012987012988,0.9985569985569985,0.9987974987974988,0.998196898665705,0.9983769161406673,0.6901661392936754,0.9047619047619048,0.9259259259259259,0.8888888888888888,0.8620689655172413,0.8928571428571429
617,0.004706550226919546,0.9987012987012988,0.9989177489177489,0.9985569985569985,0.9978378378378379,0.9983775013520823,0.49444671437502996,0.9365079365079365,0.9629629629629629,0.9166666666666666,0.896551724137931,0.9285714285714286
618,0.0011543777658997113,0.9998556998556999,1.0,0.9997594997594997,0.999639379733141,0.999819657348963,0.5826512360239692,0.9206349206349206,0.9629629629629629,0.8888888888888888,0.8666666666666667,0.9122807017543859
619,0.00035753684059893696,1.0,1.0,1.0,1.0,1.0,0.6460911331148906,0.9206349206349206,0.9629629629629629,0.8888888888888888,0.8666666666666667,0.9122807017543859
620,0.0012981350657417189,0.9995670995670995,0.9992784992784993,0.9997594997594997,0.9996391194514616,0.9994587768356485,0.6805565570536442,0.9047619047619048,0.9259259259259259,0.8888888888888888,0.8620689655172413,0.8928571428571429
621,0.008144618210622645,0.9976911976911977,0.9974747474747475,0.9978354978354979,0.9967555875991349,0.997115037865128,0.685344941704407,0.9047619047619048,0.9259259259259259,0.8888888888888888,0.8620689655172413,0.8928571428571429
622,0.00556893440714028,0.9987012987012988,0.9981962481962482,0.9990379990379991,0.9985564778058462,0.9983763305069457,0.5446284914629244,0.9365079365079365,0.9629629629629629,0.9166666666666666,0.896551724137931,0.9285714285714286
623,0.0005833301808718704,1.0,1.0,1.0,1.0,1.0,0.5970897334449085,0.9047619047619048,0.9629629629629629,0.8611111111111112,0.8387096774193549,0.896551724137931
624,0.005337513182683817,0.9981240981240981,0.9974747474747475,0.9985569985569985,0.9978347167087694,0.9976546996211438,0.5411681198508761,0.9206349206349206,0.9629629629629629,0.8888888888888888,0.8666666666666667,0.9122807017543859
625,0.0028140366054671294,0.998989898989899,0.9989177489177489,0.9990379990379991,0.9985575189325641,0.9987376014427413,0.5652640177768984,0.9206349206349206,0.9629629629629629,0.8888888888888888,0.8666666666666667,0.9122807017543859
626,0.005679696842091097,0.9981240981240981,0.9974747474747475,0.9985569985569985,0.9978347167087694,0.9976546996211438,0.5154771810621097,0.9523809523809523,0.9629629629629629,0.9444444444444444,0.9285714285714286,0.9454545454545454
627,0.003764810616704101,0.998989898989899,0.9985569985569985,0.9992784992784993,0.9989173583543847,0.9987371459498466,0.44224198579618207,0.9047619047619048,0.9259259259259259,0.8888888888888888,0.8620689655172413,0.8928571428571429
628,0.001178839244837481,0.9997113997113997,0.9992784992784993,1.0,1.0,0.9996391194514616,0.6139636625779646,0.9047619047619048,0.9629629629629629,0.8611111111111112,0.8387096774193549,0.896551724137931
629,0.004641808250105747,0.9985569985569985,0.9981962481962482,0.9987974987974988,0.9981962481962482,0.9981962481962482,0.4539267201767755,0.9206349206349206,0.9259259259259259,0.9166666666666666,0.8928571428571429,0.9090909090909091
630,0.004693064728236498,0.9984126984126984,0.9985569985569985,0.9983164983164983,0.9974774774774775,0.9980169460969893,0.4874787425456556,0.8888888888888888,0.8888888888888888,0.8888888888888888,0.8571428571428571,0.8727272727272727
631,0.0005584351735879388,1.0,1.0,1.0,1.0,1.0,0.6620012783364112,0.8888888888888888,0.8518518518518519,0.9166666666666666,0.8846153846153846,0.8679245283018868
632,0.008228850203909756,0.9975468975468975,0.9971139971139971,0.9978354978354979,0.996754417598269,0.9969341749323715,0.7486310468227332,0.8571428571428571,0.8148148148148148,0.8888888888888888,0.8461538461538461,0.8301886792452831
633,0.0033604699619826706,0.998989898989899,0.9981962481962482,0.9995189995189995,0.9992777175875768,0.9987366901281357,0.875470092641095,0.8571428571428571,0.7777777777777778,0.9166666666666666,0.875,0.8235294117647058
634,0.0051302262397161635,0.997979797979798,0.9974747474747475,0.9983164983164983,0.9974747474747475,0.9974747474747475,0.7898385627338738,0.873015873015873,0.8888888888888888,0.8611111111111112,0.8275862068965517,0.8571428571428571
635,0.00448317982370728,0.9985569985569985,0.9985569985569985,0.9985569985569985,0.9978370583994232,0.998196898665705,0.6902369931777641,0.873015873015873,0.8888888888888888,0.8611111111111112,0.8275862068965517,0.8571428571428571
636,0.002060958455873034,0.9991341991341991,0.9989177489177489,0.9992784992784993,0.9989177489177489,0.9989177489177489,0.5902319769875537,0.9206349206349206,0.9259259259259259,0.9166666666666666,0.8928571428571429,0.9090909090909091
637,0.0006256533193503814,0.9998556998556999,1.0,0.9997594997594997,0.999639379733141,0.999819657348963,0.799341105138208,0.8888888888888888,0.8888888888888888,0.8888888888888888,0.8571428571428571,0.8727272727272727
638,0.007049846829648318,0.9982683982683983,0.9978354978354979,0.9985569985569985,0.9978354978354979,0.9978354978354979,0.7242727872916952,0.9047619047619048,0.9259259259259259,0.8888888888888888,0.8620689655172413,0.8928571428571429
639,0.00370143281591942,0.9985569985569985,0.9981962481962482,0.9987974987974988,0.9981962481962482,0.9981962481962482,0.6041959522878194,0.8888888888888888,0.8888888888888888,0.8888888888888888,0.8571428571428571,0.8727272727272727
640,0.002660562287793592,0.998989898989899,0.9989177489177489,0.9990379990379991,0.9985575189325641,0.9987376014427413,0.5940127305946965,0.9206349206349206,0.8888888888888888,0.9444444444444444,0.9230769230769231,0.9056603773584906
641,0.004955269097514683,0.9984126984126984,0.9985569985569985,0.9983164983164983,0.9974774774774775,0.9980169460969893,0.528322284874097,0.9206349206349206,0.8518518518518519,0.9722222222222222,0.9583333333333334,0.9019607843137255
642,0.0009283148634854463,0.9998556998556999,0.9996392496392497,1.0,1.0,0.9998195922785496,0.6028057423558032,0.9047619047619048,0.8518518518518519,0.9444444444444444,0.92,0.8846153846153846
643,0.005019900336451868,0.9987012987012988,0.9981962481962482,0.9990379990379991,0.9985564778058462,0.9983763305069457,0.5803467173355452,0.9047619047619048,0.9259259259259259,0.8888888888888888,0.8620689655172413,0.8928571428571429
644,0.002841055496893516,0.9991341991341991,0.9992784992784993,0.9990379990379991,0.9985580389329488,0.998918139199423,0.6680352806064808,0.8888888888888888,0.8518518518518519,0.9166666666666666,0.8846153846153846,0.8679245283018868
645,0.007493585202760836,0.9970068027210884,0.9958228905597326,0.9975786924939467,0.994991652754591,0.9954070981210856,0.578755225601887,0.873015873015873,0.8888888888888888,0.8611111111111112,0.8275862068965517,0.8571428571428571
646,0.0011769933013192403,0.9994557823129252,0.9991645781119465,0.9995964487489911,0.9991645781119465,0.9991645781119465,0.7251874475161515,0.8571428571428571,0.8518518518518519,0.8611111111111112,0.8214285714285714,0.8363636363636363
647,0.008605157559115001,0.9971139971139971,0.9963924963924964,0.9975949975949976,0.9963924963924964,0.9963924963924964,0.7060660394616582,0.8571428571428571,0.7777777777777778,0.9166666666666666,0.875,0.8235294117647058
648,0.0026976898607833956,0.9991836734693877,0.9991645781119465,0.9991928974979822,0.998330550918197,0.9987473903966597,0.6940011655078417,0.873015873015873,0.8518518518518519,0.8888888888888888,0.8518518518518519,0.8518518518518519
649,0.005114313397291081,0.9988455988455989,0.9989177489177489,0.9987974987974988,0.998197548666186,0.9985575189325641,0.80916390808933,0.873015873015873,0.8148148148148148,0.9166666666666666,0.88,0.8461538461538461
650,0.0034482518277456665,0.998989898989899,0.9981962481962482,0.9995189995189995,0.9992777175875768,0.9987366901281357,0.8429868968449314,0.873015873015873,0.8888888888888888,0.8611111111111112,0.8275862068965517,0.8571428571428571
651,0.0035371783392504153,0.9987012987012988,0.9985569985569985,0.9987974987974988,0.998196898665705,0.9983769161406673,0.7597420809280366,0.8888888888888888,0.8888888888888888,0.8888888888888888,0.8571428571428571,0.8727272727272727
652,0.002183257042498628,0.9992784992784993,0.9992784992784993,0.9992784992784993,0.998918139199423,0.9990982867448152,0.8405255604631372,0.9047619047619048,0.8888888888888888,0.9166666666666666,0.8888888888888888,0.8888888888888888
653,0.002159351204529524,0.9991341991341991,0.9989177489177489,0.9992784992784993,0.9989177489177489,0.9989177489177489,0.9365316421192238,0.8888888888888888,0.8888888888888888,0.8888888888888888,0.8571428571428571,0.8727272727272727
654,0.00681690137858471,0.9981240981240981,0.9978354978354979,0.9983164983164983,0.997475658131987,0.9976555455365194,0.6823727568214906,0.8888888888888888,0.8888888888888888,0.8888888888888888,0.8571428571428571,0.8727272727272727
655,0.00826834897093059,0.9978354978354979,0.9978354978354979,0.9978354978354979,0.9967567567567568,0.9972958355868037,0.8670331054516802,0.8571428571428571,0.8888888888888888,0.8333333333333334,0.8,0.8421052631578947
656,0.00247405445834545,0.9992784992784993,0.9992784992784993,0.9992784992784993,0.998918139199423,0.9990982867448152,0.5639028552677556,0.8888888888888888,0.8888888888888888,0.8888888888888888,0.8571428571428571,0.8727272727272727
657,0.0009276209531677735,0.9998556998556999,1.0,0.9997594997594997,0.999639379733141,0.999819657348963,0.7927929774584573,0.8888888888888888,0.8518518518518519,0.9166666666666666,0.8846153846153846,0.8679245283018868
658,0.005973102272119973,0.9983673469387755,0.9966583124477861,0.9991928974979822,0.998326359832636,0.9974916387959866,0.9465972024269239,0.8095238095238095,0.8518518518518519,0.7777777777777778,0.7419354838709677,0.7931034482758621
659,0.004080472966655627,0.9984126984126984,0.9978354978354979,0.9987974987974988,0.9981955972573078,0.9980155150640447,0.5829423220692416,0.8888888888888888,0.8518518518518519,0.9166666666666666,0.8846153846153846,0.8679245283018868
660,0.002083206253885063,0.9994227994227994,0.9992784992784993,0.9995189995189995,0.9992784992784993,0.9992784992784993,0.7490891235259672,0.873015873015873,0.8518518518518519,0.8888888888888888,0.8518518518518519,0.8518518518518519
661,0.005897363459644768,0.9981240981240981,0.9981962481962482,0.9980759980759981,0.9971171171171171,0.9976563908418965,0.6901341165528807,0.8888888888888888,0.8888888888888888,0.8888888888888888,0.8571428571428571,0.8727272727272727
662,0.0025385429045817714,0.9991836734693877,0.9983291562238931,0.9995964487489911,0.9991638795986622,0.9987463435018805,0.780543460989845,0.873015873015873,0.8888888888888888,0.8611111111111112,0.8275862068965517,0.8571428571428571
663,0.0017113351577725416,0.9995670995670995,0.9996392496392497,0.9995189995189995,0.999278759466282,0.999458972046889,0.6880918152282469,0.8888888888888888,0.8888888888888888,0.8888888888888888,0.8571428571428571,0.8727272727272727
664,0.007471086860334298,0.9974025974025974,0.9971139971139971,0.9975949975949976,0.996395097332372,0.996754417598269,0.5240147704669017,0.9047619047619048,0.8888888888888888,0.9166666666666666,0.8888888888888888,0.8888888888888888
665,0.0014892886978733516,0.9994227994227994,0.9992784992784993,0.9995189995189995,0.9992784992784993,0.9992784992784993,0.7067687637806398,0.8571428571428571,0.8888888888888888,0.8333333333333334,0.8,0.8421052631578947
666,0.004044538708798687,0.9987012987012988,0.9989177489177489,0.9985569985569985,0.9978378378378379,0.9983775013520823,0.5534226864366492,0.9047619047619048,0.8888888888888888,0.9166666666666666,0.8888888888888888,0.8888888888888888
667,0.0036032968133366348,0.9983673469387755,0.9974937343358395,0.9987893462469734,0.9974937343358395,0.9974937343358395,0.6452380972845103,0.8571428571428571,0.8518518518518519,0.8611111111111112,0.8214285714285714,0.8363636363636363
668,0.0029403244215081598,0.9988455988455989,0.9985569985569985,0.9990379990379991,0.9985569985569985,0.9985569985569985,0.6633090093140103,0.8888888888888888,0.8888888888888888,0.8888888888888888,0.8571428571428571,0.8727272727272727
669,0.006219393227752695,0.9976911976911977,0.9978354978354979,0.9975949975949976,0.9963976945244957,0.9971160778658976,0.6144976133315746,0.873015873015873,0.8518518518518519,0.8888888888888888,0.8518518518518519,0.8518518518518519
670,0.0005951040014055118,1.0,1.0,1.0,1.0,1.0,0.673335529747188,0.873015873015873,0.8518518518518519,0.8888888888888888,0.8518518518518519,0.8518518518518519
671,0.001443923264320189,0.9997278911564625,0.9991645781119465,1.0,1.0,0.9995821145006268,0.6895410847530926,0.873015873015873,0.9259259259259259,0.8333333333333334,0.8064516129032258,0.8620689655172413
672,0.0036935035286445187,0.9987012987012988,0.9981962481962482,0.9990379990379991,0.9985564778058462,0.9983763305069457,0.5668165487699702,0.8888888888888888,0.9259259259259259,0.8611111111111112,0.8333333333333334,0.8771929824561403
673,0.00581070505153099,0.9985569985569985,0.9985569985569985,0.9985569985569985,0.9978370583994232,0.998196898665705,0.4796915113450571,0.8571428571428571,0.8518518518518519,0.8611111111111112,0.8214285714285714,0.8363636363636363
674,0.001746860702939044,0.9997113997113997,0.9992784992784993,1.0,1.0,0.9996391194514616,0.5410136341230273,0.8888888888888888,0.8888888888888888,0.8888888888888888,0.8571428571428571,0.8727272727272727
675,0.004805124683561088,0.9985569985569985,0.9978354978354979,0.9990379990379991,0.9985559566787003,0.9981955972573078,0.43120079177756526,0.873015873015873,0.8518518518518519,0.8888888888888888,0.8518518518518519,0.8518518518518519
676,0.0013209609198785582,0.9997113997113997,0.9996392496392497,0.9997594997594997,0.9996392496392497,0.9996392496392497,0.3127277005016425,0.9206349206349206,0.8888888888888888,0.9444444444444444,0.9230769230769231,0.9056603773584906
677,0.004303250755294061,0.9982683982683983,0.9978354978354979,0.9985569985569985,0.9978354978354979,0.9978354978354979,0.44421470732084434,0.8888888888888888,0.8518518518518519,0.9166666666666666,0.8846153846153846,0.8679245283018868
678,0.005262880382276897,0.9981240981240981,0.9981962481962482,0.9980759980759981,0.9971171171171171,0.9976563908418965,0.38559981776138774,0.9206349206349206,0.8518518518518519,0.9722222222222222,0.9583333333333334,0.9019607843137255
679,0.0015322095073301285,0.9995670995670995,0.9989177489177489,1.0,1.0,0.9994585814834868,0.47901619563876124,0.873015873015873,0.8518518518518519,0.8888888888888888,0.8518518518518519,0.8518518518518519
680,0.002131324565380711,0.9991341991341991,0.9992784992784993,0.9990379990379991,0.9985580389329488,0.998918139199423,0.4946564744441059,0.9206349206349206,0.8888888888888888,0.9444444444444444,0.9230769230769231,0.9056603773584906
681,0.003275864314487428,0.998989898989899,0.9981962481962482,0.9995189995189995,0.9992777175875768,0.9987366901281357,0.566680056598916,0.8888888888888888,0.8148148148148148,0.9444444444444444,0.9166666666666666,0.8627450980392157
682,0.0021629931340054758,0.9994227994227994,0.9996392496392497,0.9992784992784993,0.9989185291997116,0.999278759466282,0.506563606531472,0.8888888888888888,0.8518518518518519,0.9166666666666666,0.8846153846153846,0.8679245283018868
683,0.0024526859194177186,0.9992784992784993,0.9989177489177489,0.9995189995189995,0.9992782389029231,0.9990979613927476,0.6784172846469191,0.9047619047619048,0.8518518518518519,0.9444444444444444,0.92,0.8846153846153846
684,0.004547525449344029,0.9982683982683983,0.9981962481962482,0.9983164983164983,0.9974765681326604,0.997836278398846,0.5007301118141821,0.9047619047619048,0.8518518518518519,0.9444444444444444,0.92,0.8846153846153846
685,0.0032089617662749664,0.9991341991341991,0.9992784992784993,0.9990379990379991,0.9985580389329488,0.998918139199423,0.6770852053239305,0.873015873015873,0.8888888888888888,0.8611111111111112,0.8275862068965517,0.8571428571428571
686,0.004597766580332096,0.9984126984126984,0.9978354978354979,0.9987974987974988,0.9981955972573078,0.9980155150640447,0.5606239906959499,0.9206349206349206,0.9259259259259259,0.9166666666666666,0.8928571428571429,0.9090909090909091
687,0.0032930183911574415,0.9989115646258503,0.9983291562238931,0.9991928974979822,0.9983291562238931,0.9983291562238931,0.6291181837455259,0.8571428571428571,0.8888888888888888,0.8333333333333334,0.8,0.8421052631578947
688,0.007478662204845879,0.9976911976911977,0.9967532467532467,0.9983164983164983,0.9974729241877256,0.9971129556116926,0.44083291538013974,0.9365079365079365,0.9629629629629629,0.9166666666666666,0.896551724137931,0.9285714285714286
689,0.0011588694465142313,0.9994557823129252,1.0,0.9991928974979822,0.9983319432860718,0.9991652754590985,0.36309539040101096,0.9206349206349206,0.9259259259259259,0.9166666666666666,0.8928571428571429,0.9090909090909091
690,0.0035425560166892785,0.9987012987012988,0.9981962481962482,0.9990379990379991,0.9985564778058462,0.9983763305069457,0.4533355335160383,0.9365079365079365,0.9259259259259259,0.9444444444444444,0.9259259259259259,0.9259259259259259
691,0.00045653317774692223,1.0,1.0,1.0,1.0,1.0,0.5138132656428218,0.9047619047619048,0.8518518518518519,0.9444444444444444,0.92,0.8846153846153846
692,0.0004082824687771045,0.9998556998556999,0.9996392496392497,1.0,1.0,0.9998195922785496,0.41197383007290356,0.9365079365079365,0.8888888888888888,0.9722222222222222,0.96,0.9230769230769231
693,0.0035449533053935507,0.998989898989899,0.9992784992784993,0.9987974987974988,0.9981981981981982,0.9987380566071751,0.8086036101974478,0.8888888888888888,0.8888888888888888,0.8888888888888888,0.8571428571428571,0.8727272727272727
694,0.0042630725486989705,0.998989898989899,0.9989177489177489,0.9990379990379991,0.9985575189325641,0.9987376014427413,0.6627786863102793,0.9206349206349206,0.8888888888888888,0.9444444444444444,0.9230769230769231,0.9056603773584906
695,0.006960859077878221,0.9976911976911977,0.9971139971139971,0.9980759980759981,0.9971139971139971,0.9971139971139971,0.5562098899078144,0.8888888888888888,0.8888888888888888,0.8888888888888888,0.8571428571428571,0.8727272727272727
696,0.003740301280358284,0.9988455988455989,0.9985569985569985,0.9990379990379991,0.9985569985569985,0.9985569985569985,0.6554209569329696,0.8888888888888888,0.8518518518518519,0.9166666666666666,0.8846153846153846,0.8679245283018868
697,0.002245693292440984,0.9992784992784993,0.9992784992784993,0.9992784992784993,0.998918139199423,0.9990982867448152,0.5940388726599589,0.873015873015873,0.8888888888888888,0.8611111111111112,0.8275862068965517,0.8571428571428571
698,0.0007691315073400212,0.9998556998556999,1.0,0.9997594997594997,0.999639379733141,0.999819657348963,0.6007691062899655,0.873015873015873,0.8518518518518519,0.8888888888888888,0.8518518518518519,0.8518518518518519
699,0.007051884091350963,0.9978354978354979,0.9971139971139971,0.9983164983164983,0.997473836160231,0.9972938841782428,0.45179357157270256,0.9047619047619048,0.8888888888888888,0.9166666666666666,0.8888888888888888,0.8888888888888888
700,0.0020838213745481057,0.9997113997113997,0.9996392496392497,0.9997594997594997,0.9996392496392497,0.9996392496392497,0.4158055614208847,0.9206349206349206,0.9259259259259259,0.9166666666666666,0.8928571428571429,0.9090909090909091
