Epoch,Loss,Accuracy,Sensitivity,Specificity,Precision,F1,Validation Loss,Validation Accuracy,Validation Sensitivity,Validation Specificity,Validation Precision,Validation F1
1,0.032032317500593155,0.9893877551020408,0.9824561403508771,0.9927360774818402,0.9849246231155779,0.9836888331242158,0.7821063172249567,0.8412698412698413,0.9629629629629629,0.75,0.7428571428571429,0.8387096774193549
2,0.010400708906065837,0.996734693877551,0.9941520467836257,0.9979822437449556,0.99581589958159,0.9949832775919732,1.0979543877026392,0.7301587301587301,0.9259259259259259,0.5833333333333334,0.625,0.746268656716418
3,0.007256879269661775,0.9983673469387755,0.9966583124477861,0.9991928974979822,0.998326359832636,0.9974916387959866,1.3779193427827623,0.7142857142857143,0.9629629629629629,0.5277777777777778,0.6046511627906976,0.7428571428571429
4,0.004410786577611275,0.998639455782313,0.9974937343358395,0.9991928974979822,0.9983277591973244,0.9979105725031342,0.8630301599937772,0.8095238095238095,0.9629629629629629,0.6944444444444444,0.7027027027027027,0.8125
5,0.002176651183799302,0.9994557823129252,0.9991645781119465,0.9995964487489911,0.9991645781119465,0.9991645781119465,1.0440443317213701,0.7619047619047619,0.8888888888888888,0.6666666666666666,0.6666666666666666,0.7619047619047619
6,0.014916727680354189,0.9961904761904762,0.9933166248955723,0.9975786924939467,0.994979079497908,0.9941471571906354,1.3984233263939145,0.6349206349206349,0.9259259259259259,0.4166666666666667,0.5434782608695652,0.684931506849315
7,0.004192645236700108,0.998639455782313,0.9974937343358395,0.9991928974979822,0.9983277591973244,0.9979105725031342,1.457120262441181,0.6507936507936508,0.9259259259259259,0.4444444444444444,0.5555555555555556,0.6944444444444444
8,0.003523945133764056,0.9991836734693877,0.9983291562238931,0.9995964487489911,0.9991638795986622,0.9987463435018805,0.8510506082148779,0.7936507936507936,0.9259259259259259,0.6944444444444444,0.6944444444444444,0.7936507936507936
9,0.220165438284697,0.9134199134199135,0.8759018759018758,0.9384319384319384,0.9046199701937406,0.8900293255131965,0.3402195851954203,0.873015873015873,0.9629629629629629,0.8055555555555556,0.7878787878787878,0.8666666666666667
10,0.020184169019743497,0.9940136054421769,0.9916457811194653,0.9951573849878934,0.9899916597164303,0.9908180300500835,0.46036268475036773,0.8888888888888888,0.9259259259259259,0.8611111111111112,0.8333333333333334,0.8771929824561403
11,0.002467486781834745,0.9997278911564625,1.0,0.9995964487489911,0.9991652754590985,0.9995824634655532,0.6473030293035129,0.8571428571428571,0.9629629629629629,0.7777777777777778,0.7647058823529411,0.8524590163934426
12,0.0012978056840737965,1.0,1.0,1.0,1.0,1.0,0.6977045134316007,0.8253968253968254,0.9629629629629629,0.7222222222222222,0.7222222222222222,0.8253968253968254
13,0.0007887468330457578,1.0,1.0,1.0,1.0,1.0,0.5486741249453246,0.8888888888888888,0.9259259259259259,0.8611111111111112,0.8333333333333334,0.8771929824561403
14,0.0065503170911371585,0.9975510204081632,0.9966583124477861,0.9979822437449556,0.9958263772954925,0.9962421711899792,0.4027390892484358,0.9047619047619048,0.9259259259259259,0.8888888888888888,0.8620689655172413,0.8928571428571429
15,0.007045021391351752,0.9983673469387755,0.9958228905597326,0.9995964487489911,0.9991617770326907,0.9974895397489539,0.8238785535333648,0.7936507936507936,0.9629629629629629,0.6666666666666666,0.6842105263157895,0.8
16,0.0022435937577531496,0.9997278911564625,0.9991645781119465,1.0,1.0,0.9995821145006268,0.8497682237435901,0.7936507936507936,0.9629629629629629,0.6666666666666666,0.6842105263157895,0.8
17,0.0032211075142836894,0.9991836734693877,0.9983291562238931,0.9995964487489911,0.9991638795986622,0.9987463435018805,0.8461184259208422,0.7936507936507936,0.9629629629629629,0.6666666666666666,0.6842105263157895,0.8
18,0.0007574401986919863,1.0,1.0,1.0,1.0,1.0,1.0677497098370203,0.746031746031746,0.9629629629629629,0.5833333333333334,0.6341463414634146,0.7647058823529411
19,0.006748670378453803,0.9980952380952381,0.9966583124477861,0.9987893462469734,0.9974916387959866,0.9970748015043878,0.9523008223327379,0.746031746031746,0.9629629629629629,0.5833333333333334,0.6341463414634146,0.7647058823529411
20,0.0028954615526188,0.9991836734693877,0.9983291562238931,0.9995964487489911,0.9991638795986622,0.9987463435018805,1.1454672528401253,0.7777777777777778,1.0,0.6111111111111112,0.6585365853658537,0.7941176470588235
21,0.0005092608283545512,1.0,1.0,1.0,1.0,1.0,1.1338616661609164,0.7619047619047619,0.9629629629629629,0.6111111111111112,0.65,0.7761194029850746
22,0.00027914945966505517,1.0,1.0,1.0,1.0,1.0,1.508889480597443,0.746031746031746,1.0,0.5555555555555556,0.627906976744186,0.7714285714285715
23,0.00017453292438496682,1.0,1.0,1.0,1.0,1.0,1.2941809432610634,0.7619047619047619,0.9629629629629629,0.6111111111111112,0.65,0.7761194029850746
24,0.00017397556881294394,1.0,1.0,1.0,1.0,1.0,1.1838128298284516,0.7619047619047619,0.9629629629629629,0.6111111111111112,0.65,0.7761194029850746
25,0.000275415095206046,1.0,1.0,1.0,1.0,1.0,1.4210365395142979,0.7301587301587301,0.9629629629629629,0.5555555555555556,0.6190476190476191,0.7536231884057971
26,0.00973048278398366,0.9978231292517007,0.9966583124477861,0.9983857949959645,0.9966583124477861,0.9966583124477861,1.4709315564897325,0.6984126984126984,0.9629629629629629,0.5,0.5909090909090909,0.7323943661971831
27,0.007608339902956742,0.998639455782313,0.9991645781119465,0.9983857949959645,0.9966666666666667,0.9979140592407175,1.7779733945452978,0.6190476190476191,1.0,0.3333333333333333,0.5294117647058824,0.6923076923076923
28,0.0009613174226073244,0.9997278911564625,1.0,0.9995964487489911,0.9991652754590985,0.9995824634655532,1.2122196119929116,0.7619047619047619,1.0,0.5833333333333334,0.6428571428571429,0.782608695652174
29,0.2969659446218571,0.8812409812409813,0.8268398268398268,0.9175084175084175,0.8698292220113852,0.8477899019789162,0.2281507629723776,0.9206349206349206,0.9259259259259259,0.9166666666666666,0.8928571428571429,0.9090909090909091
30,0.013504287979191764,0.9970068027210884,0.9958228905597326,0.9975786924939467,0.994991652754591,0.9954070981210856,0.42568083413477453,0.8095238095238095,0.9259259259259259,0.7222222222222222,0.7142857142857143,0.8064516129032258
31,0.004846780418931526,0.9991836734693877,0.9991645781119465,0.9991928974979822,0.998330550918197,0.9987473903966597,0.7662419269955347,0.8253968253968254,0.9259259259259259,0.75,0.7352941176470589,0.819672131147541
32,0.0010829074446232292,1.0,1.0,1.0,1.0,1.0,0.8661606369747056,0.7936507936507936,0.9259259259259259,0.6944444444444444,0.6944444444444444,0.7936507936507936
33,0.0005654100308103287,1.0,1.0,1.0,1.0,1.0,0.8673689787623488,0.8095238095238095,0.9259259259259259,0.7222222222222222,0.7142857142857143,0.8064516129032258
34,0.004402971338515556,0.9991836734693877,0.9983291562238931,0.9995964487489911,0.9991638795986622,0.9987463435018805,1.3491979511011214,0.7777777777777778,1.0,0.6111111111111112,0.6585365853658537,0.7941176470588235
35,0.0055700121781801434,0.998639455782313,0.9991645781119465,0.9983857949959645,0.9966666666666667,0.9979140592407175,0.755583670877275,0.8253968253968254,0.9259259259259259,0.75,0.7352941176470589,0.819672131147541
36,0.0007162112885132609,1.0,1.0,1.0,1.0,1.0,1.0155351102233878,0.7777777777777778,0.9629629629629629,0.6388888888888888,0.6666666666666666,0.7878787878787878
37,0.20829199371109536,0.9151515151515152,0.8798701298701299,0.9386724386724387,0.9053452115812918,0.8924259055982436,0.268264205150661,0.9206349206349206,0.9259259259259259,0.9166666666666666,0.8928571428571429,0.9090909090909091
38,0.10029582779553503,0.9642135642135642,0.9523809523809523,0.9721019721019721,0.9579100145137881,0.9551374819102749,0.293288103940468,0.9206349206349206,0.9629629629629629,0.8888888888888888,0.8666666666666667,0.9122807017543859
39,0.015832751199514383,0.9961904761904762,0.9958228905597326,0.9963680387409201,0.9925062447960034,0.994161801501251,0.46359803221587625,0.873015873015873,0.9259259259259259,0.8333333333333334,0.8064516129032258,0.8620689655172413
40,0.002251523023528256,1.0,1.0,1.0,1.0,1.0,0.46132867505019975,0.873015873015873,0.9629629629629629,0.8055555555555556,0.7878787878787878,0.8666666666666667
41,0.0016838099327347031,0.9997278911564625,1.0,0.9995964487489911,0.9991652754590985,0.9995824634655532,0.5305800329420775,0.873015873015873,0.9629629629629629,0.8055555555555556,0.7878787878787878,0.8666666666666667
42,0.0006566633188781854,1.0,1.0,1.0,1.0,1.0,0.5896731377246657,0.8412698412698413,0.9629629629629629,0.75,0.7428571428571429,0.8387096774193549
43,0.0017439203202492023,0.9997278911564625,0.9991645781119465,1.0,1.0,0.9995821145006268,0.6430984198721865,0.8253968253968254,0.9629629629629629,0.7222222222222222,0.7222222222222222,0.8253968253968254
44,0.002443286129317031,0.9994557823129252,0.9991645781119465,0.9995964487489911,0.9991645781119465,0.9991645781119465,0.6875285564197434,0.8253968253968254,0.9629629629629629,0.7222222222222222,0.7222222222222222,0.8253968253968254
45,0.12533182925296057,0.950937950937951,0.93001443001443,0.9648869648869649,0.94640234948605,0.9381368267831149,0.3635939546520748,0.873015873015873,0.9629629629629629,0.8055555555555556,0.7878787878787878,0.8666666666666667
46,0.010293153765608182,0.9975510204081632,0.9966583124477861,0.9979822437449556,0.9958263772954925,0.9962421711899792,0.4666746323189092,0.8888888888888888,0.9629629629629629,0.8333333333333334,0.8125,0.8813559322033898
47,0.0015281958651703585,1.0,1.0,1.0,1.0,1.0,0.5511498706644431,0.8571428571428571,0.9629629629629629,0.7777777777777778,0.7647058823529411,0.8524590163934426
48,0.0008326029749492146,1.0,1.0,1.0,1.0,1.0,0.6194989993200002,0.8412698412698413,0.9629629629629629,0.75,0.7428571428571429,0.8387096774193549
49,0.0005756516367209708,1.0,1.0,1.0,1.0,1.0,0.6323057276100689,0.873015873015873,0.9629629629629629,0.8055555555555556,0.7878787878787878,0.8666666666666667
50,0.00043904303299852326,1.0,1.0,1.0,1.0,1.0,0.6999739588253082,0.8412698412698413,0.9629629629629629,0.75,0.7428571428571429,0.8387096774193549
51,0.0029245062028992364,0.9994557823129252,0.9991645781119465,0.9995964487489911,0.9991645781119465,0.9991645781119465,0.8512338750315682,0.7936507936507936,0.9629629629629629,0.6666666666666666,0.6842105263157895,0.8
52,0.0004246731582659987,1.0,1.0,1.0,1.0,1.0,0.7167958512288769,0.8095238095238095,0.9259259259259259,0.7222222222222222,0.7142857142857143,0.8064516129032258
53,0.12009295607697955,0.9551226551226552,0.937950937950938,0.9665704665704665,0.9492515516611902,0.9435674106332789,0.28551063621564515,0.9206349206349206,0.9629629629629629,0.8888888888888888,0.8666666666666667,0.9122807017543859
54,0.010994472633255328,0.9970068027210884,0.9966583124477861,0.9971751412429378,0.9941666666666666,0.9954109303295786,0.5569321602908155,0.8253968253968254,0.8888888888888888,0.7777777777777778,0.75,0.8135593220338984
55,0.0568766937437595,0.9803751803751803,0.9743867243867244,0.9843674843674843,0.9765003615328995,0.9754423979776092,0.41335392077009947,0.8888888888888888,0.9629629629629629,0.8333333333333334,0.8125,0.8813559322033898
56,0.008460785978328006,0.9975510204081632,0.9966583124477861,0.9979822437449556,0.9958263772954925,0.9962421711899792,0.34726915697729777,0.9047619047619048,0.9629629629629629,0.8611111111111112,0.8387096774193549,0.896551724137931
57,0.0027756276533013957,0.9991836734693877,0.9983291562238931,0.9995964487489911,0.9991638795986622,0.9987463435018805,0.3928866185587905,0.9047619047619048,0.9629629629629629,0.8611111111111112,0.8387096774193549,0.896551724137931
58,0.0066451802050324985,0.9975510204081632,0.9958228905597326,0.9983857949959645,0.9966555183946488,0.9962390305056414,0.46700392409213004,0.8253968253968254,0.9259259259259259,0.75,0.7352941176470589,0.819672131147541
59,0.0009692928951105331,1.0,1.0,1.0,1.0,1.0,0.6538733852997659,0.8253968253968254,0.9259259259259259,0.75,0.7352941176470589,0.819672131147541
60,0.0011405114718470533,0.9997278911564625,0.9991645781119465,1.0,1.0,0.9995821145006268,0.682951959589171,0.8253968253968254,0.9629629629629629,0.7222222222222222,0.7222222222222222,0.8253968253968254
61,0.0020448482263580657,0.9994557823129252,0.9991645781119465,0.9995964487489911,0.9991645781119465,0.9991645781119465,0.5988902918521374,0.8095238095238095,0.9259259259259259,0.7222222222222222,0.7142857142857143,0.8064516129032258
62,0.0007249704732949256,0.9997278911564625,0.9991645781119465,1.0,1.0,0.9995821145006268,0.579529322565548,0.8571428571428571,0.9259259259259259,0.8055555555555556,0.78125,0.847457627118644
63,0.095431350236006,0.9655122655122655,0.952020202020202,0.9745069745069745,0.9613843351548269,0.9566793547217691,0.5450654154022535,0.8253968253968254,0.9629629629629629,0.7222222222222222,0.7222222222222222,0.8253968253968254
64,0.00746543058691559,0.9983673469387755,0.9983291562238931,0.9983857949959645,0.9966638865721434,0.9974958263772955,0.4455683463759395,0.8888888888888888,0.9259259259259259,0.8611111111111112,0.8333333333333334,0.8771929824561403
65,0.002729994497455175,0.9991836734693877,0.9983291562238931,0.9995964487489911,0.9991638795986622,0.9987463435018805,0.8964967637559369,0.8412698412698413,0.9629629629629629,0.75,0.7428571428571429,0.8387096774193549
66,0.003122896889114173,0.9991836734693877,0.9991645781119465,0.9991928974979822,0.998330550918197,0.9987473903966597,0.6417297208071908,0.8571428571428571,0.9259259259259259,0.8055555555555556,0.78125,0.847457627118644
67,0.0004858954613996657,1.0,1.0,1.0,1.0,1.0,0.6711226723356438,0.8888888888888888,0.9259259259259259,0.8611111111111112,0.8333333333333334,0.8771929824561403
68,0.0003773478325614769,1.0,1.0,1.0,1.0,1.0,0.6037086392004442,0.8888888888888888,0.9259259259259259,0.8611111111111112,0.8333333333333334,0.8771929824561403
69,0.00033592997701773473,1.0,1.0,1.0,1.0,1.0,0.8125729035209155,0.8253968253968254,0.9259259259259259,0.75,0.7352941176470589,0.819672131147541
70,0.00023272317476538137,1.0,1.0,1.0,1.0,1.0,0.7819406667443377,0.8412698412698413,0.9629629629629629,0.75,0.7428571428571429,0.8387096774193549
71,0.00022003664169163557,1.0,1.0,1.0,1.0,1.0,0.7376369272380889,0.8571428571428571,0.9629629629629629,0.7777777777777778,0.7647058823529411,0.8524590163934426
72,0.003009405310911548,0.9989115646258503,0.9983291562238931,0.9991928974979822,0.9983291562238931,0.9983291562238931,0.6283456123626184,0.8412698412698413,0.9259259259259259,0.7777777777777778,0.7575757575757576,0.8333333333333334
73,0.0015390922885363783,0.9997278911564625,1.0,0.9995964487489911,0.9991652754590985,0.9995824634655532,0.7052460105808837,0.8253968253968254,0.9259259259259259,0.75,0.7352941176470589,0.819672131147541
74,0.004371849691541232,0.9989115646258503,0.9983291562238931,0.9991928974979822,0.9983291562238931,0.9983291562238931,0.6947410039914151,0.8253968253968254,0.9259259259259259,0.75,0.7352941176470589,0.819672131147541
75,0.0028932282648233025,0.9989115646258503,0.9983291562238931,0.9991928974979822,0.9983291562238931,0.9983291562238931,1.0595267061439773,0.7777777777777778,0.9259259259259259,0.6666666666666666,0.6756756756756757,0.78125
76,0.00019704303092922743,1.0,1.0,1.0,1.0,1.0,1.0401759513668598,0.7936507936507936,0.9259259259259259,0.6944444444444444,0.6944444444444444,0.7936507936507936
77,0.0001819005328241251,1.0,1.0,1.0,1.0,1.0,1.0228029999231536,0.7936507936507936,0.9259259259259259,0.6944444444444444,0.6944444444444444,0.7936507936507936
78,0.00011111187422331296,1.0,1.0,1.0,1.0,1.0,1.0613449192827655,0.7619047619047619,0.9259259259259259,0.6388888888888888,0.6578947368421053,0.7692307692307693
79,0.00105032455686125,0.9994557823129252,0.9983291562238931,1.0,1.0,0.9991638795986622,0.6912824144099086,0.8571428571428571,0.9629629629629629,0.7777777777777778,0.7647058823529411,0.8524590163934426
80,0.006240186168856564,0.9983673469387755,0.9974937343358395,0.9987893462469734,0.9974937343358395,0.9974937343358395,0.9694463279512193,0.7142857142857143,0.9629629629629629,0.5277777777777778,0.6046511627906976,0.7428571428571429
81,0.002855402434094877,0.9991836734693877,0.9991645781119465,0.9991928974979822,0.998330550918197,0.9987473903966597,0.8455006877581278,0.7936507936507936,0.9259259259259259,0.6944444444444444,0.6944444444444444,0.7936507936507936
82,0.00036425032893070623,1.0,1.0,1.0,1.0,1.0,1.0559530428477697,0.7777777777777778,0.9629629629629629,0.6388888888888888,0.6666666666666666,0.7878787878787878
83,0.14489011897384305,0.9424242424242424,0.9195526695526696,0.9576719576719577,0.9354128440366972,0.9274149536110606,0.3472945789496104,0.9047619047619048,0.9629629629629629,0.8611111111111112,0.8387096774193549,0.896551724137931
84,0.006508246052370337,0.998639455782313,0.9974937343358395,0.9991928974979822,0.9983277591973244,0.9979105725031342,0.4052868884588991,0.9206349206349206,0.9629629629629629,0.8888888888888888,0.8666666666666667,0.9122807017543859
85,0.0011354360738484075,1.0,1.0,1.0,1.0,1.0,0.43854200048187364,0.9206349206349206,0.9629629629629629,0.8888888888888888,0.8666666666666667,0.9122807017543859
86,0.0008195997261344043,1.0,1.0,1.0,1.0,1.0,0.4483896420329868,0.9365079365079365,0.9629629629629629,0.9166666666666666,0.896551724137931,0.9285714285714286
87,0.06369395688529601,0.9748917748917749,0.9660894660894661,0.9807599807599807,0.9709934735315446,0.9685352622061483,0.31994593558123424,0.9206349206349206,0.9629629629629629,0.8888888888888888,0.8666666666666667,0.9122807017543859
88,0.006377569320904674,0.9978231292517007,0.9974937343358395,0.9979822437449556,0.9958298582151793,0.996661101836394,0.3290984780076773,0.9365079365079365,0.9629629629629629,0.9166666666666666,0.896551724137931,0.9285714285714286
89,0.0009488910036620868,1.0,1.0,1.0,1.0,1.0,0.4218896008891216,0.9206349206349206,0.9629629629629629,0.8888888888888888,0.8666666666666667,0.9122807017543859
90,0.05309315804905469,0.9800865800865801,0.9729437229437229,0.9848484848484849,0.9771739130434782,0.9750542299349241,0.45223295265838265,0.9047619047619048,0.9259259259259259,0.8888888888888888,0.8620689655172413,0.8928571428571429
91,0.005903356473474782,0.9983673469387755,0.9974937343358395,0.9987893462469734,0.9974937343358395,0.9974937343358395,0.38644226558787365,0.9206349206349206,0.9259259259259259,0.9166666666666666,0.8928571428571429,0.9090909090909091
92,0.0007268060907978109,1.0,1.0,1.0,1.0,1.0,0.46307763537680285,0.9206349206349206,0.9259259259259259,0.9166666666666666,0.8928571428571429,0.9090909090909091
93,0.0005319185679711933,1.0,1.0,1.0,1.0,1.0,0.49854682346931584,0.9047619047619048,0.9259259259259259,0.8888888888888888,0.8620689655172413,0.8928571428571429
94,0.0013135171273436562,0.9994557823129252,0.9991645781119465,0.9995964487489911,0.9991645781119465,0.9991645781119465,0.544501201665428,0.8888888888888888,0.9629629629629629,0.8333333333333334,0.8125,0.8813559322033898
95,0.053898243321418966,0.9816738816738817,0.9772727272727273,0.9846079846079846,0.9769203029210242,0.9770964833183048,0.5062722117004413,0.8412698412698413,0.9629629629629629,0.75,0.7428571428571429,0.8387096774193549
96,0.0050909199281183835,0.9983673469387755,0.9983291562238931,0.9983857949959645,0.9966638865721434,0.9974958263772955,0.477545148439868,0.873015873015873,0.9259259259259259,0.8333333333333334,0.8064516129032258,0.8620689655172413
97,0.0015659673388201591,0.9997278911564625,0.9991645781119465,1.0,1.0,0.9995821145006268,0.5396475302857451,0.9047619047619048,0.9259259259259259,0.8888888888888888,0.8620689655172413,0.8928571428571429
98,0.0005871441262357608,1.0,1.0,1.0,1.0,1.0,0.5772995139372402,0.8888888888888888,0.9259259259259259,0.8611111111111112,0.8333333333333334,0.8771929824561403
99,0.0005311923072361356,0.9997278911564625,0.9991645781119465,1.0,1.0,0.9995821145006268,0.6356559645547162,0.9047619047619048,0.9259259259259259,0.8888888888888888,0.8620689655172413,0.8928571428571429
100,0.0007258697748809838,0.9997278911564625,1.0,0.9995964487489911,0.9991652754590985,0.9995824634655532,0.5457987847201164,0.9206349206349206,0.9259259259259259,0.9166666666666666,0.8928571428571429,0.9090909090909091
101,0.0543880852631429,0.9809523809523809,0.9747474747474747,0.9850889850889851,0.9775687409551375,0.9761560693641619,0.396264346286891,0.9206349206349206,0.9629629629629629,0.8888888888888888,0.8666666666666667,0.9122807017543859
102,0.007336272492182764,0.9980952380952381,0.9974937343358395,0.9983857949959645,0.996661101836394,0.9970772442588727,0.4250335814708489,0.9047619047619048,0.9259259259259259,0.8888888888888888,0.8620689655172413,0.8928571428571429
103,0.0007415986623928635,1.0,1.0,1.0,1.0,1.0,0.47483817834429265,0.9047619047619048,0.9629629629629629,0.8611111111111112,0.8387096774193549,0.896551724137931
104,0.000419167675375685,1.0,1.0,1.0,1.0,1.0,0.47160263039958883,0.9206349206349206,0.9259259259259259,0.9166666666666666,0.8928571428571429,0.9090909090909091
105,0.00033514320659514544,1.0,1.0,1.0,1.0,1.0,0.4870378690603603,0.9206349206349206,0.9629629629629629,0.8888888888888888,0.8666666666666667,0.9122807017543859
106,0.044780301050434033,0.9829725829725829,0.977994227994228,0.9862914862914863,0.979407514450867,0.9787003610108304,0.43585742560644,0.8888888888888888,0.9629629629629629,0.8333333333333334,0.8125,0.8813559322033898
107,0.004378303991659184,0.998639455782313,0.9983291562238931,0.9987893462469734,0.9974958263772955,0.9979123173277662,0.4695773958930716,0.9206349206349206,0.9629629629629629,0.8888888888888888,0.8666666666666667,0.9122807017543859
108,0.000868630549661755,1.0,1.0,1.0,1.0,1.0,0.4217241289193875,0.9206349206349206,0.9629629629629629,0.8888888888888888,0.8666666666666667,0.9122807017543859
109,0.00036931901604982906,1.0,1.0,1.0,1.0,1.0,0.47819215225495604,0.9206349206349206,0.9629629629629629,0.8888888888888888,0.8666666666666667,0.9122807017543859
110,0.00025759435050921246,1.0,1.0,1.0,1.0,1.0,0.4813073125107968,0.9047619047619048,0.9259259259259259,0.8888888888888888,0.8620689655172413,0.8928571428571429
111,0.04574868909537209,0.9847041847041847,0.9805194805194806,0.9874939874939875,0.9812274368231046,0.980873330927463,0.4043655652951981,0.873015873015873,0.9259259259259259,0.8333333333333334,0.8064516129032258,0.8620689655172413
112,0.005481643994832981,0.998639455782313,0.9991645781119465,0.9983857949959645,0.9966666666666667,0.9979140592407175,0.5702267863837603,0.8412698412698413,0.9629629629629629,0.75,0.7428571428571429,0.8387096774193549
113,0.0007846725534162243,1.0,1.0,1.0,1.0,1.0,0.5852447013012207,0.8571428571428571,0.9629629629629629,0.7777777777777778,0.7647058823529411,0.8524590163934426
114,0.00038894224467253324,1.0,1.0,1.0,1.0,1.0,0.4725596196958721,0.873015873015873,0.9629629629629629,0.8055555555555556,0.7878787878787878,0.8666666666666667
115,0.00028801194184260176,1.0,1.0,1.0,1.0,1.0,0.5862118278825027,0.8571428571428571,0.9629629629629629,0.7777777777777778,0.7647058823529411,0.8524590163934426
116,0.04330409768542804,0.9855699855699855,0.9801587301587301,0.9891774891774892,0.9837074583635047,0.9819298879653053,0.4560403406974815,0.9047619047619048,0.9629629629629629,0.8611111111111112,0.8387096774193549,0.896551724137931
117,0.0062252912892513355,0.9989115646258503,0.9974937343358395,0.9995964487489911,0.999163179916318,0.9983277591973244,0.5811877309359492,0.873015873015873,0.9629629629629629,0.8055555555555556,0.7878787878787878,0.8666666666666667
118,0.0024012679508158647,0.9994557823129252,0.9991645781119465,0.9995964487489911,0.9991645781119465,0.9991645781119465,0.5171563486173187,0.873015873015873,0.9259259259259259,0.8333333333333334,0.8064516129032258,0.8620689655172413
119,0.0007599253395768706,0.9997278911564625,0.9991645781119465,1.0,1.0,0.9995821145006268,0.6429373144175827,0.8571428571428571,0.9629629629629629,0.7777777777777778,0.7647058823529411,0.8524590163934426
120,0.002441684105401846,0.9997278911564625,0.9991645781119465,1.0,1.0,0.9995821145006268,0.653065010957006,0.873015873015873,0.9629629629629629,0.8055555555555556,0.7878787878787878,0.8666666666666667
121,0.0002464815253351473,1.0,1.0,1.0,1.0,1.0,0.6220480887189744,0.873015873015873,0.9629629629629629,0.8055555555555556,0.7878787878787878,0.8666666666666667
122,0.04658421012287366,0.9845598845598845,0.9797979797979798,0.9877344877344877,0.9815684857246115,0.9806824336522838,0.4123639494535469,0.8888888888888888,0.9259259259259259,0.8611111111111112,0.8333333333333334,0.8771929824561403
123,0.006896687456997441,0.9975510204081632,0.9966583124477861,0.9979822437449556,0.9958263772954925,0.9962421711899792,0.5461899147429947,0.8888888888888888,0.9629629629629629,0.8333333333333334,0.8125,0.8813559322033898
124,0.0007085938115610558,1.0,1.0,1.0,1.0,1.0,0.5626961468979494,0.873015873015873,0.9629629629629629,0.8055555555555556,0.7878787878787878,0.8666666666666667
125,0.00048506866690313104,1.0,1.0,1.0,1.0,1.0,0.6701115056161403,0.8571428571428571,0.9629629629629629,0.7777777777777778,0.7647058823529411,0.8524590163934426
126,0.000348945746782749,1.0,1.0,1.0,1.0,1.0,0.6194219295280091,0.8571428571428571,0.9629629629629629,0.7777777777777778,0.7647058823529411,0.8524590163934426
127,0.00033236929952391885,1.0,1.0,1.0,1.0,1.0,0.613250754226765,0.8571428571428571,0.9259259259259259,0.8055555555555556,0.78125,0.847457627118644
128,0.00018656823973188836,1.0,1.0,1.0,1.0,1.0,0.6779113786603649,0.873015873015873,0.9259259259259259,0.8333333333333334,0.8064516129032258,0.8620689655172413
129,0.00033086088944648607,1.0,1.0,1.0,1.0,1.0,0.7856051562610822,0.873015873015873,0.9629629629629629,0.8055555555555556,0.7878787878787878,0.8666666666666667
130,0.0002725754917009661,1.0,1.0,1.0,1.0,1.0,0.6874354612821388,0.873015873015873,0.9259259259259259,0.8333333333333334,0.8064516129032258,0.8620689655172413
131,0.00016117061311529543,1.0,1.0,1.0,1.0,1.0,0.6834160395892612,0.8888888888888888,0.9629629629629629,0.8333333333333334,0.8125,0.8813559322033898
132,0.05923548162401443,0.9790764790764791,0.9722222222222222,0.9836459836459837,0.9753890698516106,0.973803071364047,0.4600576773167603,0.8888888888888888,0.9259259259259259,0.8611111111111112,0.8333333333333334,0.8771929824561403
133,0.004407681636043054,0.9983673469387755,0.9983291562238931,0.9983857949959645,0.9966638865721434,0.9974958263772955,0.4900009824436099,0.8888888888888888,0.9259259259259259,0.8611111111111112,0.8333333333333334,0.8771929824561403
134,0.0005424446081560498,1.0,1.0,1.0,1.0,1.0,0.5303113472015996,0.8888888888888888,0.9259259259259259,0.8611111111111112,0.8333333333333334,0.8771929824561403
135,0.00034346727563660644,1.0,1.0,1.0,1.0,1.0,0.5539003061858239,0.8888888888888888,0.9259259259259259,0.8611111111111112,0.8333333333333334,0.8771929824561403
136,0.0011690209832693431,0.9997278911564625,1.0,0.9995964487489911,0.9991652754590985,0.9995824634655532,0.5699501088968227,0.8888888888888888,0.9259259259259259,0.8611111111111112,0.8333333333333334,0.8771929824561403
137,0.00024890801268645567,1.0,1.0,1.0,1.0,1.0,0.638083740383745,0.873015873015873,0.9259259259259259,0.8333333333333334,0.8064516129032258,0.8620689655172413
138,0.00018109933914082935,1.0,1.0,1.0,1.0,1.0,0.6817420383532797,0.873015873015873,0.9259259259259259,0.8333333333333334,0.8064516129032258,0.8620689655172413
139,0.000526542760881985,0.9997278911564625,1.0,0.9995964487489911,0.9991652754590985,0.9995824634655532,0.5096065619131661,0.9047619047619048,0.9259259259259259,0.8888888888888888,0.8620689655172413,0.8928571428571429
140,0.0018677884540201852,0.9991836734693877,0.9983291562238931,0.9995964487489911,0.9991638795986622,0.9987463435018805,0.5180251596487194,0.8888888888888888,0.9259259259259259,0.8611111111111112,0.8333333333333334,0.8771929824561403
141,0.002168936844521953,0.9994557823129252,0.9991645781119465,0.9995964487489911,0.9991645781119465,0.9991645781119465,0.7134475319088245,0.8571428571428571,0.9259259259259259,0.8055555555555556,0.78125,0.847457627118644
142,0.006259443334687492,0.9989115646258503,0.9983291562238931,0.9991928974979822,0.9983291562238931,0.9983291562238931,0.618771445530925,0.8571428571428571,0.9259259259259259,0.8055555555555556,0.78125,0.847457627118644
143,0.000270506212444557,1.0,1.0,1.0,1.0,1.0,0.6918133786502516,0.8571428571428571,0.9259259259259259,0.8055555555555556,0.78125,0.847457627118644
144,0.0001154079232432208,1.0,1.0,1.0,1.0,1.0,0.7176169176892717,0.8571428571428571,0.9259259259259259,0.8055555555555556,0.78125,0.847457627118644
145,0.00015289499749291728,1.0,1.0,1.0,1.0,1.0,0.6638588568367552,0.873015873015873,0.9259259259259259,0.8333333333333334,0.8064516129032258,0.8620689655172413
146,9.679461074991034e-05,1.0,1.0,1.0,1.0,1.0,0.7420342650323634,0.873015873015873,0.9259259259259259,0.8333333333333334,0.8064516129032258,0.8620689655172413
147,0.0027468972089248994,0.9989115646258503,0.9991645781119465,0.9987893462469734,0.9974979149291076,0.998330550918197,0.5763781648623528,0.873015873015873,0.9259259259259259,0.8333333333333334,0.8064516129032258,0.8620689655172413
148,0.0016140221933605384,0.9997278911564625,1.0,0.9995964487489911,0.9991652754590985,0.9995824634655532,0.8200866780465558,0.8412698412698413,0.9259259259259259,0.7777777777777778,0.7575757575757576,0.8333333333333334
149,0.00019487631667338448,1.0,1.0,1.0,1.0,1.0,0.751461170691376,0.873015873015873,0.9259259259259259,0.8333333333333334,0.8064516129032258,0.8620689655172413
150,0.0015548154696597256,0.9994557823129252,0.9991645781119465,0.9995964487489911,0.9991645781119465,0.9991645781119465,0.8097561831172142,0.8095238095238095,0.9259259259259259,0.7222222222222222,0.7142857142857143,0.8064516129032258
151,0.00016234889229344596,1.0,1.0,1.0,1.0,1.0,0.8423658033564043,0.8253968253968254,0.9259259259259259,0.75,0.7352941176470589,0.819672131147541
152,0.00029287768319980904,1.0,1.0,1.0,1.0,1.0,0.5976217555331199,0.8888888888888888,0.9259259259259259,0.8611111111111112,0.8333333333333334,0.8771929824561403
153,9.552980240372636e-05,1.0,1.0,1.0,1.0,1.0,0.8380265524527724,0.8412698412698413,0.9259259259259259,0.7777777777777778,0.7575757575757576,0.8333333333333334
154,0.08438225409996976,0.96998556998557,0.9567099567099567,0.9788359788359788,0.9678832116788321,0.9622641509433962,0.35426988677373006,0.9206349206349206,0.9259259259259259,0.9166666666666666,0.8928571428571429,0.9090909090909091
155,0.004524169056496162,0.998639455782313,0.9974937343358395,0.9991928974979822,0.9983277591973244,0.9979105725031342,0.5685593674979394,0.8888888888888888,0.9259259259259259,0.8611111111111112,0.8333333333333334,0.8771929824561403
156,0.0007550417959054957,1.0,1.0,1.0,1.0,1.0,0.5869360143015723,0.8888888888888888,0.9259259259259259,0.8611111111111112,0.8333333333333334,0.8771929824561403
157,0.000467311883819223,1.0,1.0,1.0,1.0,1.0,0.5740775024215321,0.873015873015873,0.9259259259259259,0.8333333333333334,0.8064516129032258,0.8620689655172413
158,0.0002830208269926738,1.0,1.0,1.0,1.0,1.0,0.6321543868130354,0.873015873015873,0.9259259259259259,0.8333333333333334,0.8064516129032258,0.8620689655172413
159,0.00022328761312793814,1.0,1.0,1.0,1.0,1.0,0.6566875802153456,0.873015873015873,0.9259259259259259,0.8333333333333334,0.8064516129032258,0.8620689655172413
160,0.00013730086123997062,1.0,1.0,1.0,1.0,1.0,0.6553619993986407,0.873015873015873,0.9259259259259259,0.8333333333333334,0.8064516129032258,0.8620689655172413
161,0.0019365452170660275,0.9994557823129252,0.9991645781119465,0.9995964487489911,0.9991645781119465,0.9991645781119465,0.6961333298989173,0.873015873015873,0.9259259259259259,0.8333333333333334,0.8064516129032258,0.8620689655172413
162,0.003347235165115091,0.9994557823129252,0.9991645781119465,0.9995964487489911,0.9991645781119465,0.9991645781119465,0.43199627187531736,0.8888888888888888,0.9259259259259259,0.8611111111111112,0.8333333333333334,0.8771929824561403
163,0.0024916539642346872,0.9991836734693877,0.9991645781119465,0.9991928974979822,0.998330550918197,0.9987473903966597,0.5377723392291319,0.873015873015873,0.9629629629629629,0.8055555555555556,0.7878787878787878,0.8666666666666667
164,0.00022874222144359394,1.0,1.0,1.0,1.0,1.0,0.6134262497015741,0.873015873015873,0.9629629629629629,0.8055555555555556,0.7878787878787878,0.8666666666666667
165,0.0001209133930170123,1.0,1.0,1.0,1.0,1.0,0.661187659215463,0.8888888888888888,0.9629629629629629,0.8333333333333334,0.8125,0.8813559322033898
166,0.00027654657101569075,1.0,1.0,1.0,1.0,1.0,0.7249139364548249,0.8888888888888888,0.9629629629629629,0.8333333333333334,0.8125,0.8813559322033898
167,5.9093192589125154e-05,1.0,1.0,1.0,1.0,1.0,0.7305441679098525,0.873015873015873,0.9259259259259259,0.8333333333333334,0.8064516129032258,0.8620689655172413
168,0.0006127750458390623,0.9997278911564625,0.9991645781119465,1.0,1.0,0.9995821145006268,1.833719261805527,0.7936507936507936,0.9629629629629629,0.6666666666666666,0.6842105263157895,0.8
169,0.009165253113433766,0.9983673469387755,0.9991645781119465,0.9979822437449556,0.9958368026644463,0.9974979149291076,1.0518362137215538,0.7936507936507936,0.9259259259259259,0.6944444444444444,0.6944444444444444,0.7936507936507936
170,0.000474403666467588,1.0,1.0,1.0,1.0,1.0,0.8908168106055301,0.7936507936507936,0.9259259259259259,0.6944444444444444,0.6944444444444444,0.7936507936507936
171,0.0026288861725972347,0.9989115646258503,0.9983291562238931,0.9991928974979822,0.9983291562238931,0.9983291562238931,0.8573870004066044,0.8253968253968254,0.9259259259259259,0.75,0.7352941176470589,0.819672131147541
172,0.0003336031643369029,1.0,1.0,1.0,1.0,1.0,1.2268169155078275,0.7936507936507936,0.9259259259259259,0.6944444444444444,0.6944444444444444,0.7936507936507936
173,0.00039163628386935066,1.0,1.0,1.0,1.0,1.0,1.27547862684162,0.7936507936507936,0.9259259259259259,0.6944444444444444,0.6944444444444444,0.7936507936507936
174,0.00012406717791644932,1.0,1.0,1.0,1.0,1.0,1.0264690076130338,0.8095238095238095,0.9259259259259259,0.7222222222222222,0.7142857142857143,0.8064516129032258
175,6.847208259232441e-05,1.0,1.0,1.0,1.0,1.0,1.0805943409361625,0.8095238095238095,0.9259259259259259,0.7222222222222222,0.7142857142857143,0.8064516129032258
176,0.07602454432485219,0.9733044733044733,0.963924963924964,0.9795574795574795,0.9691693870148712,0.966540061493941,0.2678863958470405,0.9047619047619048,0.9259259259259259,0.8888888888888888,0.8620689655172413,0.8928571428571429
177,0.006589009867368114,0.9980952380952381,0.9966583124477861,0.9987893462469734,0.9974916387959866,0.9970748015043878,0.576377908329642,0.873015873015873,0.9629629629629629,0.8055555555555556,0.7878787878787878,0.8666666666666667
178,0.0008596451206728309,0.9997278911564625,0.9991645781119465,1.0,1.0,0.9995821145006268,0.6471007226703925,0.873015873015873,0.9629629629629629,0.8055555555555556,0.7878787878787878,0.8666666666666667
179,0.0003038990135315717,1.0,1.0,1.0,1.0,1.0,0.6101316610990565,0.8571428571428571,0.9259259259259259,0.8055555555555556,0.78125,0.847457627118644
180,0.0013352030759954867,0.9997278911564625,0.9991645781119465,1.0,1.0,0.9995821145006268,0.4564538345679582,0.8888888888888888,0.9629629629629629,0.8333333333333334,0.8125,0.8813559322033898
181,0.0002869962562124251,1.0,1.0,1.0,1.0,1.0,0.43711079529298114,0.8888888888888888,0.9629629629629629,0.8333333333333334,0.8125,0.8813559322033898
182,0.00019862207288095146,1.0,1.0,1.0,1.0,1.0,0.47662189661613885,0.873015873015873,0.9259259259259259,0.8333333333333334,0.8064516129032258,0.8620689655172413
183,0.0001353263873729671,1.0,1.0,1.0,1.0,1.0,0.5892674867433333,0.8888888888888888,0.9629629629629629,0.8333333333333334,0.8125,0.8813559322033898
184,0.00012178720511198297,1.0,1.0,1.0,1.0,1.0,0.6095547302658872,0.8888888888888888,0.9629629629629629,0.8333333333333334,0.8125,0.8813559322033898
185,0.00015453835745871884,1.0,1.0,1.0,1.0,1.0,0.6414134318941266,0.8888888888888888,0.9629629629629629,0.8333333333333334,0.8125,0.8813559322033898
186,7.566160937118542e-05,1.0,1.0,1.0,1.0,1.0,0.6718665116886047,0.8888888888888888,0.9629629629629629,0.8333333333333334,0.8125,0.8813559322033898
187,5.005735683917752e-05,1.0,1.0,1.0,1.0,1.0,0.6651999397445396,0.8888888888888888,0.9629629629629629,0.8333333333333334,0.8125,0.8813559322033898
188,5.2287128111893994e-05,1.0,1.0,1.0,1.0,1.0,0.7783535853742496,0.8571428571428571,0.9629629629629629,0.7777777777777778,0.7647058823529411,0.8524590163934426
189,0.0001140149616405485,1.0,1.0,1.0,1.0,1.0,0.7587527117314509,0.8571428571428571,0.9629629629629629,0.7777777777777778,0.7647058823529411,0.8524590163934426
190,4.378807580355495e-05,1.0,1.0,1.0,1.0,1.0,0.8089190996981906,0.8571428571428571,0.9629629629629629,0.7777777777777778,0.7647058823529411,0.8524590163934426
191,3.589303511071936e-05,1.0,1.0,1.0,1.0,1.0,0.7493334018260597,0.8571428571428571,0.9629629629629629,0.7777777777777778,0.7647058823529411,0.8524590163934426
192,3.844323371168332e-05,1.0,1.0,1.0,1.0,1.0,0.9037306183316913,0.8571428571428571,0.9629629629629629,0.7777777777777778,0.7647058823529411,0.8524590163934426
193,7.22800812515316e-05,1.0,1.0,1.0,1.0,1.0,0.680697503736675,0.8888888888888888,0.9629629629629629,0.8333333333333334,0.8125,0.8813559322033898
194,3.2462900300780184e-05,1.0,1.0,1.0,1.0,1.0,0.7344328381932139,0.8888888888888888,0.9629629629629629,0.8333333333333334,0.8125,0.8813559322033898
195,0.06872361343905657,0.9757575757575757,0.9689754689754689,0.9802789802789803,0.9703757225433526,0.9696750902527076,0.3303390086613714,0.9206349206349206,0.9259259259259259,0.9166666666666666,0.8928571428571429,0.9090909090909091
196,0.005500471911972807,0.9978231292517007,0.9983291562238931,0.9975786924939467,0.9950041631973355,0.9966638865721434,0.4891271136238218,0.8888888888888888,0.9259259259259259,0.8611111111111112,0.8333333333333334,0.8771929824561403
197,0.0009877107076293023,0.9997278911564625,0.9991645781119465,1.0,1.0,0.9995821145006268,0.4110727212267063,0.9047619047619048,0.9259259259259259,0.8888888888888888,0.8620689655172413,0.8928571428571429
198,0.00047216850061676004,1.0,1.0,1.0,1.0,1.0,0.3717487474703895,0.9206349206349206,0.9259259259259259,0.9166666666666666,0.8928571428571429,0.9090909090909091
199,0.00025452754580056246,1.0,1.0,1.0,1.0,1.0,0.42303340582478244,0.9047619047619048,0.9259259259259259,0.8888888888888888,0.8620689655172413,0.8928571428571429
200,0.00016336575849575693,1.0,1.0,1.0,1.0,1.0,0.4967207381553072,0.8888888888888888,0.9259259259259259,0.8611111111111112,0.8333333333333334,0.8771929824561403
201,0.00015040322583284368,1.0,1.0,1.0,1.0,1.0,0.4373901379825954,0.9047619047619048,0.9259259259259259,0.8888888888888888,0.8620689655172413,0.8928571428571429
202,0.045663918504638606,0.9829725829725829,0.976911976911977,0.987012987012987,0.9804489500362057,0.9786772677990604,0.4940426175608226,0.8888888888888888,0.9259259259259259,0.8611111111111112,0.8333333333333334,0.8771929824561403
203,0.0032565029415137256,0.9991836734693877,0.9991645781119465,0.9991928974979822,0.998330550918197,0.9987473903966597,0.4763916525768027,0.9047619047619048,0.9259259259259259,0.8888888888888888,0.8620689655172413,0.8928571428571429
204,0.0005613724703640759,1.0,1.0,1.0,1.0,1.0,0.5318510656925066,0.8888888888888888,0.9259259259259259,0.8611111111111112,0.8333333333333334,0.8771929824561403
205,0.0003153012472273763,1.0,1.0,1.0,1.0,1.0,0.5786036574632846,0.8888888888888888,0.9259259259259259,0.8611111111111112,0.8333333333333334,0.8771929824561403
206,0.03487941129634548,0.9884559884559885,0.9841269841269841,0.9913419913419913,0.9869753979739508,0.9855491329479769,0.47650134033294367,0.8888888888888888,0.9259259259259259,0.8611111111111112,0.8333333333333334,0.8771929824561403
207,0.01401577140627097,0.9950937950937951,0.9942279942279942,0.9956709956709957,0.9935111751982696,0.993869455463397,0.46130430256339927,0.9047619047619048,0.9259259259259259,0.8888888888888888,0.8620689655172413,0.8928571428571429
208,0.0023040496212743907,0.9994557823129252,0.9991645781119465,0.9995964487489911,0.9991645781119465,0.9991645781119465,0.45303990167061176,0.9047619047619048,0.9259259259259259,0.8888888888888888,0.8620689655172413,0.8928571428571429
209,0.0005073704523450955,1.0,1.0,1.0,1.0,1.0,0.6456222960675534,0.873015873015873,0.9259259259259259,0.8333333333333334,0.8064516129032258,0.8620689655172413
210,0.0002401892918333899,1.0,1.0,1.0,1.0,1.0,0.5692792168489494,0.8888888888888888,0.9259259259259259,0.8611111111111112,0.8333333333333334,0.8771929824561403
211,0.022912925064082802,0.9920634920634921,0.9888167388167388,0.9942279942279942,0.9913200723327306,0.9900668231894528,0.5270914929893075,0.873015873015873,0.9259259259259259,0.8333333333333334,0.8064516129032258,0.8620689655172413
212,0.003674256137721114,0.9991836734693877,0.9991645781119465,0.9991928974979822,0.998330550918197,0.9987473903966597,0.4722664227971571,0.9047619047619048,0.9259259259259259,0.8888888888888888,0.8620689655172413,0.8928571428571429
213,0.000537603070474781,0.9997278911564625,0.9991645781119465,1.0,1.0,0.9995821145006268,0.5726066015001076,0.8888888888888888,0.9259259259259259,0.8611111111111112,0.8333333333333334,0.8771929824561403
214,0.0002366717312077922,1.0,1.0,1.0,1.0,1.0,0.49810994216167026,0.9047619047619048,0.9259259259259259,0.8888888888888888,0.8620689655172413,0.8928571428571429
215,0.00013246792730854326,1.0,1.0,1.0,1.0,1.0,0.5472295004929904,0.8888888888888888,0.9259259259259259,0.8611111111111112,0.8333333333333334,0.8771929824561403
216,0.031555136032779645,0.9888888888888889,0.9848484848484849,0.9915824915824916,0.9873417721518988,0.9860935524652339,0.6611721818954388,0.8571428571428571,0.9259259259259259,0.8055555555555556,0.78125,0.847457627118644
217,0.013411738710148861,0.9958152958152958,0.9956709956709957,0.9959114959114959,0.9938782859200577,0.9947738331230852,0.5666037849076684,0.873015873015873,0.9259259259259259,0.8333333333333334,0.8064516129032258,0.8620689655172413
218,0.010417266174823967,0.9971139971139971,0.9956709956709957,0.9980759980759981,0.9971098265895953,0.9963898916967509,0.660363908443186,0.873015873015873,0.9629629629629629,0.8055555555555556,0.7878787878787878,0.8666666666666667
219,0.00952987384124915,0.9965367965367965,0.9956709956709957,0.9971139971139971,0.9956709956709957,0.9956709956709957,0.4376165166105484,0.9047619047619048,0.9259259259259259,0.8888888888888888,0.8620689655172413,0.8928571428571429
220,0.010850016611155686,0.9962481962481963,0.9953102453102453,0.9968734968734969,0.9953102453102453,0.9953102453102453,0.5713871204782099,0.873015873015873,0.9259259259259259,0.8333333333333334,0.8064516129032258,0.8620689655172413
221,0.011868485308977226,0.9962481962481963,0.996031746031746,0.9963924963924964,0.9945965417867435,0.9953136265320837,0.4144564557613598,0.8888888888888888,0.9259259259259259,0.8611111111111112,0.8333333333333334,0.8771929824561403
222,0.0048213386917023504,0.998639455782313,0.9974937343358395,0.9991928974979822,0.9983277591973244,0.9979105725031342,0.5079270755606038,0.8571428571428571,0.9259259259259259,0.8055555555555556,0.78125,0.847457627118644
223,0.00028514112873109006,1.0,1.0,1.0,1.0,1.0,0.47729708136258914,0.8888888888888888,0.9259259259259259,0.8611111111111112,0.8333333333333334,0.8771929824561403
224,0.00018813378772528867,1.0,1.0,1.0,1.0,1.0,0.5438178340176357,0.8571428571428571,0.9259259259259259,0.8055555555555556,0.78125,0.847457627118644
225,0.0001361296981975807,1.0,1.0,1.0,1.0,1.0,0.5543580271686162,0.873015873015873,0.9259259259259259,0.8333333333333334,0.8064516129032258,0.8620689655172413
226,0.022292192522620748,0.9929292929292929,0.9906204906204906,0.9944684944684945,0.9916937522571325,0.9911568308969501,0.4948821148561639,0.9047619047619048,0.9259259259259259,0.8888888888888888,0.8620689655172413,0.8928571428571429
227,0.0035643322253956135,0.9989115646258503,0.9983291562238931,0.9991928974979822,0.9983291562238931,0.9983291562238931,0.7043082566413519,0.8412698412698413,0.9259259259259259,0.7777777777777778,0.7575757575757576,0.8333333333333334
228,0.0008498358032711683,0.9994557823129252,1.0,0.9991928974979822,0.9983319432860718,0.9991652754590985,0.43621073816237704,0.8888888888888888,0.9259259259259259,0.8611111111111112,0.8333333333333334,0.8771929824561403
229,0.021743913175977302,0.9932178932178932,0.990981240981241,0.9947089947089947,0.9920548934633442,0.9915177765746255,0.5376904897450928,0.8888888888888888,0.9629629629629629,0.8333333333333334,0.8125,0.8813559322033898
230,0.002788069564876856,0.998639455782313,0.9983291562238931,0.9987893462469734,0.9974958263772955,0.9979123173277662,0.532459166110678,0.9047619047619048,0.9629629629629629,0.8611111111111112,0.8387096774193549,0.896551724137931
231,0.00026887599874381293,1.0,1.0,1.0,1.0,1.0,0.4925754199348231,0.9206349206349206,0.9629629629629629,0.8888888888888888,0.8666666666666667,0.9122807017543859
232,0.0005514095927652789,0.9997278911564625,0.9991645781119465,1.0,1.0,0.9995821145006268,1.4137512821815483,0.7936507936507936,0.9629629629629629,0.6666666666666666,0.6842105263157895,0.8
233,0.019144160413721,0.9933621933621933,0.9906204906204906,0.9951899951899952,0.9927693420101229,0.9916937522571325,0.5386414897761175,0.9047619047619048,0.9259259259259259,0.8888888888888888,0.8620689655172413,0.8928571428571429
234,0.004890505867546146,0.9991836734693877,0.9991645781119465,0.9991928974979822,0.998330550918197,0.9987473903966597,0.5092210354785147,0.9047619047619048,0.9259259259259259,0.8888888888888888,0.8620689655172413,0.8928571428571429
235,0.014755930897148465,0.9952380952380953,0.9938672438672439,0.9961519961519961,0.9942259112233851,0.9940465451921342,0.4602113052581747,0.9047619047619048,0.9629629629629629,0.8611111111111112,0.8387096774193549,0.896551724137931
236,0.009306650955638544,0.9972582972582973,0.996031746031746,0.9980759980759981,0.997110870350307,0.9965710160620826,0.4556283264583538,0.8888888888888888,0.9259259259259259,0.8611111111111112,0.8333333333333334,0.8771929824561403
237,0.007750533973412373,0.9975468975468975,0.9963924963924964,0.9983164983164983,0.9974720115565185,0.9969319617397582,0.5660821682817879,0.9047619047619048,0.9629629629629629,0.8611111111111112,0.8387096774193549,0.896551724137931
238,0.0060373976631038564,0.9978231292517007,0.9974937343358395,0.9979822437449556,0.9958298582151793,0.996661101836394,0.5257414827240624,0.9047619047619048,0.9259259259259259,0.8888888888888888,0.8620689655172413,0.8928571428571429
239,0.0002878326368751796,1.0,1.0,1.0,1.0,1.0,0.5411037815056117,0.873015873015873,0.9259259259259259,0.8333333333333334,0.8064516129032258,0.8620689655172413
240,0.0004488760803142708,0.9997278911564625,0.9991645781119465,1.0,1.0,0.9995821145006268,0.6140719401732823,0.8888888888888888,0.9259259259259259,0.8611111111111112,0.8333333333333334,0.8771929824561403
241,0.00023547426640843264,1.0,1.0,1.0,1.0,1.0,0.6222752672349868,0.8888888888888888,0.9629629629629629,0.8333333333333334,0.8125,0.8813559322033898
242,0.024144580597420792,0.9916305916305916,0.9877344877344877,0.9942279942279942,0.9913106444605359,0.9895193350198771,0.4524715626168819,0.873015873015873,0.9259259259259259,0.8333333333333334,0.8064516129032258,0.8620689655172413
243,0.009605387114257659,0.9970068027210884,0.9949874686716792,0.9979822437449556,0.995819397993311,0.9954032595068951,0.3789417129896936,0.9206349206349206,0.9259259259259259,0.9166666666666666,0.8928571428571429,0.9090909090909091
244,0.0005491674638391004,1.0,1.0,1.0,1.0,1.0,0.4521095345299395,0.9047619047619048,0.9259259259259259,0.8888888888888888,0.8620689655172413,0.8928571428571429
245,0.00027742378222819444,1.0,1.0,1.0,1.0,1.0,0.4750622624682913,0.9047619047619048,0.9259259259259259,0.8888888888888888,0.8620689655172413,0.8928571428571429
246,0.019029651422739047,0.9926406926406927,0.98989898989899,0.9944684944684945,0.9916877484640405,0.9907925618342661,0.34847715287099756,0.9206349206349206,0.9259259259259259,0.9166666666666666,0.8928571428571429,0.9090909090909091
247,0.010676476646136693,0.9965367965367965,0.9945887445887446,0.9978354978354979,0.9967462039045553,0.9956663055254604,0.6292453338022507,0.8412698412698413,0.9259259259259259,0.7777777777777778,0.7575757575757576,0.8333333333333334
248,0.005431786045490695,0.9991836734693877,0.9991645781119465,0.9991928974979822,0.998330550918197,0.9987473903966597,0.4252194704687489,0.9206349206349206,0.9259259259259259,0.9166666666666666,0.8928571428571429,0.9090909090909091
249,0.008723309082915416,0.9968253968253968,0.9953102453102453,0.9978354978354979,0.9967485549132948,0.996028880866426,0.4697684421248379,0.9047619047619048,0.9629629629629629,0.8611111111111112,0.8387096774193549,0.896551724137931
250,0.011764724353445477,0.9965367965367965,0.9953102453102453,0.9973544973544973,0.996028880866426,0.9956694334175388,0.5188184483420282,0.873015873015873,0.9259259259259259,0.8333333333333334,0.8064516129032258,0.8620689655172413
251,0.006384787337608739,0.997979797979798,0.9971139971139971,0.9985569985569985,0.9978339350180505,0.997473836160231,0.5915658453124619,0.873015873015873,0.9629629629629629,0.8055555555555556,0.7878787878787878,0.8666666666666667
252,0.0023089147458689647,0.9991836734693877,0.9991645781119465,0.9991928974979822,0.998330550918197,0.9987473903966597,0.5425100454534885,0.8888888888888888,0.9259259259259259,0.8611111111111112,0.8333333333333334,0.8771929824561403
253,0.003070775041100094,0.9991836734693877,0.9983291562238931,0.9995964487489911,0.9991638795986622,0.9987463435018805,0.7798385504810583,0.8571428571428571,0.9629629629629629,0.7777777777777778,0.7647058823529411,0.8524590163934426
254,0.015166587370646795,0.9949494949494949,0.9938672438672439,0.9956709956709957,0.9935088351965381,0.9936880072137061,0.5050562969704587,0.9047619047619048,0.9629629629629629,0.8611111111111112,0.8387096774193549,0.896551724137931
255,0.003579143420270435,0.9989115646258503,0.9991645781119465,0.9987893462469734,0.9974979149291076,0.998330550918197,0.5196073747199353,0.9206349206349206,0.9629629629629629,0.8888888888888888,0.8666666666666667,0.9122807017543859
256,0.011375799582049814,0.9958152958152958,0.9949494949494949,0.9963924963924964,0.994590695997115,0.9947700631199279,0.4937365383116735,0.9047619047619048,0.9629629629629629,0.8611111111111112,0.8387096774193549,0.896551724137931
257,0.007313147934490617,0.9976911976911977,0.9971139971139971,0.9980759980759981,0.9971139971139971,0.9971139971139971,0.5491011588730745,0.9047619047619048,0.9629629629629629,0.8611111111111112,0.8387096774193549,0.896551724137931
258,0.00568050999993332,0.9985569985569985,0.9981962481962482,0.9987974987974988,0.9981962481962482,0.9981962481962482,0.45688133077540743,0.9206349206349206,0.9629629629629629,0.8888888888888888,0.8666666666666667,0.9122807017543859
259,0.007336893828308061,0.9976911976911977,0.9967532467532467,0.9983164983164983,0.9974729241877256,0.9971129556116926,0.7090328072330782,0.8888888888888888,0.9629629629629629,0.8333333333333334,0.8125,0.8813559322033898
260,0.006918807069511235,0.9975510204081632,0.9966583124477861,0.9979822437449556,0.9958263772954925,0.9962421711899792,0.6888701023962644,0.8571428571428571,0.9629629629629629,0.7777777777777778,0.7647058823529411,0.8524590163934426
261,0.011982113344927115,0.9953823953823954,0.9938672438672439,0.9963924963924964,0.9945848375451264,0.9942259112233851,0.421729091972497,0.9047619047619048,0.9629629629629629,0.8611111111111112,0.8387096774193549,0.896551724137931
262,0.0045380442475412616,0.9980952380952381,0.9974937343358395,0.9983857949959645,0.996661101836394,0.9970772442588727,0.5295432559025126,0.9047619047619048,0.9629629629629629,0.8611111111111112,0.8387096774193549,0.896551724137931
263,0.0013920656791767407,0.9991836734693877,0.9991645781119465,0.9991928974979822,0.998330550918197,0.9987473903966597,0.6286073583104308,0.8888888888888888,0.9629629629629629,0.8333333333333334,0.8125,0.8813559322033898
264,0.0006718130530656844,0.9997278911564625,0.9991645781119465,1.0,1.0,0.9995821145006268,0.5668924877038716,0.9047619047619048,0.9629629629629629,0.8611111111111112,0.8387096774193549,0.896551724137931
265,0.017347660788300804,0.9939393939393939,0.9917027417027418,0.9954304954304954,0.993135838150289,0.9924187725631769,0.47765104236849953,0.9206349206349206,0.9629629629629629,0.8888888888888888,0.8666666666666667,0.9122807017543859
266,0.001983694251991815,0.9989115646258503,0.9991645781119465,0.9987893462469734,0.9974979149291076,0.998330550918197,0.3441977725740308,0.9365079365079365,0.9629629629629629,0.9166666666666666,0.896551724137931,0.9285714285714286
267,0.0002553415773111731,1.0,1.0,1.0,1.0,1.0,0.36386045692433117,0.9365079365079365,0.9629629629629629,0.9166666666666666,0.896551724137931,0.9285714285714286
268,0.00019530828490287665,1.0,1.0,1.0,1.0,1.0,0.3658714038319886,0.9365079365079365,0.9629629629629629,0.9166666666666666,0.896551724137931,0.9285714285714286
269,0.00011481448863161773,1.0,1.0,1.0,1.0,1.0,0.3746868542905773,0.9365079365079365,0.9629629629629629,0.9166666666666666,0.896551724137931,0.9285714285714286
270,0.0005993293697786791,0.9997278911564625,0.9991645781119465,1.0,1.0,0.9995821145006268,0.39474974126515294,0.9365079365079365,0.9629629629629629,0.9166666666666666,0.896551724137931,0.9285714285714286
271,0.00024274958179264604,1.0,1.0,1.0,1.0,1.0,0.39440318203635377,0.9206349206349206,0.9629629629629629,0.8888888888888888,0.8666666666666667,0.9122807017543859
272,6.480866909670749e-05,1.0,1.0,1.0,1.0,1.0,0.46343367262295304,0.9206349206349206,0.9629629629629629,0.8888888888888888,0.8666666666666667,0.9122807017543859
273,6.813501592381615e-05,1.0,1.0,1.0,1.0,1.0,0.44865645854781816,0.9206349206349206,0.9629629629629629,0.8888888888888888,0.8666666666666667,0.9122807017543859
274,6.35921630839598e-05,1.0,1.0,1.0,1.0,1.0,0.5173774412235487,0.9206349206349206,0.9629629629629629,0.8888888888888888,0.8666666666666667,0.9122807017543859
275,0.026462441007081724,0.9920634920634921,0.990981240981241,0.9927849927849928,0.9891969751530428,0.9900883041989548,0.5632964652641455,0.9047619047619048,0.9259259259259259,0.8888888888888888,0.8620689655172413,0.8928571428571429
276,0.0037570064662943623,0.9983673469387755,0.9974937343358395,0.9987893462469734,0.9974937343358395,0.9974937343358395,0.4933151979611943,0.9047619047619048,0.9259259259259259,0.8888888888888888,0.8620689655172413,0.8928571428571429
277,0.00034965904147772446,1.0,1.0,1.0,1.0,1.0,0.51725733909148,0.9047619047619048,0.9259259259259259,0.8888888888888888,0.8620689655172413,0.8928571428571429
278,0.0002477796241220524,1.0,1.0,1.0,1.0,1.0,0.5172484755679588,0.9047619047619048,0.9259259259259259,0.8888888888888888,0.8620689655172413,0.8928571428571429
279,0.0003432785451531388,1.0,1.0,1.0,1.0,1.0,0.6626131571100569,0.873015873015873,0.9629629629629629,0.8055555555555556,0.7878787878787878,0.8666666666666667
280,0.01901604253828541,0.9932178932178932,0.9913419913419913,0.9944684944684945,0.991699747383616,0.9915208370918275,0.5574754762374574,0.8412698412698413,0.9259259259259259,0.7777777777777778,0.7575757575757576,0.8333333333333334
281,0.003339315256066058,0.998639455782313,0.9983291562238931,0.9987893462469734,0.9974958263772955,0.9979123173277662,0.4281049904830214,0.9047619047619048,0.9259259259259259,0.8888888888888888,0.8620689655172413,0.8928571428571429
282,0.006909756715060716,0.9974025974025974,0.996031746031746,0.9983164983164983,0.997471098265896,0.9967509025270758,0.5726918280411083,0.8888888888888888,0.9259259259259259,0.8611111111111112,0.8333333333333334,0.8771929824561403
283,0.003594787273716164,0.998639455782313,0.9983291562238931,0.9987893462469734,0.9974958263772955,0.9979123173277662,0.4634414306122972,0.8888888888888888,0.9259259259259259,0.8611111111111112,0.8333333333333334,0.8771929824561403
284,0.009648758475045075,0.9974025974025974,0.9974747474747475,0.9973544973544973,0.9960374639769453,0.9967555875991349,0.4623218895950621,0.9047619047619048,0.9259259259259259,0.8888888888888888,0.8620689655172413,0.8928571428571429
285,0.0072448902747415,0.9976911976911977,0.9978354978354979,0.9975949975949976,0.9963976945244957,0.9971160778658976,0.6712393454028411,0.8571428571428571,0.9259259259259259,0.8055555555555556,0.78125,0.847457627118644
286,0.004401935874435973,0.9988455988455989,0.9985569985569985,0.9990379990379991,0.9985569985569985,0.9985569985569985,0.4386352401454046,0.9047619047619048,0.9629629629629629,0.8611111111111112,0.8387096774193549,0.896551724137931
287,0.0057936287122304616,0.9978354978354979,0.9967532467532467,0.9985569985569985,0.9978331527627302,0.9972929074174337,0.5793256589492398,0.8888888888888888,0.9629629629629629,0.8333333333333334,0.8125,0.8813559322033898
288,0.002399533094925771,0.998639455782313,0.9983291562238931,0.9987893462469734,0.9974958263772955,0.9979123173277662,0.4613099346722251,0.9365079365079365,0.9259259259259259,0.9444444444444444,0.9259259259259259,0.9259259259259259
289,0.006278240893108446,0.9978354978354979,0.9971139971139971,0.9983164983164983,0.997473836160231,0.9972938841782428,0.48814562348545426,0.9047619047619048,0.9629629629629629,0.8611111111111112,0.8387096774193549,0.896551724137931
290,0.001168403297165396,0.9994557823129252,0.9991645781119465,0.9995964487489911,0.9991645781119465,0.9991645781119465,0.29971256360849585,0.9365079365079365,0.9629629629629629,0.9166666666666666,0.896551724137931,0.9285714285714286
291,0.00946844709120095,0.996969696969697,0.9963924963924964,0.9973544973544973,0.9960331770645511,0.9962128043282237,0.38234603517348803,0.9365079365079365,0.9259259259259259,0.9444444444444444,0.9259259259259259,0.9259259259259259
292,0.004367075461069072,0.9989115646258503,0.9991645781119465,0.9987893462469734,0.9974979149291076,0.998330550918197,0.3208799211771827,0.9523809523809523,0.9629629629629629,0.9444444444444444,0.9285714285714286,0.9454545454545454
293,0.002534268308615234,0.9994557823129252,0.9991645781119465,0.9995964487489911,0.9991645781119465,0.9991645781119465,0.41112058508195565,0.9206349206349206,0.9629629629629629,0.8888888888888888,0.8666666666666667,0.9122807017543859
294,0.0003304623168262377,1.0,1.0,1.0,1.0,1.0,0.3701061641303467,0.9523809523809523,0.9629629629629629,0.9444444444444444,0.9285714285714286,0.9454545454545454
295,0.013907211871018003,0.9956709956709957,0.9945887445887446,0.9963924963924964,0.9945887445887446,0.9945887445887446,0.4820363201821844,0.8888888888888888,0.9629629629629629,0.8333333333333334,0.8125,0.8813559322033898
296,0.008917826157755186,0.9966810966810967,0.996031746031746,0.9971139971139971,0.9956725567976921,0.9958521190261497,0.34621493605202036,0.9365079365079365,0.9629629629629629,0.9166666666666666,0.896551724137931,0.9285714285714286
297,0.004113265846209271,0.9985569985569985,0.9974747474747475,0.9992784992784993,0.9989161849710982,0.9981949458483754,0.7360862963943786,0.9047619047619048,0.9629629629629629,0.8611111111111112,0.8387096774193549,0.896551724137931
298,0.0019395881152577575,0.9994557823129252,0.9991645781119465,0.9995964487489911,0.9991645781119465,0.9991645781119465,0.4110738665883204,0.9206349206349206,0.9629629629629629,0.8888888888888888,0.8666666666666667,0.9122807017543859
299,0.008106931944933423,0.9965367965367965,0.9949494949494949,0.9975949975949976,0.9963872832369942,0.9956678700361011,0.500320201536404,0.9206349206349206,0.9629629629629629,0.8888888888888888,0.8666666666666667,0.9122807017543859
300,0.0016150695189586556,0.9991836734693877,0.9991645781119465,0.9991928974979822,0.998330550918197,0.9987473903966597,0.36977776177584365,0.9365079365079365,0.9629629629629629,0.9166666666666666,0.896551724137931,0.9285714285714286
301,0.0001275302899031675,1.0,1.0,1.0,1.0,1.0,0.3979339299668994,0.9365079365079365,0.9629629629629629,0.9166666666666666,0.896551724137931,0.9285714285714286
302,0.00011559071257777475,1.0,1.0,1.0,1.0,1.0,0.43057373773274504,0.9365079365079365,0.9629629629629629,0.9166666666666666,0.896551724137931,0.9285714285714286
303,0.011862242444475528,0.9961038961038962,0.9938672438672439,0.9975949975949976,0.9963833634719711,0.995123713202095,0.5381561072362173,0.8888888888888888,0.9629629629629629,0.8333333333333334,0.8125,0.8813559322033898
304,0.004747796083100113,0.9985569985569985,0.9978354978354979,0.9990379990379991,0.9985559566787003,0.9981955972573078,0.6587726590112739,0.8571428571428571,0.9629629629629629,0.7777777777777778,0.7647058823529411,0.8524590163934426
305,0.002439689384907756,0.9991836734693877,0.9991645781119465,0.9991928974979822,0.998330550918197,0.9987473903966597,0.4258366271639557,0.9365079365079365,0.9629629629629629,0.9166666666666666,0.896551724137931,0.9285714285714286
306,0.0005785495123851112,1.0,1.0,1.0,1.0,1.0,0.41519017406856634,0.9523809523809523,0.9629629629629629,0.9444444444444444,0.9285714285714286,0.9454545454545454
307,0.011281015142652442,0.9962481962481963,0.9949494949494949,0.9971139971139971,0.9956678700361011,0.9953085528690003,0.510463043601097,0.9206349206349206,0.9629629629629629,0.8888888888888888,0.8666666666666667,0.9122807017543859
308,0.0016681004339105649,0.9997278911564625,0.9991645781119465,1.0,1.0,0.9995821145006268,0.36085328216399326,0.9206349206349206,0.9629629629629629,0.8888888888888888,0.8666666666666667,0.9122807017543859
309,0.008908923349201207,0.996969696969697,0.9953102453102453,0.9980759980759981,0.9971087820744489,0.9962087019317566,0.529156477031638,0.9365079365079365,0.9629629629629629,0.9166666666666666,0.896551724137931,0.9285714285714286
310,0.0071937534389402554,0.9981240981240981,0.9978354978354979,0.9983164983164983,0.997475658131987,0.9976555455365194,0.44581929459753966,0.9206349206349206,0.9629629629629629,0.8888888888888888,0.8666666666666667,0.9122807017543859
311,0.004718501689575117,0.9988455988455989,0.9978354978354979,0.9995189995189995,0.9992774566473989,0.9985559566787003,0.4007908827440429,0.9206349206349206,0.9629629629629629,0.8888888888888888,0.8666666666666667,0.9122807017543859
312,0.00178429528389191,0.9994557823129252,0.9991645781119465,0.9995964487489911,0.9991645781119465,0.9991645781119465,0.40022952232284875,0.9206349206349206,0.9629629629629629,0.8888888888888888,0.8666666666666667,0.9122807017543859
313,0.009174971272219687,0.9965367965367965,0.9956709956709957,0.9971139971139971,0.9956709956709957,0.9956709956709957,0.5083032715109377,0.9047619047619048,0.9629629629629629,0.8611111111111112,0.8387096774193549,0.896551724137931
314,0.0035640294647535085,0.9987012987012988,0.9981962481962482,0.9990379990379991,0.9985564778058462,0.9983763305069457,0.48060563840642445,0.9206349206349206,0.9629629629629629,0.8888888888888888,0.8666666666666667,0.9122807017543859
315,0.004480807438282707,0.9985569985569985,0.9978354978354979,0.9990379990379991,0.9985559566787003,0.9981955972573078,0.6374961373445648,0.9047619047619048,0.9629629629629629,0.8611111111111112,0.8387096774193549,0.896551724137931
316,0.002364117673492902,0.9994557823129252,1.0,0.9991928974979822,0.9983319432860718,0.9991652754590985,0.39753648488592247,0.9206349206349206,0.9259259259259259,0.9166666666666666,0.8928571428571429,0.9090909090909091
317,0.0005074685362362696,1.0,1.0,1.0,1.0,1.0,0.5690233708850255,0.9047619047619048,0.9629629629629629,0.8611111111111112,0.8387096774193549,0.896551724137931
318,0.00011801099088621587,1.0,1.0,1.0,1.0,1.0,0.5341040513430637,0.9206349206349206,0.9629629629629629,0.8888888888888888,0.8666666666666667,0.9122807017543859
319,0.00025650801026044757,1.0,1.0,1.0,1.0,1.0,0.546047663084426,0.9206349206349206,0.9629629629629629,0.8888888888888888,0.8666666666666667,0.9122807017543859
320,0.016199566162955925,0.9940836940836941,0.9913419913419913,0.9959114959114959,0.9938517179023508,0.9925952681957739,0.523772367616258,0.9047619047619048,0.9259259259259259,0.8888888888888888,0.8620689655172413,0.8928571428571429
321,0.004823397607146964,0.9985569985569985,0.9981962481962482,0.9987974987974988,0.9981962481962482,0.9981962481962482,0.4233345552661737,0.9047619047619048,0.9259259259259259,0.8888888888888888,0.8620689655172413,0.8928571428571429
322,0.0021090610420195833,0.9992784992784993,0.9989177489177489,0.9995189995189995,0.9992782389029231,0.9990979613927476,0.4008563901112962,0.9047619047619048,0.9259259259259259,0.8888888888888888,0.8620689655172413,0.8928571428571429
323,0.002454383318290886,0.9991836734693877,0.9991645781119465,0.9991928974979822,0.998330550918197,0.9987473903966597,0.5058144238522916,0.9047619047619048,0.9259259259259259,0.8888888888888888,0.8620689655172413,0.8928571428571429
324,0.000566705437554787,0.9997278911564625,0.9991645781119465,1.0,1.0,0.9995821145006268,0.5766524518130898,0.9047619047619048,0.9629629629629629,0.8611111111111112,0.8387096774193549,0.896551724137931
325,0.008488469847080179,0.9974025974025974,0.9963924963924964,0.9980759980759981,0.9971119133574007,0.9967520750631541,0.5234785914727826,0.9047619047619048,0.9259259259259259,0.8888888888888888,0.8620689655172413,0.8928571428571429
326,0.004730748652120606,0.998639455782313,0.9974937343358395,0.9991928974979822,0.9983277591973244,0.9979105725031342,0.46723630215967116,0.9047619047619048,0.9259259259259259,0.8888888888888888,0.8620689655172413,0.8928571428571429
327,0.0002176945542211432,1.0,1.0,1.0,1.0,1.0,0.48503516169448774,0.9047619047619048,0.9259259259259259,0.8888888888888888,0.8620689655172413,0.8928571428571429
328,0.011568738160102055,0.9959595959595959,0.9953102453102453,0.9963924963924964,0.994592645998558,0.994951316263974,0.4043153890779072,0.9206349206349206,0.9259259259259259,0.9166666666666666,0.8928571428571429,0.9090909090909091
329,0.0024394992793586303,0.9994557823129252,0.9991645781119465,0.9995964487489911,0.9991645781119465,0.9991645781119465,0.44657363190402516,0.9206349206349206,0.9259259259259259,0.9166666666666666,0.8928571428571429,0.9090909090909091
330,0.0002417099011629752,1.0,1.0,1.0,1.0,1.0,0.48436093435850036,0.9206349206349206,0.9259259259259259,0.9166666666666666,0.8928571428571429,0.9090909090909091
331,0.00013518918700393276,1.0,1.0,1.0,1.0,1.0,0.47654285018784104,0.9206349206349206,0.9259259259259259,0.9166666666666666,0.8928571428571429,0.9090909090909091
332,9.173636699588747e-05,1.0,1.0,1.0,1.0,1.0,0.4877528107576331,0.9206349206349206,0.9259259259259259,0.9166666666666666,0.8928571428571429,0.9090909090909091
333,8.975476791550006e-05,1.0,1.0,1.0,1.0,1.0,0.4848260338147243,0.9206349206349206,0.9259259259259259,0.9166666666666666,0.8928571428571429,0.9090909090909091
334,0.01415621747985038,0.9952380952380953,0.9942279942279942,0.9959114959114959,0.993869455463397,0.99404869251578,0.3982144693200964,0.9365079365079365,0.9259259259259259,0.9444444444444444,0.9259259259259259,0.9259259259259259
335,0.007149580337354669,0.9976911976911977,0.9963924963924964,0.9985569985569985,0.9978323699421965,0.9971119133574007,0.4712031312685992,0.9365079365079365,0.9629629629629629,0.9166666666666666,0.896551724137931,0.9285714285714286
336,0.003352117848367356,0.998639455782313,0.9983291562238931,0.9987893462469734,0.9974958263772955,0.9979123173277662,0.4391169275662082,0.9206349206349206,0.9259259259259259,0.9166666666666666,0.8928571428571429,0.9090909090909091
337,0.008066388604520936,0.9975468975468975,0.996031746031746,0.9985569985569985,0.9978315865558366,0.9969308539447553,0.4526963539695042,0.9047619047619048,0.9629629629629629,0.8611111111111112,0.8387096774193549,0.896551724137931
338,0.005111040180877924,0.9987012987012988,0.9985569985569985,0.9987974987974988,0.998196898665705,0.9983769161406673,0.43152973569175673,0.9047619047619048,0.9259259259259259,0.8888888888888888,0.8620689655172413,0.8928571428571429
339,0.0026527776091736124,0.9991836734693877,0.9983291562238931,0.9995964487489911,0.9991638795986622,0.9987463435018805,0.5238020347989356,0.9047619047619048,0.9629629629629629,0.8611111111111112,0.8387096774193549,0.896551724137931
340,0.007892288085186456,0.9972582972582973,0.996031746031746,0.9980759980759981,0.997110870350307,0.9965710160620826,0.4615403149057076,0.9206349206349206,0.9629629629629629,0.8888888888888888,0.8666666666666667,0.9122807017543859
341,0.0035465574937082233,0.9994557823129252,1.0,0.9991928974979822,0.9983319432860718,0.9991652754590985,0.4042083744370468,0.9365079365079365,0.9629629629629629,0.9166666666666666,0.896551724137931,0.9285714285714286
342,0.0023122737757004207,0.9997113997113997,0.9996392496392497,0.9997594997594997,0.9996392496392497,0.9996392496392497,0.3233007808591956,0.9523809523809523,0.9629629629629629,0.9444444444444444,0.9285714285714286,0.9454545454545454
343,0.00022001757065883955,1.0,1.0,1.0,1.0,1.0,0.3380998603910744,0.9523809523809523,0.9629629629629629,0.9444444444444444,0.9285714285714286,0.9454545454545454
344,0.0002002544966238756,1.0,1.0,1.0,1.0,1.0,0.34942828203130044,0.9523809523809523,0.9629629629629629,0.9444444444444444,0.9285714285714286,0.9454545454545454
345,0.00818464305289697,0.9975468975468975,0.9967532467532467,0.9980759980759981,0.9971129556116926,0.9969330687353418,0.5151988833270494,0.9047619047619048,0.9629629629629629,0.8611111111111112,0.8387096774193549,0.896551724137931
346,0.0075658539634135035,0.9978354978354979,0.9971139971139971,0.9983164983164983,0.997473836160231,0.9972938841782428,0.4958846881779628,0.9047619047619048,0.9259259259259259,0.8888888888888888,0.8620689655172413,0.8928571428571429
347,0.002568439150578144,0.9989115646258503,0.9983291562238931,0.9991928974979822,0.9983291562238931,0.9983291562238931,0.5398445191746023,0.9206349206349206,0.9629629629629629,0.8888888888888888,0.8666666666666667,0.9122807017543859
348,0.00015796148771929735,1.0,1.0,1.0,1.0,1.0,0.52776758839161,0.9047619047619048,0.9259259259259259,0.8888888888888888,0.8620689655172413,0.8928571428571429
349,0.0002516371617271869,1.0,1.0,1.0,1.0,1.0,0.5229787695917034,0.9047619047619048,0.9259259259259259,0.8888888888888888,0.8620689655172413,0.8928571428571429
350,7.241522091317784e-05,1.0,1.0,1.0,1.0,1.0,0.5195761956047857,0.9047619047619048,0.9259259259259259,0.8888888888888888,0.8620689655172413,0.8928571428571429
351,5.431593915827328e-05,1.0,1.0,1.0,1.0,1.0,0.5450172691344339,0.9047619047619048,0.9259259259259259,0.8888888888888888,0.8620689655172413,0.8928571428571429
352,0.01126356317616892,0.9965367965367965,0.9949494949494949,0.9975949975949976,0.9963872832369942,0.9956678700361011,0.5116271129227243,0.9047619047619048,0.9259259259259259,0.8888888888888888,0.8620689655172413,0.8928571428571429
353,0.0014319162131710846,0.9994557823129252,0.9991645781119465,0.9995964487489911,0.9991645781119465,0.9991645781119465,0.545379258773917,0.9206349206349206,0.9259259259259259,0.9166666666666666,0.8928571428571429,0.9090909090909091
354,0.00029734599177987347,1.0,1.0,1.0,1.0,1.0,0.539252593757983,0.9206349206349206,0.9259259259259259,0.9166666666666666,0.8928571428571429,0.9090909090909091
355,0.00813208472555175,0.9972582972582973,0.9967532467532467,0.9975949975949976,0.99639379733141,0.9965734896302976,0.48118561870669796,0.873015873015873,0.9259259259259259,0.8333333333333334,0.8064516129032258,0.8620689655172413
356,0.0021043092676339002,0.9991836734693877,1.0,0.9987893462469734,0.9975,0.9987484355444305,0.428597786391846,0.9365079365079365,0.8888888888888888,0.9722222222222222,0.96,0.9230769230769231
357,0.00021491736708610632,1.0,1.0,1.0,1.0,1.0,0.40143213769955305,0.9365079365079365,0.8888888888888888,0.9722222222222222,0.96,0.9230769230769231
358,0.0001233760307899947,1.0,1.0,1.0,1.0,1.0,0.3925279814284439,0.9523809523809523,0.9259259259259259,0.9722222222222222,0.9615384615384616,0.9433962264150944
359,0.0157271630489309,0.9955266955266955,0.9949494949494949,0.9959114959114959,0.9938738738738738,0.9944113935460609,0.37984695618728265,0.9365079365079365,0.9629629629629629,0.9166666666666666,0.896551724137931,0.9285714285714286
360,0.006018889620211615,0.9976911976911977,0.9963924963924964,0.9985569985569985,0.9978323699421965,0.9971119133574007,0.41242109503992463,0.9047619047619048,0.9629629629629629,0.8611111111111112,0.8387096774193549,0.896551724137931
361,0.0033121562549776277,0.9991836734693877,0.9983291562238931,0.9995964487489911,0.9991638795986622,0.9987463435018805,0.2973628397041235,0.9206349206349206,0.9629629629629629,0.8888888888888888,0.8666666666666667,0.9122807017543859
362,0.00037649994599731914,0.9997278911564625,1.0,0.9995964487489911,0.9991652754590985,0.9995824634655532,0.3166053969355181,0.9206349206349206,0.9259259259259259,0.9166666666666666,0.8928571428571429,0.9090909090909091
363,0.007788306006403777,0.9974025974025974,0.9963924963924964,0.9980759980759981,0.9971119133574007,0.9967520750631541,0.4851471109653912,0.9047619047619048,0.9259259259259259,0.8888888888888888,0.8620689655172413,0.8928571428571429
364,0.0028283356795581233,0.9991836734693877,0.9991645781119465,0.9991928974979822,0.998330550918197,0.9987473903966597,0.4440618590400961,0.9047619047619048,0.9259259259259259,0.8888888888888888,0.8620689655172413,0.8928571428571429
365,0.00037167638403856114,1.0,1.0,1.0,1.0,1.0,0.45189950115557637,0.9206349206349206,0.9259259259259259,0.9166666666666666,0.8928571428571429,0.9090909090909091
366,0.005280672335431484,0.997979797979798,0.9974747474747475,0.9983164983164983,0.9974747474747475,0.9974747474747475,0.4344940712878255,0.9206349206349206,0.9259259259259259,0.9166666666666666,0.8928571428571429,0.9090909090909091
367,0.0008775158758218983,0.9994557823129252,0.9991645781119465,0.9995964487489911,0.9991645781119465,0.9991645781119465,0.5397949276567877,0.9206349206349206,0.9259259259259259,0.9166666666666666,0.8928571428571429,0.9090909090909091
368,0.0001257320242108776,1.0,1.0,1.0,1.0,1.0,0.5115925295864318,0.9206349206349206,0.9259259259259259,0.9166666666666666,0.8928571428571429,0.9090909090909091
369,9.374426073522614e-05,1.0,1.0,1.0,1.0,1.0,0.4562937509063121,0.9206349206349206,0.9259259259259259,0.9166666666666666,0.8928571428571429,0.9090909090909091
370,7.403350492464584e-05,1.0,1.0,1.0,1.0,1.0,0.4809814455433846,0.9206349206349206,0.9259259259259259,0.9166666666666666,0.8928571428571429,0.9090909090909091
371,8.319113729095964e-05,1.0,1.0,1.0,1.0,1.0,0.5229763084306696,0.9206349206349206,0.9259259259259259,0.9166666666666666,0.8928571428571429,0.9090909090909091
372,0.012352624657954184,0.9958152958152958,0.9942279942279942,0.9968734968734969,0.9953051643192489,0.9947662876737051,0.4923236985230774,0.9206349206349206,0.9259259259259259,0.9166666666666666,0.8928571428571429,0.9090909090909091
373,0.0025663504611105233,0.9991836734693877,0.9991645781119465,0.9991928974979822,0.998330550918197,0.9987473903966597,0.42983069584662437,0.9206349206349206,0.9629629629629629,0.8888888888888888,0.8666666666666667,0.9122807017543859
374,0.0072520670210671325,0.9978354978354979,0.9974747474747475,0.9980759980759981,0.997115037865128,0.9972948602344455,0.44875821848270586,0.8888888888888888,0.9259259259259259,0.8611111111111112,0.8333333333333334,0.8771929824561403
375,0.00449162562482995,0.9987012987012988,0.9981962481962482,0.9990379990379991,0.9985564778058462,0.9983763305069457,0.7378827835884063,0.8571428571428571,0.9259259259259259,0.8055555555555556,0.78125,0.847457627118644
376,0.002009467456252615,0.9994557823129252,1.0,0.9991928974979822,0.9983319432860718,0.9991652754590985,0.3931152062159815,0.9365079365079365,0.9259259259259259,0.9444444444444444,0.9259259259259259,0.9259259259259259
377,0.0002486729193120469,1.0,1.0,1.0,1.0,1.0,0.38698092750353913,0.9365079365079365,0.9259259259259259,0.9444444444444444,0.9259259259259259,0.9259259259259259
378,0.0002650527371566123,1.0,1.0,1.0,1.0,1.0,0.44354061493804836,0.9047619047619048,0.9259259259259259,0.8888888888888888,0.8620689655172413,0.8928571428571429
379,0.006529617758111576,0.9972582972582973,0.9963924963924964,0.9978354978354979,0.9967520750631541,0.9965722532924409,0.39604283828059184,0.9206349206349206,0.9629629629629629,0.8888888888888888,0.8666666666666667,0.9122807017543859
380,0.005229299676231406,0.9982683982683983,0.9981962481962482,0.9983164983164983,0.9974765681326604,0.997836278398846,0.47440470516749117,0.8888888888888888,0.9629629629629629,0.8333333333333334,0.8125,0.8813559322033898
381,0.0005605130889412036,1.0,1.0,1.0,1.0,1.0,0.3266491263271414,0.9365079365079365,0.8888888888888888,0.9722222222222222,0.96,0.9230769230769231
382,0.004223157364330505,0.9981240981240981,0.9974747474747475,0.9985569985569985,0.9978347167087694,0.9976546996211438,0.37535744583019837,0.9365079365079365,0.9629629629629629,0.9166666666666666,0.896551724137931,0.9285714285714286
383,0.0008251815766576625,0.9997278911564625,0.9991645781119465,1.0,1.0,0.9995821145006268,0.4331627458394949,0.9206349206349206,0.9629629629629629,0.8888888888888888,0.8666666666666667,0.9122807017543859
384,0.002943574902359998,0.9991836734693877,0.9983291562238931,0.9995964487489911,0.9991638795986622,0.9987463435018805,1.3677243157142094,0.8095238095238095,0.9629629629629629,0.6944444444444444,0.7027027027027027,0.8125
385,0.0006712639928906467,1.0,1.0,1.0,1.0,1.0,0.4691864057057833,0.9047619047619048,0.9629629629629629,0.8611111111111112,0.8387096774193549,0.896551724137931
386,0.011950667098830713,0.9955266955266955,0.9927849927849928,0.9973544973544973,0.9960188201230546,0.9943992773261066,0.5705891043790394,0.9047619047619048,0.9629629629629629,0.8611111111111112,0.8387096774193549,0.896551724137931
387,0.001388930216363115,0.9991836734693877,0.9991645781119465,0.9991928974979822,0.998330550918197,0.9987473903966597,0.48395094162154395,0.8888888888888888,0.9629629629629629,0.8333333333333334,0.8125,0.8813559322033898
388,0.0004504135409309679,1.0,1.0,1.0,1.0,1.0,0.39332640757793486,0.9206349206349206,0.9629629629629629,0.8888888888888888,0.8666666666666667,0.9122807017543859
389,0.0001436086846279934,1.0,1.0,1.0,1.0,1.0,0.37522627214373583,0.9365079365079365,0.9629629629629629,0.9166666666666666,0.896551724137931,0.9285714285714286
390,0.005108034302937487,0.9982683982683983,0.9974747474747475,0.9987974987974988,0.9981949458483754,0.9978347167087694,0.930368513194105,0.8571428571428571,0.9629629629629629,0.7777777777777778,0.7647058823529411,0.8524590163934426
391,0.005705548171118317,0.998639455782313,0.9983291562238931,0.9987893462469734,0.9974958263772955,0.9979123173277662,0.421251133951984,0.9365079365079365,0.9259259259259259,0.9444444444444444,0.9259259259259259,0.9259259259259259
392,0.007511847732225701,0.997979797979798,0.9974747474747475,0.9983164983164983,0.9974747474747475,0.9974747474747475,0.5449955556241404,0.9047619047619048,0.9259259259259259,0.8888888888888888,0.8620689655172413,0.8928571428571429
393,0.006007843674716867,0.997979797979798,0.9967532467532467,0.9987974987974988,0.9981936416184971,0.9974729241877256,0.39145386179988567,0.9206349206349206,0.9259259259259259,0.9166666666666666,0.8928571428571429,0.9090909090909091
394,0.001929808370203281,0.9994557823129252,0.9991645781119465,0.9995964487489911,0.9991645781119465,0.9991645781119465,0.4804663817589504,0.9365079365079365,0.9629629629629629,0.9166666666666666,0.896551724137931,0.9285714285714286
395,0.0033416188965116216,0.9985569985569985,0.9981962481962482,0.9987974987974988,0.9981962481962482,0.9981962481962482,0.34771325914392487,0.9523809523809523,0.9629629629629629,0.9444444444444444,0.9285714285714286,0.9454545454545454
396,0.0012496263541340732,0.9998556998556999,1.0,0.9997594997594997,0.999639379733141,0.999819657348963,0.40486754675068715,0.9523809523809523,0.9629629629629629,0.9444444444444444,0.9285714285714286,0.9454545454545454
397,0.0016395856389204357,0.9994227994227994,0.9992784992784993,0.9995189995189995,0.9992784992784993,0.9992784992784993,0.609045953383126,0.9365079365079365,0.9629629629629629,0.9166666666666666,0.896551724137931,0.9285714285714286
398,0.009618929742875301,0.9965367965367965,0.9956709956709957,0.9971139971139971,0.9956709956709957,0.9956709956709957,0.559826228410996,0.9206349206349206,0.9629629629629629,0.8888888888888888,0.8666666666666667,0.9122807017543859
399,0.0028826820656425974,0.9991836734693877,0.9991645781119465,0.9991928974979822,0.998330550918197,0.9987473903966597,0.43530468050783616,0.9523809523809523,0.9629629629629629,0.9444444444444444,0.9285714285714286,0.9454545454545454
400,0.00016271539186095806,1.0,1.0,1.0,1.0,1.0,0.42664906850543394,0.9523809523809523,0.9629629629629629,0.9444444444444444,0.9285714285714286,0.9454545454545454
401,0.00565041764700581,0.9985569985569985,0.9981962481962482,0.9987974987974988,0.9981962481962482,0.9981962481962482,0.6303226908646702,0.8888888888888888,0.9629629629629629,0.8333333333333334,0.8125,0.8813559322033898
402,0.0025888690112164992,0.9989115646258503,0.9983291562238931,0.9991928974979822,0.9983291562238931,0.9983291562238931,0.6248162356567928,0.9047619047619048,0.9629629629629629,0.8611111111111112,0.8387096774193549,0.896551724137931
403,0.0020016986357678144,0.9991836734693877,0.9991645781119465,0.9991928974979822,0.998330550918197,0.9987473903966597,0.47002117714099956,0.9365079365079365,0.9629629629629629,0.9166666666666666,0.896551724137931,0.9285714285714286
404,0.00014899450105311648,1.0,1.0,1.0,1.0,1.0,0.5011289231643166,0.9206349206349206,0.9259259259259259,0.9166666666666666,0.8928571428571429,0.9090909090909091
405,8.535327451855189e-05,1.0,1.0,1.0,1.0,1.0,0.5036391182412256,0.9206349206349206,0.9259259259259259,0.9166666666666666,0.8928571428571429,0.9090909090909091
406,0.00010734310421922805,1.0,1.0,1.0,1.0,1.0,0.5122131820847114,0.9365079365079365,0.9259259259259259,0.9444444444444444,0.9259259259259259,0.9259259259259259
407,0.0004140427267729985,0.9997278911564625,0.9991645781119465,1.0,1.0,0.9995821145006268,0.5824051146334986,0.9365079365079365,0.9629629629629629,0.9166666666666666,0.896551724137931,0.9285714285714286
408,0.0158931925086679,0.9943722943722944,0.9920634920634921,0.9959114959114959,0.9938561619082038,0.9929590178732624,0.4886055102882286,0.9365079365079365,0.9629629629629629,0.9166666666666666,0.896551724137931,0.9285714285714286
409,0.002429107951373931,0.9994557823129252,0.9991645781119465,0.9995964487489911,0.9991645781119465,0.9991645781119465,0.4077309500038003,0.9365079365079365,0.9629629629629629,0.9166666666666666,0.896551724137931,0.9285714285714286
410,0.00033239244605419714,1.0,1.0,1.0,1.0,1.0,0.4215980796799404,0.9365079365079365,0.9629629629629629,0.9166666666666666,0.896551724137931,0.9285714285714286
411,0.006948631264663787,0.996969696969697,0.996031746031746,0.9975949975949976,0.9963911945146157,0.9962114378495399,0.37746988068240517,0.9206349206349206,0.9259259259259259,0.9166666666666666,0.8928571428571429,0.9090909090909091
412,0.0005526924691866643,1.0,1.0,1.0,1.0,1.0,0.40021823730600614,0.9206349206349206,0.9259259259259259,0.9166666666666666,0.8928571428571429,0.9090909090909091
413,0.003878870236877272,0.9987012987012988,0.9974747474747475,0.9995189995189995,0.9992771955186122,0.9983751579707528,0.44875425683142295,0.9365079365079365,0.9629629629629629,0.9166666666666666,0.896551724137931,0.9285714285714286
414,0.0037336456623785707,0.9987012987012988,0.9978354978354979,0.9992784992784993,0.9989165763813651,0.9983757444504602,0.4637999855432778,0.9206349206349206,0.9259259259259259,0.9166666666666666,0.8928571428571429,0.9090909090909091
415,0.0022409025397413344,0.9994557823129252,0.9991645781119465,0.9995964487489911,0.9991645781119465,0.9991645781119465,0.4091227250771933,0.9523809523809523,0.9629629629629629,0.9444444444444444,0.9285714285714286,0.9454545454545454
416,0.008564467625698156,0.9972582972582973,0.9963924963924964,0.9978354978354979,0.9967520750631541,0.9965722532924409,0.373716366781284,0.9365079365079365,0.9259259259259259,0.9444444444444444,0.9259259259259259,0.9259259259259259
417,0.002241076113716351,0.9991836734693877,0.9983291562238931,0.9995964487489911,0.9991638795986622,0.9987463435018805,0.39815265192414195,0.9365079365079365,0.9629629629629629,0.9166666666666666,0.896551724137931,0.9285714285714286
418,0.00038101957685854224,1.0,1.0,1.0,1.0,1.0,0.34008429762829945,0.9523809523809523,0.9259259259259259,0.9722222222222222,0.9615384615384616,0.9433962264150944
419,0.00028390146090225774,1.0,1.0,1.0,1.0,1.0,0.397756231564378,0.9365079365079365,0.9629629629629629,0.9166666666666666,0.896551724137931,0.9285714285714286
420,7.835875718735973e-05,1.0,1.0,1.0,1.0,1.0,0.40393533093040224,0.9365079365079365,0.9629629629629629,0.9166666666666666,0.896551724137931,0.9285714285714286
421,0.010605930375503236,0.9972582972582973,0.996031746031746,0.9980759980759981,0.997110870350307,0.9965710160620826,0.5570694630252315,0.9365079365079365,0.9629629629629629,0.9166666666666666,0.896551724137931,0.9285714285714286
422,0.0023658758263159266,0.9994227994227994,0.9989177489177489,0.9997594997594997,0.9996389891696751,0.9992782389029231,0.6235465272108004,0.9206349206349206,0.9629629629629629,0.8888888888888888,0.8666666666666667,0.9122807017543859
423,0.00161773131033194,0.9992784992784993,0.9992784992784993,0.9992784992784993,0.998918139199423,0.9990982867448152,0.5912470980510411,0.9047619047619048,0.9629629629629629,0.8611111111111112,0.8387096774193549,0.896551724137931
424,0.0012131450322925537,0.9991836734693877,0.9991645781119465,0.9991928974979822,0.998330550918197,0.9987473903966597,0.4457194702445699,0.9523809523809523,0.9629629629629629,0.9444444444444444,0.9285714285714286,0.9454545454545454
425,0.002896767885284221,0.9991836734693877,0.9983291562238931,0.9995964487489911,0.9991638795986622,0.9987463435018805,0.47888240327094017,0.9365079365079365,0.9629629629629629,0.9166666666666666,0.896551724137931,0.9285714285714286
426,0.005544013032421814,0.9984126984126984,0.9978354978354979,0.9987974987974988,0.9981955972573078,0.9980155150640447,0.5636498253378603,0.873015873015873,0.9629629629629629,0.8055555555555556,0.7878787878787878,0.8666666666666667
427,0.001766326384223651,0.9995670995670995,0.9992784992784993,0.9997594997594997,0.9996391194514616,0.9994587768356485,0.6174778310556172,0.9047619047619048,0.9259259259259259,0.8888888888888888,0.8620689655172413,0.8928571428571429
428,0.004710418941923947,0.9987012987012988,0.9985569985569985,0.9987974987974988,0.998196898665705,0.9983769161406673,0.6079495378681237,0.9206349206349206,0.9629629629629629,0.8888888888888888,0.8666666666666667,0.9122807017543859
429,0.0015541483114805737,0.9992784992784993,0.9989177489177489,0.9995189995189995,0.9992782389029231,0.9990979613927476,0.678419026134107,0.9206349206349206,0.9629629629629629,0.8888888888888888,0.8666666666666667,0.9122807017543859
430,0.007603044953970519,0.9975468975468975,0.9967532467532467,0.9980759980759981,0.9971129556116926,0.9969330687353418,0.5639973670458569,0.9047619047619048,0.9629629629629629,0.8611111111111112,0.8387096774193549,0.896551724137931
431,0.003989144943883714,0.9988455988455989,0.9989177489177489,0.9987974987974988,0.998197548666186,0.9985575189325641,0.4457692531660931,0.9365079365079365,0.9629629629629629,0.9166666666666666,0.896551724137931,0.9285714285714286
432,0.002207332357788398,0.9991836734693877,0.9991645781119465,0.9991928974979822,0.998330550918197,0.9987473903966597,0.4414424464623499,0.9365079365079365,0.9259259259259259,0.9444444444444444,0.9259259259259259,0.9259259259259259
433,0.00010732273491009196,1.0,1.0,1.0,1.0,1.0,0.4644956542948161,0.9365079365079365,0.9259259259259259,0.9444444444444444,0.9259259259259259,0.9259259259259259
434,0.0003386480748242605,1.0,1.0,1.0,1.0,1.0,0.45267876282984315,0.9365079365079365,0.9259259259259259,0.9444444444444444,0.9259259259259259,0.9259259259259259
435,0.007942786962620293,0.9974025974025974,0.996031746031746,0.9983164983164983,0.997471098265896,0.9967509025270758,0.5666176989704134,0.9047619047619048,0.9629629629629629,0.8611111111111112,0.8387096774193549,0.896551724137931
436,0.005573407239169664,0.9978354978354979,0.9974747474747475,0.9980759980759981,0.997115037865128,0.9972948602344455,0.4304428990922927,0.9206349206349206,0.9259259259259259,0.9166666666666666,0.8928571428571429,0.9090909090909091
437,0.00230082146785966,0.9994227994227994,0.9989177489177489,0.9997594997594997,0.9996389891696751,0.9992782389029231,0.6366471710997368,0.873015873015873,0.9259259259259259,0.8333333333333334,0.8064516129032258,0.8620689655172413
438,0.003030053962075126,0.998639455782313,0.9983291562238931,0.9987893462469734,0.9974958263772955,0.9979123173277662,0.4915219229322189,0.9206349206349206,0.9259259259259259,0.9166666666666666,0.8928571428571429,0.9090909090909091
439,0.0016203389705125508,0.9997278911564625,0.9991645781119465,1.0,1.0,0.9995821145006268,0.4944795902447945,0.9206349206349206,0.9259259259259259,0.9166666666666666,0.8928571428571429,0.9090909090909091
440,0.006928247102002387,0.997979797979798,0.9971139971139971,0.9985569985569985,0.9978339350180505,0.997473836160231,0.4507469257431304,0.9206349206349206,0.9259259259259259,0.9166666666666666,0.8928571428571429,0.9090909090909091
441,0.0044187589910583205,0.9982683982683983,0.9981962481962482,0.9983164983164983,0.9974765681326604,0.997836278398846,0.47234431210265954,0.873015873015873,0.9259259259259259,0.8333333333333334,0.8064516129032258,0.8620689655172413
442,0.0026435438646712933,0.9991341991341991,0.9989177489177489,0.9992784992784993,0.9989177489177489,0.9989177489177489,0.5494875065180369,0.9047619047619048,0.9259259259259259,0.8888888888888888,0.8620689655172413,0.8928571428571429
443,0.00104061127185275,1.0,1.0,1.0,1.0,1.0,0.4831301462605292,0.9365079365079365,0.9259259259259259,0.9444444444444444,0.9259259259259259,0.9259259259259259
444,7.907383489707797e-05,1.0,1.0,1.0,1.0,1.0,0.48619040667271624,0.9206349206349206,0.9259259259259259,0.9166666666666666,0.8928571428571429,0.9090909090909091
445,6.60379274609577e-05,1.0,1.0,1.0,1.0,1.0,0.4910308781589207,0.9206349206349206,0.9259259259259259,0.9166666666666666,0.8928571428571429,0.9090909090909091
446,8.162805539739281e-05,1.0,1.0,1.0,1.0,1.0,0.5178621650183708,0.9365079365079365,0.9259259259259259,0.9444444444444444,0.9259259259259259,0.9259259259259259
447,6.024494689776797e-05,1.0,1.0,1.0,1.0,1.0,0.5070998357728275,0.9206349206349206,0.9259259259259259,0.9166666666666666,0.8928571428571429,0.9090909090909091
448,3.76485520093386e-05,1.0,1.0,1.0,1.0,1.0,0.5220882050675971,0.9365079365079365,0.9259259259259259,0.9444444444444444,0.9259259259259259,0.9259259259259259
449,0.011189002628169641,0.9956709956709957,0.9949494949494949,0.9961519961519961,0.9942321557317952,0.994590695997115,0.6482446144209317,0.9047619047619048,0.9259259259259259,0.8888888888888888,0.8620689655172413,0.8928571428571429
450,0.006800926268090722,0.9975468975468975,0.9971139971139971,0.9978354978354979,0.996754417598269,0.9969341749323715,0.5191029334525828,0.9047619047619048,0.9259259259259259,0.8888888888888888,0.8620689655172413,0.8928571428571429
451,0.0030274376898131623,0.9991341991341991,0.9989177489177489,0.9992784992784993,0.9989177489177489,0.9989177489177489,0.6208732968370896,0.9047619047619048,0.9259259259259259,0.8888888888888888,0.8620689655172413,0.8928571428571429
452,0.0007509684911542999,0.9997278911564625,1.0,0.9995964487489911,0.9991652754590985,0.9995824634655532,0.4992020334770969,0.9047619047619048,0.9259259259259259,0.8888888888888888,0.8620689655172413,0.8928571428571429
453,0.003253220742481797,0.9988455988455989,0.9985569985569985,0.9990379990379991,0.9985569985569985,0.9985569985569985,0.6679484378472562,0.9047619047619048,0.9629629629629629,0.8611111111111112,0.8387096774193549,0.896551724137931
454,0.003153681827722047,0.9989115646258503,0.9974937343358395,0.9995964487489911,0.999163179916318,0.9983277591973244,0.5577125927913353,0.8888888888888888,0.9259259259259259,0.8611111111111112,0.8333333333333334,0.8771929824561403
455,0.001466626149712512,0.9994557823129252,0.9991645781119465,0.9995964487489911,0.9991645781119465,0.9991645781119465,0.5904324154962235,0.8888888888888888,0.9259259259259259,0.8611111111111112,0.8333333333333334,0.8771929824561403
456,8.706835065402097e-05,1.0,1.0,1.0,1.0,1.0,0.569090031349333,0.8888888888888888,0.9259259259259259,0.8611111111111112,0.8333333333333334,0.8771929824561403
457,6.245275864488093e-05,1.0,1.0,1.0,1.0,1.0,0.5691318658985741,0.8888888888888888,0.9259259259259259,0.8611111111111112,0.8333333333333334,0.8771929824561403
458,0.0074901408259566305,0.9974025974025974,0.9967532467532467,0.9978354978354979,0.9967532467532467,0.9967532467532467,0.6901047037007095,0.9047619047619048,0.9259259259259259,0.8888888888888888,0.8620689655172413,0.8928571428571429
459,0.004533678169920879,0.9981240981240981,0.9971139971139971,0.9987974987974988,0.9981942939689419,0.9976538530951092,0.7557371694923541,0.873015873015873,0.9259259259259259,0.8333333333333334,0.8064516129032258,0.8620689655172413
460,0.0009270926826321884,1.0,1.0,1.0,1.0,1.0,0.6623391621858843,0.8888888888888888,0.9629629629629629,0.8333333333333334,0.8125,0.8813559322033898
461,0.00033666307820944864,1.0,1.0,1.0,1.0,1.0,0.6601524289340771,0.9047619047619048,0.9629629629629629,0.8611111111111112,0.8387096774193549,0.896551724137931
462,0.00043290466813411765,1.0,1.0,1.0,1.0,1.0,0.6216981087262476,0.9047619047619048,0.9629629629629629,0.8611111111111112,0.8387096774193549,0.896551724137931
463,0.0037667343388147726,0.9988455988455989,0.9985569985569985,0.9990379990379991,0.9985569985569985,0.9985569985569985,0.6020928694393545,0.9206349206349206,0.9629629629629629,0.8888888888888888,0.8666666666666667,0.9122807017543859
464,0.0019104201093642853,0.9994557823129252,0.9991645781119465,0.9995964487489911,0.9991645781119465,0.9991645781119465,0.6190846124098042,0.9365079365079365,0.9629629629629629,0.9166666666666666,0.896551724137931,0.9285714285714286
465,0.005886656415939582,0.997979797979798,0.9974747474747475,0.9983164983164983,0.9974747474747475,0.9974747474747475,0.7053305021845662,0.8888888888888888,0.9259259259259259,0.8611111111111112,0.8333333333333334,0.8771929824561403
466,0.004840832465543288,0.998639455782313,0.9974937343358395,0.9991928974979822,0.9983277591973244,0.9979105725031342,0.5789327643731321,0.9206349206349206,0.9259259259259259,0.9166666666666666,0.8928571428571429,0.9090909090909091
467,0.001858895368148754,0.9997278911564625,0.9991645781119465,1.0,1.0,0.9995821145006268,0.6724689057390649,0.8412698412698413,0.9259259259259259,0.7777777777777778,0.7575757575757576,0.8333333333333334
468,0.00018170986274705937,1.0,1.0,1.0,1.0,1.0,0.6459113707473051,0.8571428571428571,0.9259259259259259,0.8055555555555556,0.78125,0.847457627118644
469,0.0009194357451774614,0.9997278911564625,0.9991645781119465,1.0,1.0,0.9995821145006268,1.0733716107252615,0.8412698412698413,0.9629629629629629,0.75,0.7428571428571429,0.8387096774193549
470,0.00025027762928433745,1.0,1.0,1.0,1.0,1.0,0.7876468530480957,0.8571428571428571,0.9259259259259259,0.8055555555555556,0.78125,0.847457627118644
471,0.013617628490152118,0.9959595959595959,0.9945887445887446,0.9968734968734969,0.9953068592057762,0.9949476723204619,0.4785571433908661,0.9365079365079365,0.9629629629629629,0.9166666666666666,0.896551724137931,0.9285714285714286
472,0.0024388497444789233,0.9992784992784993,0.9992784992784993,0.9992784992784993,0.998918139199423,0.9990982867448152,0.4895696256934325,0.9047619047619048,0.9259259259259259,0.8888888888888888,0.8620689655172413,0.8928571428571429
473,0.002555305604628656,0.9988455988455989,0.9989177489177489,0.9987974987974988,0.998197548666186,0.9985575189325641,0.5249591596075334,0.9206349206349206,0.9259259259259259,0.9166666666666666,0.8928571428571429,0.9090909090909091
474,0.0039033970739999445,0.9987012987012988,0.9985569985569985,0.9987974987974988,0.998196898665705,0.9983769161406673,0.676145736246355,0.9047619047619048,0.9629629629629629,0.8611111111111112,0.8387096774193549,0.896551724137931
475,0.005263299829504559,0.9991836734693877,0.9991645781119465,0.9991928974979822,0.998330550918197,0.9987473903966597,0.6215582952759827,0.8888888888888888,0.9259259259259259,0.8611111111111112,0.8333333333333334,0.8771929824561403
476,0.003282439118199086,0.998989898989899,0.9985569985569985,0.9992784992784993,0.9989173583543847,0.9987371459498466,0.6841148958644934,0.9047619047619048,0.9259259259259259,0.8888888888888888,0.8620689655172413,0.8928571428571429
477,0.002875887799786021,0.9992784992784993,0.9989177489177489,0.9995189995189995,0.9992782389029231,0.9990979613927476,0.6294670683361353,0.873015873015873,0.9259259259259259,0.8333333333333334,0.8064516129032258,0.8620689655172413
478,0.0007787559604850041,0.9997278911564625,0.9991645781119465,1.0,1.0,0.9995821145006268,0.5548843408968034,0.9047619047619048,0.9259259259259259,0.8888888888888888,0.8620689655172413,0.8928571428571429
479,0.005932561112056234,0.9976911976911977,0.9967532467532467,0.9983164983164983,0.9974729241877256,0.9971129556116926,0.6252709679667734,0.9047619047619048,0.9259259259259259,0.8888888888888888,0.8620689655172413,0.8928571428571429
480,0.00097105514852201,0.9997278911564625,1.0,0.9995964487489911,0.9991652754590985,0.9995824634655532,0.5858172392481864,0.9047619047619048,0.9259259259259259,0.8888888888888888,0.8620689655172413,0.8928571428571429
481,0.00027869463785241445,1.0,1.0,1.0,1.0,1.0,0.47625397788267165,0.9047619047619048,0.9259259259259259,0.8888888888888888,0.8620689655172413,0.8928571428571429
482,0.004335794340477675,0.9988455988455989,0.9985569985569985,0.9990379990379991,0.9985569985569985,0.9985569985569985,0.4374694113198313,0.9365079365079365,0.9629629629629629,0.9166666666666666,0.896551724137931,0.9285714285714286
483,0.00048411138999332487,1.0,1.0,1.0,1.0,1.0,0.5174445339332109,0.9206349206349206,0.9629629629629629,0.8888888888888888,0.8666666666666667,0.9122807017543859
484,0.00022429717851509294,1.0,1.0,1.0,1.0,1.0,0.45106612906913923,0.9206349206349206,0.9629629629629629,0.8888888888888888,0.8666666666666667,0.9122807017543859
485,7.342421457417536e-05,1.0,1.0,1.0,1.0,1.0,0.4937563050716851,0.9206349206349206,0.9629629629629629,0.8888888888888888,0.8666666666666667,0.9122807017543859
486,5.127442445919602e-05,1.0,1.0,1.0,1.0,1.0,0.5254584306771976,0.9206349206349206,0.9629629629629629,0.8888888888888888,0.8666666666666667,0.9122807017543859
487,8.886150317514065e-05,1.0,1.0,1.0,1.0,1.0,0.4725828870118892,0.9365079365079365,0.9629629629629629,0.9166666666666666,0.896551724137931,0.9285714285714286
488,4.78073785025179e-05,1.0,1.0,1.0,1.0,1.0,0.561507203803269,0.9365079365079365,0.9629629629629629,0.9166666666666666,0.896551724137931,0.9285714285714286
489,0.011369726198901916,0.9963924963924964,0.9949494949494949,0.9973544973544973,0.9960274467316721,0.9954881790290562,0.3328907651464558,0.9523809523809523,1.0,0.9166666666666666,0.9,0.9473684210526315
490,0.002718285711307544,0.9991341991341991,0.9989177489177489,0.9992784992784993,0.9989177489177489,0.9989177489177489,0.4516037408602498,0.9365079365079365,1.0,0.8888888888888888,0.8709677419354839,0.9310344827586207
491,0.0004917740824464158,1.0,1.0,1.0,1.0,1.0,0.36719346764665617,0.9047619047619048,0.9259259259259259,0.8888888888888888,0.8620689655172413,0.8928571428571429
492,0.0025521230178474938,0.998989898989899,0.9985569985569985,0.9992784992784993,0.9989173583543847,0.9987371459498466,0.557149758932249,0.9047619047619048,0.9259259259259259,0.8888888888888888,0.8620689655172413,0.8928571428571429
493,0.0004963628036812163,0.9997278911564625,1.0,0.9995964487489911,0.9991652754590985,0.9995824634655532,0.5630743618733952,0.9047619047619048,0.9259259259259259,0.8888888888888888,0.8620689655172413,0.8928571428571429
494,0.006071594478732877,0.9976911976911977,0.9963924963924964,0.9985569985569985,0.9978323699421965,0.9971119133574007,0.4768395741795382,0.8888888888888888,0.9259259259259259,0.8611111111111112,0.8333333333333334,0.8771929824561403
495,0.0006046736722906693,0.9997278911564625,1.0,0.9995964487489911,0.9991652754590985,0.9995824634655532,0.39579234301068245,0.9047619047619048,0.9259259259259259,0.8888888888888888,0.8620689655172413,0.8928571428571429
496,0.0001917253796525575,1.0,1.0,1.0,1.0,1.0,0.4249257947612066,0.9047619047619048,0.9259259259259259,0.8888888888888888,0.8620689655172413,0.8928571428571429
497,0.00010827241761635255,1.0,1.0,1.0,1.0,1.0,0.4667479351324396,0.9047619047619048,0.9259259259259259,0.8888888888888888,0.8620689655172413,0.8928571428571429
498,5.13246075550552e-05,1.0,1.0,1.0,1.0,1.0,0.47787989259643565,0.9047619047619048,0.9259259259259259,0.8888888888888888,0.8620689655172413,0.8928571428571429
499,4.885022301232002e-05,1.0,1.0,1.0,1.0,1.0,0.5132176351850383,0.9047619047619048,0.9259259259259259,0.8888888888888888,0.8620689655172413,0.8928571428571429
500,0.006736716818680587,0.997979797979798,0.9974747474747475,0.9983164983164983,0.9974747474747475,0.9974747474747475,0.48781460980027325,0.9206349206349206,0.9629629629629629,0.8888888888888888,0.8666666666666667,0.9122807017543859
501,0.0035270782218204655,0.9987012987012988,0.9981962481962482,0.9990379990379991,0.9985564778058462,0.9983763305069457,0.4456644778745988,0.9206349206349206,0.9629629629629629,0.8888888888888888,0.8666666666666667,0.9122807017543859
502,0.0015563239981470315,0.9994227994227994,0.9996392496392497,0.9992784992784993,0.9989185291997116,0.999278759466282,0.48687620889691136,0.8888888888888888,0.8888888888888888,0.8888888888888888,0.8571428571428571,0.8727272727272727
503,0.003410139759695192,0.998989898989899,0.9989177489177489,0.9990379990379991,0.9985575189325641,0.9987376014427413,0.3513004903844188,0.9523809523809523,0.9629629629629629,0.9444444444444444,0.9285714285714286,0.9454545454545454
504,0.0010428333824673648,0.9998556998556999,0.9996392496392497,1.0,1.0,0.9998195922785496,0.3265173158179673,0.9523809523809523,0.9629629629629629,0.9444444444444444,0.9285714285714286,0.9454545454545454
505,0.0032839652136913283,0.9987012987012988,0.9978354978354979,0.9992784992784993,0.9989165763813651,0.9983757444504602,0.46851672214688733,0.9206349206349206,0.9629629629629629,0.8888888888888888,0.8666666666666667,0.9122807017543859
506,0.004917081430873057,0.9978354978354979,0.9971139971139971,0.9983164983164983,0.997473836160231,0.9972938841782428,0.6176768806957019,0.8888888888888888,0.9629629629629629,0.8333333333333334,0.8125,0.8813559322033898
507,0.004062062062205113,0.9985569985569985,0.9981962481962482,0.9987974987974988,0.9981962481962482,0.9981962481962482,0.3223160529243095,0.9206349206349206,0.9629629629629629,0.8888888888888888,0.8666666666666667,0.9122807017543859
508,0.002035234893653711,0.9991341991341991,0.9985569985569985,0.9995189995189995,0.9992779783393502,0.9989173583543847,0.5052911737787774,0.8888888888888888,0.9629629629629629,0.8333333333333334,0.8125,0.8813559322033898
509,0.0002990521834596488,1.0,1.0,1.0,1.0,1.0,0.45730808414777535,0.9047619047619048,0.9629629629629629,0.8611111111111112,0.8387096774193549,0.896551724137931
510,0.0031262572308251844,0.9989115646258503,0.9983291562238931,0.9991928974979822,0.9983291562238931,0.9983291562238931,0.5630794507081783,0.9047619047619048,0.9629629629629629,0.8611111111111112,0.8387096774193549,0.896551724137931
511,0.0025209332643527983,0.9992784992784993,0.9992784992784993,0.9992784992784993,0.998918139199423,0.9990982867448152,0.4876338192779157,0.9047619047619048,0.9629629629629629,0.8611111111111112,0.8387096774193549,0.896551724137931
512,0.004328447470581594,0.9987012987012988,0.9981962481962482,0.9990379990379991,0.9985564778058462,0.9983763305069457,0.4193265590639341,0.9047619047619048,0.9259259259259259,0.8888888888888888,0.8620689655172413,0.8928571428571429
513,0.0021070022089028353,0.9991341991341991,0.9985569985569985,0.9995189995189995,0.9992779783393502,0.9989173583543847,0.7142416375083109,0.8888888888888888,0.9629629629629629,0.8333333333333334,0.8125,0.8813559322033898
514,0.004845655652532522,0.998989898989899,0.9992784992784993,0.9987974987974988,0.9981981981981982,0.9987380566071751,0.6564977552135667,0.8571428571428571,0.9629629629629629,0.7777777777777778,0.7647058823529411,0.8524590163934426
515,0.000649087465727694,1.0,1.0,1.0,1.0,1.0,0.573743677372852,0.9206349206349206,0.9629629629629629,0.8888888888888888,0.8666666666666667,0.9122807017543859
516,0.007145886853060781,0.9985569985569985,0.9985569985569985,0.9985569985569985,0.9978370583994232,0.998196898665705,0.7824315340978847,0.873015873015873,0.9629629629629629,0.8055555555555556,0.7878787878787878,0.8666666666666667
517,0.005835883500301463,0.9987012987012988,0.9981962481962482,0.9990379990379991,0.9985564778058462,0.9983763305069457,0.4458396923950031,0.9047619047619048,0.9259259259259259,0.8888888888888888,0.8620689655172413,0.8928571428571429
518,0.0015752923783951527,0.9994557823129252,1.0,0.9991928974979822,0.9983319432860718,0.9991652754590985,0.4205821151715807,0.9047619047619048,0.9259259259259259,0.8888888888888888,0.8620689655172413,0.8928571428571429
519,0.00017506589322785696,1.0,1.0,1.0,1.0,1.0,0.4733835694556575,0.9047619047619048,0.9259259259259259,0.8888888888888888,0.8620689655172413,0.8928571428571429
520,0.005281187440913977,0.9984126984126984,0.9974747474747475,0.9990379990379991,0.9985554351751534,0.9980147987727847,0.6867431919016536,0.8888888888888888,0.9629629629629629,0.8333333333333334,0.8125,0.8813559322033898
521,0.0024857726897812523,0.998989898989899,0.9985569985569985,0.9992784992784993,0.9989173583543847,0.9987371459498466,0.6289402115498743,0.8888888888888888,0.9259259259259259,0.8611111111111112,0.8333333333333334,0.8771929824561403
522,0.0010821713292830904,0.9995670995670995,0.9992784992784993,0.9997594997594997,0.9996391194514616,0.9994587768356485,0.7599871134919499,0.9047619047619048,0.9259259259259259,0.8888888888888888,0.8620689655172413,0.8928571428571429
523,0.0014180667874330527,0.9995670995670995,0.9992784992784993,0.9997594997594997,0.9996391194514616,0.9994587768356485,0.7248893087149583,0.9047619047619048,0.9259259259259259,0.8888888888888888,0.8620689655172413,0.8928571428571429
524,0.0014852669964273532,0.9995670995670995,0.9996392496392497,0.9995189995189995,0.999278759466282,0.999458972046889,0.8004926978462626,0.9047619047619048,0.9259259259259259,0.8888888888888888,0.8620689655172413,0.8928571428571429
525,0.004320644214620721,0.9987012987012988,0.9981962481962482,0.9990379990379991,0.9985564778058462,0.9983763305069457,0.6535475132615021,0.9047619047619048,0.9259259259259259,0.8888888888888888,0.8620689655172413,0.8928571428571429
526,0.003797648138246361,0.9985569985569985,0.9981962481962482,0.9987974987974988,0.9981962481962482,0.9981962481962482,0.5996844839001636,0.8888888888888888,0.9259259259259259,0.8611111111111112,0.8333333333333334,0.8771929824561403
527,0.005408168851195318,0.9987012987012988,0.9981962481962482,0.9990379990379991,0.9985564778058462,0.9983763305069457,0.610382375201129,0.873015873015873,0.9259259259259259,0.8333333333333334,0.8064516129032258,0.8620689655172413
528,0.0007483167374257562,1.0,1.0,1.0,1.0,1.0,0.5772065681981436,0.9047619047619048,0.9259259259259259,0.8888888888888888,0.8620689655172413,0.8928571428571429
529,0.0009948729434834324,0.9995670995670995,0.9992784992784993,0.9997594997594997,0.9996391194514616,0.9994587768356485,0.5315645309322189,0.9365079365079365,0.9259259259259259,0.9444444444444444,0.9259259259259259,0.9259259259259259
530,0.005156963489961137,0.9984126984126984,0.9974747474747475,0.9990379990379991,0.9985554351751534,0.9980147987727847,0.5377999213286251,0.9206349206349206,0.9259259259259259,0.9166666666666666,0.8928571428571429,0.9090909090909091
531,0.0011123624382608976,0.9997113997113997,0.9996392496392497,0.9997594997594997,0.9996392496392497,0.9996392496392497,0.5507809219632199,0.9047619047619048,0.9259259259259259,0.8888888888888888,0.8620689655172413,0.8928571428571429
532,0.0025214347151112245,0.9992784992784993,0.9989177489177489,0.9995189995189995,0.9992782389029231,0.9990979613927476,0.5224845010613665,0.9206349206349206,0.9259259259259259,0.9166666666666666,0.8928571428571429,0.9090909090909091
533,0.001121136822993798,0.9997113997113997,0.9996392496392497,0.9997594997594997,0.9996392496392497,0.9996392496392497,0.5234862739714102,0.9047619047619048,0.9629629629629629,0.8611111111111112,0.8387096774193549,0.896551724137931
534,0.005841748506535693,0.997979797979798,0.9974747474747475,0.9983164983164983,0.9974747474747475,0.9974747474747475,0.5391214113194673,0.8888888888888888,0.9259259259259259,0.8611111111111112,0.8333333333333334,0.8771929824561403
535,0.0015178938014224273,0.9995670995670995,0.9992784992784993,0.9997594997594997,0.9996391194514616,0.9994587768356485,0.4285793769266179,0.9047619047619048,0.9259259259259259,0.8888888888888888,0.8620689655172413,0.8928571428571429
536,0.0037221841288689744,0.9985569985569985,0.9978354978354979,0.9990379990379991,0.9985559566787003,0.9981955972573078,0.388341037074237,0.8888888888888888,0.9259259259259259,0.8611111111111112,0.8333333333333334,0.8771929824561403
537,0.0008886460360729413,0.9998556998556999,1.0,0.9997594997594997,0.999639379733141,0.999819657348963,0.268274505742796,0.9682539682539683,0.9629629629629629,0.9722222222222222,0.9629629629629629,0.9629629629629629
538,0.0020862055250029554,0.9992784992784993,0.9996392496392497,0.9990379990379991,0.9985585585585586,0.9990986118622679,0.34231250855078715,0.9365079365079365,0.9629629629629629,0.9166666666666666,0.896551724137931,0.9285714285714286
539,0.005120402446473668,0.9984126984126984,0.9978354978354979,0.9987974987974988,0.9981955972573078,0.9980155150640447,0.4783811826792006,0.9047619047619048,0.9629629629629629,0.8611111111111112,0.8387096774193549,0.896551724137931
540,0.00063425814701989,0.9997113997113997,0.9996392496392497,0.9997594997594997,0.9996392496392497,0.9996392496392497,0.5166460224614379,0.9206349206349206,0.9629629629629629,0.8888888888888888,0.8666666666666667,0.9122807017543859
541,0.00025988106397793645,1.0,1.0,1.0,1.0,1.0,0.5273116945381122,0.9047619047619048,0.9629629629629629,0.8611111111111112,0.8387096774193549,0.896551724137931
542,0.00010272283737152841,1.0,1.0,1.0,1.0,1.0,0.5248105659543182,0.9206349206349206,0.9629629629629629,0.8888888888888888,0.8666666666666667,0.9122807017543859
543,7.138400773273492e-05,1.0,1.0,1.0,1.0,1.0,0.5855221583148257,0.9047619047619048,0.9629629629629629,0.8611111111111112,0.8387096774193549,0.896551724137931
544,0.00011784546028062601,1.0,1.0,1.0,1.0,1.0,0.5082052663875106,0.9206349206349206,0.9259259259259259,0.9166666666666666,0.8928571428571429,0.9090909090909091
545,0.010220341685472503,0.9963924963924964,0.9953102453102453,0.9971139971139971,0.9956694334175388,0.995489806963738,0.6880552341966587,0.9047619047619048,0.9629629629629629,0.8611111111111112,0.8387096774193549,0.896551724137931
546,0.0017733388288697863,0.9994227994227994,0.9992784992784993,0.9995189995189995,0.9992784992784993,0.9992784992784993,0.6459683095939303,0.9047619047619048,0.9629629629629629,0.8611111111111112,0.8387096774193549,0.896551724137931
547,0.0014411837685578048,0.9995670995670995,0.9996392496392497,0.9995189995189995,0.999278759466282,0.999458972046889,0.8412766372664862,0.9047619047619048,0.9629629629629629,0.8611111111111112,0.8387096774193549,0.896551724137931
548,0.003519770568984103,0.9983673469387755,0.9983291562238931,0.9983857949959645,0.9966638865721434,0.9974958263772955,0.6888023970502275,0.9047619047619048,0.9629629629629629,0.8611111111111112,0.8387096774193549,0.896551724137931
549,0.003452697940043084,0.998989898989899,0.9989177489177489,0.9990379990379991,0.9985575189325641,0.9987376014427413,0.7778052842052329,0.9047619047619048,0.9629629629629629,0.8611111111111112,0.8387096774193549,0.896551724137931
550,0.0010881420179561518,0.9997113997113997,0.9992784992784993,1.0,1.0,0.9996391194514616,0.8605783175943154,0.8888888888888888,0.9629629629629629,0.8333333333333334,0.8125,0.8813559322033898
551,0.0035002979459239957,0.9988455988455989,0.9985569985569985,0.9990379990379991,0.9985569985569985,0.9985569985569985,0.6654918690651862,0.9047619047619048,0.9259259259259259,0.8888888888888888,0.8620689655172413,0.8928571428571429
552,0.003048832918292598,0.9992784992784993,0.9992784992784993,0.9992784992784993,0.998918139199423,0.9990982867448152,0.5705704321024112,0.9047619047619048,0.9259259259259259,0.8888888888888888,0.8620689655172413,0.8928571428571429
553,0.0002489311549668233,1.0,1.0,1.0,1.0,1.0,0.563995411190378,0.9206349206349206,0.9629629629629629,0.8888888888888888,0.8666666666666667,0.9122807017543859
554,0.00013254352460198015,1.0,1.0,1.0,1.0,1.0,0.5965838937554508,0.9206349206349206,0.9629629629629629,0.8888888888888888,0.8666666666666667,0.9122807017543859
555,0.010377744773843955,0.9971139971139971,0.996031746031746,0.9978354978354979,0.9967509025270758,0.9963911945146157,0.7572522330936784,0.873015873015873,0.8888888888888888,0.8611111111111112,0.8275862068965517,0.8571428571428571
556,0.0013723044486190147,0.9995670995670995,0.9992784992784993,0.9997594997594997,0.9996391194514616,0.9994587768356485,0.6024707194018346,0.8888888888888888,0.8888888888888888,0.8888888888888888,0.8571428571428571,0.8727272727272727
557,0.0011560126059392665,0.9995670995670995,0.9996392496392497,0.9995189995189995,0.999278759466282,0.999458972046889,0.6096315641217867,0.9047619047619048,0.9259259259259259,0.8888888888888888,0.8620689655172413,0.8928571428571429
558,0.0043777441642706945,0.9987012987012988,0.9985569985569985,0.9987974987974988,0.998196898665705,0.9983769161406673,0.5722988979413501,0.9047619047619048,0.9629629629629629,0.8611111111111112,0.8387096774193549,0.896551724137931
559,0.0009973438839555755,0.9997113997113997,0.9996392496392497,0.9997594997594997,0.9996392496392497,0.9996392496392497,0.6446871680936532,0.9206349206349206,0.9629629629629629,0.8888888888888888,0.8666666666666667,0.9122807017543859
560,0.0006533569530152558,0.9998556998556999,0.9996392496392497,1.0,1.0,0.9998195922785496,0.8246325481025177,0.9047619047619048,0.9629629629629629,0.8611111111111112,0.8387096774193549,0.896551724137931
561,0.0011128162566390654,0.9997113997113997,0.9992784992784993,1.0,1.0,0.9996391194514616,0.6125531802688438,0.9206349206349206,0.9629629629629629,0.8888888888888888,0.8666666666666667,0.9122807017543859
562,0.003916116325945238,0.9985569985569985,0.9985569985569985,0.9985569985569985,0.9978370583994232,0.998196898665705,0.5135868723316688,0.9206349206349206,0.9629629629629629,0.8888888888888888,0.8666666666666667,0.9122807017543859
563,0.0029308693229146703,0.9988455988455989,0.9989177489177489,0.9987974987974988,0.998197548666186,0.9985575189325641,0.6010384824587655,0.9047619047619048,0.9259259259259259,0.8888888888888888,0.8620689655172413,0.8928571428571429
564,0.002936435813445586,0.9992784992784993,0.9989177489177489,0.9995189995189995,0.9992782389029231,0.9990979613927476,0.7122983308334601,0.9206349206349206,0.9629629629629629,0.8888888888888888,0.8666666666666667,0.9122807017543859
565,0.0010025002635045141,0.9997113997113997,0.9996392496392497,0.9997594997594997,0.9996392496392497,0.9996392496392497,0.8429703926492024,0.9047619047619048,0.9629629629629629,0.8611111111111112,0.8387096774193549,0.896551724137931
566,0.005996762457542182,0.9981240981240981,0.9971139971139971,0.9987974987974988,0.9981942939689419,0.9976538530951092,0.54202417038115,0.8888888888888888,0.9629629629629629,0.8333333333333334,0.8125,0.8813559322033898
567,0.0006289470545307057,1.0,1.0,1.0,1.0,1.0,0.5439244155025494,0.8888888888888888,0.9629629629629629,0.8333333333333334,0.8125,0.8813559322033898
568,0.00031036912891144034,1.0,1.0,1.0,1.0,1.0,0.5933739357620537,0.8888888888888888,0.9629629629629629,0.8333333333333334,0.8125,0.8813559322033898
569,0.0001261508729325527,1.0,1.0,1.0,1.0,1.0,0.6650379431629849,0.9047619047619048,0.9629629629629629,0.8611111111111112,0.8387096774193549,0.896551724137931
570,0.00019972268463176187,1.0,1.0,1.0,1.0,1.0,0.5417630743944005,0.9047619047619048,0.9259259259259259,0.8888888888888888,0.8620689655172413,0.8928571428571429
571,0.004934296632593502,0.998639455782313,0.9974937343358395,0.9991928974979822,0.9983277591973244,0.9979105725031342,0.525124662236305,0.9047619047619048,0.9629629629629629,0.8611111111111112,0.8387096774193549,0.896551724137931
572,0.005034604188373861,0.9976911976911977,0.9971139971139971,0.9980759980759981,0.9971139971139971,0.9971139971139971,0.5774731112732774,0.8888888888888888,0.9259259259259259,0.8611111111111112,0.8333333333333334,0.8771929824561403
573,0.003572617934775353,0.9987012987012988,0.9985569985569985,0.9987974987974988,0.998196898665705,0.9983769161406673,0.37267378424566855,0.9047619047619048,0.9259259259259259,0.8888888888888888,0.8620689655172413,0.8928571428571429
574,0.0013671029419426814,0.9997113997113997,0.9992784992784993,1.0,1.0,0.9996391194514616,0.6548691492431634,0.8888888888888888,0.9259259259259259,0.8611111111111112,0.8333333333333334,0.8771929824561403
575,0.001049883167609355,0.9995670995670995,0.9996392496392497,0.9995189995189995,0.999278759466282,0.999458972046889,0.5683032621863753,0.8888888888888888,0.9259259259259259,0.8611111111111112,0.8333333333333334,0.8771929824561403
576,0.0002445034914532736,1.0,1.0,1.0,1.0,1.0,0.6653921632508476,0.873015873015873,0.9259259259259259,0.8333333333333334,0.8064516129032258,0.8620689655172413
577,0.0002347397216894139,1.0,1.0,1.0,1.0,1.0,0.7346272280694739,0.9047619047619048,0.9629629629629629,0.8611111111111112,0.8387096774193549,0.896551724137931
578,0.0009481630285738903,0.9997113997113997,0.9996392496392497,0.9997594997594997,0.9996392496392497,0.9996392496392497,0.7336507114274095,0.9047619047619048,0.9629629629629629,0.8611111111111112,0.8387096774193549,0.896551724137931
579,0.0026403926930273474,0.998989898989899,0.9989177489177489,0.9990379990379991,0.9985575189325641,0.9987376014427413,0.8704670773493866,0.8888888888888888,0.9259259259259259,0.8611111111111112,0.8333333333333334,0.8771929824561403
580,0.001944760847524158,0.9992784992784993,0.9992784992784993,0.9992784992784993,0.998918139199423,0.9990982867448152,0.7359088932449046,0.9206349206349206,0.9629629629629629,0.8888888888888888,0.8666666666666667,0.9122807017543859
581,0.001802339387999681,0.9995670995670995,0.9992784992784993,0.9997594997594997,0.9996391194514616,0.9994587768356485,0.7877831804977927,0.9047619047619048,0.9259259259259259,0.8888888888888888,0.8620689655172413,0.8928571428571429
582,0.0020385380532218196,0.9995670995670995,0.9992784992784993,0.9997594997594997,0.9996391194514616,0.9994587768356485,0.8348522827413584,0.9047619047619048,0.9629629629629629,0.8611111111111112,0.8387096774193549,0.896551724137931
583,0.0002569164831426715,1.0,1.0,1.0,1.0,1.0,0.8368404184174512,0.9047619047619048,0.9629629629629629,0.8611111111111112,0.8387096774193549,0.896551724137931
584,0.0001070085281716816,1.0,1.0,1.0,1.0,1.0,0.8575836844811708,0.9047619047619048,0.9629629629629629,0.8611111111111112,0.8387096774193549,0.896551724137931
585,0.00020513562437417078,1.0,1.0,1.0,1.0,1.0,0.8051331848035925,0.8888888888888888,0.9629629629629629,0.8333333333333334,0.8125,0.8813559322033898
586,0.00011207747546833486,1.0,1.0,1.0,1.0,1.0,0.777115419649081,0.8888888888888888,0.9629629629629629,0.8333333333333334,0.8125,0.8813559322033898
587,0.007351834866787027,0.9976911976911977,0.9974747474747475,0.9978354978354979,0.9967555875991349,0.997115037865128,0.6560845944941753,0.9047619047619048,0.9259259259259259,0.8888888888888888,0.8620689655172413,0.8928571428571429
588,0.007415319125186063,0.9976911976911977,0.9971139971139971,0.9980759980759981,0.9971139971139971,0.9971139971139971,0.6534569641272168,0.9047619047619048,0.9629629629629629,0.8611111111111112,0.8387096774193549,0.896551724137931
589,0.0011529800801719336,0.9995670995670995,0.9992784992784993,0.9997594997594997,0.9996391194514616,0.9994587768356485,0.7591203991665564,0.9047619047619048,0.9629629629629629,0.8611111111111112,0.8387096774193549,0.896551724137931
590,0.0016227489032280835,0.9995670995670995,0.9992784992784993,0.9997594997594997,0.9996391194514616,0.9994587768356485,0.5810447501439956,0.9047619047619048,0.9629629629629629,0.8611111111111112,0.8387096774193549,0.896551724137931
591,0.0003406848116757427,1.0,1.0,1.0,1.0,1.0,0.6833528424747147,0.9206349206349206,0.9629629629629629,0.8888888888888888,0.8666666666666667,0.9122807017543859
592,8.899161103224588e-05,1.0,1.0,1.0,1.0,1.0,0.649440931969337,0.8888888888888888,0.9629629629629629,0.8333333333333334,0.8125,0.8813559322033898
593,0.0014937911858221996,0.9994227994227994,0.9992784992784993,0.9995189995189995,0.9992784992784993,0.9992784992784993,0.7544117622587475,0.8888888888888888,0.9259259259259259,0.8611111111111112,0.8333333333333334,0.8771929824561403
594,0.006538166361384266,0.997979797979798,0.9971139971139971,0.9985569985569985,0.9978339350180505,0.997473836160231,0.7739659672203872,0.8571428571428571,0.9629629629629629,0.7777777777777778,0.7647058823529411,0.8524590163934426
595,0.0008584030755834238,1.0,1.0,1.0,1.0,1.0,0.6675411110442678,0.9206349206349206,0.9629629629629629,0.8888888888888888,0.8666666666666667,0.9122807017543859
596,0.0009400708782058459,0.9997113997113997,0.9992784992784993,1.0,1.0,0.9996391194514616,0.5694074621567288,0.9206349206349206,0.9629629629629629,0.8888888888888888,0.8666666666666667,0.9122807017543859
597,0.0007532403259055438,0.9998556998556999,0.9996392496392497,1.0,1.0,0.9998195922785496,0.527788993303797,0.9047619047619048,0.9259259259259259,0.8888888888888888,0.8620689655172413,0.8928571428571429
598,0.0015781542198512546,0.9994227994227994,0.9992784992784993,0.9995189995189995,0.9992784992784993,0.9992784992784993,0.8886250698031666,0.873015873015873,0.9259259259259259,0.8333333333333334,0.8064516129032258,0.8620689655172413
599,0.0024092018406412776,0.9992784992784993,0.9992784992784993,0.9992784992784993,0.998918139199423,0.9990982867448152,0.828613705745767,0.8888888888888888,0.9259259259259259,0.8611111111111112,0.8333333333333334,0.8771929824561403
600,0.0030531351469665017,0.9995670995670995,0.9996392496392497,0.9995189995189995,0.999278759466282,0.999458972046889,0.8606977194782331,0.9206349206349206,0.9629629629629629,0.8888888888888888,0.8666666666666667,0.9122807017543859
601,0.0012457049820350642,0.9994227994227994,0.9992784992784993,0.9995189995189995,0.9992784992784993,0.9992784992784993,0.783952536243074,0.9047619047619048,0.9629629629629629,0.8611111111111112,0.8387096774193549,0.896551724137931
602,0.0009266839390319445,0.9995670995670995,0.9992784992784993,0.9997594997594997,0.9996391194514616,0.9994587768356485,0.8036362890030316,0.8888888888888888,0.9629629629629629,0.8333333333333334,0.8125,0.8813559322033898
603,0.0008241040544852003,0.9998556998556999,1.0,0.9997594997594997,0.999639379733141,0.999819657348963,0.7075630851703907,0.9206349206349206,0.9629629629629629,0.8888888888888888,0.8666666666666667,0.9122807017543859
604,0.0036734111613290275,0.9988455988455989,0.9985569985569985,0.9990379990379991,0.9985569985569985,0.9985569985569985,0.8169654661693447,0.8888888888888888,0.9629629629629629,0.8333333333333334,0.8125,0.8813559322033898
605,0.006309231656325804,0.9972789115646259,0.9958228905597326,0.9979822437449556,0.9958228905597326,0.9958228905597326,0.6168871369328761,0.9206349206349206,0.9259259259259259,0.9166666666666666,0.8928571428571429,0.9090909090909091
606,0.0056384872104705604,0.9978354978354979,0.9971139971139971,0.9983164983164983,0.997473836160231,0.9972938841782428,0.5614132008419209,0.8888888888888888,0.9259259259259259,0.8611111111111112,0.8333333333333334,0.8771929824561403
607,0.0009505536492260197,0.9995670995670995,0.9996392496392497,0.9995189995189995,0.999278759466282,0.999458972046889,0.6066910734377979,0.9206349206349206,0.9629629629629629,0.8888888888888888,0.8666666666666667,0.9122807017543859
608,0.0011870825979644873,0.9997113997113997,0.9996392496392497,0.9997594997594997,0.9996392496392497,0.9996392496392497,0.633005928395996,0.9047619047619048,0.9259259259259259,0.8888888888888888,0.8620689655172413,0.8928571428571429
609,0.002869100399181398,0.998989898989899,0.9985569985569985,0.9992784992784993,0.9989173583543847,0.9987371459498466,0.6900144078517481,0.8888888888888888,0.9259259259259259,0.8611111111111112,0.8333333333333334,0.8771929824561403
610,0.003688733234588598,0.9987012987012988,0.9981962481962482,0.9990379990379991,0.9985564778058462,0.9983763305069457,0.5788811917198704,0.9047619047619048,0.9259259259259259,0.8888888888888888,0.8620689655172413,0.8928571428571429
611,0.0030613270810540094,0.998989898989899,0.9989177489177489,0.9990379990379991,0.9985575189325641,0.9987376014427413,0.5643089894937086,0.8888888888888888,0.9629629629629629,0.8333333333333334,0.8125,0.8813559322033898
612,0.001067490081604144,0.9997113997113997,0.9996392496392497,0.9997594997594997,0.9996392496392497,0.9996392496392497,0.7038744938456349,0.8888888888888888,0.9629629629629629,0.8333333333333334,0.8125,0.8813559322033898
613,0.002731748819778597,0.998639455782313,0.9983291562238931,0.9987893462469734,0.9974958263772955,0.9979123173277662,0.4212815607724123,0.9206349206349206,0.9259259259259259,0.9166666666666666,0.8928571428571429,0.9090909090909091
614,0.0034255847712623597,0.9984126984126984,0.9978354978354979,0.9987974987974988,0.9981955972573078,0.9980155150640447,0.5895728680237274,0.9206349206349206,0.9629629629629629,0.8888888888888888,0.8666666666666667,0.9122807017543859
615,0.001107459939682615,0.9997278911564625,1.0,0.9995964487489911,0.9991652754590985,0.9995824634655532,0.43395148831722696,0.9047619047619048,0.9259259259259259,0.8888888888888888,0.8620689655172413,0.8928571428571429
616,0.0029114088707886186,0.9991341991341991,0.9985569985569985,0.9995189995189995,0.9992779783393502,0.9989173583543847,0.6373208157324587,0.9047619047619048,0.9629629629629629,0.8611111111111112,0.8387096774193549,0.896551724137931
617,0.008153387731941793,0.9978231292517007,0.9991645781119465,0.9971751412429378,0.9941812136325852,0.9966666666666667,0.4669536817110918,0.9206349206349206,0.9629629629629629,0.8888888888888888,0.8666666666666667,0.9122807017543859
618,0.003788246309687522,0.9987012987012988,0.9981962481962482,0.9990379990379991,0.9985564778058462,0.9983763305069457,0.6329284989023729,0.8888888888888888,0.9629629629629629,0.8333333333333334,0.8125,0.8813559322033898
619,0.0005948183198606876,0.9998556998556999,0.9996392496392497,1.0,1.0,0.9998195922785496,0.5421908539498136,0.9206349206349206,0.9629629629629629,0.8888888888888888,0.8666666666666667,0.9122807017543859
620,0.0007117351278884205,0.9997113997113997,0.9996392496392497,0.9997594997594997,0.9996392496392497,0.9996392496392497,0.559826735139174,0.9047619047619048,0.9629629629629629,0.8611111111111112,0.8387096774193549,0.896551724137931
621,0.0040994378607728645,0.9988455988455989,0.9981962481962482,0.9992784992784993,0.9989169675090253,0.9985564778058462,0.45668246109770344,0.9365079365079365,0.9629629629629629,0.9166666666666666,0.896551724137931,0.9285714285714286
622,0.0016581255920134444,0.9994227994227994,0.9989177489177489,0.9997594997594997,0.9996389891696751,0.9992782389029231,0.6187845629285134,0.9206349206349206,0.9629629629629629,0.8888888888888888,0.8666666666666667,0.9122807017543859
623,0.0015138702916603984,0.9992784992784993,0.9989177489177489,0.9995189995189995,0.9992782389029231,0.9990979613927476,0.6479809886086658,0.9206349206349206,0.9629629629629629,0.8888888888888888,0.8666666666666667,0.9122807017543859
624,0.002387302616189564,0.9994227994227994,0.9992784992784993,0.9995189995189995,0.9992784992784993,0.9992784992784993,0.6535753082000791,0.9047619047619048,0.9629629629629629,0.8611111111111112,0.8387096774193549,0.896551724137931
625,0.0008917221314736097,0.9997113997113997,0.9996392496392497,0.9997594997594997,0.9996392496392497,0.9996392496392497,0.6464194167305582,0.9206349206349206,0.9629629629629629,0.8888888888888888,0.8666666666666667,0.9122807017543859
626,0.00035217373896554924,1.0,1.0,1.0,1.0,1.0,0.7163709304061032,0.9206349206349206,0.9629629629629629,0.8888888888888888,0.8666666666666667,0.9122807017543859
627,0.0009995262109410842,0.9995670995670995,0.9996392496392497,0.9995189995189995,0.999278759466282,0.999458972046889,0.5982817473212934,0.9206349206349206,0.9629629629629629,0.8888888888888888,0.8666666666666667,0.9122807017543859
628,0.0031395738378420784,0.9991341991341991,0.9989177489177489,0.9992784992784993,0.9989177489177489,0.9989177489177489,0.7538780502638676,0.9047619047619048,0.9259259259259259,0.8888888888888888,0.8620689655172413,0.8928571428571429
629,0.0011835749242368988,0.9997113997113997,0.9996392496392497,0.9997594997594997,0.9996392496392497,0.9996392496392497,0.7529789437558354,0.9206349206349206,0.9629629629629629,0.8888888888888888,0.8666666666666667,0.9122807017543859
630,0.0012994045033979662,0.9994227994227994,0.9992784992784993,0.9995189995189995,0.9992784992784993,0.9992784992784993,0.7911697570617968,0.9206349206349206,0.9629629629629629,0.8888888888888888,0.8666666666666667,0.9122807017543859
631,0.002729552689454558,0.9988455988455989,0.9989177489177489,0.9987974987974988,0.998197548666186,0.9985575189325641,0.6806978815205632,0.9047619047619048,0.9629629629629629,0.8611111111111112,0.8387096774193549,0.896551724137931
632,0.0003305702517011741,1.0,1.0,1.0,1.0,1.0,0.663370937491501,0.9047619047619048,0.9629629629629629,0.8611111111111112,0.8387096774193549,0.896551724137931
633,0.0012560700014595013,0.9995670995670995,0.9992784992784993,0.9997594997594997,0.9996391194514616,0.9994587768356485,0.6907015241597528,0.9206349206349206,0.9629629629629629,0.8888888888888888,0.8666666666666667,0.9122807017543859
634,0.0019188512642500286,0.998989898989899,0.9989177489177489,0.9990379990379991,0.9985575189325641,0.9987376014427413,0.6145884406485869,0.9047619047619048,0.9259259259259259,0.8888888888888888,0.8620689655172413,0.8928571428571429
635,0.002698316929705276,0.9991341991341991,0.9985569985569985,0.9995189995189995,0.9992779783393502,0.9989173583543847,0.5771657005571464,0.9206349206349206,0.9259259259259259,0.9166666666666666,0.8928571428571429,0.9090909090909091
636,0.000324022541750588,0.9998556998556999,1.0,0.9997594997594997,0.999639379733141,0.999819657348963,0.5608184582009609,0.9365079365079365,0.9629629629629629,0.9166666666666666,0.896551724137931,0.9285714285714286
637,9.097254461266201e-05,1.0,1.0,1.0,1.0,1.0,0.6285867947740443,0.9365079365079365,0.9629629629629629,0.9166666666666666,0.896551724137931,0.9285714285714286
638,0.0026677793510156947,0.9992784992784993,0.9992784992784993,0.9992784992784993,0.998918139199423,0.9990982867448152,0.5732604073708654,0.9365079365079365,0.9629629629629629,0.9166666666666666,0.896551724137931,0.9285714285714286
639,0.0013576753879313015,0.9994227994227994,0.9992784992784993,0.9995189995189995,0.9992784992784993,0.9992784992784993,0.5964417348383456,0.9365079365079365,0.9629629629629629,0.9166666666666666,0.896551724137931,0.9285714285714286
640,0.004457321464317463,0.9984126984126984,0.9978354978354979,0.9987974987974988,0.9981955972573078,0.9980155150640447,0.6866123150652533,0.9047619047619048,0.9259259259259259,0.8888888888888888,0.8620689655172413,0.8928571428571429
641,0.0008836110795239201,0.9998556998556999,0.9996392496392497,1.0,1.0,0.9998195922785496,0.6595880043555337,0.9047619047619048,0.9259259259259259,0.8888888888888888,0.8620689655172413,0.8928571428571429
642,0.0004664407251819686,1.0,1.0,1.0,1.0,1.0,0.7033218509731962,0.9047619047619048,0.9259259259259259,0.8888888888888888,0.8620689655172413,0.8928571428571429
643,0.0052329504748584695,0.9981240981240981,0.9978354978354979,0.9983164983164983,0.997475658131987,0.9976555455365194,0.6243728189475073,0.9047619047619048,0.9259259259259259,0.8888888888888888,0.8620689655172413,0.8928571428571429
644,0.000588786616177802,1.0,1.0,1.0,1.0,1.0,0.6750790923034646,0.9047619047619048,0.9259259259259259,0.8888888888888888,0.8620689655172413,0.8928571428571429
645,0.0005477764068746314,0.9997113997113997,0.9992784992784993,1.0,1.0,0.9996391194514616,0.4981279405461493,0.9047619047619048,0.9259259259259259,0.8888888888888888,0.8620689655172413,0.8928571428571429
646,0.0005584136845872443,0.9997113997113997,0.9996392496392497,0.9997594997594997,0.9996392496392497,0.9996392496392497,0.6826436887943327,0.9047619047619048,0.9259259259259259,0.8888888888888888,0.8620689655172413,0.8928571428571429
647,0.00272094856226586,0.9992784992784993,0.9989177489177489,0.9995189995189995,0.9992782389029231,0.9990979613927476,0.630977300832571,0.9206349206349206,0.9629629629629629,0.8888888888888888,0.8666666666666667,0.9122807017543859
648,0.0038646631162560937,0.9985569985569985,0.9978354978354979,0.9990379990379991,0.9985559566787003,0.9981955972573078,0.590584933931481,0.9047619047619048,0.9629629629629629,0.8611111111111112,0.8387096774193549,0.896551724137931
649,0.0011948372444373764,0.9997113997113997,0.9996392496392497,0.9997594997594997,0.9996392496392497,0.9996392496392497,0.6498086188694865,0.9047619047619048,0.9629629629629629,0.8611111111111112,0.8387096774193549,0.896551724137931
650,0.001826795618885029,0.9997113997113997,0.9996392496392497,0.9997594997594997,0.9996392496392497,0.9996392496392497,0.6710282961260144,0.9206349206349206,0.9629629629629629,0.8888888888888888,0.8666666666666667,0.9122807017543859
651,0.004234143364970795,0.9988455988455989,0.9981962481962482,0.9992784992784993,0.9989169675090253,0.9985564778058462,0.5308251337067175,0.8888888888888888,0.9259259259259259,0.8611111111111112,0.8333333333333334,0.8771929824561403
652,0.0003005331877575425,1.0,1.0,1.0,1.0,1.0,0.5725768392384496,0.8888888888888888,0.8888888888888888,0.8888888888888888,0.8571428571428571,0.8727272727272727
653,0.00022718379579934227,1.0,1.0,1.0,1.0,1.0,0.5575362975795297,0.9206349206349206,0.9629629629629629,0.8888888888888888,0.8666666666666667,0.9122807017543859
654,0.00320709172168033,0.9992784992784993,0.9989177489177489,0.9995189995189995,0.9992782389029231,0.9990979613927476,0.5143137569211975,0.9047619047619048,0.9629629629629629,0.8611111111111112,0.8387096774193549,0.896551724137931
655,0.00039502525577128313,1.0,1.0,1.0,1.0,1.0,0.5503017140397874,0.9206349206349206,0.9629629629629629,0.8888888888888888,0.8666666666666667,0.9122807017543859
656,0.0023215237830202765,0.998989898989899,0.9985569985569985,0.9992784992784993,0.9989173583543847,0.9987371459498466,0.5762608596345499,0.873015873015873,0.9259259259259259,0.8333333333333334,0.8064516129032258,0.8620689655172413
657,0.0009225003277007991,0.9995670995670995,0.9996392496392497,0.9995189995189995,0.999278759466282,0.999458972046889,0.5969916971489078,0.9206349206349206,0.9259259259259259,0.9166666666666666,0.8928571428571429,0.9090909090909091
658,0.0033844535911800515,0.998989898989899,0.9985569985569985,0.9992784992784993,0.9989173583543847,0.9987371459498466,0.481270245108698,0.9365079365079365,0.9629629629629629,0.9166666666666666,0.896551724137931,0.9285714285714286
659,0.00021416575561382267,1.0,1.0,1.0,1.0,1.0,0.5581353376564082,0.9365079365079365,0.9629629629629629,0.9166666666666666,0.896551724137931,0.9285714285714286
660,0.007281679609332307,0.9983673469387755,0.9974937343358395,0.9987893462469734,0.9974937343358395,0.9974937343358395,0.4568526163121056,0.9206349206349206,0.9629629629629629,0.8888888888888888,0.8666666666666667,0.9122807017543859
661,0.0036147650685615235,0.998989898989899,0.9985569985569985,0.9992784992784993,0.9989173583543847,0.9987371459498466,0.5116698607610214,0.9206349206349206,0.9259259259259259,0.9166666666666666,0.8928571428571429,0.9090909090909091
662,0.0030133105996749602,0.998989898989899,0.9992784992784993,0.9987974987974988,0.9981981981981982,0.9987380566071751,0.6007419849657232,0.9047619047619048,0.9259259259259259,0.8888888888888888,0.8620689655172413,0.8928571428571429
663,0.0008494613585623614,0.9998556998556999,0.9996392496392497,1.0,1.0,0.9998195922785496,0.5814510773689974,0.9047619047619048,0.9259259259259259,0.8888888888888888,0.8620689655172413,0.8928571428571429
664,0.00016789526984419348,1.0,1.0,1.0,1.0,1.0,0.5813083208599387,0.9206349206349206,0.9259259259259259,0.9166666666666666,0.8928571428571429,0.9090909090909091
665,0.0021907742602871576,0.9991836734693877,0.9983291562238931,0.9995964487489911,0.9991638795986622,0.9987463435018805,0.49460098929937213,0.9365079365079365,0.9629629629629629,0.9166666666666666,0.896551724137931,0.9285714285714286
666,0.0055904479853038265,0.9981240981240981,0.9974747474747475,0.9985569985569985,0.9978347167087694,0.9976546996211438,0.4294812166316704,0.9206349206349206,1.0,0.8611111111111112,0.84375,0.9152542372881356
667,0.0013640530232422537,0.9994227994227994,0.9992784992784993,0.9995189995189995,0.9992784992784993,0.9992784992784993,0.570423220568161,0.9047619047619048,0.9259259259259259,0.8888888888888888,0.8620689655172413,0.8928571428571429
668,0.0010609916010514242,0.9995670995670995,0.9992784992784993,0.9997594997594997,0.9996391194514616,0.9994587768356485,0.3888825943169419,0.9365079365079365,0.9629629629629629,0.9166666666666666,0.896551724137931,0.9285714285714286
669,0.0012776796686704897,0.9997113997113997,0.9996392496392497,0.9997594997594997,0.9996392496392497,0.9996392496392497,0.43190893261473523,0.9206349206349206,0.9259259259259259,0.9166666666666666,0.8928571428571429,0.9090909090909091
670,0.0007303336595350695,0.9997113997113997,0.9996392496392497,0.9997594997594997,0.9996392496392497,0.9996392496392497,0.5231250063101297,0.9206349206349206,0.9259259259259259,0.9166666666666666,0.8928571428571429,0.9090909090909091
671,0.0005648591648260724,0.9998556998556999,0.9996392496392497,1.0,1.0,0.9998195922785496,0.8210298302065995,0.9047619047619048,0.9259259259259259,0.8888888888888888,0.8620689655172413,0.8928571428571429
672,0.00028025895621857256,1.0,1.0,1.0,1.0,1.0,0.7944266053226394,0.9047619047619048,0.9259259259259259,0.8888888888888888,0.8620689655172413,0.8928571428571429
673,0.0015553954499530624,0.9994227994227994,0.9996392496392497,0.9992784992784993,0.9989185291997116,0.999278759466282,0.709777946780724,0.9206349206349206,0.9629629629629629,0.8888888888888888,0.8666666666666667,0.9122807017543859
674,0.0021473672506394045,0.998989898989899,0.9989177489177489,0.9990379990379991,0.9985575189325641,0.9987376014427413,0.6428659868866412,0.9206349206349206,0.9629629629629629,0.8888888888888888,0.8666666666666667,0.9122807017543859
675,0.0005274167483425442,0.9998556998556999,0.9996392496392497,1.0,1.0,0.9998195922785496,0.87276596678116,0.9047619047619048,0.9629629629629629,0.8611111111111112,0.8387096774193549,0.896551724137931
676,0.0036703700927313756,0.998989898989899,0.9989177489177489,0.9990379990379991,0.9985575189325641,0.9987376014427413,0.532260622812568,0.9365079365079365,0.9629629629629629,0.9166666666666666,0.896551724137931,0.9285714285714286
677,0.0010245261458957172,0.9997113997113997,0.9996392496392497,0.9997594997594997,0.9996392496392497,0.9996392496392497,0.5367362003945302,0.9365079365079365,0.9629629629629629,0.9166666666666666,0.896551724137931,0.9285714285714286
678,0.0012373033514715176,0.9994227994227994,0.9996392496392497,0.9992784992784993,0.9989185291997116,0.999278759466282,0.5419407366421111,0.9365079365079365,0.9629629629629629,0.9166666666666666,0.896551724137931,0.9285714285714286
679,0.000200840074107919,1.0,1.0,1.0,1.0,1.0,0.5871819063419631,0.9365079365079365,0.9629629629629629,0.9166666666666666,0.896551724137931,0.9285714285714286
680,0.0033278177973173535,0.998989898989899,0.9989177489177489,0.9990379990379991,0.9985575189325641,0.9987376014427413,0.380445401248936,0.9365079365079365,0.9629629629629629,0.9166666666666666,0.896551724137931,0.9285714285714286
681,0.005240749492948953,0.9981240981240981,0.9978354978354979,0.9983164983164983,0.997475658131987,0.9976555455365194,0.4969067198606873,0.9206349206349206,0.9629629629629629,0.8888888888888888,0.8666666666666667,0.9122807017543859
682,0.000534575092666722,0.9998556998556999,1.0,0.9997594997594997,0.999639379733141,0.999819657348963,0.5184879804820945,0.9206349206349206,0.9629629629629629,0.8888888888888888,0.8666666666666667,0.9122807017543859
683,0.00182388221741372,0.9994227994227994,0.9989177489177489,0.9997594997594997,0.9996389891696751,0.9992782389029231,0.5681332159756927,0.9206349206349206,0.9629629629629629,0.8888888888888888,0.8666666666666667,0.9122807017543859
684,0.002129057732486775,0.9992784992784993,0.9992784992784993,0.9992784992784993,0.998918139199423,0.9990982867448152,0.55622956334495,0.9206349206349206,0.9629629629629629,0.8888888888888888,0.8666666666666667,0.9122807017543859
685,0.0008210319736590438,0.9998556998556999,1.0,0.9997594997594997,0.999639379733141,0.999819657348963,0.7526413631063723,0.9047619047619048,0.9629629629629629,0.8611111111111112,0.8387096774193549,0.896551724137931
686,0.00361788861521471,0.998989898989899,0.9985569985569985,0.9992784992784993,0.9989173583543847,0.9987371459498466,0.709983537518715,0.8888888888888888,0.9629629629629629,0.8333333333333334,0.8125,0.8813559322033898
687,0.0017564816286675972,0.9991341991341991,0.9985569985569985,0.9995189995189995,0.9992779783393502,0.9989173583543847,0.6150746666221133,0.9206349206349206,0.9629629629629629,0.8888888888888888,0.8666666666666667,0.9122807017543859
688,0.0008454705148570869,0.9997113997113997,0.9996392496392497,0.9997594997594997,0.9996392496392497,0.9996392496392497,0.669010011097444,0.9206349206349206,0.9629629629629629,0.8888888888888888,0.8666666666666667,0.9122807017543859
689,0.0006783059452918233,0.9997113997113997,0.9996392496392497,0.9997594997594997,0.9996392496392497,0.9996392496392497,0.6512476648213268,0.9206349206349206,0.9629629629629629,0.8888888888888888,0.8666666666666667,0.9122807017543859
690,0.00019925581643317325,1.0,1.0,1.0,1.0,1.0,0.6759747194917596,0.9047619047619048,0.9629629629629629,0.8611111111111112,0.8387096774193549,0.896551724137931
691,0.0020508234370838633,0.9994227994227994,0.9992784992784993,0.9995189995189995,0.9992784992784993,0.9992784992784993,0.7167206986184557,0.9047619047619048,0.9629629629629629,0.8611111111111112,0.8387096774193549,0.896551724137931
692,0.0029643189372050133,0.998989898989899,0.9981962481962482,0.9995189995189995,0.9992777175875768,0.9987366901281357,0.6218892289346384,0.9206349206349206,0.9629629629629629,0.8888888888888888,0.8666666666666667,0.9122807017543859
693,0.004166586377232175,0.9984126984126984,0.9981962481962482,0.9985569985569985,0.997836278398846,0.9980162308385934,0.5719253132378476,0.9206349206349206,0.9629629629629629,0.8888888888888888,0.8666666666666667,0.9122807017543859
694,0.0013552791733822689,0.9995670995670995,0.9996392496392497,0.9995189995189995,0.999278759466282,0.999458972046889,0.7051669985872678,0.9206349206349206,0.9629629629629629,0.8888888888888888,0.8666666666666667,0.9122807017543859
695,0.0011676574496520147,0.9997113997113997,0.9996392496392497,0.9997594997594997,0.9996392496392497,0.9996392496392497,0.6362103248585111,0.9206349206349206,0.9629629629629629,0.8888888888888888,0.8666666666666667,0.9122807017543859
696,0.0001442320869766452,1.0,1.0,1.0,1.0,1.0,0.6894090801194709,0.9206349206349206,0.9629629629629629,0.8888888888888888,0.8666666666666667,0.9122807017543859
697,0.00011983148156354373,1.0,1.0,1.0,1.0,1.0,0.6328994037245311,0.9206349206349206,0.9629629629629629,0.8888888888888888,0.8666666666666667,0.9122807017543859
698,0.005198586157117753,0.9984126984126984,0.9978354978354979,0.9987974987974988,0.9981955972573078,0.9980155150640447,0.8098312837091004,0.9206349206349206,0.9629629629629629,0.8888888888888888,0.8666666666666667,0.9122807017543859
699,0.0024023037357500713,0.9992784992784993,0.9989177489177489,0.9995189995189995,0.9992782389029231,0.9990979613927476,0.7619738587541395,0.9206349206349206,0.9629629629629629,0.8888888888888888,0.8666666666666667,0.9122807017543859
700,0.0001300123255105339,1.0,1.0,1.0,1.0,1.0,0.7034976606669333,0.9206349206349206,0.9629629629629629,0.8888888888888888,0.8666666666666667,0.9122807017543859
